gene	mean_expr	CV	log2FC	padj	description
g827	39567.5	0.0915	0.038	0.9689	sp|Q9SU58|PMA4_ARATH ATPase 4, plasma membrane-type OS=Arabidopsis thaliana OX=3702 GN=AHA4 PE=2 SV=2
g14235	32221.8	0.1590	0.324	0.4447	sp|Q9DEX3|CATD_CLUHA Cathepsin D OS=Clupea harengus OX=7950 GN=ctsd PE=1 SV=1
g5520	34636.1	0.2059	0.549	0.0713	sp|Q06572|AVP_HORVU Pyrophosphate-energized vacuolar membrane proton pump OS=Hordeum vulgare OX=4513 PE=2 SV=2
g11097	27401.4	0.2000	-0.218	0.7173	sp|O18875|SC6A8_BOVIN Sodium- and chloride-dependent creatine transporter 1 OS=Bos taurus OX=9913 GN=SLC6A8 PE=2 SV=1
g2206	29660.5	0.2654	0.097	0.9299	sp|P31692|ADT_PARKE ADP/ATP translocase OS=Parachlorella kessleri OX=3074 PE=3 SV=1
g9463	22918.7	0.1685	0.373	0.3803	sp|O65039|CYSEP_RICCO Vignain OS=Ricinus communis OX=3988 GN=CYSEP PE=1 SV=1
g5694	26926.0	0.2761	0.125	0.8890	sp|M1BJF6|JOKA2_SOLTU Protein JOKA2 OS=Solanum tuberosum OX=4113 GN=JOKA2 PE=1 SV=1
g9189	51994.1	0.8507	0.403	0.1688	sp|A0A1B3PEI6|PFA1_THRS2 Polyunsaturated fatty acid synthase subunit A OS=Thraustochytrium sp. (strain ATCC 26185 / S-3) OX=672127 GN=ORF-A PE=1 SV=1
g14162	20032.8	0.1410	-0.295	0.5467	sp|Q9FVN0|AMT13_SOLLC Ammonium transporter 1 member 3 OS=Solanum lycopersicum OX=4081 GN=AMT1-3 PE=2 SV=1
g15361	32481.5	0.5251	-0.168	0.7397	
g227	18407.7	0.1596	-0.012	0.9899	sp|P29691|EF2_CAEEL Elongation factor 2 OS=Caenorhabditis elegans OX=6239 GN=eef-2 PE=1 SV=4
g10543	22708.3	0.3000	0.032	0.9785	sp|Q5ZLC5|ATPB_CHICK ATP synthase F(1) complex catalytic subunit beta, mitochondrial OS=Gallus gallus OX=9031 GN=ATP5F1B PE=1 SV=1
g12706	21646.5	0.3060	0.244	0.5613	
g2560	17886.0	0.1960	0.393	0.4122	sp|P09102|PDIA1_CHICK Protein disulfide-isomerase OS=Gallus gallus OX=9031 GN=P4HB PE=1 SV=3
g2121	12443.1	0.0774	-0.052	0.9577	
g3838	21749.7	0.4227	0.539	0.3470	sp|P41753|HSP70_ACHKL Heat shock 70 kDa protein OS=Achlya klebsiana OX=4767 GN=HSP70 PE=2 SV=1
g14828	19106.0	0.3435	-0.228	0.5514	sp|P36683|ACNB_ECOLI Aconitate hydratase B OS=Escherichia coli (strain K12) OX=83333 GN=acnB PE=1 SV=3
g11466	11763.5	0.1195	0.288	0.4758	sp|Q9C5N2|TMN9_ARATH Transmembrane 9 superfamily member 9 OS=Arabidopsis thaliana OX=3702 GN=TMN9 PE=2 SV=1
g11084	16585.8	0.3527	-0.086	0.9103	
g4105	19774.6	0.4921	0.530	0.3589	sp|A0A139AVY4|EF3_GONPJ Elongation factor 3 OS=Gonapodya prolifera (strain JEL478) OX=1344416 GN=TEF3 PE=3 SV=1
g2766	12670.3	0.2076	-0.074	0.9289	sp|P23641|MPCP_YEAST Mitochondrial phosphate carrier protein OS=Saccharomyces cerevisiae (strain ATCC 204508 / S288c) OX=559292 GN=MIR1 PE=1 SV=1
g10868	12671.7	0.2246	-0.398	0.2273	sp|Q0DG35|GLT2_ORYSJ Glutamate synthase 2 [NADH], chloroplastic OS=Oryza sativa subsp. japonica OX=39947 GN=Os05g0555600 PE=2 SV=2
g13210	19359.7	0.5196	0.479	0.2172	
g6673	18505.1	0.4878	0.405	0.2384	
g979	15120.9	0.3713	-0.140	0.9112	sp|A0A0D1DNX1|FAS2_MYCMD Fatty acid synthase 2 OS=Mycosarcoma maydis OX=5270 GN=fas2 PE=2 SV=1
g2861	9621.3	0.1296	0.258	0.6229	sp|Q29380|VDAC3_PIG Non-selective voltage-gated ion channel VDAC3 OS=Sus scrofa OX=9823 GN=VDAC3 PE=2 SV=2
g9251	11158.3	0.2262	0.201	0.7105	
g14921	17670.5	0.5577	-0.118	0.9056	sp|Q8I8I2|ALF1_TOXGO Fructose-bisphosphate aldolase 1 OS=Toxoplasma gondii OX=5811 GN=ald-1 PE=1 SV=1
g9828	11448.9	0.2585	-0.078	0.9349	sp|A5V3X3|ATPA_RHIWR ATP synthase subunit alpha OS=Rhizorhabdus wittichii (strain DSM 6014 / CCUG 31198 / JCM 15750 / NBRC 105917 / EY 4224 / RW1) OX=392499 GN=atpA PE=3 SV=1
g2873	7973.1	0.0820	0.181	0.7173	
g9208	9842.8	0.1801	-0.044	0.9609	sp|Q86HQ2|ABCG8_DICDI ABC transporter G family member 8 OS=Dictyostelium discoideum OX=44689 GN=abcG8 PE=3 SV=1
g6093	12811.5	0.3513	0.231	0.8278	sp|Q9WUU7|CATZ_MOUSE Cathepsin Z OS=Mus musculus OX=10090 GN=Ctsz PE=1 SV=1
g14634	23407.4	1.0155	-0.509	0.5999	
g5006	12320.4	0.3773	0.255	0.7344	sp|O03986|HS904_ARATH Heat shock protein 90-4 OS=Arabidopsis thaliana OX=3702 GN=HSP90-4 PE=1 SV=1
g15830	10583.6	0.3033	0.323	0.5130	sp|Q8T9W4|ABCB3_DICDI ABC transporter B family member 3 OS=Dictyostelium discoideum OX=44689 GN=abcB3 PE=3 SV=1
g10972	6807.8	0.0840	0.171	0.7588	sp|Q9R0J8|LGMN_RAT Legumain OS=Rattus norvegicus OX=10116 GN=Lgmn PE=1 SV=1
g3160	10366.3	0.3186	0.315	0.6266	
g1020	6456.6	0.0771	-0.104	0.8809	sp|P21569|CYPH_MAIZE Peptidyl-prolyl cis-trans isomerase OS=Zea mays OX=4577 GN=CYP PE=2 SV=1
g5810	12560.0	0.4781	0.226	0.6986	sp|P11497|ACACA_RAT Acetyl-CoA carboxylase 1 OS=Rattus norvegicus OX=10116 GN=Acaca PE=1 SV=1
g13803	7444.3	0.1544	-0.218	0.7663	sp|Q9BDJ3|THIO_CALJA Thioredoxin OS=Callithrix jacchus OX=9483 GN=TXN PE=3 SV=3
g7520	7405.9	0.1601	0.114	0.9210	
g2683	7693.5	0.1894	-0.208	0.6313	
g11446	6748.5	0.1322	-0.325	0.4096	sp|O35547|ACSL4_RAT Long-chain-fatty-acid--CoA ligase 4 OS=Rattus norvegicus OX=10116 GN=Acsl4 PE=1 SV=2
g8700	11322.5	0.4605	-0.122	0.9076	sp|Q66IV1|MYRF_XENLA Myelin regulatory factor OS=Xenopus laevis OX=8355 GN=myrf PE=2 SV=1
g919	13854.7	0.6760	0.343	0.3674	sp|Q7XRV2|YSL6_ORYSJ Probable metal-nicotianamine transporter YSL6 OS=Oryza sativa subsp. japonica OX=39947 GN=YSL6 PE=2 SV=1
g12521	7687.0	0.2289	-0.035	0.9689	
g6630	8315.6	0.2830	0.216	0.8216	sp|Q7Z0T3|TEMPT_APLCA Temptin OS=Aplysia californica OX=6500 PE=1 SV=1
g10324	6849.1	0.1805	-0.174	0.7510	sp|A6UQL8|BIOD_METVS ATP-dependent dethiobiotin synthetase BioD OS=Methanococcus vannielii (strain ATCC 35089 / DSM 1224 / JCM 13029 / OCM 148 / SB) OX=406327 GN=bioD PE=3 SV=1
g10511	5887.6	0.1114	0.119	0.8703	sp|Q8GY23|UPL1_ARATH E3 ubiquitin-protein ligase UPL1 OS=Arabidopsis thaliana OX=3702 GN=UPL1 PE=1 SV=3
g13341	7856.2	0.2632	-0.354	0.2773	sp|O82663|SDHA1_ARATH Succinate dehydrogenase [ubiquinone] flavoprotein subunit 1, mitochondrial OS=Arabidopsis thaliana OX=3702 GN=SDH1-1 PE=1 SV=1
g7840	8052.4	0.2803	-0.491	0.1360	sp|Q3ZCJ2|AK1A1_BOVIN Aldo-keto reductase family 1 member A1 OS=Bos taurus OX=9913 GN=AKR1A1 PE=1 SV=1
g10478	7471.2	0.2386	-0.097	0.9486	
g11561	7152.6	0.2147	0.418	0.3396	sp|Q9FWQ5|HAC12_ARATH Histone acetyltransferase HAC12 OS=Arabidopsis thaliana OX=3702 GN=HAC12 PE=3 SV=2
g2102	6269.9	0.1641	-0.108	0.8883	
g15046	6719.2	0.2024	0.236	0.6003	sp|Q9CNJ4|PSTS_PASMU Phosphate-binding protein PstS OS=Pasteurella multocida (strain Pm70) OX=272843 GN=pstS PE=3 SV=2
g9692	5827.6	0.1318	-0.252	0.5957	
g9469	6053.4	0.1518	-0.129	0.8681	sp|P22843|H3_ACRFO Histone H3 OS=Acropora formosa OX=126732 PE=1 SV=2
g5698	7896.2	0.3124	0.454	0.3877	sp|P09204|TBA1_CHLRE Tubulin alpha-1 chain OS=Chlamydomonas reinhardtii OX=3055 GN=TUBA1 PE=1 SV=1
g3564	7429.2	0.2747	0.018	0.9848	sp|P31327|CPSM_HUMAN Carbamoyl-phosphate synthase [ammonia], mitochondrial OS=Homo sapiens OX=9606 GN=CPS1 PE=1 SV=2
g10839	5581.9	0.1256	-0.111	0.9119	sp|P68172|SAHH_NICSY Adenosylhomocysteinase OS=Nicotiana sylvestris OX=4096 GN=SAHH PE=2 SV=1
g2184	7223.4	0.2774	-0.315	0.4825	sp|O59841|G3P_OGAPD Glyceraldehyde-3-phosphate dehydrogenase OS=Ogataea parapolymorpha (strain ATCC 26012 / BCRC 20466 / JCM 22074 / NRRL Y-7560 / DL-1) OX=871575 GN=GPD PE=3 SV=2
g7519	5119.1	0.1091	0.163	0.8058	
g15924	6797.6	0.2548	0.073	0.9349	sp|Q54JE4|ODO1_DICDI 2-oxoglutarate dehydrogenase, mitochondrial OS=Dictyostelium discoideum OX=44689 GN=ogdh PE=3 SV=1
g2400	5469.6	0.1401	-0.150	0.8313	sp|A6XMY9|METK1_TRIMO S-adenosylmethionine synthase 1 OS=Triticum monococcum OX=4568 GN=SAMS1 PE=2 SV=1
g15277	5337.4	0.1293	0.304	0.4338	sp|D3ZH22|SWET1_RAT Sugar transporter SWEET1 OS=Rattus norvegicus OX=10116 GN=Slc50a1 PE=1 SV=1
g15631	5721.1	0.1631	0.018	0.9849	
g4979	6240.2	0.2123	0.068	0.9614	
g6042	7232.8	0.3008	-0.392	0.3486	sp|Q4WPF8|CCPR_ASPFU Cytochrome c peroxidase, mitochondrial OS=Aspergillus fumigatus (strain ATCC MYA-4609 / CBS 101355 / FGSC A1100 / Af293) OX=330879 GN=ccp1 PE=3 SV=1
g12183	7770.8	0.3510	-0.143	0.8152	sp|P32198|CPT1A_RAT Carnitine O-palmitoyltransferase 1, liver isoform OS=Rattus norvegicus OX=10116 GN=Cpt1a PE=1 SV=2
g13480	4974.1	0.1050	0.130	0.8703	sp|Q8WY64|MYLIP_HUMAN E3 ubiquitin-protein ligase MYLIP OS=Homo sapiens OX=9606 GN=MYLIP PE=1 SV=2
g7143	5425.3	0.1449	-0.017	0.9848	
g4386	5673.7	0.1678	0.222	0.6903	
g13635	8130.2	0.3852	-0.080	0.9600	sp|Q9SZ83|Y4967_ARATH Uncharacterized oxidoreductase At4g09670 OS=Arabidopsis thaliana OX=3702 GN=At4g09670 PE=1 SV=1
g1098	6016.2	0.1989	-0.453	0.1412	sp|Q67ZM4|ADF7_ARATH Actin-depolymerizing factor 7 OS=Arabidopsis thaliana OX=3702 GN=ADF7 PE=2 SV=1
g376	9287.8	0.4894	0.311	0.5861	
g11205	5057.4	0.1149	0.054	0.9487	sp|Q9FT51|AB27G_ARATH ABC transporter G family member 27 OS=Arabidopsis thaliana OX=3702 GN=ABCG27 PE=2 SV=1
g11898	6456.1	0.2432	0.006	0.9955	
g7899	9769.5	0.5427	-0.555	0.8585	sp|Q50568|FDHC_METTF Probable formate transporter OS=Methanothermobacter thermautotrophicus OX=145262 GN=fdhC PE=3 SV=1
g258	5560.8	0.1686	0.247	0.6366	sp|Q9HXV3|CAPP_PSEAE Phosphoenolpyruvate carboxylase OS=Pseudomonas aeruginosa (strain ATCC 15692 / DSM 22644 / CIP 104116 / JCM 14847 / LMG 12228 / 1C / PRS 101 / PAO1) OX=208964 GN=ppc PE=3 SV=1
g7480	5805.9	0.1934	-0.083	0.9165	sp|B7G620|IDH1_PHATC Isocitrate dehydrogenase [NAD(+)] 1, mitochondrial OS=Phaeodactylum tricornutum (strain CCAP 1055/1) OX=556484 GN=IDH1 PE=1 SV=2
g7086	4758.6	0.0996	-0.119	0.8668	sp|O23087|ECA2_ARATH Calcium-transporting ATPase 2, endoplasmic reticulum-type OS=Arabidopsis thaliana OX=3702 GN=ECA2 PE=1 SV=1
g9995	5176.6	0.1386	0.313	0.3974	sp|Q304B9|NCER2_ARATH Neutral ceramidase 2 OS=Arabidopsis thaliana OX=3702 GN=NCER2 PE=3 SV=1
g2576	9169.2	0.5048	-0.513	0.2949	sp|P22944|NIR_EMENI Nitrite reductase [NAD(P)H] OS=Emericella nidulans (strain FGSC A4 / ATCC 38163 / CBS 112.46 / NRRL 194 / M139) OX=227321 GN=niiA PE=3 SV=2
g5136	8466.8	0.4426	0.576	0.1509	sp|F4P6T0|AOX_BATDJ Ubiquinol oxidase, mitochondrial OS=Batrachochytrium dendrobatidis (strain JAM81 / FGSC 10211) OX=684364 GN=AOX PE=3 SV=1
g15729	8892.3	0.4899	-0.103	0.9272	
g12579	6310.7	0.2744	0.018	0.9849	sp|Q0QHL3|CISY_GLOMM Probable citrate synthase, mitochondrial OS=Glossina morsitans morsitans OX=37546 PE=2 SV=1
g7435	7581.7	0.3982	0.374	0.4742	
g12156	6121.8	0.2589	-0.269	0.4742	sp|Q32P51|RA1L2_HUMAN Heterogeneous nuclear ribonucleoprotein A1-like 2 OS=Homo sapiens OX=9606 GN=HNRNPA1L2 PE=1 SV=2
g14268	6528.3	0.3112	0.254	0.5336	
g2159	4932.6	0.1625	0.357	0.4297	sp|C0HLB3|VATL2_CAEEL V-type proton ATPase 16 kDa proteolipid subunit c 2 OS=Caenorhabditis elegans OX=6239 GN=vha-2 PE=2 SV=1
g13368	5355.8	0.2071	0.220	0.6777	
g10772	6189.8	0.2945	-0.322	0.4214	sp|O02640|MDHM_CAEEL Malate dehydrogenase, mitochondrial OS=Caenorhabditis elegans OX=6239 GN=mdh-2 PE=1 SV=1
g12433	7788.2	0.4611	0.601	0.0559	
g15845	4947.9	0.1714	0.467	0.0699	
g14216	10761.6	0.7672	0.825	0.0603	sp|P74572|P5CR_SYNY3 Pyrroline-5-carboxylate reductase OS=Synechocystis sp. (strain ATCC 27184 / PCC 6803 / Kazusa) OX=1111708 GN=proC PE=3 SV=1
g7178	4909.5	0.1700	0.481	0.0510	
g9516	4437.5	0.1235	-0.141	0.8162	sp|Q99002|1433_TRIHA 14-3-3 protein homolog OS=Trichoderma harzianum OX=5544 PE=2 SV=1
g4716	4242.8	0.1050	-0.032	0.9742	sp|Q93VR3|GME_ARATH GDP-mannose 3,5-epimerase OS=Arabidopsis thaliana OX=3702 GN=At5g28840 PE=1 SV=1
g14914	6622.8	0.3535	0.344	0.5885	sp|P52551|MYBB_XENLA Myb-related protein B OS=Xenopus laevis OX=8355 GN=mybl2 PE=2 SV=2
g904	5546.6	0.2424	-0.155	0.7750	sp|Q9P6P3|PPK15_SCHPO Serine/threonine-protein kinase ppk15 OS=Schizosaccharomyces pombe (strain 972 / ATCC 24843) OX=284812 GN=ppk15 PE=1 SV=1
g8699	5492.0	0.2463	0.488	0.0696	
g1477	5133.7	0.2101	-0.188	0.7257	
g13904	3841.5	0.0888	-0.033	0.9696	sp|Q9LIC2|TMN7_ARATH Transmembrane 9 superfamily member 7 OS=Arabidopsis thaliana OX=3702 GN=TMN7 PE=2 SV=1
g10537	4563.2	0.1701	-0.324	0.5298	sp|Q14679|TTLL4_HUMAN Tubulin monoglutamylase TTLL4 OS=Homo sapiens OX=9606 GN=TTLL4 PE=1 SV=2
g14332	4149.9	0.1288	0.243	0.6264	sp|P00028|CYC_ENTTR Cytochrome c OS=Entosphenus tridentatus OX=245074 GN=cyc PE=1 SV=2
g1343	9000.0	0.6739	0.139	0.8563	sp|A0A1B3PEI9|PFA3_THRS2 Polyunsaturated fatty acid synthase subunit C OS=Thraustochytrium sp. (strain ATCC 26185 / S-3) OX=672127 GN=ORF-C PE=1 SV=1
g174	11042.4	0.9239	0.066	0.9519	
g15769	4020.5	0.1244	0.240	0.5517	sp|Q9M5K3|DLDH1_ARATH Dihydrolipoyl dehydrogenase 1, mitochondrial OS=Arabidopsis thaliana OX=3702 GN=LPD1 PE=1 SV=2
g12259	3701.5	0.0886	-0.119	0.8703	sp|C4R7Z3|C9MT_KOMPG Sphingolipid C9-methyltransferase OS=Komagataella phaffii (strain GS115 / ATCC 20864) OX=644223 GN=PAS_chr4_0465 PE=1 SV=1
g5105	10056.3	0.8135	-0.487	0.0832	sp|Q9LT15|STP10_ARATH Sugar transport protein 10 OS=Arabidopsis thaliana OX=3702 GN=STP10 PE=1 SV=1
g13594	4067.3	0.1397	0.078	0.9277	sp|Q96ST3|SIN3A_HUMAN Paired amphipathic helix protein Sin3a OS=Homo sapiens OX=9606 GN=SIN3A PE=1 SV=2
g12084	6966.5	0.4772	0.556	0.2036	sp|P80944|ZFX_PIG Zinc finger X-chromosomal protein (Fragment) OS=Sus scrofa OX=9823 GN=ZFX PE=3 SV=1
g15457	3772.6	0.1123	-0.136	0.8503	
g2578	6586.0	0.4463	-0.389	0.3226	sp|P17571|NIA1_MAIZE Nitrate reductase [NADH] 1 (Fragment) OS=Zea mays OX=4577 GN=NNR1 PE=1 SV=2
g15502	3993.6	0.1413	0.375	0.1890	sp|Q9NR09|BIRC6_HUMAN Dual E2 ubiquitin-conjugating enzyme/E3 ubiquitin-protein ligase BIRC6 OS=Homo sapiens OX=9606 GN=BIRC6 PE=1 SV=3
g10257	6998.1	0.5016	0.488	0.3069	sp|Q6NCY4|DNAK_RHOPA Chaperone protein DnaK OS=Rhodopseudomonas palustris (strain ATCC BAA-98 / CGA009) OX=258594 GN=dnaK PE=3 SV=1
g11042	3647.1	0.1058	0.224	0.6076	
g11063	5406.5	0.3188	-0.395	0.3531	sp|Q54WR9|GLNA3_DICDI Type-3 glutamine synthetase OS=Dictyostelium discoideum OX=44689 GN=glnA3 PE=1 SV=1
g15693	4357.8	0.2047	0.277	0.4633	sp|P54644|KRAC_DICDI RAC family serine/threonine-protein kinase homolog OS=Dictyostelium discoideum OX=44689 GN=pkbA PE=1 SV=1
g1554	3521.4	0.1064	0.061	0.9450	sp|Q57UP6|ELO3_TRYB2 Fatty acid elongase 3 OS=Trypanosoma brucei brucei (strain 927/4 GUTat10.1) OX=185431 GN=ELO3 PE=1 SV=1
g9941	4185.5	0.1896	0.341	0.3464	sp|Q8HXP5|SODM_HYLLA Superoxide dismutase [Mn], mitochondrial OS=Hylobates lar OX=9580 GN=SOD2 PE=2 SV=2
g2259	3743.6	0.1366	0.092	0.9177	sp|Q9FWR2|AVPX_ARATH Pyrophosphate-energized membrane proton pump 3 OS=Arabidopsis thaliana OX=3702 GN=AVPL2 PE=3 SV=1
g5974	3164.3	0.0747	0.022	0.9811	sp|O88491|NSD1_MOUSE Histone-lysine N-methyltransferase, H3 lysine-36 specific OS=Mus musculus OX=10090 GN=Nsd1 PE=1 SV=1
g15737	4061.0	0.1969	-0.463	0.1194	sp|Q86C65|TOR_DICDI Serine/threonine-protein kinase tor OS=Dictyostelium discoideum OX=44689 GN=tor PE=1 SV=1
g9917	4052.5	0.1968	0.526	0.0663	
g12704	4436.1	0.2476	0.466	0.0737	sp|P52710|CBPY_KOMPG Carboxypeptidase Y OS=Komagataella phaffii (strain GS115 / ATCC 20864) OX=644223 GN=PRC1 PE=1 SV=1
g15920	4791.9	0.2955	-0.676	0.2413	
g10585	4118.8	0.2110	0.174	0.7557	
g11300	4598.1	0.2747	0.096	0.9055	sp|P16120|THRC_YEAST Threonine synthase OS=Saccharomyces cerevisiae (strain ATCC 204508 / S288c) OX=559292 GN=THR4 PE=1 SV=1
g2555	3294.2	0.1042	0.116	0.8609	sp|O17040|HACD_CAEEL Very-long-chain (3R)-3-hydroxyacyl-CoA dehydratase hpo-8 OS=Caenorhabditis elegans OX=6239 GN=hpo-8 PE=3 SV=2
g11134	3690.1	0.1608	-0.076	0.9230	sp|Q84L08|GFT1_ARATH GDP-fucose transporter 1 OS=Arabidopsis thaliana OX=3702 GN=GFT1 PE=1 SV=1
g3451	3726.8	0.1718	0.124	0.8562	
g8517	4441.1	0.2728	-0.118	0.9138	sp|Q54I98|SMT1_DICDI Probable cycloartenol-C-24-methyltransferase 1 OS=Dictyostelium discoideum OX=44689 GN=smt1 PE=1 SV=1
g9880	3779.4	0.1828	0.133	0.8226	sp|D1Z5G1|MIC60_SORMK MICOS complex subunit MIC60 OS=Sordaria macrospora (strain ATCC MYA-333 / DSM 997 / K(L3346) / K-hell) OX=771870 GN=MIC60 PE=3 SV=1
g12289	5645.3	0.4397	0.197	0.7644	sp|P35684|RL3_ORYSJ Large ribosomal subunit protein uL3 OS=Oryza sativa subsp. japonica OX=39947 GN=RPL3 PE=2 SV=2
g11022	6095.4	0.5075	0.869	0.0561	sp|Q03684|BIP4_TOBAC Luminal-binding protein 4 OS=Nicotiana tabacum OX=4097 GN=BIP4 PE=2 SV=1
g4700	4413.1	0.2777	0.094	0.9036	sp|Q9DCW4|ETFB_MOUSE Electron transfer flavoprotein subunit beta OS=Mus musculus OX=10090 GN=Etfb PE=1 SV=3
g9438	3372.4	0.1350	-0.120	0.8857	sp|A0A1S3C4H6|IF4G_CUCME Eukaryotic translation initiation factor 4G OS=Cucumis melo OX=3656 GN=eIF4G PE=1 SV=1
g13692	3423.4	0.1430	0.310	0.5180	sp|Q2KHX4|S61A2_BOVIN Protein transport protein Sec61 subunit alpha isoform 2 OS=Bos taurus OX=9913 GN=SEC61A2 PE=2 SV=3
g35	3674.6	0.1826	0.137	0.8890	sp|P25867|UBCD1_DROME Ubiquitin-conjugating enzyme E2-17 kDa OS=Drosophila melanogaster OX=7227 GN=eff PE=1 SV=1
g13439	4177.0	0.2555	-0.521	0.0756	sp|Q42290|MPPB_ARATH Probable mitochondrial-processing peptidase subunit beta, mitochondrial OS=Arabidopsis thaliana OX=3702 GN=MPPbeta PE=1 SV=2
g2486	3670.9	0.1876	0.335	0.3603	sp|A7S4N4|SERIC_NEMVE Probable serine incorporator OS=Nematostella vectensis OX=45351 GN=serinc PE=3 SV=1
g10312	3592.1	0.1804	0.011	0.9923	
g11881	3746.9	0.2044	-0.046	0.9625	sp|Q0JHU7|MB3R2_ORYSJ Transcription factor MYB3R-2 OS=Oryza sativa subsp. japonica OX=39947 GN=MYB3R-2 PE=2 SV=1
g7997	3985.0	0.2419	-0.630	0.0557	sp|Q0IIY2|WSCD1_XENTR Sialate:O-sulfotransferase 1 OS=Xenopus tropicalis OX=8364 GN=wscd1 PE=2 SV=1
g15922	3936.1	0.2360	-0.521	0.2471	
g9582	5094.6	0.4041	0.207	0.6794	sp|A3SI50|DMDC_ROSNI 3-methylmercaptopropionyl-CoA dehydrogenase OS=Roseovarius nubinhibens (strain ATCC BAA-591 / DSM 15170 / ISM) OX=89187 GN=dmdC PE=1 SV=1
g14039	3430.3	0.1643	0.093	0.9120	sp|Q9LZD4|RAE1D_ARATH Ras-related protein RABE1d OS=Arabidopsis thaliana OX=3702 GN=RABE1D PE=1 SV=1
g8912	3268.4	0.1424	-0.147	0.8406	
g11254	4792.0	0.3697	0.246	0.7173	
g1075	4099.3	0.2721	0.126	0.8751	sp|Q0V6P9|MET3_PHANO Sulfate adenylyltransferase OS=Phaeosphaeria nodorum (strain SN15 / ATCC MYA-4574 / FGSC 10173) OX=321614 GN=MET3 PE=3 SV=1
g15339	2967.1	0.1059	-0.018	0.9848	sp|F4K2M8|JMJ31_ARATH Lysine-specific demethylase JMJ31 OS=Arabidopsis thaliana OX=3702 GN=JMJ31 PE=2 SV=1
g6430	3091.2	0.1243	-0.024	0.9827	sp|P23254|TKT1_YEAST Transketolase 1 OS=Saccharomyces cerevisiae (strain ATCC 204508 / S288c) OX=559292 GN=TKL1 PE=1 SV=4
g10990	3193.8	0.1444	0.189	0.7707	sp|P79781|RS27A_CHICK Ubiquitin-ribosomal protein eS31 fusion protein OS=Gallus gallus OX=9031 GN=RPS27A PE=1 SV=3
g5973	3300.8	0.1628	0.051	0.9614	sp|Q9SUD3|CX6B3_ARATH Cytochrome c oxidase subunit 6b-3 OS=Arabidopsis thaliana OX=3702 GN=COX6B-3 PE=2 SV=2
g8769	2939.7	0.1089	0.030	0.9755	sp|Q9SS17|RS241_ARATH Small ribosomal subunit protein eS24z OS=Arabidopsis thaliana OX=3702 GN=RPS24A PE=2 SV=1
g658	3977.1	0.2711	-0.360	0.4852	sp|P11024|NNTM_BOVIN NAD(P) transhydrogenase, mitochondrial OS=Bos taurus OX=9913 GN=NNT PE=1 SV=3
g7372	2922.9	0.1115	0.139	0.8191	sp|Q68FD5|CLH1_MOUSE Clathrin heavy chain 1 OS=Mus musculus OX=10090 GN=Cltc PE=1 SV=3
g6254	3309.7	0.1723	-0.273	0.6229	
g9558	2461.8	0.0453	0.050	0.9550	sp|B2J427|GCSP_NOSP7 Glycine dehydrogenase (decarboxylating) OS=Nostoc punctiforme (strain ATCC 29133 / PCC 73102) OX=63737 GN=gcvP PE=3 SV=1
g4329	4025.0	0.2881	0.116	0.9036	
g15283	4933.3	0.4286	-0.784	0.2838	
g9721	2802.5	0.1012	0.129	0.8394	sp|Q54E04|VATM_DICDI Vacuolar proton translocating ATPase 100 kDa subunit OS=Dictyostelium discoideum OX=44689 GN=vatM PE=1 SV=2
g9531	4352.0	0.3428	0.272	0.5467	sp|Q9PTJ6|CTDSL_CHICK CTD small phosphatase-like protein OS=Gallus gallus OX=9031 GN=NFI1 PE=2 SV=2
g9135	4628.3	0.3869	-0.134	0.9021	sp|Q27655|ENO_FASHE Enolase OS=Fasciola hepatica OX=6192 GN=ENO PE=2 SV=1
g13935	3389.2	0.1967	0.254	0.6280	sp|Q4P331|IF4A_MYCMD ATP-dependent RNA helicase eIF4A OS=Mycosarcoma maydis OX=5270 GN=TIF1 PE=3 SV=1
g3657	2589.8	0.0791	0.116	0.8824	sp|Q86A72|Y4781_DICDI Recoverin family protein DDB_G0274781 OS=Dictyostelium discoideum OX=44689 GN=DDB_G0274781 PE=3 SV=1
g319	4465.9	0.3837	-0.402	0.1439	sp|O22854|ETFD_ARATH Electron transfer flavoprotein-ubiquinone oxidoreductase, mitochondrial OS=Arabidopsis thaliana OX=3702 GN=ETFQO PE=2 SV=1
g8075	3347.6	0.2056	-0.518	0.0514	sp|Q5TYS5|SCRN2_DANRE Secernin-2 OS=Danio rerio OX=7955 GN=scrn2 PE=2 SV=1
g12626	4842.6	0.4518	0.294	0.6756	sp|P29197|CH60A_ARATH Chaperonin CPN60, mitochondrial OS=Arabidopsis thaliana OX=3702 GN=CPN60 PE=1 SV=2
g4843	2768.0	0.1158	0.191	0.7173	sp|P47808|MYSH_ACACA High molecular weight form of myosin-1 OS=Acanthamoeba castellanii OX=5755 PE=3 SV=1
g90	4383.2	0.3786	-0.168	0.7984	sp|Q9HZP7|ETFA_PSEAE Electron transfer flavoprotein subunit alpha OS=Pseudomonas aeruginosa (strain ATCC 15692 / DSM 22644 / CIP 104116 / JCM 14847 / LMG 12228 / 1C / PRS 101 / PAO1) OX=208964 GN=etfA PE=3 SV=1
g7563	3499.0	0.2350	0.070	0.9508	sp|Q9LK29|CYC1A_ARATH Cytochrome c1 1, heme protein, mitochondrial OS=Arabidopsis thaliana OX=3702 GN=CYC1-1 PE=1 SV=1
g8026	5114.7	0.5013	0.341	0.6650	
g13481	2446.9	0.0664	0.023	0.9823	sp|Q9LT02|PDR2_ARATH Probable manganese-transporting ATPase PDR2 OS=Arabidopsis thaliana OX=3702 GN=PDR2 PE=1 SV=1
g7155	2687.0	0.1058	-0.200	0.7135	
g4401	2869.4	0.1390	0.167	0.8333	sp|Q9FWQ5|HAC12_ARATH Histone acetyltransferase HAC12 OS=Arabidopsis thaliana OX=3702 GN=HAC12 PE=3 SV=2
g2767	3512.8	0.2451	-0.556	0.1623	
g9191	5664.6	0.6055	0.410	0.1263	sp|A0A1B3PEI8|PFA2_THRS2 Polyunsaturated fatty acid synthase subunit B OS=Thraustochytrium sp. (strain ATCC 26185 / S-3) OX=672127 GN=ORF-B PE=1 SV=1
g5783	3754.3	0.2920	0.354	0.4462	sp|Q01890|YPT1_PHYIN Ras-like GTP-binding protein YPT1 OS=Phytophthora infestans OX=4787 GN=YPT1 PE=3 SV=1
g11065	3640.7	0.2734	0.182	0.7844	sp|Q6QNM1|KC1_TOXGO Casein kinase I OS=Toxoplasma gondii OX=5811 PE=2 SV=1
g10413	2296.5	0.0535	0.096	0.9058	sp|Q92I02|TRXB_RICCN Thioredoxin reductase OS=Rickettsia conorii (strain ATCC VR-613 / Malish 7) OX=272944 GN=trxB PE=3 SV=1
g4452	3538.8	0.2655	0.607	0.1364	
g10572	2879.5	0.1578	0.306	0.5059	sp|Q8RVL2|DEK1_ARATH Calpain-type cysteine protease DEK1 OS=Arabidopsis thaliana OX=3702 GN=DEK1 PE=1 SV=1
g3691	3486.9	0.2627	0.414	0.1681	sp|Q5FXM5|ACBP_DICDI Acyl-CoA-binding protein OS=Dictyostelium discoideum OX=44689 GN=acbA PE=1 SV=1
g10398	3683.2	0.2983	0.356	0.6289	sp|B8B9K6|R10A_ORYSI Large ribosomal subunit protein uL1 OS=Oryza sativa subsp. indica OX=39946 GN=RPL10A PE=3 SV=1
g9882	3547.5	0.2760	0.083	0.9155	sp|Q8H0T5|ERF73_ARATH Ethylene-responsive transcription factor ERF073 OS=Arabidopsis thaliana OX=3702 GN=ERF073 PE=1 SV=2
g12614	2447.9	0.0885	0.113	0.8826	sp|Q6E7F1|FCF2_ECOLX dTDP-fucopyranose mutase OS=Escherichia coli OX=562 GN=fcf2 PE=1 SV=1
g11730	3367.9	0.2506	-0.091	0.9178	sp|Q9SH69|6PGD1_ARATH 6-phosphogluconate dehydrogenase, decarboxylating 1, chloroplastic OS=Arabidopsis thaliana OX=3702 GN=PGD1 PE=1 SV=1
g5315	3217.7	0.2261	-0.336	0.5751	sp|P55010|IF5_HUMAN Eukaryotic translation initiation factor 5 OS=Homo sapiens OX=9606 GN=EIF5 PE=1 SV=2
g15001	3271.0	0.2362	-0.477	0.1192	
g2694	3047.7	0.1978	-0.354	0.4700	sp|Q71UH5|CALM_GLOSP Calmodulin OS=Globisporangium splendens OX=82926 PE=2 SV=1
g2258	2609.3	0.1234	0.133	0.8564	sp|Q17046|VATL_ASCSU V-type proton ATPase 16 kDa proteolipid subunit c OS=Ascaris suum OX=6253 GN=12 PE=3 SV=1
g6005	5201.6	0.5815	-0.383	0.3285	sp|O95436|NPT2B_HUMAN Sodium-dependent phosphate transport protein 2B OS=Homo sapiens OX=9606 GN=SLC34A2 PE=1 SV=3
g11501	2417.3	0.0933	0.080	0.9225	sp|Q9LTW0|ALIS1_ARATH ALA-interacting subunit 1 OS=Arabidopsis thaliana OX=3702 GN=ALIS1 PE=1 SV=1
g14927	6472.7	0.8117	0.191	0.9609	sp|P39692|MET10_YEAST Sulfite reductase [NADPH] flavoprotein component OS=Saccharomyces cerevisiae (strain ATCC 204508 / S288c) OX=559292 GN=MET10 PE=1 SV=2
g7211	2169.6	0.0523	0.075	0.9343	sp|Q9LI83|ALA10_ARATH Phospholipid-transporting ATPase 10 OS=Arabidopsis thaliana OX=3702 GN=ALA10 PE=3 SV=1
g10498	4321.7	0.4365	-0.154	0.9275	
g13864	3138.1	0.2262	0.374	0.4048	sp|Q9LMX4|PPA1_ARATH Probable inactive purple acid phosphatase 1 OS=Arabidopsis thaliana OX=3702 GN=PAP1 PE=2 SV=1
g12963	3140.9	0.2274	0.230	0.7825	sp|A8HS48|RS3A_CHLRE Small ribosomal subunit protein eS1 OS=Chlamydomonas reinhardtii OX=3055 GN=CHLREDRAFT_168484 PE=3 SV=1
g12123	3458.0	0.2899	-0.579	0.0658	sp|E2JA31|DDAF_ENTAG Dapdiamide A synthase OS=Enterobacter agglomerans OX=549 GN=ddaF PE=1 SV=1
g2250	3892.2	0.3731	0.599	0.1329	sp|Q9HGM3|YTA12_SCHPO Mitochondrial inner membrane m-AAA protease component yta12 OS=Schizosaccharomyces pombe (strain 972 / ATCC 24843) OX=284812 GN=yta12 PE=3 SV=1
g5251	4209.4	0.4367	-0.179	0.7811	sp|Q9X2A1|ASSY_THEMA Argininosuccinate synthase OS=Thermotoga maritima (strain ATCC 43589 / DSM 3109 / JCM 10099 / NBRC 100826 / MSB8) OX=243274 GN=argG PE=1 SV=1
g16043	3122.2	0.2401	-0.092	0.9099	sp|P38674|ILV5_NEUCR Ketol-acid reductoisomerase, mitochondrial OS=Neurospora crassa (strain ATCC 24698 / 74-OR23-1A / CBS 708.71 / DSM 1257 / FGSC 987) OX=367110 GN=ilv-2 PE=3 SV=2
g14644	2470.9	0.1220	-0.169	0.7729	sp|O75352|MPU1_HUMAN Mannose-P-dolichol utilization defect 1 protein OS=Homo sapiens OX=9606 GN=MPDU1 PE=1 SV=2
g6844	3353.4	0.2848	0.046	0.9614	sp|P80480|SDHB_RECAM Succinate dehydrogenase [ubiquinone] iron-sulfur subunit OS=Reclinomonas americana OX=48483 GN=SDH2 PE=3 SV=1
g402	2925.7	0.2075	0.193	0.8119	
g159	3391.5	0.2946	0.303	0.5026	
g8539	5132.9	0.6216	0.433	0.5931	sp|Q94AN4|AP2L1_ARATH AP2-like ethylene-responsive transcription factor At1g16060 OS=Arabidopsis thaliana OX=3702 GN=At1g16060 PE=2 SV=1
g7486	2427.1	0.1201	-0.175	0.7746	sp|P56336|IF5A4_SOLTU Eukaryotic translation initiation factor 5A-4 OS=Solanum tuberosum OX=4113 GN=EIF5A4 PE=2 SV=1
g7595	2558.4	0.1507	-0.140	0.8562	sp|A2RVM0|TIC32_ARATH Short-chain dehydrogenase TIC 32, chloroplastic OS=Arabidopsis thaliana OX=3702 GN=TIC32 PE=2 SV=1
g9762	3123.5	0.2595	0.285	0.6269	sp|Q9H8M5|CNNM2_HUMAN Metal transporter CNNM2 OS=Homo sapiens OX=9606 GN=CNNM2 PE=1 SV=2
g10475	2235.6	0.0932	-0.131	0.8713	sp|Q6WWW4|UPL3_ARATH E3 ubiquitin-protein ligase UPL3 OS=Arabidopsis thaliana OX=3702 GN=UPL3 PE=1 SV=1
g9147	2142.1	0.0788	0.182	0.7495	sp|Q9SAJ7|MTP9_ARATH Metal tolerance protein 9 OS=Arabidopsis thaliana OX=3702 GN=MTP9 PE=3 SV=2
g235	3466.4	0.3378	0.522	0.1182	sp|Q3ZCF5|OAT_BOVIN Ornithine aminotransferase, mitochondrial OS=Bos taurus OX=9913 GN=OAT PE=2 SV=1
g12838	2942.1	0.2364	-0.220	0.8406	
g3039	2743.0	0.1985	-0.483	0.0603	sp|P29677|MPPA_SOLTU Mitochondrial-processing peptidase subunit alpha OS=Solanum tuberosum OX=4113 GN=MPP PE=1 SV=1
g12563	2783.4	0.2096	-0.159	0.8364	
g6671	4564.4	0.5607	0.330	0.4174	
g14185	4016.6	0.4558	0.151	0.8797	
g2115	2406.0	0.1399	0.160	0.8302	sp|Q09764|VSB1_SCHPO Vacuolar basic amino acid transporter vsb1 OS=Schizosaccharomyces pombe (strain 972 / ATCC 24843) OX=284812 GN=vsb1 PE=1 SV=1
g5785	2408.7	0.1405	0.297	0.4448	sp|Q84L08|GFT1_ARATH GDP-fucose transporter 1 OS=Arabidopsis thaliana OX=3702 GN=GFT1 PE=1 SV=1
g10356	3199.6	0.3038	-0.568	0.0541	sp|Q9R9J1|MYCA_BACIU Mycosubtilin synthase subunit A OS=Bacillus subtilis OX=1423 GN=mycA PE=1 SV=1
g7796	2797.7	0.2251	-0.552	0.1790	sp|Q4PMB3|RS4_IXOSC Small ribosomal subunit protein eS4 OS=Ixodes scapularis OX=6945 GN=RpS4 PE=2 SV=1
g278	2311.9	0.1328	-0.248	0.6153	sp|Q9P4E9|GSP1_CANAW GTP-binding nuclear protein GSP1/Ran OS=Candida albicans (strain WO-1) OX=294748 GN=GSP1 PE=3 SV=2
g16053	2635.3	0.2016	0.306	0.5221	sp|H1VPS8|PHB1_COLHI Prohibitin-1 OS=Colletotrichum higginsianum (strain IMI 349063) OX=759273 GN=PHB1 PE=1 SV=1
g7687	2964.9	0.2687	0.239	0.6405	sp|A0A0D1C6P2|CNE1_MYCMD Calnexin (Fragment) OS=Mycosarcoma maydis OX=5270 GN=CNE1 PE=1 SV=1
g1625	2903.2	0.2582	0.266	0.5676	sp|P51133|UCRI3_TOBAC Cytochrome b-c1 complex subunit Rieske-3, mitochondrial OS=Nicotiana tabacum OX=4097 PE=2 SV=1
g10764	2245.7	0.1271	-0.147	0.8418	sp|P34145|RAC1B_DICDI Rho-related protein rac1B OS=Dictyostelium discoideum OX=44689 GN=rac1B PE=1 SV=2
g11940	2188.4	0.1163	0.140	0.8563	
g13028	2250.5	0.1341	0.103	0.9138	
g14254	2913.5	0.2726	0.114	0.8777	sp|Q38799|ODPB1_ARATH Pyruvate dehydrogenase E1 component subunit beta-1, mitochondrial OS=Arabidopsis thaliana OX=3702 GN=PDH2 PE=1 SV=2
g7420	3398.1	0.3757	-0.184	0.8352	sp|Q2RQU6|EFTU2_RHORT Elongation factor Tu 2 OS=Rhodospirillum rubrum (strain ATCC 11170 / ATH 1.1.1 / DSM 467 / LMG 4362 / NCIMB 8255 / S1) OX=269796 GN=tuf2 PE=3 SV=1
g5470	2584.8	0.2066	0.071	0.9461	sp|P35681|TCTP_ORYSJ Translationally-controlled tumor protein homolog OS=Oryza sativa subsp. japonica OX=39947 GN=TCTP PE=1 SV=1
g3821	3163.0	0.3308	0.132	0.9138	sp|P31009|RS2_DROME Small ribosomal subunit protein uS5 OS=Drosophila melanogaster OX=7227 GN=RpS2 PE=1 SV=2
g10554	2153.3	0.1191	-0.214	0.7382	sp|F4JC97|PSME4_ARATH Proteasome activator subunit 4 OS=Arabidopsis thaliana OX=3702 GN=PA200 PE=2 SV=2
g11195	2341.8	0.1589	0.422	0.1243	sp|P50429|ARSB_MOUSE Arylsulfatase B OS=Mus musculus OX=10090 GN=Arsb PE=1 SV=3
g9603	2560.8	0.2057	0.079	0.9499	sp|Q4KKX4|NCOR1_XENTR Nuclear receptor corepressor 1 OS=Xenopus tropicalis OX=8364 GN=ncor1 PE=2 SV=1
g7685	2038.8	0.0962	-0.029	0.9740	sp|Q5A4W8|BDF1_CANAL Bromodomain-containing factor 1 OS=Candida albicans (strain SC5314 / ATCC MYA-2876) OX=237561 GN=BDF1 PE=1 SV=1
g1748	2264.9	0.1463	-0.169	0.7713	
g995	2624.2	0.2226	0.215	0.7220	sp|P18616|NRPB1_ARATH DNA-directed RNA polymerase II subunit RPB1 OS=Arabidopsis thaliana OX=3702 GN=NRPB1 PE=1 SV=3
g4938	3225.0	0.3499	0.417	0.2938	sp|B0TJA0|TAL_SHEHH Transaldolase OS=Shewanella halifaxensis (strain HAW-EB4) OX=458817 GN=tal PE=3 SV=1
g12779	2029.9	0.0975	-0.026	0.9811	
g3954	1780.0	0.0460	-0.074	0.9350	sp|O48844|PSD1A_ARATH 26S proteasome non-ATPase regulatory subunit 1 homolog A OS=Arabidopsis thaliana OX=3702 GN=RPN2A PE=1 SV=1
g5200	1952.6	0.0835	0.020	0.9848	sp|Q08759|MYB_XENLA Transcriptional activator Myb OS=Xenopus laevis OX=8355 GN=myb PE=2 SV=1
g9094	2159.9	0.1285	0.077	0.9433	sp|Q7X9V2|PIE1_ARATH Protein PHOTOPERIOD-INDEPENDENT EARLY FLOWERING 1 OS=Arabidopsis thaliana OX=3702 GN=PIE1 PE=1 SV=1
g9184	2091.1	0.1140	-0.106	0.9165	sp|Q8L7K0|R18A4_ARATH Large ribosomal subunit protein eL20w OS=Arabidopsis thaliana OX=3702 GN=RPL18AD PE=2 SV=1
g3665	2643.2	0.2328	0.061	0.9610	sp|Q6C9B1|ATPO_YARLI ATP synthase subunit 5, mitochondrial OS=Yarrowia lipolytica (strain CLIB 122 / E 150) OX=284591 GN=ATP5 PE=1 SV=2
g1531	2653.1	0.2355	0.284	0.6150	sp|Q9ZVI9|PECT1_ARATH Ethanolamine-phosphate cytidylyltransferase OS=Arabidopsis thaliana OX=3702 GN=PECT1 PE=1 SV=1
g4621	2959.1	0.3014	-0.286	0.4316	sp|Q94FB9|AB1D_ARATH ABC transporter D family member 1 OS=Arabidopsis thaliana OX=3702 GN=ABCD1 PE=1 SV=1
g6600	2058.7	0.1108	0.124	0.8564	sp|B2GUB3|TTLL3_XENTR Tubulin tyrosine ligase 3 OS=Xenopus tropicalis OX=8364 GN=ttll3 PE=1 SV=1
g2418	2983.8	0.3124	-0.047	0.9689	
g69	2528.1	0.2140	0.050	0.9702	
g8460	3261.3	0.3752	-0.076	0.9370	sp|Q9SAA9|CP511_ARATH Sterol 14-demethylase OS=Arabidopsis thaliana OX=3702 GN=CYP51G1 PE=1 SV=1
g6359	4014.5	0.5390	-0.170	0.8000	sp|P28297|ACEA_ARATH Isocitrate lyase OS=Arabidopsis thaliana OX=3702 GN=ICL PE=1 SV=2
g3711	2042.4	0.1108	0.163	0.8153	sp|Q962T2|RL28_SPOFR Large ribosomal subunit protein eL28 OS=Spodoptera frugiperda OX=7108 GN=RpL28 PE=2 SV=1
g14354	2472.4	0.2073	0.169	0.7825	sp|Q09996|SYLC_CAEEL Leucine--tRNA ligase OS=Caenorhabditis elegans OX=6239 GN=lars-1 PE=3 SV=2
g13137	2530.7	0.2205	0.355	0.5240	sp|P47920|NDKB_FLABI Nucleoside diphosphate kinase B OS=Flaveria bidentis OX=4224 PE=2 SV=1
g2342	2819.2	0.2841	0.305	0.5186	sp|F4K2M8|JMJ31_ARATH Lysine-specific demethylase JMJ31 OS=Arabidopsis thaliana OX=3702 GN=JMJ31 PE=2 SV=1
g2723	2102.9	0.1276	0.203	0.6939	
g12052	2526.3	0.2205	-0.364	0.2617	sp|Q94A40|COPA1_ARATH Coatomer subunit alpha-1 OS=Arabidopsis thaliana OX=3702 GN=At1g62020 PE=2 SV=2
g9455	2894.3	0.3020	0.433	0.1113	sp|Q6R0H1|LHY_ARATH Protein LHY OS=Arabidopsis thaliana OX=3702 GN=LHY PE=1 SV=2
g15499	2171.1	0.1465	0.073	0.9504	
g1949	2197.5	0.1523	-0.374	0.2513	
g13328	2756.2	0.2779	-0.332	0.5317	sp|Q9LD55|EIF3A_ARATH Eukaryotic translation initiation factor 3 subunit A OS=Arabidopsis thaliana OX=3702 GN=TIF3A1 PE=1 SV=1
g3381	2172.9	0.1501	-0.209	0.7105	sp|Q9SF40|RL4A_ARATH Large ribosomal subunit protein uL4z OS=Arabidopsis thaliana OX=3702 GN=RPL4A PE=1 SV=1
g13553	4792.7	0.7351	0.828	0.0694	
g13719	2624.0	0.2518	-0.289	0.4135	sp|Q9FNN5|NDUV1_ARATH NADH dehydrogenase [ubiquinone] flavoprotein 1, mitochondrial OS=Arabidopsis thaliana OX=3702 GN=At5g08530 PE=1 SV=1
g13587	1941.3	0.1003	-0.151	0.8127	sp|P46978|STT3A_MOUSE Dolichyl-diphosphooligosaccharide--protein glycosyltransferase subunit STT3A OS=Mus musculus OX=10090 GN=Stt3a PE=1 SV=1
g10592	2437.7	0.2145	0.175	0.8585	sp|Q8LQJ8|FTSH5_ORYSJ ATP-dependent zinc metalloprotease FTSH 5, mitochondrial OS=Oryza sativa subsp. japonica OX=39947 GN=FTSH5 PE=3 SV=1
g14881	1862.5	0.0857	0.160	0.8153	sp|Q5XLY0|ANR_GINBI Putative anthocyanidin reductase OS=Ginkgo biloba OX=3311 PE=2 SV=1
g9761	2344.3	0.1943	0.319	0.5771	sp|Q3T0V4|RS11_BOVIN Small ribosomal subunit protein uS17 OS=Bos taurus OX=9913 GN=RPS11 PE=2 SV=3
g8380	2894.3	0.3188	-0.675	0.1497	
g11517	1873.4	0.0898	0.121	0.8704	sp|Q8L611|SC31B_ARATH Protein transport protein SEC31 homolog B OS=Arabidopsis thaliana OX=3702 GN=SEC31B PE=1 SV=1
g3282	2128.0	0.1503	0.309	0.4238	
g9843	2157.8	0.1593	0.380	0.1964	sp|Q5ZLT0|XPO7_CHICK Exportin-7 OS=Gallus gallus OX=9031 GN=XPO7 PE=2 SV=1
g14665	2126.2	0.1528	-0.105	0.8888	sp|Q8TB61|S35B2_HUMAN Adenosine 3'-phospho 5'-phosphosulfate transporter 1 OS=Homo sapiens OX=9606 GN=SLC35B2 PE=1 SV=1
g15302	3431.3	0.4524	0.555	0.1038	sp|Q94738|HSP97_MESFR 97 kDa heat shock protein OS=Mesocentrotus franciscanus OX=1328066 GN=HSP110 PE=2 SV=1
g7001	1859.9	0.0930	-0.133	0.8585	sp|P22684|RLA1_DICDI Large ribosomal subunit protein P1 OS=Dictyostelium discoideum OX=44689 GN=rplp1 PE=3 SV=1
g10053	2114.5	0.1521	-0.093	0.9323	sp|Q7G8Y3|ISW2_ORYSJ Probable chromatin-remodeling complex ATPase chain OS=Oryza sativa subsp. japonica OX=39947 GN=Os01g0367900 PE=2 SV=2
g12628	2427.6	0.2260	0.242	0.7282	sp|O76190|RL5_BOMMO Large ribosomal subunit protein uL18 OS=Bombyx mori OX=7091 GN=RpL5 PE=2 SV=1
g6642	1893.0	0.1037	-0.275	0.4947	sp|Q5JK84|RH15_ORYSJ DEAD-box ATP-dependent RNA helicase 15 OS=Oryza sativa subsp. japonica OX=39947 GN=AIP2 PE=1 SV=1
g699	2504.2	0.2464	-0.241	0.6244	
g7110	1989.2	0.1288	0.070	0.9509	sp|P49210|RL9_ORYSJ Large ribosomal subunit protein uL6 OS=Oryza sativa subsp. japonica OX=39947 GN=RPL9 PE=2 SV=3
g3404	2783.1	0.3147	0.544	0.3282	sp|Q0JHU7|MB3R2_ORYSJ Transcription factor MYB3R-2 OS=Oryza sativa subsp. japonica OX=39947 GN=MYB3R-2 PE=2 SV=1
g13131	2394.6	0.2253	-0.076	0.9584	sp|A2AJK6|CHD7_MOUSE ATP-dependent chromatin remodeler CHD7 OS=Mus musculus OX=10090 GN=Chd7 PE=1 SV=1
g3167	1910.8	0.1131	0.163	0.8137	sp|Q9SGH2|MBD9_ARATH Methyl-CpG-binding domain-containing protein 9 OS=Arabidopsis thaliana OX=3702 GN=MBD9 PE=2 SV=1
g7317	2180.2	0.1784	-0.056	0.9621	sp|Q921C3|BRWD1_MOUSE Bromodomain and WD repeat-containing protein 1 OS=Mus musculus OX=10090 GN=Brwd1 PE=1 SV=2
g2279	1818.4	0.0941	0.185	0.7463	sp|A4IIS8|S47A1_XENTR Multidrug and toxin extrusion protein 1 OS=Xenopus tropicalis OX=8364 GN=slc47a1 PE=2 SV=1
g12128	2237.2	0.1931	-0.507	0.1328	sp|Q9LDU6|ST7R_ARATH 7-dehydrocholesterol reductase OS=Arabidopsis thaliana OX=3702 GN=DWF5 PE=1 SV=1
g7903	2234.4	0.1948	-0.197	0.7976	sp|O32210|GR_BACSU Glyoxal reductase OS=Bacillus subtilis (strain 168) OX=224308 GN=yvgN PE=1 SV=1
g9654	2205.1	0.1879	-0.417	0.1487	sp|A2AJK6|CHD7_MOUSE ATP-dependent chromatin remodeler CHD7 OS=Mus musculus OX=10090 GN=Chd7 PE=1 SV=1
g4481	2470.4	0.2507	-0.100	0.9041	sp|Q8H715|ATG8_PHYIN Autophagy-related protein 8 OS=Phytophthora infestans OX=4787 GN=ATG8 PE=3 SV=1
g5630	2070.6	0.1568	0.233	0.6305	sp|Q8IRW8|TRR_DROME Histone-lysine N-methyltransferase trr OS=Drosophila melanogaster OX=7227 GN=trr PE=1 SV=2
g10111	2363.5	0.2264	-0.122	0.8758	sp|Q6NCX7|GPMI_RHOPA 2,3-bisphosphoglycerate-independent phosphoglycerate mutase OS=Rhodopseudomonas palustris (strain ATCC BAA-98 / CGA009) OX=258594 GN=gpmI PE=3 SV=1
g15935	2211.3	0.1918	-0.150	0.8571	
g10737	2034.6	0.1503	0.385	0.2765	sp|Q42510|GNOM_ARATH ARF guanine-nucleotide exchange factor GNOM OS=Arabidopsis thaliana OX=3702 GN=GN PE=1 SV=1
g9355	2492.0	0.2598	0.287	0.4547	
g5686	2005.4	0.1449	0.264	0.6249	sp|Q15751|HERC1_HUMAN Probable E3 ubiquitin-protein ligase HERC1 OS=Homo sapiens OX=9606 GN=HERC1 PE=1 SV=2
g11348	2568.5	0.2807	0.432	0.5084	sp|P41352|TBB_TETTH Tubulin beta chain OS=Tetrahymena thermophila OX=5911 GN=BTU1 PE=1 SV=1
g15404	1864.5	0.1135	0.093	0.9138	sp|P40383|XRN1_SCHPO 5'-3' exoribonuclease 1 OS=Schizosaccharomyces pombe (strain 972 / ATCC 24843) OX=284812 GN=exo2 PE=1 SV=1
g11484	1770.8	0.0917	-0.110	0.8910	
g11416	2466.4	0.2604	-0.502	0.0664	sp|G0S8G9|IF2P_THET3 Eukaryotic translation initiation factor 5B OS=Thermochaetoides thermophila (strain DSM 1495 / CBS 144.50 / DAOM 24625 / IMI 039719) OX=759272 GN=CTHT_0029840 PE=1 SV=2
g14736	2556.1	0.2823	0.022	0.9851	
g15066	1852.3	0.1130	0.093	0.9230	sp|Q55DR6|FCSA_DICDI Fatty acyl-CoA synthetase A OS=Dictyostelium discoideum OX=44689 GN=fcsA PE=1 SV=1
g5237	2059.0	0.1633	0.387	0.3589	
g10212	2058.6	0.1639	-0.042	0.9714	
g1220	2006.4	0.1514	-0.222	0.7488	sp|Q8BKU8|TM87B_MOUSE Transmembrane protein 87B OS=Mus musculus OX=10090 GN=Tmem87b PE=2 SV=1
g14243	3005.8	0.3950	-0.236	0.6756	sp|P40939|ECHA_HUMAN Trifunctional enzyme subunit alpha, mitochondrial OS=Homo sapiens OX=9606 GN=HADHA PE=1 SV=2
g4334	2065.7	0.1681	0.226	0.7581	sp|P43644|DNJH_ATRNU DnaJ protein homolog ANJ1 OS=Atriplex nummularia OX=3553 PE=2 SV=1
g1479	2079.6	0.1718	0.485	0.0757	sp|Q08189|TGM3_MOUSE Protein-glutamine gamma-glutamyltransferase E OS=Mus musculus OX=10090 GN=Tgm3 PE=1 SV=2
g8481	2269.3	0.2181	0.234	0.7271	sp|Q90YR8|RS6_ICTPU Small ribosomal subunit protein eS6 OS=Ictalurus punctatus OX=7998 GN=rps6 PE=2 SV=1
g4202	2998.3	0.3958	-0.296	0.6652	
g6395	2275.3	0.2207	0.034	0.9803	sp|B1MHQ0|MSHA_MYCA9 D-inositol 3-phosphate glycosyltransferase OS=Mycobacteroides abscessus (strain ATCC 19977 / DSM 44196 / CCUG 20993 / CIP 104536 / JCM 13569 / NCTC 13031 / TMC 1543 / L948) OX=561007 GN=mshA PE=3 SV=1
g665	1635.2	0.0665	0.060	0.9482	sp|Q5R7K6|EMC1_PONAB ER membrane protein complex subunit 1 OS=Pongo abelii OX=9601 GN=EMC1 PE=2 SV=1
g5058	2091.2	0.1790	0.008	0.9926	sp|F4JLM5|SYIC_ARATH Isoleucine--tRNA ligase, cytoplasmic OS=Arabidopsis thaliana OX=3702 GN=At4g10320 PE=2 SV=1
g5565	2438.9	0.2661	-0.420	0.2866	sp|Q767L0|ABCF1_PIG ATP-binding cassette sub-family F member 1 OS=Sus scrofa OX=9823 GN=ABCF1 PE=3 SV=1
g3243	1926.6	0.1408	-0.342	0.3531	sp|Q91W90|TXND5_MOUSE Thioredoxin domain-containing protein 5 OS=Mus musculus OX=10090 GN=Txndc5 PE=1 SV=2
g7344	2488.5	0.2793	0.268	0.7391	
g3935	1992.8	0.1637	0.307	0.5356	sp|Q6L5G1|C3H39_ORYSJ Zinc finger CCCH domain-containing protein 39 OS=Oryza sativa subsp. japonica OX=39947 GN=Os05g0576300 PE=2 SV=1
g14723	2355.3	0.2552	0.034	0.9689	sp|O13755|OSM1_SCHPO Fumarate reductase OS=Schizosaccharomyces pombe (strain 972 / ATCC 24843) OX=284812 GN=osm1 PE=3 SV=1
g11554	2131.8	0.2005	-0.257	0.5691	
g10035	1664.9	0.0842	-0.210	0.6662	sp|Q5ZKR7|ACBG2_CHICK Long-chain-fatty-acid--CoA ligase ACSBG2 OS=Gallus gallus OX=9031 GN=ACSBG2 PE=2 SV=2
g1332	1913.6	0.1466	-0.238	0.6532	sp|P79010|COX4_SCHPO Cytochrome c oxidase subunit 4, mitochondrial OS=Schizosaccharomyces pombe (strain 972 / ATCC 24843) OX=284812 GN=cox4 PE=1 SV=1
g14899	2034.0	0.1770	-0.266	0.5946	sp|Q24537|HMG2_DROME High mobility group protein DSP1 OS=Drosophila melanogaster OX=7227 GN=Dsp1 PE=2 SV=1
g2301	4758.2	0.8634	0.954	0.1472	sp|P0C872|JMJD7_MOUSE Bifunctional peptidase and (3S)-lysyl hydroxylase Jmjd7 OS=Mus musculus OX=10090 GN=Jmjd7 PE=1 SV=1
g14101	1837.7	0.1291	0.119	0.9112	sp|Q8K4Y7|CANT1_RAT Soluble calcium-activated nucleotidase 1 OS=Rattus norvegicus OX=10116 GN=Cant1 PE=1 SV=1
g5869	2511.2	0.3038	-0.235	0.6642	sp|Q01474|SAR1B_ARATH Small COPII coat GTPase SAR1B OS=Arabidopsis thaliana OX=3702 GN=SAR1B PE=1 SV=1
g10374	2408.6	0.2779	0.536	0.0690	sp|Q87GU5|LUXQ_VIBPA Autoinducer 2 sensor kinase/phosphatase LuxQ OS=Vibrio parahaemolyticus serotype O3:K6 (strain RIMD 2210633) OX=223926 GN=luxQ PE=3 SV=1
g2810	1759.2	0.1132	-0.262	0.5276	
g1975	1867.4	0.1409	0.039	0.9740	sp|Q62141|SIN3B_MOUSE Paired amphipathic helix protein Sin3b OS=Mus musculus OX=10090 GN=Sin3b PE=1 SV=2
g13101	1746.9	0.1105	0.206	0.7344	sp|Q58DW3|RL29_BOVIN Large ribosomal subunit protein eL29 OS=Bos taurus OX=9913 GN=RPL29 PE=2 SV=3
g15500	2077.3	0.1949	-0.010	0.9901	sp|B7KJX8|LEU1_GLOC7 2-isopropylmalate synthase OS=Gloeothece citriformis (strain PCC 7424) OX=65393 GN=leuA PE=3 SV=1
g12078	2416.4	0.2818	-0.322	0.6406	
g9786	2409.0	0.2807	-0.139	0.8162	sp|P50433|GLYM_SOLTU Serine hydroxymethyltransferase, mitochondrial OS=Solanum tuberosum OX=4113 PE=2 SV=1
g1813	2000.9	0.1773	-0.044	0.9689	sp|Q8WQI5|RS8_SPOFR Small ribosomal subunit protein eS8 OS=Spodoptera frugiperda OX=7108 GN=RpS8 PE=2 SV=1
g1914	1959.7	0.1689	0.369	0.4223	sp|F8VPU6|USP9Y_MOUSE Ubiquitin carboxyl-terminal hydrolase 9Y OS=Mus musculus OX=10090 GN=Usp9y PE=2 SV=1
g8634	2233.4	0.2399	0.322	0.6652	sp|P62302|RS13_SOYBN Small ribosomal subunit protein uS15 OS=Glycine max OX=3847 GN=RPS13 PE=2 SV=1
g14089	2168.7	0.2252	-0.473	0.1000	
g8381	2034.6	0.1909	-0.221	0.7901	sp|A0A0R4I9Y1|R213B_DANRE E3 ubiquitin-protein ligase rnf213-beta OS=Danio rerio OX=7955 GN=rnf213b PE=3 SV=1
g4541	2341.0	0.2736	-0.546	0.1519	sp|Q9P7T8|YIW2_SCHPO Uncharacterized helicase C694.02 OS=Schizosaccharomyces pombe (strain 972 / ATCC 24843) OX=284812 GN=SPAC694.02 PE=3 SV=1
g6660	1848.7	0.1469	0.386	0.2131	sp|Q9FIN7|MIP2_ARATH MAG2-interacting protein 2 OS=Arabidopsis thaliana OX=3702 GN=MIP2 PE=1 SV=1
g5667	1652.7	0.0967	-0.141	0.8543	sp|Q6KC79|NIPBL_HUMAN Nipped-B-like protein OS=Homo sapiens OX=9606 GN=NIPBL PE=1 SV=2
g1497	1686.1	0.1060	-0.113	0.8929	sp|Q9TXJ0|CMK1_CAEEL Calcium/calmodulin-dependent protein kinase type 1 OS=Caenorhabditis elegans OX=6239 GN=cmk-1 PE=1 SV=1
g669	1697.6	0.1093	0.205	0.7040	sp|A8WN62|TUB1_CAEBR Tubby protein homolog 1 OS=Caenorhabditis briggsae OX=6238 GN=tub-1 PE=3 SV=1
g10269	1510.6	0.0620	-0.064	0.9450	sp|A3KMV5|UBA1_BOVIN Ubiquitin-like modifier-activating enzyme 1 OS=Bos taurus OX=9913 GN=UBA1 PE=2 SV=1
g2547	2491.2	0.3207	-0.079	0.9509	
g6082	1840.6	0.1504	0.092	0.9413	sp|Q9FLF0|RS92_ARATH Small ribosomal subunit protein uS4y OS=Arabidopsis thaliana OX=3702 GN=RPS9C PE=1 SV=1
g14421	1687.6	0.1103	-0.144	0.8184	
g4926	1919.3	0.1735	0.365	0.2717	sp|Q6Z382|COPG2_ORYSJ Coatomer subunit gamma-2 OS=Oryza sativa subsp. japonica OX=39947 GN=Os07g0201100 PE=2 SV=1
g7449	1918.2	0.1743	-0.072	0.9474	sp|Q6R032|MB3R5_ARATH Transcription factor MYB3R-5 OS=Arabidopsis thaliana OX=3702 GN=MYB3R5 PE=2 SV=1
g2517	1802.8	0.1438	0.064	0.9543	
g13301	1691.2	0.1148	-0.255	0.6224	sp|Q4R7H0|TTL10_MACFA Protein polyglycylase TTLL10 OS=Macaca fascicularis OX=9541 GN=TTLL10 PE=2 SV=1
g7583	1977.7	0.1936	-0.193	0.7977	
g4616	2230.8	0.2628	0.019	0.9848	sp|Q4R5B0|ATPG_MACFA ATP synthase F(1) complex subunit gamma, mitochondrial OS=Macaca fascicularis OX=9541 GN=ATP5F1C PE=2 SV=1
g4361	1469.8	0.0599	0.072	0.9362	
g910	2227.5	0.2628	-0.262	0.6465	sp|P41938|HCDH2_CAEEL Probable 3-hydroxyacyl-CoA dehydrogenase B0272.3 OS=Caenorhabditis elegans OX=6239 GN=B0272.3 PE=3 SV=1
g12281	1653.6	0.1108	-0.158	0.8065	sp|P55180|GALE_BACSU UDP-glucose 4-epimerase OS=Bacillus subtilis (strain 168) OX=224308 GN=galE PE=1 SV=1
g6544	2872.7	0.4387	-0.311	0.6896	sp|O44006|KPYK_EIMTE Pyruvate kinase OS=Eimeria tenella OX=5802 GN=PYK PE=2 SV=1
g8596	1437.2	0.0532	0.006	0.9944	
g5442	1809.2	0.1536	0.352	0.4027	sp|O22925|VSR2_ARATH Vacuolar-sorting receptor 2 OS=Arabidopsis thaliana OX=3702 GN=VSR2 PE=2 SV=1
g7291	1866.9	0.1693	-0.017	0.9880	sp|Q5JK39|LCB2D_ORYSJ Long chain base biosynthesis protein 2d OS=Oryza sativa subsp. japonica OX=39947 GN=Os01g0928800 PE=2 SV=1
g3894	1650.2	0.1116	0.014	0.9880	
g4059	1768.6	0.1439	0.257	0.6708	sp|P0C872|JMJD7_MOUSE Bifunctional peptidase and (3S)-lysyl hydroxylase Jmjd7 OS=Mus musculus OX=10090 GN=Jmjd7 PE=1 SV=1
g2963	1806.5	0.1569	-0.063	0.9442	sp|Q9CZD3|GARS_MOUSE Glycine--tRNA ligase OS=Mus musculus OX=10090 GN=Gars1 PE=1 SV=1
g948	1597.4	0.1005	-0.109	0.8809	
g11415	1697.4	0.1278	-0.271	0.6068	sp|Q9FX83|NDS8B_ARATH NADH dehydrogenase [ubiquinone] iron-sulfur protein 8-B, mitochondrial OS=Arabidopsis thaliana OX=3702 GN=At1g16700 PE=1 SV=1
g1606	1460.7	0.0640	0.004	0.9964	sp|Q9VCH5|NUP98_DROME Nuclear pore complex protein Nup98-Nup96 OS=Drosophila melanogaster OX=7227 GN=Nup98-96 PE=1 SV=3
g4514	2670.9	0.3935	0.489	0.1675	sp|Q3T100|MGST3_BOVIN Glutathione S-transferase 3, mitochondrial OS=Bos taurus OX=9913 GN=MGST3 PE=2 SV=1
g15013	2781.3	0.4245	0.379	0.4356	sp|Q5ZKR7|ACBG2_CHICK Long-chain-fatty-acid--CoA ligase ACSBG2 OS=Gallus gallus OX=9031 GN=ACSBG2 PE=2 SV=2
g5349	1709.7	0.1333	0.219	0.7269	
g11170	1750.1	0.1453	0.316	0.4491	sp|F8VPU6|USP9Y_MOUSE Ubiquitin carboxyl-terminal hydrolase 9Y OS=Mus musculus OX=10090 GN=Usp9y PE=2 SV=1
g8690	1626.1	0.1125	0.309	0.4098	
g4741	2320.9	0.3036	0.050	0.9581	
g6104	1869.7	0.1801	-0.350	0.3554	
g13204	1768.8	0.1524	0.208	0.7811	sp|Q5EE04|TPR_XENLA Nucleoprotein TPR (Fragment) OS=Xenopus laevis OX=8355 GN=tpr PE=1 SV=1
g2698	1781.2	0.1569	0.162	0.8579	sp|O65731|RS5_CICAR Small ribosomal subunit protein uS7 (Fragment) OS=Cicer arietinum OX=3827 GN=RPS5 PE=2 SV=1
g4835	2172.3	0.2654	-0.270	0.5613	sp|Q9NTG7|SIR3_HUMAN NAD-dependent protein deacetylase sirtuin-3, mitochondrial OS=Homo sapiens OX=9606 GN=SIRT3 PE=1 SV=2
g3633	1690.8	0.1330	0.098	0.9138	sp|B7KZ48|HSLU_METC4 ATP-dependent protease ATPase subunit HslU OS=Methylorubrum extorquens (strain CM4 / NCIMB 13688) OX=440085 GN=hslU PE=3 SV=1
g9390	1361.2	0.0424	-0.013	0.9880	
g4395	1568.3	0.1004	0.018	0.9848	sp|O04940|CDS1_SOLTU Phosphatidate cytidylyltransferase 1 OS=Solanum tuberosum OX=4113 GN=CDS1 PE=1 SV=1
g6494	2232.1	0.2870	-0.075	0.9343	sp|Q8A2H2|GALSF_BACTN N-acetylgalactosamine-6-O-sulfatase OS=Bacteroides thetaiotaomicron (strain ATCC 29148 / DSM 2079 / JCM 5827 / CCUG 10774 / NCTC 10582 / VPI-5482 / E50) OX=226186 GN=BT_3333 PE=1 SV=1
g830	1749.8	0.1533	0.409	0.1766	
g12258	1604.8	0.1132	0.145	0.8478	
g13981	1758.7	0.1561	0.374	0.3657	
g1061	2108.3	0.2554	0.307	0.6414	
g13628	2456.5	0.3529	0.065	0.9614	
g13437	1641.7	0.1254	0.085	0.9370	
g14608	1644.6	0.1275	-0.148	0.8174	sp|Q2TBQ5|RL7A_BOVIN Large ribosomal subunit protein eL8 OS=Bos taurus OX=9913 GN=RPL7A PE=2 SV=3
g2645	1787.8	0.1677	-0.285	0.6131	sp|B6MUN4|MYSM1_BRAFL Histone H2A deubiquitinase MYSM1 OS=Branchiostoma floridae OX=7739 GN=MYSM1 PE=3 SV=1
g140	1611.6	0.1184	-0.033	0.9769	sp|P62785|H41_WHEAT Histone H4 variant TH011 OS=Triticum aestivum OX=4565 PE=3 SV=2
g11023	1999.2	0.2276	0.279	0.5467	
g4176	1654.5	0.1317	0.112	0.9027	
g9155	1623.8	0.1231	-0.207	0.7185	sp|Q5LUF3|PCCA_RUEPO Propionyl-CoA carboxylase alpha chain OS=Ruegeria pomeroyi (strain ATCC 700808 / DSM 15171 / DSS-3) OX=246200 GN=pccA PE=1 SV=1
g8576	1741.7	0.1564	-0.195	0.7178	sp|P36241|RL19_DROME Large ribosomal subunit protein eL19 OS=Drosophila melanogaster OX=7227 GN=RpL19 PE=1 SV=2
g5690	1398.2	0.0604	-0.077	0.9349	
g3453	1991.2	0.2276	0.382	0.3043	sp|Q9P7G9|KAPS_SCHPO Adenylyl-sulfate kinase OS=Schizosaccharomyces pombe (strain 972 / ATCC 24843) OX=284812 GN=met14 PE=3 SV=1
g5854	1721.7	0.1523	-0.132	0.8598	sp|P41920|YRB1_YEAST Ran-specific GTPase-activating protein 1 OS=Saccharomyces cerevisiae (strain ATCC 204508 / S288c) OX=559292 GN=YRB1 PE=1 SV=1
g15894	1677.8	0.1403	0.246	0.6283	sp|Q0WT48|DNJ21_ARATH DnaJ protein ERDJ2A OS=Arabidopsis thaliana OX=3702 GN=ERDJ2A PE=1 SV=1
g9047	1452.9	0.0770	-0.039	0.9691	sp|Q9VMJ7|KDM5_DROME Lysine-specific demethylase 5 OS=Drosophila melanogaster OX=7227 GN=Kdm5 PE=1 SV=1
g3674	1892.2	0.2021	-0.030	0.9740	sp|P28998|DHE4_CHLSO NADP-specific glutamate dehydrogenase (Fragment) OS=Chlorella sorokiniana OX=3076 PE=2 SV=1
g11548	2601.5	0.4031	0.459	0.2525	sp|P06876|MYB_MOUSE Transcriptional activator Myb OS=Mus musculus OX=10090 GN=Myb PE=1 SV=2
g3124	1779.1	0.1720	-0.178	0.8326	sp|P17741|HMGB2_PIG High mobility group protein B2 OS=Sus scrofa OX=9823 GN=HMGB2 PE=1 SV=2
g4952	1555.8	0.1108	0.284	0.5026	sp|Q8S8Y8|WNK6_ARATH Probable serine/threonine-protein kinase WNK6 OS=Arabidopsis thaliana OX=3702 GN=WNK6 PE=2 SV=1
g10132	1476.3	0.0891	0.152	0.8065	sp|Q54QG5|Y3893_DICDI Probable E3 ubiquitin-protein ligase DDB_G0283893 OS=Dictyostelium discoideum OX=44689 GN=DDB_G0283893 PE=3 SV=2
g4866	1847.9	0.1974	0.152	0.8595	sp|Q90Z10|RL13_DANRE Large ribosomal subunit protein eL13 OS=Danio rerio OX=7955 GN=rpl13 PE=1 SV=3
g7510	2612.7	0.4256	-0.299	0.6961	sp|P94170|CAH_NOSS1 Carbonic anhydrase OS=Nostoc sp. (strain PCC 7120 / SAG 25.82 / UTEX 2576) OX=103690 GN=ecaA PE=3 SV=1
g5856	1296.7	0.0436	-0.081	0.9256	
g8483	2264.5	0.3255	0.632	0.0925	sp|Q9LXA7|GTE2_ARATH Transcription factor GTE2 OS=Arabidopsis thaliana OX=3702 GN=GTE2 PE=2 SV=2
g9579	2065.1	0.2695	0.274	0.5076	sp|D0N1U4|ARGJ_PHYIT Arginine biosynthesis bifunctional protein ArgJ, mitochondrial OS=Phytophthora infestans (strain T30-4) OX=403677 GN=PITG_04698 PE=3 SV=1
g15207	1665.1	0.1546	0.357	0.2730	sp|P50429|ARSB_MOUSE Arylsulfatase B OS=Mus musculus OX=10090 GN=Arsb PE=1 SV=3
g2695	1557.0	0.1236	-0.267	0.5446	sp|A7WLI0|SUMO4_PIG Small ubiquitin-related modifier 4 OS=Sus scrofa OX=9823 GN=SUMO4 PE=1 SV=1
g4781	2246.1	0.3272	-0.283	0.4816	sp|O53176|Y2449_MYCTU Putative trans-acting enoyl reductase Rv2449c OS=Mycobacterium tuberculosis (strain ATCC 25618 / H37Rv) OX=83332 GN=Rv2449c PE=1 SV=3
g1953	1932.0	0.2358	0.189	0.8375	sp|O42248|GBLP_DANRE Small ribosomal subunit protein RACK1 OS=Danio rerio OX=7955 GN=gnb2l1 PE=1 SV=1
g6694	1668.9	0.1595	-0.167	0.7746	sp|Q8L9C4|KCR1_ARATH Very-long-chain 3-oxoacyl-CoA reductase 1 OS=Arabidopsis thaliana OX=3702 GN=KCR1 PE=1 SV=1
g920	3124.8	0.5903	-1.010	0.0521	sp|Q7XRV2|YSL6_ORYSJ Probable metal-nicotianamine transporter YSL6 OS=Oryza sativa subsp. japonica OX=39947 GN=YSL6 PE=2 SV=1
g5104	3343.7	0.6552	0.068	0.9439	sp|P15686|HUP1_PARKE H(+)/hexose cotransporter 1 OS=Parachlorella kessleri OX=3074 GN=HUP1 PE=2 SV=2
g1120	2610.5	0.4409	-0.001	0.9987	sp|C0RES0|MASZ_BRUMB Malate synthase G OS=Brucella melitensis biotype 2 (strain ATCC 23457) OX=546272 GN=glcB PE=3 SV=1
g15534	2761.6	0.4866	0.614	0.3358	sp|Q4R4D3|RL10L_MACFA Large ribosomal subunit protein uL16-like OS=Macaca fascicularis OX=9541 GN=RPL10L PE=2 SV=1
g15909	1697.9	0.1720	0.285	0.4953	sp|Q6H8D6|COB23_ORYSJ Putative coatomer subunit beta'-3 OS=Oryza sativa subsp. japonica OX=39947 GN=Os02g0209000 PE=3 SV=2
g4562	1712.5	0.1769	0.287	0.5408	sp|Q9FHT4|TMN4_ARATH Transmembrane 9 superfamily member 4 OS=Arabidopsis thaliana OX=3702 GN=TMN4 PE=2 SV=1
g7736	1478.3	0.1076	-0.093	0.9151	sp|P50567|H2A_CHLRE Histone H2A OS=Chlamydomonas reinhardtii OX=3055 GN=H2A-II PE=3 SV=1
g12	1741.3	0.1861	-0.185	0.8217	
g4499	2050.9	0.2788	0.307	0.5057	
g4898	3212.0	0.6278	0.211	0.7257	sp|A3KP77|OXND1_DANRE Oxidoreductase NAD-binding domain-containing protein 1 OS=Danio rerio OX=7955 GN=oxnad1 PE=2 SV=1
g15688	1838.6	0.2172	0.145	0.8418	
g14888	1640.1	0.1582	0.331	0.3299	sp|Q43497|MDAR_SOLLC Monodehydroascorbate reductase OS=Solanum lycopersicum OX=4081 GN=AFRR PE=1 SV=1
g6237	1945.6	0.2503	0.463	0.3951	
g14994	1568.6	0.1383	0.330	0.3640	
g9592	1494.2	0.1160	0.002	0.9978	
g1962	1451.2	0.1039	0.236	0.6566	
g9219	1981.3	0.2639	0.425	0.3624	sp|Q9SGA6|RS191_ARATH Small ribosomal subunit protein eS19z OS=Arabidopsis thaliana OX=3702 GN=RPS19A PE=2 SV=1
g5064	1329.6	0.0678	0.030	0.9740	sp|Q3SWX9|RAD21_BOVIN Double-strand-break repair protein rad21 homolog OS=Bos taurus OX=9913 GN=RAD21 PE=2 SV=1
g8457	1408.8	0.0920	0.221	0.6722	sp|F4JY11|CAND7_ARATH Protein CANDIDATE G PROTEIN-COUPLED RECEPTOR 7 OS=Arabidopsis thaliana OX=3702 GN=CAND7 PE=2 SV=1
g4714	1904.3	0.2418	-0.299	0.5415	sp|Q8CDK2|CBPC2_MOUSE Cytosolic carboxypeptidase 2 OS=Mus musculus OX=10090 GN=Agbl2 PE=1 SV=1
g10641	1654.2	0.1670	0.215	0.7932	
g4445	2075.2	0.2959	0.102	0.9268	sp|Q6P4X5|CPT2_XENTR Carnitine O-palmitoyltransferase 2, mitochondrial OS=Xenopus tropicalis OX=8364 GN=cpt2 PE=2 SV=1
g13219	1305.7	0.0627	0.039	0.9683	sp|Q67W65|TAF1_ORYSJ Transcription initiation factor TFIID subunit 1 OS=Oryza sativa subsp. japonica OX=39947 GN=TAF1 PE=2 SV=1
g12973	1460.2	0.1114	0.065	0.9444	
g3815	1473.7	0.1163	-0.112	0.9114	sp|P26505|HEM1_AGRRD 5-aminolevulinate synthase OS=Agrobacterium radiobacter OX=362 GN=hemA PE=3 SV=1
g5369	1454.8	0.1115	0.105	0.8965	sp|O43707|ACTN4_HUMAN Alpha-actinin-4 OS=Homo sapiens OX=9606 GN=ACTN4 PE=1 SV=2
g11864	2073.9	0.3016	-0.043	0.9685	sp|Q54R82|MKKA_DICDI Mitogen-activated protein kinase kinase kinase A OS=Dictyostelium discoideum OX=44689 GN=mkkA PE=1 SV=2
g9556	1649.5	0.1734	-0.282	0.5276	sp|O49160|EIF3C_ARATH Eukaryotic translation initiation factor 3 subunit C OS=Arabidopsis thaliana OX=3702 GN=TIF3C1 PE=1 SV=2
g2523	1611.6	0.1621	0.462	0.1075	sp|Q39160|MYO5_ARATH Myosin-5 OS=Arabidopsis thaliana OX=3702 GN=XI-1 PE=1 SV=1
g13591	1836.0	0.2314	-0.218	0.6669	sp|Q8T2T5|C560_DICDI Succinate dehydrogenase cytochrome b560 subunit, mitochondrial OS=Dictyostelium discoideum OX=44689 GN=sdhC PE=3 SV=1
g1770	1662.4	0.1787	-0.248	0.6149	
g3398	1340.9	0.0799	-0.042	0.9666	
g6908	2068.3	0.3043	0.613	0.2083	sp|Q9STX5|ENPL_ARATH Endoplasmin homolog OS=Arabidopsis thaliana OX=3702 GN=HSP90-7 PE=1 SV=1
g15140	2003.1	0.2847	0.618	0.0504	
g9909	1629.7	0.1698	0.064	0.9475	
g13937	1313.6	0.0722	0.116	0.8752	
g13599	1797.5	0.2238	0.474	0.0843	sp|Q32LE4|GGCT_BOVIN Gamma-glutamylcyclotransferase OS=Bos taurus OX=9913 GN=GGCT PE=2 SV=1
g6214	1950.8	0.2715	0.291	0.4748	sp|O93937|PYR1_EMENI Multifunctional protein pyrABCN OS=Emericella nidulans (strain FGSC A4 / ATCC 38163 / CBS 112.46 / NRRL 194 / M139) OX=227321 GN=pyrABCN PE=3 SV=2
g3242	1456.4	0.1183	0.273	0.5405	sp|Q08D64|ABCB6_XENTR ATP-binding cassette sub-family B member 6 OS=Xenopus tropicalis OX=8364 GN=abcb6 PE=2 SV=1
g5046	1665.5	0.1839	0.284	0.5696	
g6511	1428.7	0.1106	0.070	0.9439	sp|P39958|GDI1_YEAST Rab GDP-dissociation inhibitor OS=Saccharomyces cerevisiae (strain ATCC 204508 / S288c) OX=559292 GN=GDI1 PE=1 SV=1
g7264	1479.8	0.1274	0.196	0.7916	sp|Q8BUN9|NCKX2_MOUSE Sodium/potassium/calcium exchanger 2 OS=Mus musculus OX=10090 GN=Slc24a2 PE=1 SV=1
g14250	1659.5	0.1846	0.224	0.7067	sp|P0DJ19|RL27_TETTH Large ribosomal subunit protein eL27 OS=Tetrahymena thermophila OX=5911 GN=RPL27 PE=1 SV=1
g889	1387.5	0.0997	0.230	0.6511	sp|Q9LMI0|TPS7_ARATH Probable alpha,alpha-trehalose-phosphate synthase [UDP-forming] 7 OS=Arabidopsis thaliana OX=3702 GN=TPS7 PE=1 SV=1
g3548	1216.0	0.0467	0.068	0.9432	sp|Q6P2E9|EDC4_HUMAN Enhancer of mRNA-decapping protein 4 OS=Homo sapiens OX=9606 GN=EDC4 PE=1 SV=1
g2255	2011.1	0.2954	0.314	0.7033	sp|Q9HWR3|BPHY_PSEAE Bacteriophytochrome OS=Pseudomonas aeruginosa (strain ATCC 15692 / DSM 22644 / CIP 104116 / JCM 14847 / LMG 12228 / 1C / PRS 101 / PAO1) OX=208964 GN=bphP PE=1 SV=1
g3563	2083.3	0.3196	0.430	0.2513	sp|P78586|ARG56_CANAX Protein ARG5,6, mitochondrial OS=Candida albicans OX=5476 GN=ARG5,6 PE=3 SV=1
g7295	1599.6	0.1686	0.392	0.3400	sp|Q9VK34|SIRT1_DROME NAD-dependent histone deacetylase sirtuin-1 OS=Drosophila melanogaster OX=7227 GN=Sirt1 PE=1 SV=1
g13117	1780.1	0.2263	-0.202	0.8152	sp|Q9W420|SPT6H_DROME Transcription elongation factor SPT6 OS=Drosophila melanogaster OX=7227 GN=Spt6 PE=1 SV=1
g15713	1669.4	0.1923	0.537	0.0517	sp|Q9SPN3|MB3R2_ARATH Transcription factor MYB3R-2 OS=Arabidopsis thaliana OX=3702 GN=MYB3R2 PE=2 SV=1
g8813	1466.1	0.1287	0.144	0.8297	
g7636	1536.3	0.1515	-0.245	0.6756	sp|Q7PC88|AB31G_ARATH ABC transporter G family member 31 OS=Arabidopsis thaliana OX=3702 GN=ABCG31 PE=1 SV=1
g8833	1745.2	0.2192	0.027	0.9823	
g1432	1506.6	0.1477	-0.311	0.4746	sp|Q25691|VATB_PLAFA V-type proton ATPase subunit B OS=Plasmodium falciparum OX=5833 GN=VAPB PE=2 SV=1
g4677	2619.4	0.5036	0.406	0.2617	
g1991	2060.3	0.3272	-0.121	0.9058	sp|Q9FNF8|P4KG3_ARATH Phosphatidylinositol 4-kinase gamma 3 OS=Arabidopsis thaliana OX=3702 GN=PI4KG3 PE=2 SV=1
g10524	1324.3	0.0915	-0.042	0.9631	
g9482	1865.7	0.2662	0.318	0.6025	sp|O14050|MSY2_SCHPO Mechanosensitive ion channel protein Msy2 OS=Schizosaccharomyces pombe (strain 972 / ATCC 24843) OX=284812 GN=msy2 PE=1 SV=1
g12225	1766.9	0.2347	-0.456	0.1788	sp|Q5ZJR8|ELOV6_CHICK Very long chain fatty acid elongase 6 OS=Gallus gallus OX=9031 GN=ELOVL6 PE=2 SV=1
g7624	1346.3	0.1007	0.040	0.9702	sp|A8X6H4|CMK1_CAEBR Calcium/calmodulin-dependent protein kinase type 1 OS=Caenorhabditis briggsae OX=6238 GN=cmk-1 PE=3 SV=4
g7492	1386.1	0.1142	0.262	0.5691	
g15464	1587.9	0.1795	-0.357	0.3392	sp|Q40648|KCAB_ORYSJ Probable voltage-gated potassium channel subunit beta OS=Oryza sativa subsp. japonica OX=39947 GN=KOB1 PE=1 SV=2
g11648	1335.5	0.0986	0.225	0.6549	
g7207	1379.2	0.1137	0.217	0.7295	
g15668	1369.3	0.1119	-0.134	0.8478	sp|Q07744|PEPO_LACLA Neutral endopeptidase OS=Lactococcus lactis subsp. lactis (strain IL1403) OX=272623 GN=pepO PE=1 SV=3
g10446	1490.5	0.1513	0.124	0.9004	
g5555	1378.9	0.1157	-0.183	0.7736	sp|Q9FJ79|TOP1B_ARATH DNA topoisomerase 1 beta OS=Arabidopsis thaliana OX=3702 GN=TOP1B PE=1 SV=1
g11961	1257.4	0.0763	0.194	0.7262	sp|O23617|TPS5_ARATH Alpha,alpha-trehalose-phosphate synthase [UDP-forming] 5 OS=Arabidopsis thaliana OX=3702 GN=TPS5 PE=1 SV=2
g3511	1513.3	0.1603	-0.060	0.9474	sp|P66876|METB_MYCBO Cystathionine gamma-synthase OS=Mycobacterium bovis (strain ATCC BAA-935 / AF2122/97) OX=233413 GN=metB PE=3 SV=1
g5042	1518.5	0.1654	0.462	0.1303	sp|Q9VL06|UFD4_DROME E3 ubiquitin-protein ligase Ufd4 OS=Drosophila melanogaster OX=7227 GN=Ufd4 PE=2 SV=1
g9838	1381.7	0.1208	0.265	0.5255	sp|G3V7Q0|DEN5A_RAT DENN domain-containing protein 5A OS=Rattus norvegicus OX=10116 GN=Dennd5a PE=2 SV=1
g14071	2020.7	0.3318	-0.013	0.9910	
g13297	1695.7	0.2251	-0.081	0.9433	sp|P32471|EF1B_YEAST Elongation factor 1-beta OS=Saccharomyces cerevisiae (strain ATCC 204508 / S288c) OX=559292 GN=EFB1 PE=1 SV=4
g14335	1461.3	0.1480	0.399	0.2136	sp|Q15751|HERC1_HUMAN Probable E3 ubiquitin-protein ligase HERC1 OS=Homo sapiens OX=9606 GN=HERC1 PE=1 SV=2
g1954	1571.6	0.1850	0.140	0.8936	sp|Q6ZWV7|RL35_MOUSE Large ribosomal subunit protein uL29 OS=Mus musculus OX=10090 GN=Rpl35 PE=1 SV=1
g2680	1394.6	0.1267	-0.015	0.9868	
g13371	1780.2	0.2542	-0.508	0.2294	
g12082	1639.5	0.2080	-0.281	0.7382	sp|Q6ZQ89|MARH6_MOUSE E3 ubiquitin-protein ligase MARCHF6 OS=Mus musculus OX=10090 GN=Marchf6 PE=2 SV=2
g4134	2536.8	0.5064	-1.751	0.1703	
g5073	1766.1	0.2523	0.445	0.1260	sp|Q54G21|FKBP5_DICDI FK506-binding protein 5 OS=Dictyostelium discoideum OX=44689 GN=fkbp5 PE=1 SV=1
g14315	1359.4	0.1184	-0.233	0.6831	sp|Q8VCH6|DHC24_MOUSE Delta(24)-sterol reductase OS=Mus musculus OX=10090 GN=Dhcr24 PE=1 SV=1
g7568	1352.3	0.1162	0.210	0.7118	
g10894	1620.2	0.2057	0.508	0.0653	sp|Q8CCN5|BCAS3_MOUSE BCAS3 microtubule associated cell migration factor OS=Mus musculus OX=10090 GN=Bcas3 PE=1 SV=2
g10473	1894.0	0.2970	-0.434	0.2626	sp|P10768|ESTD_HUMAN S-formylglutathione hydrolase OS=Homo sapiens OX=9606 GN=ESD PE=1 SV=2
g13275	1421.9	0.1406	-0.296	0.4452	sp|P53490|ARP3_ACACA Actin-related protein 3 OS=Acanthamoeba castellanii OX=5755 GN=ARP3 PE=2 SV=1
g9925	1773.6	0.2579	-0.458	0.3435	sp|P47075|VTC4_YEAST Vacuolar transporter chaperone complex subunit 4 OS=Saccharomyces cerevisiae (strain ATCC 204508 / S288c) OX=559292 GN=VTC4 PE=1 SV=2
g11511	1408.0	0.1372	0.263	0.5750	sp|Q5AI21|SEC62_CANAL Translocation protein SEC62 OS=Candida albicans (strain SC5314 / ATCC MYA-2876) OX=237561 GN=SEC62 PE=3 SV=1
g3765	1492.3	0.1674	-0.044	0.9666	
g2168	1282.0	0.0976	-0.044	0.9680	sp|Q42064|RL83_ARATH Large ribosomal subunit protein uL2x OS=Arabidopsis thaliana OX=3702 GN=RPL8C PE=2 SV=2
g12300	1510.5	0.1746	0.189	0.7344	sp|Q8VCI0|LYLAP_MOUSE Lysosomal leucine aminopeptidase OS=Mus musculus OX=10090 GN=Plbd1 PE=1 SV=2
g4030	2207.0	0.4095	-0.504	0.6084	
g14494	1433.9	0.1499	-0.012	0.9892	sp|P22314|UBA1_HUMAN Ubiquitin-like modifier-activating enzyme 1 OS=Homo sapiens OX=9606 GN=UBA1 PE=1 SV=3
g15767	1790.5	0.2703	0.383	0.4213	
g9551	1680.9	0.2337	0.093	0.9103	sp|Q5XHY5|SYTC_RAT Threonine--tRNA ligase 1, cytoplasmic OS=Rattus norvegicus OX=10116 GN=Tars1 PE=1 SV=1
g860	1920.3	0.3147	0.555	0.1132	sp|Q20800|LPIAT_CAEEL Lysophosphatidylinositol acyltransferase 10 OS=Caenorhabditis elegans OX=6239 GN=bus-18 PE=1 SV=2
g14293	1316.0	0.1109	0.133	0.8753	
g10761	1535.4	0.1868	0.418	0.3242	sp|Q4R7H0|TTL10_MACFA Protein polyglycylase TTLL10 OS=Macaca fascicularis OX=9541 GN=TTLL10 PE=2 SV=1
g1176	1714.0	0.2485	0.215	0.8417	sp|Q9DG68|RLA0_LITSY Large ribosomal subunit protein uL10 OS=Lithobates sylvaticus OX=45438 GN=RPLP0 PE=2 SV=1
g14105	1364.9	0.1304	0.089	0.9343	
g9794	1810.0	0.2817	-0.415	0.2955	sp|Q920E5|FPPS_MOUSE Farnesyl pyrophosphate synthase OS=Mus musculus OX=10090 GN=Fdps PE=1 SV=1
g11176	1338.3	0.1219	-0.053	0.9614	
g2161	2106.9	0.3841	-0.531	0.1760	sp|P54647|VATA_DICDI V-type proton ATPase catalytic subunit A OS=Dictyostelium discoideum OX=44689 GN=vatA PE=1 SV=2
g11145	1734.4	0.2582	0.347	0.6305	sp|Q71UM5|RS27L_HUMAN Ribosomal protein eS27-like OS=Homo sapiens OX=9606 GN=RPS27L PE=1 SV=3
g11786	1255.7	0.0952	-0.138	0.8549	sp|P0C8N6|NEMP2_RAT Nuclear envelope integral membrane protein 2 OS=Rattus norvegicus OX=10116 GN=Nemp2 PE=3 SV=1
g13406	1587.7	0.2090	0.181	0.7607	sp|Q5ZHX7|NB5R2_CHICK NADH-cytochrome b5 reductase 2 OS=Gallus gallus OX=9031 GN=CYB5R2 PE=2 SV=1
g2299	1903.8	0.3183	0.251	0.7134	sp|O04487|EF1G1_ARATH Probable elongation factor 1-gamma 1 OS=Arabidopsis thaliana OX=3702 GN=At1g09640 PE=1 SV=1
g4694	1296.0	0.1105	-0.096	0.9138	
g14358	1320.8	0.1204	0.137	0.8585	sp|O60264|SMCA5_HUMAN SWI/SNF-related matrix-associated actin-dependent regulator of chromatin subfamily A member 5 OS=Homo sapiens OX=9606 GN=SMARCA5 PE=1 SV=1
g8657	2426.6	0.5004	-0.475	0.1404	
g14925	2421.2	0.4989	-0.110	0.9450	sp|Q1K9C2|MET5_SCHPO Sulfite reductase [NADPH] subunit beta OS=Schizosaccharomyces pombe (strain 972 / ATCC 24843) OX=284812 GN=sir1 PE=3 SV=1
g10419	1560.2	0.2037	-0.371	0.5408	sp|Q32PX7|FUBP1_RAT Far upstream element-binding protein 1 OS=Rattus norvegicus OX=10116 GN=Fubp1 PE=1 SV=1
g12999	1450.8	0.1662	0.271	0.6333	sp|F4IUW3|AVT1C_ARATH Amino acid transporter AVT1C OS=Arabidopsis thaliana OX=3702 GN=AVT1C PE=1 SV=1
g14599	1317.5	0.1206	-0.286	0.5211	sp|Q940G0|TMN1_ARATH Transmembrane 9 superfamily member 1 OS=Arabidopsis thaliana OX=3702 GN=TMN1 PE=1 SV=1
g2340	1573.1	0.2092	-0.021	0.9848	
g92	1810.8	0.2912	0.540	0.2731	
g9901	1671.9	0.2443	0.397	0.3304	sp|Q5BCC5|CAN_EMENI Carbonic anhydrase OS=Emericella nidulans (strain FGSC A4 / ATCC 38163 / CBS 112.46 / NRRL 194 / M139) OX=227321 GN=AN1805 PE=1 SV=2
g3790	1804.6	0.2907	0.404	0.2776	sp|Q7NW07|APAG_CHRVO Protein ApaG OS=Chromobacterium violaceum (strain ATCC 12472 / DSM 30191 / JCM 1249 / CCUG 213 / NBRC 12614 / NCIMB 9131 / NCTC 9757 / MK) OX=243365 GN=apaG PE=3 SV=1
g7929	2248.8	0.4462	-0.234	0.6132	
g4436	1423.0	0.1608	0.050	0.9685	
g14080	1634.3	0.2343	-0.049	0.9562	sp|Q6SSJ3|ILVB_CRYN9 Acetolactate synthase, mitochondrial OS=Cryptococcus neoformans (strain H99 / ATCC 208821 / CBS 10515 / FGSC 9487) OX=235443 GN=ILV2 PE=3 SV=1
g5651	1280.9	0.1119	-0.040	0.9673	
g14385	1244.3	0.0994	0.056	0.9609	sp|P50586|TUB_MOUSE Tubby protein OS=Mus musculus OX=10090 GN=Tub PE=1 SV=1
g7618	1278.1	0.1113	-0.007	0.9944	sp|O75534|CSDE1_HUMAN Cold shock domain-containing protein E1 OS=Homo sapiens OX=9606 GN=CSDE1 PE=1 SV=2
g582	1263.4	0.1062	0.076	0.9439	sp|Q17967|PDI1_CAEEL Protein disulfide-isomerase 1 OS=Caenorhabditis elegans OX=6239 GN=pdi-1 PE=3 SV=1
g8000	1593.6	0.2213	-0.506	0.1890	sp|Q9C8Z4|HEAT1_ARATH Uncharacterized protein At3g06530 OS=Arabidopsis thaliana OX=3702 GN=At3g06530 PE=1 SV=3
g5076	1453.4	0.1727	0.384	0.2573	sp|Q9JLQ0|CD2AP_MOUSE CD2-associated protein OS=Mus musculus OX=10090 GN=Cd2ap PE=1 SV=3
g5181	1335.4	0.1324	-0.224	0.7142	sp|P9WIQ0|GLF_MYCTO UDP-galactopyranose mutase OS=Mycobacterium tuberculosis (strain CDC 1551 / Oshkosh) OX=83331 GN=glf PE=3 SV=1
g15148	2948.5	0.6970	0.851	0.0920	
g1957	1581.8	0.2201	-0.358	0.3734	sp|Q9UUC2|YGR1_SCHPO CRAL-TRIO domain-containing protein C365.01 OS=Schizosaccharomyces pombe (strain 972 / ATCC 24843) OX=284812 GN=SPBC365.01 PE=2 SV=1
g5212	1530.7	0.2044	0.278	0.6945	sp|P60039|RL73_ARATH Large ribosomal subunit protein uL30x OS=Arabidopsis thaliana OX=3702 GN=RPL7C PE=2 SV=1
g2490	1559.4	0.2146	0.268	0.7196	sp|P46575|RL40_EIMBO Ubiquitin-ribosomal protein eL40 fusion protein OS=Eimeria bovis OX=5803 PE=2 SV=2
g11301	1282.1	0.1172	0.272	0.5952	sp|A0A072UTP9|CATB_MEDTR Pro-cathepsin H OS=Medicago truncatula OX=3880 GN=CP PE=1 SV=1
g15334	1284.0	0.1181	-0.211	0.6900	sp|Q7DLS1|PSB7B_ARATH Proteasome subunit beta type-7-B OS=Arabidopsis thaliana OX=3702 GN=PBB2 PE=1 SV=2
g3074	1161.7	0.0756	0.152	0.8152	sp|Q566I3|HYOU1_XENLA Hypoxia up-regulated protein 1 (Fragment) OS=Xenopus laevis OX=8355 GN=hyou1 PE=1 SV=2
g11486	1341.7	0.1395	-0.217	0.6938	sp|Q9FJW4|NDUS4_ARATH NADH dehydrogenase [ubiquinone] iron-sulfur protein 4, mitochondrial OS=Arabidopsis thaliana OX=3702 GN=FRO1 PE=1 SV=1
g5878	1463.6	0.1841	-0.060	0.9486	sp|O00780|VATE_DICDI V-type proton ATPase subunit E OS=Dictyostelium discoideum OX=44689 GN=vatE PE=1 SV=1
g981	1345.8	0.1426	0.178	0.7863	sp|Q9LM20|PUM8_ARATH Putative pumilio homolog 8, chloroplastic OS=Arabidopsis thaliana OX=3702 GN=APUM8 PE=3 SV=2
g5484	1283.6	0.1208	-0.302	0.4282	sp|Q94AH6|CUL1_ARATH Cullin-1 OS=Arabidopsis thaliana OX=3702 GN=CUL1 PE=1 SV=1
g11105	1702.3	0.2695	0.100	0.9210	sp|Q8CI75|DI3L2_MOUSE DIS3-like exonuclease 2 OS=Mus musculus OX=10090 GN=Dis3l2 PE=1 SV=1
g8118	1465.4	0.1856	0.424	0.2838	sp|Q2YMB3|NHAA_BRUA2 Na(+)/H(+) antiporter NhaA OS=Brucella abortus (strain 2308) OX=359391 GN=nhaA PE=3 SV=2
g4648	1942.7	0.3578	-0.310	0.4536	sp|Q9M8D3|PUR4_ARATH Probable phosphoribosylformylglycinamidine synthase, chloroplastic/mitochondrial OS=Arabidopsis thaliana OX=3702 GN=At1g74260 PE=2 SV=3
g1059	1313.0	0.1338	-0.076	0.9443	
g79	1430.4	0.1765	0.423	0.1746	sp|Q94AH8|TPS6_ARATH Alpha,alpha-trehalose-phosphate synthase [UDP-forming] 6 OS=Arabidopsis thaliana OX=3702 GN=TPS6 PE=1 SV=2
g10831	1447.3	0.1829	-0.244	0.6175	
g4301	1272.1	0.1205	0.292	0.4803	
g11983	2141.0	0.4306	0.266	0.5262	sp|Q9M205|CCU22_ARATH Cyclin-U2-2 OS=Arabidopsis thaliana OX=3702 GN=CYCU2-2 PE=1 SV=1
g9814	1340.1	0.1455	0.119	0.8895	
g13757	1218.4	0.1030	-0.052	0.9614	sp|P83373|MDHM_FRAAN Malate dehydrogenase, mitochondrial OS=Fragaria ananassa OX=3747 GN=MMDHI PE=1 SV=1
g6828	1655.5	0.2598	-0.444	0.1510	sp|Q80V91|DTX3_MOUSE E3 ubiquitin-protein ligase DTX3 OS=Mus musculus OX=10090 GN=Dtx3 PE=1 SV=2
g10535	1601.5	0.2409	-0.064	0.9474	sp|Q9M1R2|SYPC_ARATH Proline--tRNA ligase, cytoplasmic OS=Arabidopsis thaliana OX=3702 GN=At3g62120 PE=1 SV=1
g6226	1420.0	0.1764	0.501	0.0711	sp|O60152|UBR1_SCHPO E3 ubiquitin-protein ligase ubr1 OS=Schizosaccharomyces pombe (strain 972 / ATCC 24843) OX=284812 GN=ubr1 PE=3 SV=1
g6702	1332.0	0.1455	0.364	0.3358	sp|Q62JH0|ALLC1_BURMA Probable allantoicase 1 OS=Burkholderia mallei (strain ATCC 23344) OX=243160 GN=alc1 PE=3 SV=1
g2341	1374.0	0.1609	0.178	0.7893	sp|F4K2M8|JMJ31_ARATH Lysine-specific demethylase JMJ31 OS=Arabidopsis thaliana OX=3702 GN=JMJ31 PE=2 SV=1
g3157	2068.6	0.4110	0.825	0.0580	
g6296	1410.1	0.1746	0.161	0.8630	sp|Q9P1Y6|PHRF1_HUMAN PHD and RING finger domain-containing protein 1 OS=Homo sapiens OX=9606 GN=PHRF1 PE=1 SV=3
g5592	1405.6	0.1737	0.134	0.8797	sp|P20654|PP1_EMENI Serine/threonine-protein phosphatase PP1 OS=Emericella nidulans (strain FGSC A4 / ATCC 38163 / CBS 112.46 / NRRL 194 / M139) OX=227321 GN=bimG PE=2 SV=1
g762	1358.3	0.1567	-0.117	0.9114	
g5486	1057.1	0.0487	0.067	0.9450	sp|Q9ZTN2|ERD2_PETHY ER lumen protein-retaining receptor OS=Petunia hybrida OX=4102 GN=ERD2 PE=2 SV=1
g3842	1430.2	0.1842	0.490	0.1279	sp|P38650|DYHC1_RAT Cytoplasmic dynein 1 heavy chain 1 OS=Rattus norvegicus OX=10116 GN=Dync1h1 PE=1 SV=1
g6069	1172.8	0.0913	-0.202	0.7105	sp|Q54MV7|NDUAC_DICDI NADH dehydrogenase [ubiquinone] 1 alpha subcomplex subunit 12 OS=Dictyostelium discoideum OX=44689 GN=ndufa12 PE=2 SV=2
g14486	1543.2	0.2258	0.145	0.8585	sp|Q743F4|DYP_MYCPA Dye-decolorizing peroxidase OS=Mycolicibacterium paratuberculosis (strain ATCC BAA-968 / K-10) OX=262316 GN=MAP_0631c PE=1 SV=1
g2016	1833.9	0.3318	-0.024	0.9848	sp|P22232|FBRL_XENLA rRNA 2'-O-methyltransferase fibrillarin OS=Xenopus laevis OX=8355 GN=fbl PE=2 SV=1
g7023	1287.9	0.1346	0.262	0.6440	sp|O42706|RL21B_SCHPO Large ribosomal subunit protein eL21B OS=Schizosaccharomyces pombe (strain 972 / ATCC 24843) OX=284812 GN=rpl2102 PE=1 SV=2
g482	3517.2	0.9456	-0.475	0.1032	sp|P44263|Y1586_HAEIN Uncharacterized protein HI_1586 OS=Haemophilus influenzae (strain ATCC 51907 / DSM 11121 / KW20 / Rd) OX=71421 GN=HI_1586 PE=4 SV=1
g3497	1332.5	0.1515	-0.080	0.9264	sp|Q5B2X8|SPT16_EMENI FACT complex subunit spt16 OS=Emericella nidulans (strain FGSC A4 / ATCC 38163 / CBS 112.46 / NRRL 194 / M139) OX=227321 GN=spt16 PE=3 SV=2
g9111	1274.7	0.1308	0.326	0.3734	
g15174	1383.5	0.1717	-0.093	0.9112	sp|P15170|ERF3A_HUMAN Eukaryotic peptide chain release factor GTP-binding subunit ERF3A OS=Homo sapiens OX=9606 GN=GSPT1 PE=1 SV=1
g6243	1598.2	0.2504	0.189	0.8127	sp|F4JWS8|QCR72_ARATH Cytochrome b-c1 complex subunit 7-2, mitochondrial OS=Arabidopsis thaliana OX=3702 GN=QCR7-2 PE=1 SV=1
g4906	1859.2	0.3458	0.169	0.7798	sp|Q9T052|PLDG3_ARATH Phospholipase D gamma 3 OS=Arabidopsis thaliana OX=3702 GN=PLDGAMMA3 PE=1 SV=1
g9443	1263.6	0.1311	-0.005	0.9955	sp|P51413|RL172_ARATH Large ribosomal subunit protein uL22y OS=Arabidopsis thaliana OX=3702 GN=RPL17B PE=2 SV=2
g15446	1225.2	0.1174	-0.125	0.8822	sp|P0A9L3|FKBB_ECOLI FKBP-type 22 kDa peptidyl-prolyl cis-trans isomerase OS=Escherichia coli (strain K12) OX=83333 GN=fklB PE=1 SV=2
g9092	1496.1	0.2171	-0.187	0.7538	sp|Q08480|KAD4_ORYSJ Adenylate kinase 4 OS=Oryza sativa subsp. japonica OX=39947 GN=ADK-B PE=2 SV=1
g2291	1831.6	0.3416	-0.510	0.3299	
g13232	1172.5	0.0994	0.253	0.6025	sp|Q9T042|PDI54_ARATH Protein disulfide-isomerase 5-4 OS=Arabidopsis thaliana OX=3702 GN=PDIL5-4 PE=2 SV=1
g1533	1075.5	0.0641	0.137	0.8457	
g15438	1257.4	0.1314	-0.172	0.8326	sp|P53791|SC5A1_SHEEP Sodium/glucose cotransporter 1 OS=Ovis aries OX=9940 GN=SLC5A1 PE=2 SV=1
g6565	1168.2	0.0985	-0.135	0.8660	sp|Q09818|YAC4_SCHPO Putative general negative regulator of transcription C16C9.04c OS=Schizosaccharomyces pombe (strain 972 / ATCC 24843) OX=284812 GN=SPAC16C9.04c PE=3 SV=1
g4398	1198.9	0.1107	0.154	0.8581	sp|Q9FWQ5|HAC12_ARATH Histone acetyltransferase HAC12 OS=Arabidopsis thaliana OX=3702 GN=HAC12 PE=3 SV=2
g254	1240.0	0.1263	-0.238	0.6900	
g2647	1533.2	0.2361	-0.026	0.9845	sp|O35704|SPTC1_MOUSE Serine palmitoyltransferase 1 OS=Mus musculus OX=10090 GN=Sptlc1 PE=1 SV=2
g10354	1533.2	0.2364	-0.025	0.9846	sp|Q9SAH5|PLMT_ARATH Phosphatidyl-N-methylethanolamine N-methyltransferase OS=Arabidopsis thaliana OX=3702 GN=PLMT PE=2 SV=1
g8163	6700.2	2.1618	-2.029	0.4098	
g12895	1405.0	0.1900	0.303	0.4656	sp|O74507|YJD4_SCHPO Uncharacterized protein C594.04c OS=Schizosaccharomyces pombe (strain 972 / ATCC 24843) OX=284812 GN=SPCC594.04c PE=3 SV=2
g4865	1346.5	0.1682	0.165	0.8681	sp|P46293|RS16_GOSHI Small ribosomal subunit protein uS9 OS=Gossypium hirsutum OX=3635 GN=RPS16 PE=2 SV=1
g5995	1400.7	0.1894	0.274	0.6900	sp|Q07761|RL23A_TOBAC Large ribosomal subunit protein uL23 OS=Nicotiana tabacum OX=4097 GN=RPL23A PE=1 SV=1
g7314	1277.2	0.1442	0.101	0.9021	
g9836	1400.2	0.1907	0.319	0.5966	sp|P34737|RS15_PODAS Small ribosomal subunit protein uS19 OS=Podospora anserina OX=2587412 GN=RPS15 PE=3 SV=1
g11713	1367.5	0.1794	0.462	0.1375	sp|Q5R4Q7|LZTR1_PONAB Leucine-zipper-like transcriptional regulator 1 OS=Pongo abelii OX=9601 GN=LZTR1 PE=2 SV=1
g1539	1396.5	0.1913	0.543	0.0521	
g3195	1506.5	0.2329	0.343	0.4913	sp|O53732|UFAA1_MYCTU Tuberculostearic acid methyltransferase UfaA1 OS=Mycobacterium tuberculosis (strain ATCC 25618 / H37Rv) OX=83332 GN=ufaA1 PE=1 SV=3
g7382	1135.3	0.0940	0.072	0.9404	sp|Q54CJ4|ELOA_DICDI Fatty acid elongase A OS=Dictyostelium discoideum OX=44689 GN=eloA PE=2 SV=1
g11396	1208.8	0.1229	-0.003	0.9978	
g14477	1301.0	0.1613	0.388	0.2857	sp|P19836|PCY1A_RAT Choline-phosphate cytidylyltransferase A OS=Rattus norvegicus OX=10116 GN=Pcyt1a PE=1 SV=2
g6727	1165.0	0.1097	0.250	0.5907	sp|Q5XF36|KMS1_ARATH Vacuole membrane protein KMS1 OS=Arabidopsis thaliana OX=3702 GN=KMS1 PE=1 SV=1
g10849	1369.1	0.1877	-0.493	0.1452	
g5900	1721.0	0.3242	0.463	0.1332	sp|P12234|S25A3_BOVIN Solute carrier family 25 member 3 OS=Bos taurus OX=9913 GN=SLC25A3 PE=1 SV=1
g9858	1223.7	0.1347	0.366	0.2686	
g4519	1198.4	0.1254	0.311	0.4231	sp|Q9FN03|UVR8_ARATH Ultraviolet-B receptor UVR8 OS=Arabidopsis thaliana OX=3702 GN=UVR8 PE=1 SV=1
g6261	1296.1	0.1628	0.123	0.8948	sp|O13870|NOT3_SCHPO General negative regulator of transcription subunit 3 OS=Schizosaccharomyces pombe (strain 972 / ATCC 24843) OX=284812 GN=not3 PE=1 SV=2
g12739	2233.0	0.5215	0.661	0.2558	
g6573	1434.4	0.2158	0.319	0.6531	sp|P61865|RL12_CAEBR Large ribosomal subunit protein uL11 OS=Caenorhabditis briggsae OX=6238 GN=rpl-12 PE=3 SV=1
g11971	1651.1	0.2997	-0.057	0.9526	sp|P20348|JANA_DROME Sex-regulated protein janus-A OS=Drosophila melanogaster OX=7227 GN=janA PE=2 SV=2
g9939	1207.9	0.1300	0.101	0.9210	sp|W0LYS5|CAMKI_MACNP Calcium/calmodulin-dependent protein kinase type 1 OS=Macrobrachium nipponense OX=159736 GN=CaMKI PE=2 SV=1
g10910	1507.2	0.2449	-0.329	0.3734	
g4822	1294.3	0.1648	0.187	0.8119	sp|Q54VU4|Y8013_DICDI Probable serine/threonine-protein kinase DDB_G0280133 OS=Dictyostelium discoideum OX=44689 GN=DDB_G0280133 PE=3 SV=1
g1540	1291.0	0.1641	0.347	0.4140	
g4190	1301.0	0.1696	0.077	0.9433	
g2938	1338.1	0.1842	0.225	0.6888	sp|Q8LBH4|SPX1_ARATH SPX domain-containing protein 1 OS=Arabidopsis thaliana OX=3702 GN=SPX1 PE=1 SV=2
g12974	1689.4	0.3205	-0.117	0.8777	sp|Q0VCK0|PUR9_BOVIN Bifunctional purine biosynthesis protein ATIC OS=Bos taurus OX=9913 GN=ATIC PE=2 SV=1
g5147	957.9	0.0375	-0.049	0.9609	sp|Q9ZVH4|CUL3A_ARATH Cullin-3A OS=Arabidopsis thaliana OX=3702 GN=CUL3A PE=1 SV=1
g11010	1411.1	0.2139	-0.418	0.2932	sp|A0A9P5CTI1|APHA_CRYP1 Acid phosphatase A OS=Cryphonectria parasitica (strain ATCC 38755 / EP155) OX=660469 GN=APHA PE=2 SV=1
g11609	1550.0	0.2679	-0.519	0.0884	sp|P55034|PSMD4_ARATH 26S proteasome non-ATPase regulatory subunit 4 homolog OS=Arabidopsis thaliana OX=3702 GN=RPN10 PE=1 SV=1
g12151	2403.3	0.6009	0.281	0.6946	
g2001	1033.5	0.0686	0.033	0.9732	
g3507	1223.9	0.1429	0.148	0.8562	sp|P54967|BIOB_ARATH Biotin synthase, mitochondrial OS=Arabidopsis thaliana OX=3702 GN=BIO2 PE=1 SV=1
g13209	1194.9	0.1330	-0.232	0.6309	
g369	1037.8	0.0739	0.044	0.9673	sp|Q500V2|FLY2_ARATH Transmembrane E3 ubiquitin-protein ligase FLY2 OS=Arabidopsis thaliana OX=3702 GN=FLY2 PE=2 SV=1
g15748	1215.5	0.1437	0.256	0.6835	
g11831	1332.3	0.1896	0.357	0.5026	sp|A0A1D8PNQ6|RS25B_CANAL Small ribosomal subunit protein eS25 OS=Candida albicans (strain SC5314 / ATCC MYA-2876) OX=237561 GN=RPS25B PE=1 SV=1
g437	1309.1	0.1805	0.488	0.0797	
g13835	1490.6	0.2518	0.368	0.6138	sp|Q8VZ19|RL302_ARATH Large ribosomal subunit protein eL30y OS=Arabidopsis thaliana OX=3702 GN=RPL30B PE=3 SV=1
g12745	1065.5	0.0852	0.242	0.6103	sp|Q8WWQ0|PHIP_HUMAN PH-interacting protein OS=Homo sapiens OX=9606 GN=PHIP PE=1 SV=2
g13166	1135.5	0.1127	0.219	0.7173	sp|Q9SV21|COPB1_ARATH Coatomer subunit beta-1 OS=Arabidopsis thaliana OX=3702 GN=At4g31480 PE=3 SV=2
g14990	1731.0	0.3473	0.477	0.2989	sp|A3B529|CIPKS_ORYSJ CBL-interacting protein kinase 28 OS=Oryza sativa subsp. japonica OX=39947 GN=CIPK28 PE=2 SV=2
g10075	1873.1	0.4044	0.710	0.1426	sp|A0A0B5RUB0|TMAT_MYRPR Trimethylamine transporter OS=Myroides profundi OX=480520 GN=tmaT PE=1 SV=1
g8519	1242.2	0.1579	0.366	0.4316	sp|F4I9T0|BCHB_ARATH BEACH domain-containing protein B OS=Arabidopsis thaliana OX=3702 GN=BCHB PE=4 SV=1
g3135	2607.0	0.6979	0.773	0.0545	
g9067	1226.6	0.1529	0.144	0.8777	sp|Q6AXR5|S35A3_RAT UDP-N-acetylglucosamine transporter OS=Rattus norvegicus OX=10116 GN=Slc35a3 PE=2 SV=1
g5614	1069.6	0.0915	-0.217	0.6741	sp|Q5YGP7|PLET2_ARATH AP2-like ethylene-responsive transcription factor PLT2 OS=Arabidopsis thaliana OX=3702 GN=PLT2 PE=2 SV=1
g4025	1002.2	0.0653	-0.036	0.9713	sp|P33527|MRP1_HUMAN Multidrug resistance-associated protein 1 OS=Homo sapiens OX=9606 GN=ABCC1 PE=1 SV=3
g6233	1231.6	0.1566	-0.252	0.6083	
g6983	1914.2	0.4283	0.200	0.8766	sp|Q8K449|ABCA9_MOUSE ATP-binding cassette sub-family A member 9 OS=Mus musculus OX=10090 GN=Abca9 PE=1 SV=2
g10126	1269.1	0.1724	-0.241	0.7031	
g15168	2017.9	0.4726	-0.196	0.7588	
g1827	2333.2	0.5987	0.108	0.8936	sp|Q55E39|DUSP1_DICDI Probable dual specificity protein phosphatase DDB_G0269404 OS=Dictyostelium discoideum OX=44689 GN=DDB_G0269404 PE=3 SV=1
g12223	958.2	0.0495	0.075	0.9376	sp|E7EY42|PTSS2_DANRE Phosphatidylserine synthase 2 OS=Danio rerio OX=7955 GN=ptdss2 PE=3 SV=1
g7367	1461.4	0.2507	-0.330	0.6764	sp|Q55AI5|SUCB1_DICDI Succinate--CoA ligase [ADP-forming] subunit beta, mitochondrial OS=Dictyostelium discoideum OX=44689 GN=scsC PE=3 SV=1
g3271	1389.7	0.2225	0.342	0.3588	sp|Q8GYX8|DNJ10_ARATH Chaperone protein dnaJ 10 OS=Arabidopsis thaliana OX=3702 GN=ATJ10 PE=2 SV=2
g6228	1549.2	0.2866	0.407	0.5751	
g10937	1803.2	0.3887	0.379	0.5138	
g9412	2130.2	0.5218	-0.239	0.7219	sp|Q60HG9|CPT2_MACFA Carnitine O-palmitoyltransferase 2, mitochondrial OS=Macaca fascicularis OX=9541 GN=CPT2 PE=2 SV=1
g9371	1290.7	0.1857	0.285	0.6938	sp|P42795|RL111_ARATH Large ribosomal subunit protein uL5z OS=Arabidopsis thaliana OX=3702 GN=RPL11A PE=1 SV=2
g998	1380.5	0.2218	0.343	0.3821	
g12001	1364.1	0.2163	0.395	0.2335	sp|P34106|ALA2_PANMI Alanine aminotransferase 2 OS=Panicum miliaceum OX=4540 PE=1 SV=1
g14891	1427.8	0.2435	0.541	0.2245	
g11346	1170.6	0.1400	0.217	0.7593	sp|Q90YT3|RL35A_ICTPU Large ribosomal subunit protein eL33 OS=Ictalurus punctatus OX=7998 GN=rpl35a PE=3 SV=1
g16083	1261.1	0.1775	-0.408	0.3740	
g11471	1444.1	0.2522	-0.380	0.2591	sp|Q4G061|EIF3B_RAT Eukaryotic translation initiation factor 3 subunit B OS=Rattus norvegicus OX=10116 GN=Eif3b PE=1 SV=1
g10172	1104.1	0.1154	0.274	0.5470	sp|O94296|ATC3_SCHPO Phospholipid-transporting ATPase C887.12 OS=Schizosaccharomyces pombe (strain 972 / ATCC 24843) OX=284812 GN=SPBC887.12 PE=3 SV=1
g3551	1125.1	0.1244	0.333	0.3734	sp|Q6VNB8|WDFY3_MOUSE WD repeat and FYVE domain-containing protein 3 OS=Mus musculus OX=10090 GN=Wdfy3 PE=1 SV=1
g13648	1096.7	0.1133	-0.075	0.9432	sp|O07834|DAPB1_PSEMX Dipeptidyl aminopeptidase BI OS=Pseudoxanthomonas mexicana OX=128785 GN=dapb1 PE=1 SV=1
g1104	1228.1	0.1673	-0.388	0.3082	sp|Q8QGX4|PRKDC_CHICK DNA-dependent protein kinase catalytic subunit OS=Gallus gallus OX=9031 GN=PRKDC PE=2 SV=1
g6873	1312.5	0.2021	0.318	0.5231	sp|Q80T41|GABR2_MOUSE Gamma-aminobutyric acid type B receptor subunit 2 OS=Mus musculus OX=10090 GN=Gabbr2 PE=1 SV=2
g5215	1155.3	0.1403	-0.021	0.9849	sp|Q09734|MIP_TRYCR Macrophage infectivity potentiator OS=Trypanosoma cruzi OX=5693 GN=MIP PE=1 SV=1
g6505	1154.6	0.1405	0.392	0.2365	sp|Q9NR09|BIRC6_HUMAN Dual E2 ubiquitin-conjugating enzyme/E3 ubiquitin-protein ligase BIRC6 OS=Homo sapiens OX=9606 GN=BIRC6 PE=1 SV=3
g11716	1237.7	0.1752	0.418	0.2088	sp|Q8S9J0|TAUE4_ARATH Sulfite exporter TauE/SafE family protein 4 OS=Arabidopsis thaliana OX=3702 GN=At2g36630 PE=2 SV=1
g9080	1117.7	0.1270	0.058	0.9614	
g603	1103.6	0.1213	0.209	0.6900	
g12839	1243.7	0.1790	0.103	0.9135	sp|Q6Z1J6|OLA1_ORYSJ Obg-like ATPase 1 OS=Oryza sativa subsp. japonica OX=39947 GN=YCHF1 PE=1 SV=1
g1009	1280.0	0.1947	-0.205	0.7135	sp|Q9SVM4|GLYC5_ARATH Serine hydroxymethyltransferase 5 OS=Arabidopsis thaliana OX=3702 GN=SHM5 PE=3 SV=1
g5496	1389.3	0.2404	-0.059	0.9509	sp|Q8RX88|FACE1_ARATH CAAX prenyl protease 1 homolog OS=Arabidopsis thaliana OX=3702 GN=FACE1 PE=1 SV=1
g15355	1138.9	0.1370	0.124	0.8668	sp|Q99ME9|GTPB4_MOUSE GTP-binding protein 4 OS=Mus musculus OX=10090 GN=Gtpbp4 PE=1 SV=3
g4150	1355.2	0.2264	0.366	0.5519	sp|P34788|RS18_ARATH Small ribosomal subunit protein uS13z/uS13y/uS13x OS=Arabidopsis thaliana OX=3702 GN=RPS18A PE=1 SV=1
g6890	1250.1	0.1832	-0.376	0.2562	sp|O58584|Y854_PYRHO RutC family protein PH0854 OS=Pyrococcus horikoshii (strain ATCC 700860 / DSM 12428 / JCM 9974 / NBRC 100139 / OT-3) OX=70601 GN=PH0854 PE=1 SV=2
g11072	1224.0	0.1724	0.133	0.9058	sp|A0A509AG11|ATG8_PLABA Autophagy-related protein 8 OS=Plasmodium berghei (strain Anka) OX=5823 GN=ATG8 PE=1 SV=1
g7587	3106.3	0.9511	2.085	0.0652	
g5991	1797.7	0.4113	-0.045	0.9665	sp|P34937|TPIS_HORVU Triosephosphate isomerase, cytosolic OS=Hordeum vulgare OX=4513 PE=1 SV=3
g11001	1242.0	0.1819	-0.131	0.8742	sp|O80800|ACPM2_ARATH Acyl carrier protein 2, mitochondrial OS=Arabidopsis thaliana OX=3702 GN=MTACP2 PE=1 SV=1
g8175	1342.7	0.2239	-0.558	0.0560	
g5724	1197.2	0.1640	0.474	0.0999	sp|Q70CQ2|UBP34_HUMAN Ubiquitin carboxyl-terminal hydrolase 34 OS=Homo sapiens OX=9606 GN=USP34 PE=1 SV=2
g2412	1553.7	0.3128	0.183	0.8477	
g15461	1065.3	0.1098	-0.067	0.9461	sp|Q5BLE8|RETST_DANRE All-trans-retinol 13,14-reductase OS=Danio rerio OX=7955 GN=retsat PE=1 SV=1
g7470	1282.2	0.2003	-0.360	0.4561	
g14215	1762.9	0.4012	-0.342	0.3561	sp|P37887|CYSK_BACSU Cysteine synthase OS=Bacillus subtilis (strain 168) OX=224308 GN=cysK PE=1 SV=3
g9662	1256.4	0.1916	0.004	0.9955	sp|O59701|CYSK_SCHPO Cysteine synthase 1 OS=Schizosaccharomyces pombe (strain 972 / ATCC 24843) OX=284812 GN=cys11 PE=1 SV=1
g11216	1314.9	0.2161	0.407	0.4688	sp|Q9LR33|R27A2_ARATH Large ribosomal subunit protein uL15y OS=Arabidopsis thaliana OX=3702 GN=RPL27AB PE=2 SV=1
g613	1182.1	0.1615	0.151	0.8916	
g10493	1116.8	0.1343	0.078	0.9450	sp|Q9XGY4|TIM8_ARATH Mitochondrial import inner membrane translocase subunit TIM8 OS=Arabidopsis thaliana OX=3702 GN=TIM8 PE=1 SV=1
g12465	1189.5	0.1648	-0.147	0.8673	sp|P36428|SYA_ARATH Alanine--tRNA ligase OS=Arabidopsis thaliana OX=3702 GN=ALATS PE=1 SV=3
g14228	1094.3	0.1250	-0.314	0.4107	sp|Q8VYF9|SRGT1_ARATH Peptidyl serine alpha-galactosyltransferase OS=Arabidopsis thaliana OX=3702 GN=SERGT1 PE=2 SV=1
g12772	1085.8	0.1215	0.065	0.9450	
g61	1137.5	0.1443	0.043	0.9685	sp|P50430|ARSB_RAT Arylsulfatase B OS=Rattus norvegicus OX=10116 GN=Arsb PE=2 SV=2
g8486	967.8	0.0731	0.086	0.9294	sp|O23372|ATXR3_ARATH Histone-lysine N-methyltransferase ATXR3 OS=Arabidopsis thaliana OX=3702 GN=ATXR3 PE=2 SV=2
g8390	1383.3	0.2489	0.178	0.8564	sp|P46686|TULP2_MOUSE Tubby-related protein 2 OS=Mus musculus OX=10090 GN=Tulp2 PE=1 SV=3
g2763	1103.2	0.1312	-0.250	0.6264	
g7354	1846.7	0.4451	0.723	0.0652	sp|O54981|STIP1_CRIGR Stress-induced-phosphoprotein 1 OS=Cricetulus griseus OX=10029 GN=STIP1 PE=2 SV=1
g13496	1034.7	0.1028	-0.240	0.6366	
g12816	1008.2	0.0923	0.234	0.6469	sp|Q9LW77|HRD1A_ARATH ERAD-associated E3 ubiquitin-protein ligase HRD1A OS=Arabidopsis thaliana OX=3702 GN=HRD1A PE=2 SV=1
g3309	1125.6	0.1420	-0.039	0.9689	sp|Q0WWE3|QCR61_ARATH Cytochrome b-c1 complex subunit 6-1, mitochondrial OS=Arabidopsis thaliana OX=3702 GN=QCR6-1 PE=1 SV=1
g15156	1293.5	0.2130	0.435	0.2499	sp|Q3U1J0|S38A5_MOUSE Sodium-coupled neutral amino acid transporter 5 OS=Mus musculus OX=10090 GN=Slc38a5 PE=1 SV=1
g6212	1416.6	0.2654	0.056	0.9509	sp|P38988|GGC1_YEAST Mitochondrial GTP/GDP carrier protein 1 OS=Saccharomyces cerevisiae (strain ATCC 204508 / S288c) OX=559292 GN=GGC1 PE=1 SV=1
g9865	1397.1	0.2586	0.177	0.7536	sp|Q95K50|NOP56_MACFA Nucleolar protein 56 OS=Macaca fascicularis OX=9541 GN=NOP56 PE=2 SV=1
g1805	995.6	0.0885	0.183	0.7804	sp|A2AGT5|CKAP5_MOUSE Cytoskeleton-associated protein 5 OS=Mus musculus OX=10090 GN=Ckap5 PE=1 SV=1
g7144	1186.1	0.1694	0.218	0.7193	sp|Q3ZCI9|TCPQ_BOVIN T-complex protein 1 subunit theta OS=Bos taurus OX=9913 GN=CCT8 PE=1 SV=3
g1189	1012.4	0.0960	0.068	0.9474	sp|Q4WTW3|YOP1_ASPFU Protein yop1 OS=Aspergillus fumigatus (strain ATCC MYA-4609 / CBS 101355 / FGSC A1100 / Af293) OX=330879 GN=yop1 PE=3 SV=1
g8811	1313.3	0.2240	-0.020	0.9848	sp|Q54DK4|AK1_DICDI Alpha-protein kinase 1 OS=Dictyostelium discoideum OX=44689 GN=ak1 PE=3 SV=1
g7157	1085.8	0.1275	-0.057	0.9526	
g394	1759.7	0.4145	0.563	0.1286	
g3961	1160.4	0.1601	-0.285	0.6293	sp|Q2YDE4|PSA6_BOVIN Proteasome subunit alpha type-6 OS=Bos taurus OX=9913 GN=PSMA6 PE=1 SV=1
g12611	939.1	0.0663	0.008	0.9923	
g7698	1140.2	0.1527	0.369	0.3974	
g11601	1370.5	0.2515	0.108	0.9049	
g14507	1332.2	0.2358	0.325	0.4127	
g10017	974.8	0.0838	0.146	0.8518	sp|Q8T1C6|GNT1_DICDI [Skp1-protein]-hydroxyproline N-acetylglucosaminyltransferase OS=Dictyostelium discoideum OX=44689 GN=gnt1 PE=1 SV=2
g2732	962.3	0.0785	0.107	0.9095	sp|Q9QX11|CYH1_MOUSE Cytohesin-1 OS=Mus musculus OX=10090 GN=Cyth1 PE=1 SV=2
g10941	1057.8	0.1194	0.329	0.4027	sp|O94712|GID1_SCHPO GID complex subunit 1 OS=Schizosaccharomyces pombe (strain 972 / ATCC 24843) OX=284812 GN=gid1 PE=3 SV=3
g6834	1045.0	0.1145	0.189	0.7593	sp|Q8W4L5|VAL1_ARATH B3 domain-containing transcription repressor VAL1 OS=Arabidopsis thaliana OX=3702 GN=VAL1 PE=1 SV=1
g10401	1060.4	0.1213	-0.067	0.9474	sp|A7A261|LSB3_YEAS7 LAS seventeen-binding protein 3 OS=Saccharomyces cerevisiae (strain YJM789) OX=307796 GN=LSB3 PE=3 SV=2
g6294	1234.1	0.1965	0.287	0.5073	
g4667	1123.9	0.1493	0.403	0.2576	sp|Q8JHZ8|PALD_CHICK Paladin OS=Gallus gallus OX=9031 GN=PALD1 PE=2 SV=2
g1126	1281.7	0.2173	-0.113	0.9004	sp|Q6X4A2|CIPKV_ORYSJ CBL-interacting protein kinase 31 OS=Oryza sativa subsp. japonica OX=39947 GN=CIPK31 PE=1 SV=1
g7910	1299.3	0.2249	-0.615	0.0505	sp|C8VDQ4|GYP2_EMENI Putative GTPase-activating protein AN11010 OS=Emericella nidulans (strain FGSC A4 / ATCC 38163 / CBS 112.46 / NRRL 194 / M139) OX=227321 GN=AN11010 PE=4 SV=1
g13226	1050.0	0.1181	0.267	0.5904	sp|Q9Z2Q4|METH_RAT Methionine synthase OS=Rattus norvegicus OX=10116 GN=Mtr PE=1 SV=1
g10219	975.6	0.0867	-0.100	0.9075	
g4617	1017.8	0.1052	0.175	0.8045	sp|Q8NBK3|SUMF1_HUMAN Formylglycine-generating enzyme OS=Homo sapiens OX=9606 GN=SUMF1 PE=1 SV=3
g12513	1495.2	0.3113	0.278	0.5400	sp|Q6DFW4|NOP58_MOUSE Nucleolar protein 58 OS=Mus musculus OX=10090 GN=Nop58 PE=1 SV=1
g11409	1507.0	0.3167	-0.501	0.4127	sp|Q09WE7|USP1_SOYBN UDP-sugar pyrophosphorylase 1 OS=Glycine max OX=3847 GN=USP1 PE=1 SV=1
g6118	1438.7	0.2899	-0.084	0.9264	sp|Q54DA8|STIP1_DICDI Protein STIP1 homolog OS=Dictyostelium discoideum OX=44689 GN=sti1 PE=3 SV=1
g12232	1336.1	0.2456	0.163	0.7821	sp|P32784|GPT1_YEAST Glycerol-3-phosphate O-acyltransferase 1 OS=Saccharomyces cerevisiae (strain ATCC 204508 / S288c) OX=559292 GN=SCT1 PE=1 SV=3
g3989	1059.2	0.1269	-0.159	0.8539	sp|O42901|YBA9_SCHPO Uncharacterized protein C119.09c OS=Schizosaccharomyces pombe (strain 972 / ATCC 24843) OX=284812 GN=SPBC119.09c PE=2 SV=3
g10658	1135.7	0.1604	-0.118	0.8980	sp|Q7MF12|BETA_VIBVY Oxygen-dependent choline dehydrogenase OS=Vibrio vulnificus (strain YJ016) OX=196600 GN=betA PE=3 SV=1
g1370	1408.4	0.2794	-0.283	0.6071	sp|Q9Z1Q9|SYVC_MOUSE Valine--tRNA ligase OS=Mus musculus OX=10090 GN=Vars1 PE=1 SV=1
g643	1809.0	0.4544	0.110	0.9165	sp|Q9YE02|SPEE_AERPE Polyamine aminopropyltransferase OS=Aeropyrum pernix (strain ATCC 700893 / DSM 11879 / JCM 9820 / NBRC 100138 / K1) OX=272557 GN=speE PE=3 SV=2
g13760	1033.4	0.1167	-0.145	0.8740	sp|Q32L53|LFG1_BOVIN Protein lifeguard 1 OS=Bos taurus OX=9913 GN=GRINA PE=2 SV=1
g8939	1024.1	0.1132	0.142	0.8630	sp|P04634|LIPF_RAT Gastric triacylglycerol lipase OS=Rattus norvegicus OX=10116 GN=Lipf PE=1 SV=1
g9420	1086.7	0.1408	0.311	0.5059	sp|Q9XU75|SURO1_CAEEL Putative carboxypeptidase suro-1 OS=Caenorhabditis elegans OX=6239 GN=suro-1 PE=1 SV=2
g13308	1656.5	0.3899	-0.111	0.8826	sp|Q99JY0|ECHB_MOUSE Trifunctional enzyme subunit beta, mitochondrial OS=Mus musculus OX=10090 GN=Hadhb PE=1 SV=1
g8602	1337.8	0.2523	0.357	0.4265	sp|A6QP29|TBD2A_BOVIN TBC1 domain family member 2A OS=Bos taurus OX=9913 GN=TBC1D2 PE=2 SV=1
g6801	1081.4	0.1402	0.307	0.5276	sp|Q91X43|SH319_MOUSE SH3 domain-containing protein 19 OS=Mus musculus OX=10090 GN=Sh3d19 PE=1 SV=2
g9845	1002.8	0.1058	-0.291	0.4852	sp|Q9UT67|IMT2_SCHPO Inositol phosphoceramide mannosyltransferase 2 OS=Schizosaccharomyces pombe (strain 972 / ATCC 24843) OX=284812 GN=SPCC4F11.04c PE=3 SV=1
g8499	1120.7	0.1576	-0.035	0.9788	sp|B0D174|RSSA_LACBS Small ribosomal subunit protein uS2 OS=Laccaria bicolor (strain S238N-H82 / ATCC MYA-4686) OX=486041 GN=RPS0 PE=3 SV=1
g9870	1048.0	0.1263	0.265	0.6246	
g5125	1682.1	0.4047	0.371	0.2441	
g5448	962.7	0.0894	-0.147	0.8333	sp|B2RQC6|PYR1_MOUSE Multifunctional protein CAD OS=Mus musculus OX=10090 GN=Cad PE=1 SV=1
g8553	1427.8	0.2939	-0.555	0.1063	
g11206	1169.4	0.1811	0.037	0.9740	
g14844	1341.2	0.2566	0.245	0.7168	sp|Q9UJZ1|STML2_HUMAN Stomatin-like protein 2, mitochondrial OS=Homo sapiens OX=9606 GN=STOML2 PE=1 SV=1
g14870	992.2	0.1042	0.189	0.7661	sp|Q80VP0|TCPR1_MOUSE Tectonin beta-propeller repeat-containing protein 1 OS=Mus musculus OX=10090 GN=Tecpr1 PE=1 SV=1
g13147	1090.8	0.1480	0.218	0.7060	
g3617	1051.7	0.1309	0.232	0.6836	sp|Q5ARK3|SWR1_EMENI Chromatin remodeling protein swr1 OS=Emericella nidulans (strain FGSC A4 / ATCC 38163 / CBS 112.46 / NRRL 194 / M139) OX=227321 GN=swr1 PE=3 SV=2
g14984	983.7	0.1010	0.133	0.8597	sp|P04821|CDC25_YEAST Cell division control protein 25 OS=Saccharomyces cerevisiae (strain ATCC 204508 / S288c) OX=559292 GN=CDC25 PE=1 SV=1
g9868	1512.7	0.3348	0.186	0.8553	sp|Q6Z5N4|ODPA1_ORYSJ Pyruvate dehydrogenase E1 component subunit alpha-1, mitochondrial OS=Oryza sativa subsp. japonica OX=39947 GN=Os02g0739600 PE=2 SV=1
g6164	1342.0	0.2618	0.166	0.8564	
g15233	1121.3	0.1642	0.444	0.1487	sp|Q06681|YSP2_YEAST Membrane-anchored lipid-binding protein YSP2 OS=Saccharomyces cerevisiae (strain ATCC 204508 / S288c) OX=559292 GN=YSP2 PE=1 SV=1
g6699	1065.8	0.1410	-0.335	0.4645	sp|Q9VIM5|ARPC2_DROME Actin-related protein 2/3 complex subunit 2 OS=Drosophila melanogaster OX=7227 GN=Arpc2 PE=1 SV=2
g5979	1053.2	0.1354	0.196	0.7685	sp|Q38873|CDPK7_ARATH Calcium-dependent protein kinase 7 OS=Arabidopsis thaliana OX=3702 GN=CPK7 PE=2 SV=1
g1484	1040.0	0.1297	0.055	0.9562	sp|P56331|IF1A_ONOVI Eukaryotic translation initiation factor 1A OS=Onobrychis viciifolia OX=3882 PE=2 SV=2
g11838	2178.5	0.6383	0.172	0.8809	
g5144	1121.2	0.1668	-0.273	0.6200	
g1603	1012.0	0.1183	-0.082	0.9438	sp|Q949Q0|GPDA2_ARATH Glycerol-3-phosphate dehydrogenase [NAD(+)] 2, chloroplastic OS=Arabidopsis thaliana OX=3702 GN=GLY1 PE=1 SV=1
g144	1106.2	0.1635	0.405	0.2303	sp|O15118|NPC1_HUMAN NPC intracellular cholesterol transporter 1 OS=Homo sapiens OX=9606 GN=NPC1 PE=1 SV=2
g8570	927.3	0.0845	-0.031	0.9765	sp|P83291|NB5R2_ARATH NADH-cytochrome b5 reductase-like protein OS=Arabidopsis thaliana OX=3702 GN=CBR2 PE=1 SV=2
g12251	919.7	0.0815	-0.085	0.9300	sp|Q6R032|MB3R5_ARATH Transcription factor MYB3R-5 OS=Arabidopsis thaliana OX=3702 GN=MYB3R5 PE=2 SV=1
g773	1117.1	0.1706	-0.253	0.7244	sp|Q54F10|NDUV2_DICDI NADH dehydrogenase [ubiquinone] flavoprotein 2, mitochondrial OS=Dictyostelium discoideum OX=44689 GN=ndufv2 PE=3 SV=1
g6870	1129.7	0.1763	0.218	0.7607	sp|Q8VY97|Y4213_ARATH ER membrane protein complex subunit 7 homolog OS=Arabidopsis thaliana OX=3702 GN=At4g32130 PE=2 SV=1
g14666	897.1	0.0715	0.167	0.8001	sp|Q9Y6D6|BIG1_HUMAN Brefeldin A-inhibited guanine nucleotide-exchange protein 1 OS=Homo sapiens OX=9606 GN=ARFGEF1 PE=1 SV=2
g3495	1064.0	0.1471	-0.025	0.9848	
g2656	1196.9	0.2072	0.239	0.7754	sp|Q8LDP4|CP19D_ARATH Peptidyl-prolyl cis-trans isomerase CYP19-4 OS=Arabidopsis thaliana OX=3702 GN=CYP19-4 PE=1 SV=2
g6495	2257.0	0.6875	-0.520	0.1474	sp|Q8A2H2|GALSF_BACTN N-acetylgalactosamine-6-O-sulfatase OS=Bacteroides thetaiotaomicron (strain ATCC 29148 / DSM 2079 / JCM 5827 / CCUG 10774 / NCTC 10582 / VPI-5482 / E50) OX=226186 GN=BT_3333 PE=1 SV=1
g3456	1755.5	0.4619	-0.042	0.9666	sp|A9V2C1|NHAAB_MONBE Probable nitrile hydratase OS=Monosiga brevicollis OX=81824 GN=37534 PE=3 SV=1
g15238	1186.1	0.2047	0.206	0.8097	sp|D3ZAT9|FAXC_RAT Failed axon connections homolog OS=Rattus norvegicus OX=10116 GN=Faxc PE=3 SV=1
g9942	976.0	0.1098	0.090	0.9323	sp|Q43469|SLD1_HELAN Delta(8)-fatty-acid desaturase OS=Helianthus annuus OX=4232 GN=sld1 PE=1 SV=1
g4493	1494.3	0.3460	-0.272	0.5751	sp|O07427|MGLL_MYCTU Monoacylglycerol lipase OS=Mycobacterium tuberculosis (strain ATCC 25618 / H37Rv) OX=83332 GN=Rv0183 PE=1 SV=2
g4266	1408.4	0.3077	0.633	0.1296	sp|F4JY37|RUK_ARATH Serine/threonine-protein kinase RUNKEL OS=Arabidopsis thaliana OX=3702 GN=RUK PE=1 SV=1
g14111	1220.2	0.2225	-0.257	0.6105	sp|Q54DA5|ZC3HF_DICDI Zinc finger CCCH domain-containing protein 15 homolog OS=Dictyostelium discoideum OX=44689 GN=DDB_G0292410 PE=3 SV=1
g9932	959.6	0.1038	0.182	0.7693	sp|Q5ZL57|COPD_CHICK Coatomer subunit delta OS=Gallus gallus OX=9031 GN=ARCN1 PE=2 SV=1
g3948	1257.8	0.2397	-0.007	0.9936	sp|Q8BKC5|IPO5_MOUSE Importin-5 OS=Mus musculus OX=10090 GN=Ipo5 PE=1 SV=3
g14013	936.1	0.0937	0.082	0.9337	
g14032	925.5	0.0895	-0.064	0.9523	
g10558	943.3	0.0977	0.067	0.9473	
g6023	1284.0	0.2534	0.545	0.1031	
g6138	1255.6	0.2404	0.103	0.9322	sp|Q9GK13|MUTA_BOVIN Methylmalonyl-CoA mutase, mitochondrial OS=Bos taurus OX=9913 GN=MMUT PE=2 SV=1
g2492	1011.4	0.1290	-0.232	0.6506	sp|P43567|AGX1_YEAST Alanine--glyoxylate aminotransferase 1 OS=Saccharomyces cerevisiae (strain ATCC 204508 / S288c) OX=559292 GN=AGX1 PE=1 SV=1
g14794	1161.8	0.1978	-0.299	0.5467	sp|Q0MQG2|NDUS1_PANTR NADH-ubiquinone oxidoreductase 75 kDa subunit, mitochondrial OS=Pan troglodytes OX=9598 GN=NDUFS1 PE=2 SV=1
g10275	1152.8	0.1949	0.513	0.0765	sp|Q9FGK9|MAG5_ARATH Protein transport protein SEC16A homolog OS=Arabidopsis thaliana OX=3702 GN=MAG5 PE=1 SV=1
g44	1489.0	0.3499	0.423	0.4261	
g15176	1094.8	0.1693	0.443	0.1694	sp|Q74ZX0|CSF1_EREGS Protein CSF1 OS=Eremothecium gossypii (strain ATCC 10895 / CBS 109.51 / FGSC 9923 / NRRL Y-1056) OX=284811 GN=CSF1 PE=3 SV=1
g9842	890.1	0.0761	-0.158	0.8217	
g10650	2290.8	0.7236	0.079	0.9474	sp|P35557|HXK4_HUMAN Hexokinase-4 OS=Homo sapiens OX=9606 GN=GCK PE=1 SV=1
g10305	2563.6	0.8496	-0.370	0.9135	
g13726	1251.1	0.2443	0.372	0.6100	sp|P49211|RL321_ARATH Large ribosomal subunit protein eL32z OS=Arabidopsis thaliana OX=3702 GN=RPL32A PE=2 SV=2
g11406	1314.5	0.2743	0.431	0.3033	
g4427	1365.9	0.2980	0.397	0.3674	sp|Q55DY8|MFRN_DICDI Mitoferrin OS=Dictyostelium discoideum OX=44689 GN=mcfF PE=3 SV=1
g7501	1035.7	0.1454	0.313	0.5065	sp|P35728|MPE1_YEAST Protein MPE1 OS=Saccharomyces cerevisiae (strain ATCC 204508 / S288c) OX=559292 GN=MPE1 PE=1 SV=1
g9948	1206.2	0.2242	-0.148	0.8585	sp|A9URZ4|PESC_MONBE Pescadillo homolog OS=Monosiga brevicollis OX=81824 GN=19511 PE=3 SV=1
g2469	1255.5	0.2476	0.280	0.7447	sp|P62084|RS7_DANRE Small ribosomal subunit protein eS7 OS=Danio rerio OX=7955 GN=rps7 PE=1 SV=1
g14518	1014.3	0.1363	0.121	0.9093	
g8563	1809.8	0.5047	-0.369	0.3369	
g9322	1172.6	0.2100	-0.487	0.1389	sp|O14435|GBB_CRYPA Guanine nucleotide-binding protein subunit beta OS=Cryphonectria parasitica OX=5116 GN=GB-1 PE=3 SV=1
g10751	934.4	0.1003	0.127	0.8916	
g15814	1012.2	0.1366	0.342	0.4427	sp|Q6ZQA0|NBEL2_MOUSE Neurobeachin-like protein 2 OS=Mus musculus OX=10090 GN=Nbeal2 PE=1 SV=2
g15408	1301.3	0.2708	0.489	0.1261	sp|P42749|UBC5_ARATH Ubiquitin-conjugating enzyme E2 5 OS=Arabidopsis thaliana OX=3702 GN=UBC5 PE=2 SV=2
g5645	835.9	0.0551	-0.006	0.9946	sp|Q99P88|NU155_MOUSE Nuclear pore complex protein Nup155 OS=Mus musculus OX=10090 GN=Nup155 PE=1 SV=1
g6327	1645.0	0.4312	0.722	0.0504	
g11047	1244.2	0.2461	0.208	0.8493	
g2959	1044.4	0.1540	0.420	0.1990	sp|F4IG73|BCHC2_ARATH BEACH domain-containing protein C2 OS=Arabidopsis thaliana OX=3702 GN=BCHC2 PE=1 SV=1
g13158	1329.1	0.2878	0.030	0.9752	
g3332	1006.1	0.1377	0.227	0.7336	sp|Q8IWJ2|GCC2_HUMAN GRIP and coiled-coil domain-containing protein 2 OS=Homo sapiens OX=9606 GN=GCC2 PE=1 SV=4
g250	1327.5	0.2892	0.339	0.3299	
g13539	1147.9	0.2051	0.102	0.9112	sp|P79384|PCCB_PIG Propionyl-CoA carboxylase beta chain, mitochondrial OS=Sus scrofa OX=9823 GN=PCCB PE=1 SV=1
g4870	1345.9	0.2981	0.259	0.7213	sp|B8N6M6|XLNR_ASPFN Xylanolytic transcriptional activator xlnR OS=Aspergillus flavus (strain ATCC 200026 / FGSC A1120 / IAM 13836 / NRRL 3357 / JCM 12722 / SRRC 167) OX=332952 GN=xlnR PE=3 SV=1
g14261	999.3	0.1356	0.078	0.9469	sp|Q9NES8|PPP5_CAEEL Serine/threonine-protein phosphatase 5 OS=Caenorhabditis elegans OX=6239 GN=pph-5 PE=1 SV=2
g2382	1233.6	0.2457	0.301	0.6933	sp|O04450|TCPE_ARATH T-complex protein 1 subunit epsilon OS=Arabidopsis thaliana OX=3702 GN=CCT5 PE=1 SV=1
g7564	943.0	0.1095	0.156	0.8152	sp|F4JSE7|EDR2_ARATH Protein ENHANCED DISEASE RESISTANCE 2 OS=Arabidopsis thaliana OX=3702 GN=EDR2 PE=2 SV=1
g4491	970.8	0.1231	-0.274	0.5523	sp|P34120|PSA7_DICDI Proteasome subunit alpha type-7 OS=Dictyostelium discoideum OX=44689 GN=psmA7 PE=3 SV=1
g2262	1329.1	0.2933	0.075	0.9479	sp|Q8GWG0|GPAT9_ARATH Glycerol-3-phosphate acyltransferase 9 OS=Arabidopsis thaliana OX=3702 GN=GPAT9 PE=1 SV=1
g14374	1743.5	0.4890	0.564	0.5130	sp|A0A0B5RUB0|TMAT_MYRPR Trimethylamine transporter OS=Myroides profundi OX=480520 GN=tmaT PE=1 SV=1
g6366	1088.5	0.1802	0.163	0.8713	sp|I1BTD7|EGCR1_RHIO9 Glucosylceramidase OS=Rhizopus delemar (strain RA 99-880 / ATCC MYA-4621 / FGSC 9543 / NRRL 43880) OX=246409 GN=ERC1 PE=1 SV=1
g9784	1047.6	0.1610	-0.036	0.9721	sp|O14880|MGST3_HUMAN Glutathione S-transferase 3, mitochondrial OS=Homo sapiens OX=9606 GN=MGST3 PE=1 SV=1
g15604	1004.4	0.1410	-0.168	0.8290	sp|Q9STD3|CALR_CHLRE Calreticulin OS=Chlamydomonas reinhardtii OX=3055 PE=2 SV=1
g9824	1172.0	0.2207	0.117	0.8960	
g4647	1152.7	0.2119	0.436	0.3997	sp|Q54VF4|Y8236_DICDI TPR-containing protein DDB_G0280363 OS=Dictyostelium discoideum OX=44689 GN=DDB_G0280363 PE=4 SV=2
g11782	942.8	0.1143	0.312	0.4526	sp|Q9Y662|HS3SB_HUMAN Heparan sulfate glucosamine 3-O-sulfotransferase 3B1 OS=Homo sapiens OX=9606 GN=HS3ST3B1 PE=1 SV=1
g14909	1167.4	0.2211	-0.350	0.4748	sp|Q8NFU5|IPMK_HUMAN Inositol polyphosphate multikinase OS=Homo sapiens OX=9606 GN=IPMK PE=1 SV=1
g4888	1135.2	0.2059	0.027	0.9831	
g1682	1400.5	0.3330	-0.079	0.9457	sp|Q54IK2|TM120_DICDI Transmembrane protein 120 homolog OS=Dictyostelium discoideum OX=44689 GN=tmem120 PE=3 SV=1
g60	1212.3	0.2436	0.117	0.9165	
g10555	1078.4	0.1804	0.154	0.8162	sp|Q3E6S8|DGP14_ARATH Putative protease Do-like 14 OS=Arabidopsis thaliana OX=3702 GN=DEGP14 PE=3 SV=2
g15638	1011.1	0.1484	0.121	0.8976	sp|Q8W034|RNP1_ARATH Heterogeneous nuclear ribonucleoprotein 1 OS=Arabidopsis thaliana OX=3702 GN=RNP1 PE=1 SV=1
g7109	936.5	0.1137	0.232	0.7005	sp|P47808|MYSH_ACACA High molecular weight form of myosin-1 OS=Acanthamoeba castellanii OX=5755 PE=3 SV=1
g10989	1044.4	0.1653	-0.186	0.7656	sp|Q80U96|XPO1_RAT Exportin-1 OS=Rattus norvegicus OX=10116 GN=Xpo1 PE=1 SV=1
g4540	845.0	0.0707	0.115	0.8909	sp|Q5S007|LRRK2_HUMAN Leucine-rich repeat serine/threonine-protein kinase 2 OS=Homo sapiens OX=9606 GN=LRRK2 PE=1 SV=2
g14422	895.7	0.0956	0.178	0.7862	sp|Q86IH1|HBX4_DICDI Homeobox protein 4 OS=Dictyostelium discoideum OX=44689 GN=hbx4 PE=3 SV=1
g8832	1044.1	0.1680	0.251	0.7378	sp|Q9XGL4|RL31_CYAPA Large ribosomal subunit protein eL31 OS=Cyanophora paradoxa OX=2762 GN=RPL31 PE=3 SV=1
g10900	866.6	0.0840	0.173	0.7997	
g16080	927.0	0.1131	0.195	0.7760	sp|Q86FP7|RS23_DERVA Small ribosomal subunit protein uS12 OS=Dermacentor variabilis OX=34621 GN=RpS23 PE=2 SV=1
g9673	954.7	0.1266	0.233	0.6549	sp|Q4R7H0|TTL10_MACFA Protein polyglycylase TTLL10 OS=Macaca fascicularis OX=9541 GN=TTLL10 PE=2 SV=1
g4304	932.2	0.1160	0.249	0.6434	
g3421	925.1	0.1128	0.235	0.6900	sp|Q9C6S1|FH14_ARATH Formin-like protein 14 OS=Arabidopsis thaliana OX=3702 GN=FH14 PE=3 SV=3
g4112	945.8	0.1229	0.297	0.5396	sp|Q5VWG9|TAF3_HUMAN Transcription initiation factor TFIID subunit 3 OS=Homo sapiens OX=9606 GN=TAF3 PE=1 SV=1
g12271	848.2	0.0762	-0.165	0.8162	
g6384	993.8	0.1470	-0.057	0.9614	sp|Q54G78|SSRP1_DICDI FACT complex subunit SSRP1 OS=Dictyostelium discoideum OX=44689 GN=ssrp1 PE=3 SV=1
g15463	1357.7	0.3236	-0.068	0.9433	sp|Q3T0A0|ABHD1_BOVIN Protein ABHD1 OS=Bos taurus OX=9913 GN=ABHD1 PE=2 SV=1
g11970	1069.2	0.1843	0.479	0.1756	sp|P14644|PDE4C_RAT 3',5'-cyclic-AMP phosphodiesterase 4C (Fragment) OS=Rattus norvegicus OX=10116 GN=Pde4c PE=2 SV=2
g13342	1138.1	0.2197	0.271	0.6134	
g5930	1503.1	0.3971	-0.034	0.9784	sp|Q5M729|ODP23_ARATH Dihydrolipoyllysine-residue acetyltransferase component 3 of pyruvate dehydrogenase complex, mitochondrial OS=Arabidopsis thaliana OX=3702 GN=At1g54220 PE=1 SV=1
g3024	898.2	0.1034	0.202	0.7320	sp|Q54DD3|GCST_DICDI Aminomethyltransferase, mitochondrial OS=Dictyostelium discoideum OX=44689 GN=gcvT PE=3 SV=1
g2620	897.4	0.1031	0.009	0.9921	
g7397	991.6	0.1491	0.029	0.9779	
g13373	1432.6	0.3667	0.319	0.4913	
g1931	1054.7	0.1825	0.168	0.8701	
g14438	990.9	0.1516	-0.313	0.5330	sp|O65050|RL15A_PICMA Large ribosomal subunit protein eL15z OS=Picea mariana OX=3335 GN=SB61 PE=2 SV=1
g15531	788.0	0.0527	0.116	0.8888	sp|Q9LF41|UBE4_ARATH Probable ubiquitin conjugation factor E4 OS=Arabidopsis thaliana OX=3702 GN=PUB1 PE=2 SV=1
g8477	900.2	0.1080	0.268	0.5716	sp|A9UL13|RBR1_WHEAT Retinoblastoma-related protein 1 OS=Triticum aestivum OX=4565 GN=RBR1 PE=2 SV=1
g15645	1151.6	0.2313	0.423	0.2579	
g4169	773.8	0.0462	-0.028	0.9788	sp|Q8LEM7|CNBL3_ARATH Calcineurin B-like protein 3 OS=Arabidopsis thaliana OX=3702 GN=CBL3 PE=1 SV=2
g1318	923.9	0.1202	-0.079	0.9439	
g1893	1090.2	0.2028	0.101	0.9034	sp|Q24324|DSOR1_DROME Dual specificity mitogen-activated protein kinase kinase dSOR1 OS=Drosophila melanogaster OX=7227 GN=Dsor1 PE=1 SV=2
g13745	999.9	0.1584	0.201	0.7536	sp|A1L4W5|BPM6_ARATH BTB/POZ and MATH domain-containing protein 6 OS=Arabidopsis thaliana OX=3702 GN=BPM6 PE=1 SV=1
g5175	977.7	0.1478	-0.107	0.9165	sp|Q3AET6|GCSH_CARHZ Glycine cleavage system H protein OS=Carboxydothermus hydrogenoformans (strain ATCC BAA-161 / DSM 6008 / Z-2901) OX=246194 GN=gcvH PE=3 SV=1
g11463	2045.3	0.6734	0.780	0.0534	sp|P51960|MYBA_MOUSE Myb-related protein A OS=Mus musculus OX=10090 GN=Mybl1 PE=1 SV=2
g12969	1918.5	0.6128	0.703	0.1289	
g14131	1072.3	0.1962	0.047	0.9626	sp|Q9FJI5|G6PD6_ARATH Glucose-6-phosphate 1-dehydrogenase 6, cytoplasmic OS=Arabidopsis thaliana OX=3702 GN=G6PD6 PE=1 SV=1
g5048	963.6	0.1426	-0.026	0.9831	sp|P28178|PK2_DICDI Protein kinase 2 OS=Dictyostelium discoideum OX=44689 GN=pkgB PE=1 SV=2
g3559	1041.6	0.1821	0.375	0.3033	sp|Q8R5K2|UBP33_MOUSE Ubiquitin carboxyl-terminal hydrolase 33 OS=Mus musculus OX=10090 GN=Usp33 PE=1 SV=2
g15653	1009.6	0.1666	-0.199	0.8127	sp|Q9Z2Z6|MCAT_MOUSE Mitochondrial carnitine/acylcarnitine carrier protein OS=Mus musculus OX=10090 GN=Slc25a20 PE=1 SV=1
g12883	1319.2	0.3203	0.432	0.1644	
g8613	903.7	0.1145	-0.110	0.8949	
g2154	1036.0	0.1801	-0.231	0.7552	
g12019	1455.9	0.3882	0.177	0.8682	
g7598	1235.2	0.2798	-0.035	0.9751	sp|Q9XIE3|HS17A_ARATH 17.6 kDa class I heat shock protein 1 OS=Arabidopsis thaliana OX=3702 GN=HSP17.6A PE=1 SV=1
g11811	1214.0	0.2701	0.240	0.6220	sp|Q869L3|MDN1_DICDI Midasin OS=Dictyostelium discoideum OX=44689 GN=mdn1 PE=3 SV=2
g15809	1038.1	0.1840	0.053	0.9689	sp|Q9VKJ1|MPND_DROME MPN domain-containing protein CG4751 OS=Drosophila melanogaster OX=7227 GN=CG4751 PE=1 SV=1
g1863	984.9	0.1575	0.136	0.8641	
g973	752.2	0.0418	0.005	0.9955	
g9829	1064.6	0.1984	0.277	0.7361	sp|Q6Q420|RS15A_DANRE Small ribosomal subunit protein uS8 OS=Danio rerio OX=7955 GN=rps15a PE=1 SV=1
g5065	940.3	0.1369	0.011	0.9904	
g12777	922.6	0.1285	-0.211	0.7551	sp|O81148|PSA4A_ARATH Proteasome subunit alpha type-4-A OS=Arabidopsis thaliana OX=3702 GN=PAC1 PE=1 SV=1
g10496	1050.9	0.1934	0.371	0.4083	sp|P16894|GPA1_DICDI Guanine nucleotide-binding protein alpha-1 subunit OS=Dictyostelium discoideum OX=44689 GN=gpaA PE=2 SV=1
g10945	958.9	0.1473	0.294	0.5546	
g211	844.3	0.0899	0.025	0.9828	sp|Q01405|SC23A_MOUSE Protein transport protein Sec23A OS=Mus musculus OX=10090 GN=Sec23a PE=1 SV=2
g1070	937.4	0.1368	0.181	0.7746	sp|Q97W51|IPYR_SACS2 Inorganic pyrophosphatase OS=Saccharolobus solfataricus (strain ATCC 35092 / DSM 1617 / JCM 11322 / P2) OX=273057 GN=ppa PE=3 SV=1
g7528	1077.9	0.2087	0.337	0.5423	sp|O95714|HERC2_HUMAN E3 ubiquitin-protein ligase HERC2 OS=Homo sapiens OX=9606 GN=HERC2 PE=1 SV=2
g4206	1473.3	0.4077	0.098	0.9058	sp|P41367|ACADM_PIG Medium-chain specific acyl-CoA dehydrogenase, mitochondrial OS=Sus scrofa OX=9823 GN=ACADM PE=1 SV=3
g1561	992.7	0.1662	0.320	0.4878	sp|A0A0G2QC33|ATG4B_RAT Cysteine protease ATG4B OS=Rattus norvegicus OX=10116 GN=Atg4b PE=1 SV=1
g13917	1118.2	0.2300	-0.140	0.9119	sp|G0SB31|SKN7_THET3 Transcription factor SKN7 OS=Thermochaetoides thermophila (strain DSM 1495 / CBS 144.50 / DAOM 24625 / IMI 039719) OX=759272 GN=SKN7 PE=1 SV=1
g11227	880.7	0.1106	-0.230	0.6657	
g11337	918.1	0.1297	-0.334	0.3820	sp|P56701|PSMD2_BOVIN 26S proteasome non-ATPase regulatory subunit 2 OS=Bos taurus OX=9913 GN=PSMD2 PE=1 SV=2
g14300	1461.6	0.4041	0.408	0.5737	
g7193	1199.3	0.2718	-0.567	0.1471	
g13537	1254.3	0.2999	-0.077	0.9346	sp|Q3T0P6|PGK1_BOVIN Phosphoglycerate kinase 1 OS=Bos taurus OX=9913 GN=PGK1 PE=2 SV=3
g12901	891.2	0.1178	-0.318	0.4339	sp|Q99K70|RRAGC_MOUSE Ras-related GTP-binding protein C OS=Mus musculus OX=10090 GN=Rragc PE=1 SV=1
g5186	1164.3	0.2566	-0.449	0.3044	sp|F1QLR3|FXR1_DANRE RNA-binding protein FXR1 OS=Danio rerio OX=7955 GN=fxr1 PE=1 SV=1
g291	809.9	0.0777	-0.037	0.9713	
g5859	898.2	0.1226	-0.097	0.9165	sp|P49256|LMAN2_CANLF Vesicular integral-membrane protein VIP36 OS=Canis lupus familiaris OX=9615 GN=LMAN2 PE=1 SV=1
g2666	932.6	0.1403	-0.279	0.5356	sp|Q8LPS1|LACS6_ARATH Long chain acyl-CoA synthetase 6, peroxisomal OS=Arabidopsis thaliana OX=3702 GN=LACS6 PE=1 SV=1
g2311	1063.5	0.2070	0.118	0.9093	
g11707	1041.5	0.1961	-0.153	0.8563	
g691	1325.8	0.3416	-0.381	0.2371	sp|Q73P19|SYN_TREDE Asparagine--tRNA ligase OS=Treponema denticola (strain ATCC 35405 / DSM 14222 / CIP 103919 / JCM 8153 / KCTC 15104) OX=243275 GN=asnS PE=3 SV=1
g1333	1127.5	0.2413	-0.044	0.9646	
g15279	2086.9	0.7304	-1.551	0.2463	
g8837	1252.9	0.3054	-0.111	0.9165	sp|F4J8C6|VIP1L_ARATH Inositol hexakisphosphate and diphosphoinositol-pentakisphosphate kinase VIP1 OS=Arabidopsis thaliana OX=3702 GN=VIP1 PE=1 SV=1
g11891	1079.1	0.2171	0.091	0.9450	sp|Q9LVW4|MY118_ARATH Transcription factor MYB118 OS=Arabidopsis thaliana OX=3702 GN=MYB118 PE=2 SV=1
g12929	1120.5	0.2392	0.001	0.9987	sp|O21272|NDUS7_RECAM NADH-ubiquinone oxidoreductase 20 kDa subunit OS=Reclinomonas americana OX=48483 GN=NAD10 PE=3 SV=1
g10500	982.2	0.1687	-0.072	0.9509	
g4117	1458.3	0.4127	0.871	0.0898	sp|P06876|MYB_MOUSE Transcriptional activator Myb OS=Mus musculus OX=10090 GN=Myb PE=1 SV=2
g14784	1023.5	0.1903	0.318	0.5907	
g7428	1156.0	0.2587	0.175	0.7652	sp|P28178|PK2_DICDI Protein kinase 2 OS=Dictyostelium discoideum OX=44689 GN=pkgB PE=1 SV=2
g4548	878.0	0.1169	-0.025	0.9831	sp|G5EGP8|CATZ1_CAEEL Cathepsin Z-1 OS=Caenorhabditis elegans OX=6239 GN=cpz-1 PE=1 SV=1
g9593	873.8	0.1152	-0.280	0.5436	
g12718	799.0	0.0769	0.080	0.9370	sp|Q6NRM1|S399B_XENLA Zinc transporter ZIP9-B OS=Xenopus laevis OX=8355 GN=slc39a9-b PE=2 SV=1
g1621	1082.6	0.2227	0.124	0.9099	sp|Q5ZJN2|RB11A_CHICK Ras-related protein Rab-11A OS=Gallus gallus OX=9031 GN=RAB11A PE=2 SV=1
g2712	1227.7	0.2986	-0.188	0.8625	sp|Q4P733|DED1_MYCMD ATP-dependent RNA helicase DED1 OS=Mycosarcoma maydis OX=5270 GN=DED1 PE=3 SV=1
g11705	1150.5	0.2593	0.002	0.9978	sp|A9S9Q8|MPK4B_PHYPA Mitogen-activated protein kinase 4b OS=Physcomitrium patens OX=3218 GN=MPK4b PE=1 SV=1
g6915	923.9	0.1430	0.026	0.9827	
g10023	1792.1	0.5907	-0.026	0.9848	sp|P04069|CBPB_ASTAS Carboxypeptidase B OS=Astacus astacus OX=6715 PE=1 SV=1
g5447	1325.1	0.3499	0.239	0.7536	sp|P42825|DNAJ2_ARATH Chaperone protein dnaJ 2 OS=Arabidopsis thaliana OX=3702 GN=ATJ2 PE=1 SV=2
g1612	1185.4	0.2781	0.297	0.5751	sp|Q626H5|PLX2_CAEBR Plexin-2 OS=Caenorhabditis briggsae OX=6238 GN=plx-2 PE=3 SV=1
g4367	1053.9	0.2103	0.099	0.9156	sp|M1CZC0|EBP1_SOLTU ERBB-3 BINDING PROTEIN 1 OS=Solanum tuberosum OX=4113 GN=EBP1 PE=2 SV=1
g12061	1652.2	0.5190	-0.409	0.2737	sp|A7TF84|ATG26_VANPO Sterol 3-beta-glucosyltransferase OS=Vanderwaltozyma polyspora (strain ATCC 22028 / DSM 70294 / BCRC 21397 / CBS 2163 / NBRC 10782 / NRRL Y-8283 / UCD 57-17) OX=436907 GN=ATG26 PE=3 SV=1
g40	984.2	0.1749	0.014	0.9888	sp|P49103|RAB2A_MAIZE Ras-related protein Rab-2-A OS=Zea mays OX=4577 GN=RAB2A PE=2 SV=2
g12314	846.6	0.1039	0.274	0.5457	sp|O43747|AP1G1_HUMAN AP-1 complex subunit gamma-1 OS=Homo sapiens OX=9606 GN=AP1G1 PE=1 SV=5
g14663	961.2	0.1638	-0.341	0.4462	sp|O23715|PSA3_ARATH Proteasome subunit alpha type-3 OS=Arabidopsis thaliana OX=3702 GN=PAG1 PE=1 SV=2
g15268	1358.2	0.3697	-0.166	0.8152	sp|Q9M038|SFC1_ARATH Mitochondrial succinate-fumarate transporter 1 OS=Arabidopsis thaliana OX=3702 GN=SFC1 PE=2 SV=1
g1124	1067.9	0.2197	0.121	0.9021	sp|Q9CB01|RABF1_ARATH Ras-related protein RABF1 OS=Arabidopsis thaliana OX=3702 GN=RABF1 PE=1 SV=1
g15981	1176.0	0.2764	-0.294	0.7283	sp|A0KHR8|MAO1_AERHH NAD-dependent malic enzyme OS=Aeromonas hydrophila subsp. hydrophila (strain ATCC 7966 / DSM 30187 / BCRC 13018 / CCUG 14551 / JCM 1027 / KCTC 2358 / NCIMB 9240 / NCTC 8049) OX=380703 GN=maeA PE=3 SV=2
g10372	983.0	0.1767	0.279	0.5818	sp|Q9C5S1|MKP1_ARATH Protein-tyrosine-phosphatase MKP1 OS=Arabidopsis thaliana OX=3702 GN=MKP1 PE=1 SV=1
g14138	847.4	0.1064	0.072	0.9482	sp|A4Q9E8|TTLL6_MOUSE Tubulin polyglutamylase TTLL6 OS=Mus musculus OX=10090 GN=Ttll6 PE=1 SV=1
g504	848.7	0.1074	-0.212	0.7500	
g10130	1156.4	0.2680	-0.168	0.8532	
g15787	952.4	0.1622	0.396	0.3344	
g2689	939.4	0.1557	-0.422	0.2254	sp|P0DKJ9|PRS7A_ORYSJ 26S proteasome regulatory subunit 7A OS=Oryza sativa subsp. japonica OX=39947 GN=RPT1A PE=2 SV=1
g10865	1047.1	0.2118	-0.345	0.4616	sp|Q0JKD0|GLT1_ORYSJ Glutamate synthase 1 [NADH], chloroplastic OS=Oryza sativa subsp. japonica OX=39947 GN=Os01g0681900 PE=2 SV=1
g14832	801.3	0.0848	-0.024	0.9832	sp|Q8K4Q0|RPTOR_MOUSE Regulatory-associated protein of mTOR OS=Mus musculus OX=10090 GN=Rptor PE=1 SV=1
g9708	1133.1	0.2590	0.484	0.3544	sp|A2ZE50|GDT13_ORYSI GDT1-like protein 3 OS=Oryza sativa subsp. indica OX=39946 GN=OsI_36063 PE=3 SV=1
g15371	962.8	0.1700	0.264	0.5613	sp|P18708|NSF_CRIGR Vesicle-fusing ATPase OS=Cricetulus griseus OX=10029 GN=NSF PE=1 SV=1
g13093	876.3	0.1251	0.198	0.7337	sp|Q8CC88|VWA8_MOUSE von Willebrand factor A domain-containing protein 8 OS=Mus musculus OX=10090 GN=Vwa8 PE=1 SV=2
g6278	827.1	0.1005	0.125	0.8742	sp|O60318|GANP_HUMAN Germinal-center associated nuclear protein OS=Homo sapiens OX=9606 GN=MCM3AP PE=1 SV=2
g11043	988.0	0.1850	0.264	0.6405	
g14287	1055.2	0.2206	0.151	0.8767	sp|P53798|FDFT_MOUSE Squalene synthase OS=Mus musculus OX=10090 GN=Fdft1 PE=1 SV=2
g13148	960.7	0.1715	0.375	0.3489	sp|Q8R3Q2|PP6R2_MOUSE Serine/threonine-protein phosphatase 6 regulatory subunit 2 OS=Mus musculus OX=10090 GN=Ppp6r2 PE=1 SV=1
g10232	889.6	0.1345	-0.158	0.8635	sp|O44006|KPYK_EIMTE Pyruvate kinase OS=Eimeria tenella OX=5802 GN=PYK PE=2 SV=1
g5001	980.5	0.1824	0.311	0.6572	sp|Q4MYY1|RS17_THEPA Small ribosomal subunit protein eS17 OS=Theileria parva OX=5875 GN=RPS17 PE=3 SV=3
g10523	811.5	0.0937	-0.054	0.9611	sp|Q5RDW9|CSTF3_PONAB Cleavage stimulation factor subunit 3 OS=Pongo abelii OX=9601 GN=CSTF3 PE=2 SV=1
g604	1001.2	0.1937	0.435	0.3672	
g7285	1399.1	0.4040	-0.754	0.0588	
g2219	785.9	0.0809	0.222	0.6888	
g12673	1046.3	0.2182	0.341	0.6246	
g448	1222.8	0.3117	-0.007	0.9938	sp|B1GYN1|DAPA_ENDTX 4-hydroxy-tetrahydrodipicolinate synthase OS=Endomicrobium trichonymphae OX=1408204 GN=dapA PE=3 SV=1
g11911	947.8	0.1673	-0.346	0.3776	
g7121	1129.7	0.2635	0.283	0.7173	sp|P62866|RS30_BOVIN Small ribosomal subunit protein eS30 OS=Bos taurus OX=9913 GN=FAU PE=1 SV=1
g7567	1299.2	0.3532	-0.474	0.3871	
g3188	1152.7	0.2759	0.241	0.7067	
g15744	872.2	0.1277	-0.172	0.8153	sp|Q3ZC01|CNOT7_BOVIN CCR4-NOT transcription complex subunit 7 OS=Bos taurus OX=9913 GN=CNOT7 PE=2 SV=1
g13695	1196.9	0.3013	0.117	0.8810	sp|D0MYB4|EF3_PHYIT Elongation factor 3 OS=Phytophthora infestans (strain T30-4) OX=403677 GN=TEF3 PE=1 SV=1
g2012	928.5	0.1594	0.238	0.7135	sp|Q5R654|RBBP7_PONAB Histone-binding protein RBBP7 OS=Pongo abelii OX=9601 GN=RBBP7 PE=3 SV=1
g5960	1077.3	0.2398	0.440	0.3974	
g12185	864.5	0.1268	-0.100	0.9165	sp|Q9Y818|UBC15_SCHPO Ubiquitin-conjugating enzyme E2 15 OS=Schizosaccharomyces pombe (strain 972 / ATCC 24843) OX=284812 GN=ubc15 PE=1 SV=1
g4422	750.7	0.0670	0.029	0.9784	sp|Q01780|EXOSX_HUMAN Exosome complex component 10 OS=Homo sapiens OX=9606 GN=EXOSC10 PE=1 SV=2
g9	1457.9	0.4450	-0.448	0.5177	sp|Q0JKD0|GLT1_ORYSJ Glutamate synthase 1 [NADH], chloroplastic OS=Oryza sativa subsp. japonica OX=39947 GN=Os01g0681900 PE=2 SV=1
g2878	963.8	0.1812	0.053	0.9680	sp|Q96419|TRXH_FAGES Thioredoxin H-type OS=Fagopyrum esculentum OX=3617 PE=3 SV=1
g5671	1025.2	0.2145	0.318	0.5587	sp|A4IP64|ADH1_GEOTN Long-chain-alcohol dehydrogenase 1 OS=Geobacillus thermodenitrificans (strain NG80-2) OX=420246 GN=adh1 PE=1 SV=1
g11741	959.3	0.1801	0.026	0.9848	
g4466	1014.6	0.2104	0.337	0.5026	sp|Q9UBR2|CATZ_HUMAN Cathepsin Z OS=Homo sapiens OX=9606 GN=CTSZ PE=1 SV=1
g1557	1063.1	0.2364	0.580	0.0584	sp|F4J7S8|SFH9_ARATH Phosphatidylinositol/phosphatidylcholine transfer protein SFH9 OS=Arabidopsis thaliana OX=3702 GN=SFH9 PE=2 SV=1
g4775	1201.4	0.3109	-0.027	0.9848	
g2177	901.7	0.1504	0.317	0.5023	
g6259	923.7	0.1635	-0.129	0.8627	sp|Q9C5Z2|EIF3H_ARATH Eukaryotic translation initiation factor 3 subunit H OS=Arabidopsis thaliana OX=3702 GN=TIF3H1 PE=1 SV=2
g12668	976.4	0.1923	0.509	0.1171	
g13079	1020.5	0.2160	-0.221	0.7265	sp|Q8YAF2|SYM_LISMO Methionine--tRNA ligase OS=Listeria monocytogenes serovar 1/2a (strain ATCC BAA-679 / EGD-e) OX=169963 GN=metG PE=3 SV=1
g13575	833.0	0.1155	0.159	0.8525	sp|O22040|ANP1_ARATH Mitogen-activated protein kinase kinase kinase ANP1 OS=Arabidopsis thaliana OX=3702 GN=ANP1 PE=1 SV=2
g13173	988.0	0.1992	0.161	0.8564	sp|Q5RGB8|KLH26_DANRE Kelch-like protein 26 OS=Danio rerio OX=7955 GN=klhl26 PE=3 SV=1
g264	1004.0	0.2078	0.205	0.7916	sp|Q54VQ7|HDA22_DICDI Type-2 histone deacetylase 2 OS=Dictyostelium discoideum OX=44689 GN=hdaC PE=2 SV=1
g1347	877.3	0.1408	-0.300	0.5498	sp|O42227|HDA1B_XENLA Probable histone deacetylase 1-B OS=Xenopus laevis OX=8355 GN=hdac1-b PE=1 SV=1
g5883	1049.0	0.2340	-0.073	0.9433	sp|Q9DBL1|ACDSB_MOUSE Short/branched chain specific acyl-CoA dehydrogenase, mitochondrial OS=Mus musculus OX=10090 GN=Acadsb PE=1 SV=1
g462	830.1	0.1158	0.246	0.6759	sp|Q9N0V7|CBS_RABIT Cystathionine beta-synthase OS=Oryctolagus cuniculus OX=9986 GN=CBS PE=2 SV=3
g13025	1061.4	0.2419	0.307	0.5461	sp|A7A261|LSB3_YEAS7 LAS seventeen-binding protein 3 OS=Saccharomyces cerevisiae (strain YJM789) OX=307796 GN=LSB3 PE=3 SV=2
g4693	808.0	0.1051	-0.042	0.9692	sp|Q28BX9|C2CD5_XENTR C2 domain-containing protein 5 OS=Xenopus tropicalis OX=8364 GN=c2cd5 PE=2 SV=1
g10670	930.5	0.1728	0.196	0.8183	
g1955	876.6	0.1435	0.121	0.9119	sp|Q8VCZ2|TM45B_MOUSE Transmembrane protein 45B OS=Mus musculus OX=10090 GN=Tmem45b PE=1 SV=1
g6158	919.8	0.1673	0.392	0.3034	sp|P53349|M3K1_MOUSE Mitogen-activated protein kinase kinase kinase 1 OS=Mus musculus OX=10090 GN=Map3k1 PE=1 SV=3
g9962	939.7	0.1787	0.356	0.5356	sp|Q16720|AT2B3_HUMAN Plasma membrane calcium-transporting ATPase 3 OS=Homo sapiens OX=9606 GN=ATP2B3 PE=1 SV=3
g6912	1156.7	0.2973	0.072	0.9614	sp|P11633|NHP6B_YEAST Non-histone chromosomal protein 6B OS=Saccharomyces cerevisiae (strain ATCC 204508 / S288c) OX=559292 GN=NHP6B PE=1 SV=3
g4307	845.6	0.1277	0.021	0.9849	sp|Q39160|MYO5_ARATH Myosin-5 OS=Arabidopsis thaliana OX=3702 GN=XI-1 PE=1 SV=1
g14732	961.0	0.1913	-0.498	0.1775	sp|Q6NQK0|TOL4_ARATH TOM1-like protein 4 OS=Arabidopsis thaliana OX=3702 GN=TOL4 PE=1 SV=1
g9419	922.3	0.1705	0.216	0.7005	sp|Q6P8K8|CBPA4_MOUSE Carboxypeptidase A4 OS=Mus musculus OX=10090 GN=Cpa4 PE=2 SV=2
g282	785.8	0.0960	0.111	0.9021	sp|Q8NDF8|PAPD5_HUMAN Terminal nucleotidyltransferase 4B OS=Homo sapiens OX=9606 GN=TENT4B PE=1 SV=2
g11964	910.6	0.1642	-0.170	0.8742	sp|F4KGY6|RVE1_ARATH Protein REVEILLE 1 OS=Arabidopsis thaliana OX=3702 GN=RVE1 PE=1 SV=1
g112	734.4	0.0684	-0.126	0.8800	sp|Q9P7K0|TIM9_SCHPO Mitochondrial import inner membrane translocase subunit tim9 OS=Schizosaccharomyces pombe (strain 972 / ATCC 24843) OX=284812 GN=tim9 PE=3 SV=1
g15525	962.9	0.1937	0.263	0.7533	sp|Q1HRT4|RL38_AEDAE Large ribosomal subunit protein eL38 OS=Aedes aegypti OX=7159 GN=RpL38 PE=3 SV=1
g2364	931.9	0.1768	0.355	0.4482	sp|Q41420|CALM3_SOLTU Putative calmodulin-3 (Fragment) OS=Solanum tuberosum OX=4113 GN=PCM3 PE=5 SV=1
g210	945.4	0.1842	0.010	0.9920	sp|Q9ERS2|NDUAD_MOUSE NADH dehydrogenase [ubiquinone] 1 alpha subcomplex subunit 13 OS=Mus musculus OX=10090 GN=Ndufa13 PE=1 SV=3
g7084	1197.9	0.3225	-0.238	0.7433	
g15860	787.9	0.0985	0.041	0.9692	sp|Q24451|MAN2_DROME Alpha-mannosidase 2 OS=Drosophila melanogaster OX=7227 GN=alpha-Man-IIa PE=1 SV=2
g6340	896.5	0.1583	-0.003	0.9974	
g4472	963.8	0.1955	0.507	0.1303	sp|A3BF39|HMA2_ORYSJ Cadmium/zinc-transporting ATPase HMA2 OS=Oryza sativa subsp. japonica OX=39947 GN=HMA2 PE=1 SV=1
g7188	1386.7	0.4279	-0.966	0.1892	sp|B9EJV3|GRB1L_MOUSE GREB1-like protein OS=Mus musculus OX=10090 GN=Greb1l PE=2 SV=1
g6840	1115.3	0.2791	0.451	0.2053	sp|B0XWT0|HASA_ASPFC C6 finger domain transcription factor hasA OS=Aspergillus fumigatus (strain CBS 144.89 / FGSC A1163 / CEA10) OX=451804 GN=hasA PE=2 SV=1
g15837	1279.6	0.3698	0.294	0.6476	sp|B7FSL4|LONM_PHATC Lon protease homolog, mitochondrial OS=Phaeodactylum tricornutum (strain CCAP 1055/1) OX=556484 GN=PHATRDRAFT_18202 PE=3 SV=1
g6716	1189.5	0.3217	0.279	0.6413	
g11756	901.8	0.1634	0.186	0.8184	sp|Q5DU05|CE164_MOUSE Centrosomal protein of 164 kDa OS=Mus musculus OX=10090 GN=Cep164 PE=1 SV=2
g12735	968.1	0.2001	-0.073	0.9472	sp|P30184|AMPL1_ARATH Leucine aminopeptidase 1 OS=Arabidopsis thaliana OX=3702 GN=LAP1 PE=1 SV=1
g10071	897.5	0.1614	0.161	0.8414	sp|F4K0A6|MYO2_ARATH Myosin-2 OS=Arabidopsis thaliana OX=3702 GN=VIII-2 PE=2 SV=1
g15166	1177.2	0.3175	0.465	0.3640	sp|Q9NB31|CST1_CAEEL Serine/threonine-protein kinase cst-1 OS=Caenorhabditis elegans OX=6239 GN=cst-1 PE=1 SV=1
g6185	664.5	0.0341	-0.048	0.9625	
g7186	1079.7	0.2638	-0.596	0.1233	sp|B8JKP6|GRB1L_DANRE GREB1-like protein OS=Danio rerio OX=7955 GN=greb1l PE=1 SV=2
g12299	1103.2	0.2773	0.324	0.5057	sp|A0A3B6UEU3|INLPE_STRC4 (3R)-3-[(carboxymethyl)amino]fatty acid oxygenase/decarboxylase OS=Streptomyces coeruleorubidus OX=116188 GN=ScoE PE=1 SV=2
g6020	2403.9	0.9979	0.054	0.9683	
g1071	858.7	0.1425	-0.382	0.2869	sp|P45888|ARP2_DROME Actin-related protein 2 OS=Drosophila melanogaster OX=7227 GN=Arp2 PE=2 SV=3
g14563	896.7	0.1638	-0.183	0.7596	sp|Q66J51|EIF3I_XENLA Eukaryotic translation initiation factor 3 subunit I OS=Xenopus laevis OX=8355 GN=eif3i PE=2 SV=1
g4099	918.4	0.1774	0.263	0.5617	
g502	754.3	0.0865	0.010	0.9921	sp|Q4R7H0|TTL10_MACFA Protein polyglycylase TTLL10 OS=Macaca fascicularis OX=9541 GN=TTLL10 PE=2 SV=1
g2993	770.0	0.0957	0.244	0.6591	sp|Q8RWF4|NIPA8_ARATH Probable magnesium transporter NIPA8 OS=Arabidopsis thaliana OX=3702 GN=At3g26670 PE=2 SV=1
g12630	811.9	0.1200	0.251	0.6566	
g14025	868.3	0.1524	0.118	0.9075	
g7028	1747.2	0.6442	0.871	0.0764	
g15310	1090.4	0.2774	-0.243	0.7717	sp|P33160|FDH_PSESR Formate dehydrogenase OS=Pseudomonas sp. (strain 101) OX=33067 PE=1 SV=3
g10509	875.5	0.1579	-0.443	0.1587	
g6486	791.5	0.1109	0.164	0.8467	sp|O75600|KBL_HUMAN 2-amino-3-ketobutyrate coenzyme A ligase, mitochondrial OS=Homo sapiens OX=9606 GN=GCAT PE=1 SV=1
g8645	860.0	0.1498	0.151	0.8543	
g2079	809.3	0.1215	0.257	0.6089	sp|P56201|G6PE_RABIT GDH/6PGL endoplasmic bifunctional protein OS=Oryctolagus cuniculus OX=9986 GN=H6PD PE=1 SV=3
g96	1245.4	0.3673	0.311	0.5801	
g8831	1006.5	0.2336	0.342	0.6246	sp|Q6BLK0|RL44_DEBHA Large ribosomal subunit protein eL42 OS=Debaryomyces hansenii (strain ATCC 36239 / CBS 767 / BCRC 21394 / JCM 1990 / NBRC 0083 / IGC 2968) OX=284592 GN=RPL44 PE=3 SV=3
g15598	754.8	0.0919	0.056	0.9614	sp|Q9LKZ1|MK2_CAPAN Mitogen-activated protein kinase 2 OS=Capsicum annuum OX=4072 GN=MK2 PE=1 SV=1
g15431	1602.8	0.5697	0.286	0.7955	sp|Q9DCM0|ETHE1_MOUSE Persulfide dioxygenase ETHE1, mitochondrial OS=Mus musculus OX=10090 GN=Ethe1 PE=1 SV=2
g9644	1002.8	0.2318	-0.489	0.1860	
g12503	798.2	0.1166	-0.090	0.9293	
g5863	804.0	0.1200	0.297	0.5245	sp|Q8T1C6|GNT1_DICDI [Skp1-protein]-hydroxyproline N-acetylglucosaminyltransferase OS=Dictyostelium discoideum OX=44689 GN=gnt1 PE=1 SV=2
g2413	1290.5	0.3943	0.763	0.0569	sp|O60146|YNSG_SCHPO Uncharacterized transporter C18H10.16 OS=Schizosaccharomyces pombe (strain 972 / ATCC 24843) OX=284812 GN=SPBC18H10.16 PE=1 SV=2
g14327	790.9	0.1128	0.260	0.6229	sp|P55011|S12A2_HUMAN Solute carrier family 12 member 2 OS=Homo sapiens OX=9606 GN=SLC12A2 PE=1 SV=1
g4596	834.2	0.1375	-0.015	0.9901	
g14090	888.5	0.1689	0.198	0.7673	sp|P14646|PDE4B_RAT 3',5'-cyclic-AMP phosphodiesterase 4B OS=Rattus norvegicus OX=10116 GN=Pde4b PE=1 SV=4
g13281	842.7	0.1431	-0.203	0.7609	sp|Q3EAQ5|PTR36_ARATH Probable peptide/nitrate transporter At3g43790 OS=Arabidopsis thaliana OX=3702 GN=ZIFL2 PE=2 SV=2
g6204	830.8	0.1365	0.221	0.7488	
g6677	1037.4	0.2537	0.266	0.7454	sp|Q9LKI7|TCPG_CONWE T-complex protein 1 subunit gamma OS=Conticribra weissflogii OX=1577725 PE=2 SV=1
g13374	829.7	0.1364	0.217	0.7851	
g7361	1248.9	0.3741	-0.117	0.9210	
g3197	1211.6	0.3533	0.400	0.6089	sp|F8RP11|HSOP_WHEAT Hsp70-Hsp90 organizing protein OS=Triticum aestivum OX=4565 GN=HOP PE=1 SV=1
g1387	938.3	0.1987	0.399	0.3877	
g11229	664.1	0.0434	-0.035	0.9723	sp|Q12702|2ABA_SCHPO Protein phosphatase PP2A regulatory subunit B OS=Schizosaccharomyces pombe (strain 972 / ATCC 24843) OX=284812 GN=pab1 PE=1 SV=2
g923	839.7	0.1437	-0.274	0.5544	sp|P21569|CYPH_MAIZE Peptidyl-prolyl cis-trans isomerase OS=Zea mays OX=4577 GN=CYP PE=2 SV=1
g15875	887.6	0.1710	-0.147	0.8693	sp|Q2KHU8|IF2G_BOVIN Eukaryotic translation initiation factor 2 subunit 3 OS=Bos taurus OX=9913 GN=EIF2S3 PE=2 SV=1
g14229	960.0	0.2124	-0.590	0.0594	sp|Q8L5Y6|CAND1_ARATH Cullin-associated NEDD8-dissociated protein 1 OS=Arabidopsis thaliana OX=3702 GN=CAND1 PE=1 SV=1
g14338	742.0	0.0895	0.030	0.9780	sp|Q0WP36|MOT2_ARATH Molybdate transporter 2 OS=Arabidopsis thaliana OX=3702 GN=MOT2 PE=1 SV=2
g12976	1056.8	0.2698	-0.043	0.9665	sp|P25605|ILV6_YEAST Acetolactate synthase small subunit, mitochondrial OS=Saccharomyces cerevisiae (strain ATCC 204508 / S288c) OX=559292 GN=ILV6 PE=1 SV=2
g3235	1646.9	0.6070	-0.150	0.8825	sp|P34795|G6PI_ARATH Glucose-6-phosphate isomerase, cytosolic OS=Arabidopsis thaliana OX=3702 GN=PGIC PE=1 SV=1
g9512	798.4	0.1230	0.324	0.4594	sp|G0S3B8|VPS13_THET3 Intermembrane lipid transfer protein VPS13 OS=Thermochaetoides thermophila (strain DSM 1495 / CBS 144.50 / DAOM 24625 / IMI 039719) OX=759272 GN=VPS13 PE=1 SV=1
g2153	1111.6	0.3025	-0.039	0.9683	sp|P22675|ARLY_CHLRE Argininosuccinate lyase OS=Chlamydomonas reinhardtii OX=3055 GN=ARG7 PE=2 SV=2
g11109	1109.7	0.3014	-0.410	0.3479	sp|P05202|AATM_MOUSE Aspartate aminotransferase, mitochondrial OS=Mus musculus OX=10090 GN=Got2 PE=1 SV=1
g8781	841.0	0.1479	-0.212	0.7603	sp|O96876|TCP17_TRYCR Protein TCP17 OS=Trypanosoma cruzi OX=5693 GN=TCP17 PE=1 SV=1
g12476	741.9	0.0915	0.032	0.9757	
g14292	776.6	0.1117	0.261	0.6092	sp|Q6PNC0|DMXL1_MOUSE DmX-like protein 1 OS=Mus musculus OX=10090 GN=Dmxl1 PE=1 SV=1
g16015	1408.5	0.4741	-0.275	0.5686	sp|Q8TZW4|AMPK_PYRFU Lysyl aminopeptidase OS=Pyrococcus furiosus (strain ATCC 43587 / DSM 3638 / JCM 8422 / Vc1) OX=186497 GN=PF1861 PE=1 SV=1
g4483	857.7	0.1588	0.247	0.6244	sp|Q8BKU8|TM87B_MOUSE Transmembrane protein 87B OS=Mus musculus OX=10090 GN=Tmem87b PE=2 SV=1
g7577	1101.3	0.2987	-0.541	0.3922	
g8310	1099.3	0.2982	-0.372	0.5212	
g9953	786.7	0.1187	0.294	0.5219	sp|P0CM31|ATG2_CRYD3 Autophagy-related protein 2 OS=Cryptococcus deneoformans (strain B-3501A) OX=283643 GN=ATG2 PE=3 SV=1
g4001	903.2	0.1857	-0.113	0.9258	sp|Q65WY8|SSP1B_ORYSJ FACT complex subunit SSRP1-B OS=Oryza sativa subsp. japonica OX=39947 GN=SSRP1-B PE=2 SV=1
g2142	1135.9	0.3199	-0.026	0.9831	sp|B8G663|PDXS_CHLAD Pyridoxal 5'-phosphate synthase subunit PdxS OS=Chloroflexus aggregans (strain MD-66 / DSM 9485) OX=326427 GN=pdxS PE=3 SV=1
g5356	1057.7	0.2749	0.519	0.3479	sp|P35686|RS20_ORYSJ Small ribosomal subunit protein uS10 OS=Oryza sativa subsp. japonica OX=39947 GN=RPS20 PE=2 SV=2
g6657	866.2	0.1649	0.281	0.5957	
g14622	935.8	0.2054	-0.027	0.9788	sp|Q8H1P9|MB3R3_ARATH Transcription factor MYB3R-3 OS=Arabidopsis thaliana OX=3702 GN=MYB3R3 PE=1 SV=1
g932	999.4	0.2421	-0.113	0.8853	sp|P39126|IDH_BACSU Isocitrate dehydrogenase [NADP] OS=Bacillus subtilis (strain 168) OX=224308 GN=icd PE=1 SV=1
g6593	740.2	0.0933	-0.157	0.8216	sp|P42525|ERK1_DICDI Extracellular signal-regulated kinase 1 OS=Dictyostelium discoideum OX=44689 GN=erkA PE=2 SV=2
g3316	1205.2	0.3614	-0.366	0.3944	sp|Q9DBE9|SPB1_MOUSE pre-rRNA 2'-O-ribose RNA methyltransferase FTSJ3 OS=Mus musculus OX=10090 GN=Ftsj3 PE=1 SV=1
g5429	778.6	0.1156	0.151	0.8389	sp|Q54BI3|Y3610_DICDI LIMR family protein DDB_G0293610 OS=Dictyostelium discoideum OX=44689 GN=DDB_G0293610 PE=3 SV=1
g14803	875.4	0.1720	0.323	0.5356	sp|B2RZ37|REEP5_RAT Receptor expression-enhancing protein 5 OS=Rattus norvegicus OX=10116 GN=Reep5 PE=1 SV=1
g5099	891.2	0.1811	0.158	0.8662	sp|O60884|DNJA2_HUMAN DnaJ homolog subfamily A member 2 OS=Homo sapiens OX=9606 GN=DNAJA2 PE=1 SV=1
g12932	799.6	0.1284	-0.091	0.9256	sp|Q8VZC3|AL121_ARATH Delta-1-pyrroline-5-carboxylate dehydrogenase 12A1, mitochondrial OS=Arabidopsis thaliana OX=3702 GN=ALDH12A1 PE=1 SV=1
g6636	917.2	0.1968	0.216	0.7578	sp|Q9LHE5|TO401_ARATH Mitochondrial import receptor subunit TOM40-1 OS=Arabidopsis thaliana OX=3702 GN=TOM40-1 PE=1 SV=3
g3702	707.9	0.0766	-0.021	0.9848	sp|P59075|GMPR_PHYIN GMP reductase OS=Phytophthora infestans OX=4787 PE=2 SV=1
g3130	1667.8	0.6326	0.727	0.1694	
g10614	786.0	0.1221	0.101	0.9262	
g4392	989.3	0.2400	-0.394	0.4945	
g7691	941.6	0.2132	-0.098	0.9151	sp|J9VYP5|PUR2_CRYN9 Bifunctional purine biosynthetic protein ADE5,7 OS=Cryptococcus neoformans (strain H99 / ATCC 208821 / CBS 10515 / FGSC 9487) OX=235443 GN=ADE57 PE=1 SV=1
g1133	737.5	0.0947	0.231	0.6892	
g4465	975.5	0.2330	-0.513	0.1746	
g3703	761.8	0.1093	-0.130	0.8824	
g15572	809.4	0.1371	0.200	0.8084	
g9015	722.5	0.0869	0.159	0.8226	sp|Q54QU8|Y3629_DICDI Probable zinc transporter protein DDB_G0283629 OS=Dictyostelium discoideum OX=44689 GN=DDB_G0283629 PE=3 SV=1
g6921	1255.2	0.3968	-0.385	0.4566	sp|Q8H1P9|MB3R3_ARATH Transcription factor MYB3R-3 OS=Arabidopsis thaliana OX=3702 GN=MYB3R3 PE=1 SV=1
g12776	899.2	0.1899	0.122	0.8949	sp|Q9NB71|HIW_DROME E3 ubiquitin-protein ligase highwire OS=Drosophila melanogaster OX=7227 GN=hiw PE=1 SV=2
g12909	775.3	0.1183	0.165	0.8103	sp|Q0II73|CBPO_BOVIN Carboxypeptidase O OS=Bos taurus OX=9913 GN=CPO PE=2 SV=1
g424	817.3	0.1433	0.286	0.6304	sp|P08842|STS_HUMAN Steryl-sulfatase OS=Homo sapiens OX=9606 GN=STS PE=1 SV=2
g10906	955.5	0.2240	0.354	0.4232	
g6515	804.1	0.1365	0.023	0.9848	sp|Q0VCA3|LETM1_BOVIN Mitochondrial proton/calcium exchanger protein OS=Bos taurus OX=9913 GN=LETM1 PE=2 SV=1
g10507	897.7	0.1913	0.318	0.5535	
g10414	867.1	0.1734	0.179	0.8109	
g8860	1293.0	0.4228	-0.468	0.2292	sp|P24590|PGK_HYPRU Phosphoglycerate kinase OS=Hypocrea rufa OX=5547 GN=pgk1 PE=3 SV=2
g9221	783.1	0.1251	-0.100	0.9275	sp|P01104|MYB_AVIMB Transforming protein Myb OS=Avian myeloblastosis virus OX=11866 GN=V-MYB PE=1 SV=2
g1814	771.2	0.1184	-0.085	0.9379	sp|F1R4C4|PIS4A_DANRE E3 SUMO-protein ligase PIAS4-A OS=Danio rerio OX=7955 GN=pias4a PE=2 SV=2
g772	1191.7	0.3654	0.387	0.2580	
g490	939.0	0.2180	0.336	0.5613	sp|Q9UNX3|RL26L_HUMAN Ribosomal protein uL24-like OS=Homo sapiens OX=9606 GN=RPL26L1 PE=1 SV=1
g4857	844.2	0.1633	0.097	0.9254	sp|P54641|VA0D_DICDI V-type proton ATPase subunit d OS=Dictyostelium discoideum OX=44689 GN=vatD-1 PE=1 SV=2
g11708	839.2	0.1605	0.019	0.9848	
g12554	943.4	0.2220	-0.128	0.9225	sp|Q6PD62|CTR9_HUMAN RNA polymerase-associated protein CTR9 homolog OS=Homo sapiens OX=9606 GN=CTR9 PE=1 SV=1
g13300	921.8	0.2096	-0.126	0.8742	
g9286	970.1	0.2380	0.284	0.7263	
g653	1139.9	0.3392	0.229	0.6797	sp|Q32KL4|RMD1_BOVIN Regulator of microtubule dynamics protein 1 OS=Bos taurus OX=9913 GN=RMDN1 PE=2 SV=1
g2692	738.0	0.1023	0.185	0.7790	sp|Q8BXN7|PPM1K_MOUSE Protein phosphatase Mn(2+)-dependent 1K OS=Mus musculus OX=10090 GN=Ppm1k PE=1 SV=1
g16072	822.8	0.1527	0.006	0.9944	sp|Q9GR88|ERF1_POLMI Eukaryotic peptide chain release factor subunit 1 OS=Polyandrocarpa misakiensis OX=7723 GN=ERF1 PE=2 SV=1
g7681	1211.0	0.3826	0.631	0.2116	sp|Q803C1|RNF8_DANRE E3 ubiquitin-protein ligase rnf8 OS=Danio rerio OX=7955 GN=rnf8 PE=2 SV=1
g13742	742.7	0.1058	-0.080	0.9404	
g11272	822.4	0.1545	-0.074	0.9450	sp|B7EA73|PSA_ORYSJ Puromycin-sensitive aminopeptidase OS=Oryza sativa subsp. japonica OX=39947 GN=Os08g0562700 PE=2 SV=1
g9496	843.2	0.1677	0.077	0.9543	sp|Q9HBY8|SGK2_HUMAN Serine/threonine-protein kinase Sgk2 OS=Homo sapiens OX=9606 GN=SGK2 PE=1 SV=2
g11024	798.5	0.1417	0.337	0.4492	
g5730	864.0	0.1812	0.368	0.4444	sp|Q7SXW4|EMC3_DANRE ER membrane protein complex subunit 3 OS=Danio rerio OX=7955 GN=emc3 PE=2 SV=1
g14381	757.1	0.1177	0.017	0.9851	sp|Q9NW08|RPC2_HUMAN DNA-directed RNA polymerase III subunit RPC2 OS=Homo sapiens OX=9606 GN=POLR3B PE=1 SV=2
g8719	986.0	0.2544	0.021	0.9848	sp|Q6PFJ1|NGDN_DANRE Neuroguidin OS=Danio rerio OX=7955 GN=ngdn PE=2 SV=1
g3663	1059.3	0.2993	-0.134	0.8627	sp|P37980|IPYR_BOVIN Inorganic pyrophosphatase OS=Bos taurus OX=9913 GN=PPA1 PE=1 SV=2
g7522	785.9	0.1362	-0.094	0.9205	
g3396	771.0	0.1273	-0.245	0.7173	
g64	756.3	0.1188	-0.242	0.6822	sp|Q54IK1|RRAGA_DICDI Ras-related GTP-binding protein A OS=Dictyostelium discoideum OX=44689 GN=ragA PE=2 SV=1
g4096	830.7	0.1635	0.185	0.7952	sp|Q92616|GCN1_HUMAN Stalled ribosome sensor GCN1 OS=Homo sapiens OX=9606 GN=GCN1 PE=1 SV=7
g12234	1236.7	0.4065	-0.680	0.0867	
g11801	802.5	0.1468	0.286	0.5434	
g3143	941.1	0.2297	-0.359	0.3332	sp|P14868|SYDC_HUMAN Aspartate--tRNA ligase, cytoplasmic OS=Homo sapiens OX=9606 GN=DARS1 PE=1 SV=2
g15317	1014.3	0.2740	-0.157	0.8559	sp|Q5S7T7|TIM50_PHYIN Mitochondrial import inner membrane translocase subunit TIM50 OS=Phytophthora infestans OX=4787 GN=TIM50 PE=2 SV=1
g865	873.8	0.1898	-0.311	0.6652	
g1221	1122.1	0.3387	-0.725	0.1418	
g10536	728.9	0.1034	0.086	0.9416	
g9696	666.9	0.0664	-0.028	0.9810	sp|P93262|PGMC_MESCR Phosphoglucomutase, cytoplasmic OS=Mesembryanthemum crystallinum OX=3544 GN=PGM1 PE=2 SV=1
g14323	829.3	0.1639	0.372	0.4027	sp|O82568|AAPT2_ARATH Choline/ethanolaminephosphotransferase 2 OS=Arabidopsis thaliana OX=3702 GN=AAPT2 PE=1 SV=1
g7742	830.7	0.1650	0.112	0.9165	sp|Q5REC9|RAB8B_PONAB Ras-related protein Rab-8B OS=Pongo abelii OX=9601 GN=RAB8B PE=2 SV=1
g4131	814.3	0.1557	0.293	0.6100	sp|Q6DF08|UXS1_XENTR UDP-glucuronic acid decarboxylase 1 OS=Xenopus tropicalis OX=8364 GN=uxs1 PE=2 SV=1
g7991	895.9	0.2053	-0.560	0.0699	sp|O00429|DNM1L_HUMAN Dynamin-1-like protein OS=Homo sapiens OX=9606 GN=DNM1L PE=1 SV=2
g1138	715.9	0.0971	0.251	0.6405	
g2901	774.0	0.1321	0.326	0.5073	
g8882	731.9	0.1068	-0.160	0.8503	sp|Q39202|RLK1_ARATH G-type lectin S-receptor-like serine/threonine-protein kinase RLK1 OS=Arabidopsis thaliana OX=3702 GN=RLK1 PE=2 SV=2
g3998	745.2	0.1149	-0.141	0.8820	
g3276	1549.1	0.5991	0.794	0.0847	sp|Q58EA0|FUD1A_XENLA FUN14 domain-containing protein 1A OS=Xenopus laevis OX=8355 GN=fundc1-a PE=2 SV=1
g11143	919.3	0.2206	0.410	0.4536	
g11600	755.0	0.1216	-0.294	0.5156	sp|P14685|PSMD3_MOUSE 26S proteasome non-ATPase regulatory subunit 3 OS=Mus musculus OX=10090 GN=Psmd3 PE=1 SV=3
g6165	931.3	0.2292	0.016	0.9868	sp|D3ZA12|CHD6_RAT ATP-dependent chromatin remodeler CHD6 OS=Rattus norvegicus OX=10116 GN=Chd6 PE=1 SV=2
g2129	801.0	0.1505	0.267	0.6574	sp|Q86V85|GP180_HUMAN Integral membrane protein GPR180 OS=Homo sapiens OX=9606 GN=GPR180 PE=1 SV=1
g13727	757.6	0.1247	0.154	0.8564	sp|Q9FMA3|PEX5_ARATH Peroxisome biogenesis protein 5 OS=Arabidopsis thaliana OX=3702 GN=PEX5 PE=1 SV=1
g5685	925.5	0.2264	-0.342	0.5070	sp|Q3Y416|KKCC_CAEEL Calcium/calmodulin-dependent protein kinase kinase OS=Caenorhabditis elegans OX=6239 GN=ckk-1 PE=1 SV=2
g9649	825.4	0.1660	-0.368	0.3883	sp|P93099|RL13A_CYAPA Large ribosomal subunit protein uL13 OS=Cyanophora paradoxa OX=2762 PE=2 SV=1
g14176	1199.2	0.3925	0.056	0.9700	sp|A5D7C2|SDA1_BOVIN Protein SDA1 homolog OS=Bos taurus OX=9913 GN=SDAD1 PE=2 SV=1
g14776	927.4	0.2284	-0.469	0.2156	sp|P42791|RL182_ARATH Large ribosomal subunit protein eL18y OS=Arabidopsis thaliana OX=3702 GN=RPL18B PE=1 SV=2
g4420	922.1	0.2252	-0.573	0.1026	sp|O34849|YERD_BACSU Glutamate synthase large subunit-like protein YerD OS=Bacillus subtilis (strain 168) OX=224308 GN=yerD PE=3 SV=1
g9336	855.6	0.1852	-0.151	0.9041	sp|Q56YN8|SMC3_ARATH Structural maintenance of chromosomes protein 3 OS=Arabidopsis thaliana OX=3702 GN=SMC3 PE=2 SV=1
g900	920.2	0.2243	0.433	0.3018	sp|Q9SLX0|IMA1B_ORYSJ Importin subunit alpha-1b OS=Oryza sativa subsp. japonica OX=39947 GN=Os05g0155601 PE=1 SV=2
g14741	971.4	0.2563	0.291	0.5931	
g4381	780.0	0.1404	-0.051	0.9681	
g7078	1147.7	0.3641	0.344	0.3834	sp|Q55GK8|KIL1_DICDI Membrane-associated sulfotransferase kil1 OS=Dictyostelium discoideum OX=44689 GN=kil1 PE=3 SV=1
g11049	792.8	0.1487	-0.140	0.8571	sp|F1Q749|DKC1_DANRE H/ACA ribonucleoprotein complex subunit DKC1 OS=Danio rerio OX=7955 GN=dkc1 PE=2 SV=1
g1623	905.9	0.2183	0.091	0.9439	sp|Q42877|RPB2_SOLLC DNA-directed RNA polymerase II subunit RPB2 OS=Solanum lycopersicum OX=4081 GN=RPB2 PE=2 SV=1
g10589	682.9	0.0827	0.141	0.8554	sp|Q9SSJ8|FAB1C_ARATH Putative 1-phosphatidylinositol-3-phosphate 5-kinase FAB1C OS=Arabidopsis thaliana OX=3702 GN=FAB1C PE=2 SV=1
g14543	1238.0	0.4215	0.452	0.4119	sp|Q503L9|NXN_DANRE Nucleoredoxin OS=Danio rerio OX=7955 GN=nxn PE=2 SV=1
g6697	758.5	0.1294	-0.018	0.9849	sp|Q8W0Z9|CCR4A_ARATH Carbon catabolite repressor protein 4 homolog 1 OS=Arabidopsis thaliana OX=3702 GN=CCR4-1 PE=2 SV=1
g5767	722.0	0.1073	0.170	0.8178	sp|Q7ZX22|WDR24_XENLA GATOR2 complex protein WDR24 OS=Xenopus laevis OX=8355 GN=wdr24 PE=2 SV=1
g14896	851.5	0.1865	0.529	0.0732	sp|A9LIW2|CSC1L_BRAJU CSC1-like protein ERD4 OS=Brassica juncea OX=3707 GN=ERD4 PE=3 SV=2
g12205	778.0	0.1423	0.085	0.9433	sp|A2Y6Z7|GINT1_ORYSI Glucosamine inositolphosphorylceramide transferase 1 OS=Oryza sativa subsp. indica OX=39946 GN=GINT1 PE=3 SV=1
g14755	800.4	0.1566	0.395	0.2596	sp|Q2HJD1|LMA2L_BOVIN VIP36-like protein OS=Bos taurus OX=9913 GN=LMAN2L PE=2 SV=1
g14769	658.5	0.0698	0.142	0.8585	sp|Q54VQ7|HDA22_DICDI Type-2 histone deacetylase 2 OS=Dictyostelium discoideum OX=44689 GN=hdaC PE=2 SV=1
g14082	780.4	0.1445	0.018	0.9850	sp|P28665|MUG1_MOUSE Murinoglobulin-1 OS=Mus musculus OX=10090 GN=Mug1 PE=1 SV=3
g414	1049.8	0.3103	0.371	0.5262	
g2349	753.5	0.1288	0.035	0.9785	sp|Q8K4P0|WDR33_MOUSE pre-mRNA 3' end processing protein WDR33 OS=Mus musculus OX=10090 GN=Wdr33 PE=1 SV=1
g10819	1130.9	0.3621	-0.216	0.7581	sp|P30182|TOP2_ARATH DNA topoisomerase 2 OS=Arabidopsis thaliana OX=3702 GN=TOP2 PE=2 SV=2
g9938	878.2	0.2069	-0.050	0.9685	sp|C0QTM4|RS15_PERMH Small ribosomal subunit protein uS15 OS=Persephonella marina (strain DSM 14350 / EX-H1) OX=123214 GN=rpsO PE=3 SV=1
g5683	753.8	0.1306	-0.134	0.8627	
g3792	884.2	0.2111	0.112	0.8913	sp|Q7ZVZ6|PREP_DANRE Presequence protease, mitochondrial OS=Danio rerio OX=7955 GN=pitrm1 PE=2 SV=1
g3210	969.1	0.2637	0.171	0.8742	sp|P79051|RHP16_SCHPO ATP-dependent helicase rhp16 OS=Schizosaccharomyces pombe (strain 972 / ATCC 24843) OX=284812 GN=rhp16 PE=3 SV=2
g7238	769.2	0.1405	0.134	0.8742	sp|Q54CW7|RTPR_DICDI Probable adenosylcobalamin-dependent ribonucleoside-triphosphate reductase OS=Dictyostelium discoideum OX=44689 GN=rtpR PE=3 SV=1
g6668	834.3	0.1811	0.487	0.1176	sp|O13731|UBR11_SCHPO E3 ubiquitin-protein ligase ubr11 OS=Schizosaccharomyces pombe (strain 972 / ATCC 24843) OX=284812 GN=ubr11 PE=1 SV=1
g3900	1016.4	0.2935	0.352	0.4127	
g14865	1084.2	0.3356	0.589	0.1093	sp|Q2PJ68|SGK1_CAEEL Serine/threonine-protein kinase sgk-1 OS=Caenorhabditis elegans OX=6239 GN=sgk-1 PE=1 SV=1
g13484	934.7	0.2438	0.147	0.8337	sp|Q9EQW7|KI13A_MOUSE Kinesin-like protein KIF13A OS=Mus musculus OX=10090 GN=Kif13a PE=1 SV=1
g4747	1201.8	0.4104	0.685	0.1185	sp|Q28147|PP1R8_BOVIN Nuclear inhibitor of protein phosphatase 1 OS=Bos taurus OX=9913 GN=PPP1R8 PE=1 SV=1
g9933	1120.6	0.3608	0.038	0.9689	sp|P42765|THIM_HUMAN 3-ketoacyl-CoA thiolase, mitochondrial OS=Homo sapiens OX=9606 GN=ACAA2 PE=1 SV=2
g14825	874.4	0.2083	0.460	0.2151	
g15943	941.4	0.2529	0.246	0.6922	sp|Q18434|GPA17_CAEEL Guanine nucleotide-binding protein alpha-17 subunit OS=Caenorhabditis elegans OX=6239 GN=odr-3 PE=1 SV=1
g7539	678.8	0.0894	0.029	0.9788	
g6129	688.0	0.0957	0.141	0.8596	sp|Q10137|SEC14_SCHPO Sec14 cytosolic factor OS=Schizosaccharomyces pombe (strain 972 / ATCC 24843) OX=284812 GN=sec14 PE=4 SV=1
g3422	686.4	0.0951	0.207	0.7320	sp|Q75C43|SNX4_EREGS Sorting nexin-4 OS=Eremothecium gossypii (strain ATCC 10895 / CBS 109.51 / FGSC 9923 / NRRL Y-1056) OX=284811 GN=SNX4 PE=3 SV=1
g11108	747.3	0.1331	-0.257	0.6774	
g8137	929.0	0.2466	-0.460	0.1917	
g1470	1019.3	0.3034	-0.230	0.7010	sp|P38605|CAS1_ARATH Cycloartenol synthase OS=Arabidopsis thaliana OX=3702 GN=CAS1 PE=1 SV=2
g326	952.4	0.2621	0.612	0.0533	sp|Q5MB13|ABCG2_MACMU Broad substrate specificity ATP-binding cassette transporter ABCG2 OS=Macaca mulatta OX=9544 GN=ABCG2 PE=2 SV=1
g10718	777.5	0.1532	0.351	0.4148	sp|O80396|M2K3_ARATH Mitogen-activated protein kinase kinase 3 OS=Arabidopsis thaliana OX=3702 GN=MKK3 PE=1 SV=1
g8650	926.9	0.2494	-0.141	0.8777	sp|P0A9L7|PPIC_ECO57 Peptidyl-prolyl cis-trans isomerase C OS=Escherichia coli O157:H7 OX=83334 GN=ppiC PE=3 SV=2
g1645	818.8	0.1815	0.204	0.7703	sp|O64642|URT1_ARATH UTP:RNA uridylyltransferase 1 OS=Arabidopsis thaliana OX=3702 GN=URT1 PE=1 SV=2
g12345	714.3	0.1164	-0.027	0.9831	sp|A2YVR7|PSA2_ORYSI Proteasome subunit alpha type-2 OS=Oryza sativa subsp. indica OX=39946 GN=PAB1 PE=2 SV=2
g10294	972.3	0.2792	0.493	0.3758	
g7325	807.2	0.1764	0.125	0.8742	
g11159	605.0	0.0492	-0.038	0.9702	sp|Q54GE3|VPS45_DICDI Vacuolar protein sorting-associated protein 45 OS=Dictyostelium discoideum OX=44689 GN=vps45 PE=1 SV=1
g2452	752.9	0.1448	0.397	0.2793	
g12722	1445.5	0.5859	0.788	0.1668	
g9213	760.3	0.1511	-0.151	0.8474	sp|Q72JU9|RL19_THET2 Large ribosomal subunit protein bL19 OS=Thermus thermophilus (strain ATCC BAA-163 / DSM 7039 / HB27) OX=262724 GN=rplS PE=1 SV=1
g5220	685.9	0.1049	0.295	0.5257	sp|Q9ZVN4|DSP1_ARATH Inositol diphosphatase DSP1 OS=Arabidopsis thaliana OX=3702 GN=DSP1 PE=1 SV=1
g16011	788.7	0.1711	-0.324	0.4355	sp|Q8S9J2|SYYC1_ARATH Tyrosine--tRNA ligase 1, cytoplasmic OS=Arabidopsis thaliana OX=3702 GN=At2g33840 PE=2 SV=1
g429	662.7	0.0906	0.115	0.9076	
g8770	854.0	0.2131	0.360	0.3362	sp|Q9FN03|UVR8_ARATH Ultraviolet-B receptor UVR8 OS=Arabidopsis thaliana OX=3702 GN=UVR8 PE=1 SV=1
g379	680.3	0.1020	-0.098	0.9180	
g7200	917.5	0.2550	-0.091	0.9264	
g1472	764.3	0.1571	-0.193	0.8152	sp|B7FXW1|SQLE_PHATC Alternative squalene epoxidase OS=Phaeodactylum tricornutum (strain CCAP 1055/1) OX=556484 GN=PHATRDRAFT_45494 PE=1 SV=1
g4966	861.2	0.2204	0.035	0.9779	sp|Q9VVI3|NEDD4_DROME E3 ubiquitin-protein ligase Nedd-4 OS=Drosophila melanogaster OX=7227 GN=Nedd4 PE=1 SV=2
g14811	983.5	0.2992	0.378	0.4686	
g15	661.3	0.0920	-0.252	0.6369	
g15976	751.0	0.1498	0.196	0.7593	sp|Q921C3|BRWD1_MOUSE Bromodomain and WD repeat-containing protein 1 OS=Mus musculus OX=10090 GN=Brwd1 PE=1 SV=2
g2831	782.5	0.1703	0.345	0.5150	sp|Q7ZZ25|ATD1A_DANRE Outer mitochondrial transmembrane helix translocase OS=Danio rerio OX=7955 GN=atad1a PE=2 SV=2
g4682	679.5	0.1048	0.182	0.8152	sp|P32361|IRE1_YEAST Serine/threonine-protein kinase/endoribonuclease IRE1 OS=Saccharomyces cerevisiae (strain ATCC 204508 / S288c) OX=559292 GN=IRE1 PE=1 SV=2
g15961	643.5	0.0818	-0.171	0.8127	sp|Q9SL76|P2C19_ARATH Protein phosphatase 2C and cyclic nucleotide-binding/kinase domain-containing protein OS=Arabidopsis thaliana OX=3702 GN=At2g20050/At2g20040 PE=2 SV=2
g13255	724.8	0.1346	-0.279	0.6086	sp|Q9SJW6|ARC1B_ARATH Actin-related protein 2/3 complex subunit 1B OS=Arabidopsis thaliana OX=3702 GN=ARPC1B PE=2 SV=1
g5040	717.5	0.1300	0.153	0.8340	sp|Q88RC0|DAVD_PSEPK Glutarate-semialdehyde dehydrogenase OS=Pseudomonas putida (strain ATCC 47054 / DSM 6125 / CFBP 8728 / NCIMB 11950 / KT2440) OX=160488 GN=davD PE=3 SV=1
g6173	826.0	0.2003	0.136	0.9222	sp|O77302|RS10_LUMRU Small ribosomal subunit protein eS10 OS=Lumbricus rubellus OX=35632 GN=RPS10 PE=2 SV=1
g4941	1149.6	0.4097	0.508	0.2358	
g571	791.9	0.1791	0.172	0.8621	sp|Q7F0J0|CML13_ORYSJ Probable calcium-binding protein CML13 OS=Oryza sativa subsp. japonica OX=39947 GN=CML13 PE=2 SV=1
g5846	1201.2	0.4449	0.110	0.9347	sp|Q01813|PFKAP_HUMAN ATP-dependent 6-phosphofructokinase, platelet type OS=Homo sapiens OX=9606 GN=PFKP PE=1 SV=2
g1393	775.5	0.1693	0.214	0.7929	
g9669	752.5	0.1546	-0.289	0.5985	sp|Q8RWF4|NIPA8_ARATH Probable magnesium transporter NIPA8 OS=Arabidopsis thaliana OX=3702 GN=At3g26670 PE=2 SV=1
g1695	730.2	0.1405	0.219	0.7263	
g13828	915.4	0.2608	0.554	0.1906	
g9711	660.9	0.0958	0.148	0.8585	sp|Q8CG45|ARK72_RAT Aflatoxin B1 aldehyde reductase member 2 OS=Rattus norvegicus OX=10116 GN=Akr7a2 PE=1 SV=2
g10736	672.7	0.1038	0.193	0.7862	sp|Q6ZFH6|RCN11_ORYSJ Beta-1,2-xylosyltransferase RCN11 OS=Oryza sativa subsp. japonica OX=39947 GN=RCN11 PE=1 SV=1
g3129	1097.5	0.3808	-0.111	0.9072	
g7319	612.0	0.0650	0.099	0.9165	sp|Q87RN8|KPRS_VIBPA Ribose-phosphate pyrophosphokinase OS=Vibrio parahaemolyticus serotype O3:K6 (strain RIMD 2210633) OX=223926 GN=prs PE=3 SV=1
g385	985.0	0.3080	-0.114	0.9370	sp|Q8BKZ9|ODPX_MOUSE Pyruvate dehydrogenase protein X component, mitochondrial OS=Mus musculus OX=10090 GN=Pdhx PE=1 SV=1
g12227	688.5	0.1149	-0.076	0.9508	sp|A4FV68|2A5E_BOVIN Serine/threonine-protein phosphatase 2A 56 kDa regulatory subunit epsilon isoform OS=Bos taurus OX=9913 GN=PPP2R5E PE=1 SV=1
g3785	704.7	0.1256	0.114	0.8949	sp|Q54KB7|DHE3_DICDI Glutamate dehydrogenase, mitochondrial OS=Dictyostelium discoideum OX=44689 GN=gluD PE=1 SV=1
g4126	1096.4	0.3809	-0.357	0.3429	sp|P38205|NCL1_YEAST Multisite-specific tRNA:(cytosine-C(5))-methyltransferase OS=Saccharomyces cerevisiae (strain ATCC 204508 / S288c) OX=559292 GN=NCL1 PE=1 SV=1
g13002	800.0	0.1890	0.403	0.3690	
g10248	1013.1	0.3292	-0.534	0.4927	sp|Q8MVR1|GBPC_DICDI Cyclic GMP-binding protein C OS=Dictyostelium discoideum OX=44689 GN=gbpC PE=1 SV=1
g1389	709.4	0.1308	0.330	0.4662	sp|Q947D2|PRAF1_ARATH PH, RCC1 and FYVE domains-containing protein 1 OS=Arabidopsis thaliana OX=3702 GN=PRAF1 PE=1 SV=1
g15597	760.1	0.1641	0.019	0.9849	sp|Q54W24|ABCB4_DICDI ABC transporter B family member 4 OS=Dictyostelium discoideum OX=44689 GN=abcB4 PE=3 SV=1
g13345	907.6	0.2607	0.013	0.9912	sp|Q6IVV8|PKD2_DANRE Polycystin-2 OS=Danio rerio OX=7955 GN=pkd2 PE=1 SV=1
g13568	764.5	0.1670	-0.253	0.6903	sp|Q8MIH6|RECO_CANLF Recoverin OS=Canis lupus familiaris OX=9615 GN=RCVRN PE=3 SV=1
g2829	936.1	0.2796	0.278	0.5858	sp|Q7L5N7|PCAT2_HUMAN Lysophosphatidylcholine acyltransferase 2 OS=Homo sapiens OX=9606 GN=LPCAT2 PE=1 SV=1
g9167	641.8	0.0872	0.246	0.6500	
g2598	659.5	0.0990	-0.212	0.7433	sp|A5WVX9|ZDH17_DANRE Palmitoyltransferase ZDHHC17 OS=Danio rerio OX=7955 GN=zdhhc17 PE=2 SV=1
g10410	693.6	0.1218	-0.034	0.9757	
g8374	665.8	0.1044	-0.126	0.8810	sp|Q9SY55|ECA3_ARATH Calcium-transporting ATPase 3, endoplasmic reticulum-type OS=Arabidopsis thaliana OX=3702 GN=ECA3 PE=1 SV=3
g13741	833.0	0.2145	-0.018	0.9862	sp|Q04827|CCND2_RAT G1/S-specific cyclin-D2 OS=Rattus norvegicus OX=10116 GN=Ccnd2 PE=1 SV=1
g14399	871.9	0.2407	0.271	0.6399	sp|P15398|RPA1_SCHPO DNA-directed RNA polymerase I subunit rpa1 OS=Schizosaccharomyces pombe (strain 972 / ATCC 24843) OX=284812 GN=rpa1 PE=1 SV=2
g4020	655.7	0.0983	-0.101	0.9225	
g4462	696.1	0.1254	0.333	0.4238	sp|Q4U2R1|HERC2_MOUSE E3 ubiquitin-protein ligase HERC2 OS=Mus musculus OX=10090 GN=Herc2 PE=1 SV=3
g4097	795.1	0.1910	-0.072	0.9433	sp|Q1JPX3|SYFA_DANRE Phenylalanine--tRNA ligase alpha subunit OS=Danio rerio OX=7955 GN=farsa PE=2 SV=2
g11267	621.2	0.0769	0.134	0.8758	sp|Q5XI57|TTL10_RAT Protein polyglycylase TTLL10 OS=Rattus norvegicus OX=10116 GN=Ttll10 PE=2 SV=2
g5597	642.0	0.0915	0.182	0.7823	sp|Q9EQH3|VPS35_MOUSE Vacuolar protein sorting-associated protein 35 OS=Mus musculus OX=10090 GN=Vps35 PE=1 SV=1
g9228	681.8	0.1179	0.080	0.9439	sp|Q5UP79|YR008_MIMIV Uncharacterized putative helicase R8 OS=Acanthamoeba polyphaga mimivirus OX=212035 GN=MIMI_R8 PE=3 SV=1
g10514	732.7	0.1517	-0.401	0.3175	sp|Q8GY23|UPL1_ARATH E3 ubiquitin-protein ligase UPL1 OS=Arabidopsis thaliana OX=3702 GN=UPL1 PE=1 SV=3
g11282	608.5	0.0696	0.062	0.9562	sp|Q8W4I9|AML1_ARATH Protein MEI2-like 1 OS=Arabidopsis thaliana OX=3702 GN=ML1 PE=1 SV=1
g1390	756.3	0.1681	0.170	0.8036	sp|C0SPB2|YWTG_BACSU Putative metabolite transport protein YwtG OS=Bacillus subtilis (strain 168) OX=224308 GN=ywtG PE=3 SV=1
g12598	998.1	0.3285	-0.293	0.5171	sp|Q55512|DHAS_SYNY3 Aspartate-semialdehyde dehydrogenase OS=Synechocystis sp. (strain ATCC 27184 / PCC 6803 / Kazusa) OX=1111708 GN=asd PE=3 SV=2
g13643	1159.1	0.4353	0.754	0.0594	sp|Q5MIZ7|P4R3B_HUMAN Serine/threonine-protein phosphatase 4 regulatory subunit 3B OS=Homo sapiens OX=9606 GN=PPP4R3B PE=1 SV=2
g7018	680.6	0.1180	0.213	0.7566	sp|P37833|AATC_ORYSJ Aspartate aminotransferase, cytoplasmic OS=Oryza sativa subsp. japonica OX=39947 GN=Os01g0760600 PE=2 SV=1
g4013	1102.9	0.3993	-0.169	0.8394	sp|P21775|THIKA_RAT 3-ketoacyl-CoA thiolase A, peroxisomal OS=Rattus norvegicus OX=10116 GN=Acaa1a PE=1 SV=3
g5443	733.1	0.1539	-0.248	0.6642	sp|Q9LTH4|PCLL_ARATH Transcription factor BOA OS=Arabidopsis thaliana OX=3702 GN=BOA PE=2 SV=1
g13827	644.7	0.0952	0.232	0.7025	sp|P0CB66|MED14_DICDI Putative mediator of RNA polymerase II transcription subunit 14 OS=Dictyostelium discoideum OX=44689 GN=med14 PE=3 SV=1
g10596	750.2	0.1657	0.062	0.9621	
g14313	720.1	0.1459	0.121	0.9138	sp|P81477|PHYB_BADPO Ribonuclease Phyb OS=Badhamia polycephala OX=5791 PE=1 SV=1
g2654	762.3	0.1741	-0.406	0.3392	sp|P49721|PSB2_HUMAN Proteasome subunit beta type-2 OS=Homo sapiens OX=9606 GN=PSMB2 PE=1 SV=1
g8730	757.6	0.1716	-0.154	0.8449	sp|P40984|UBC9_SCHPO SUMO-conjugating enzyme ubc9 OS=Schizosaccharomyces pombe (strain 972 / ATCC 24843) OX=284812 GN=hus5 PE=1 SV=1
g10270	764.9	0.1779	0.331	0.4288	sp|D4B1R0|GCP1_ARTBC Probable glutamate carboxypeptidase ARB_02390 OS=Arthroderma benhamiae (strain ATCC MYA-4681 / CBS 112371) OX=663331 GN=ARB_02390 PE=1 SV=1
g10403	695.9	0.1320	0.137	0.8824	sp|Q86AD7|MYLKB_DICDI Probable myosin light chain kinase DDB_G0271550 OS=Dictyostelium discoideum OX=44689 GN=DDB_G0271550 PE=3 SV=1
g4787	685.5	0.1253	-0.059	0.9616	sp|Q9SEI4|PRS6B_ARATH 26S proteasome regulatory subunit 6B homolog OS=Arabidopsis thaliana OX=3702 GN=RPT3 PE=1 SV=1
g6391	728.3	0.1545	0.374	0.3820	sp|A9CEZ0|SQASE_AGRFC Sulfoquinovosidase OS=Agrobacterium fabrum (strain C58 / ATCC 33970) OX=176299 GN=smoI PE=1 SV=1
g7524	645.2	0.0992	0.042	0.9689	sp|Q8T1C6|GNT1_DICDI [Skp1-protein]-hydroxyproline N-acetylglucosaminyltransferase OS=Dictyostelium discoideum OX=44689 GN=gnt1 PE=1 SV=2
g8908	642.2	0.0973	0.131	0.8891	sp|F4JSE7|EDR2_ARATH Protein ENHANCED DISEASE RESISTANCE 2 OS=Arabidopsis thaliana OX=3702 GN=EDR2 PE=2 SV=1
g6199	653.6	0.1054	0.256	0.6418	sp|Q9NY57|ST32B_HUMAN Serine/threonine-protein kinase 32B OS=Homo sapiens OX=9606 GN=STK32B PE=1 SV=1
g4530	738.9	0.1632	0.050	0.9625	sp|Q9FLX7|NDUA5_ARATH Probable NADH dehydrogenase [ubiquinone] 1 alpha subcomplex subunit 5, mitochondrial OS=Arabidopsis thaliana OX=3702 GN=At5g52840 PE=1 SV=1
g5255	851.3	0.2390	-0.177	0.7798	sp|Q57UM0|VTC1_TRYB2 Vacuolar transporter chaperone complex subunit 1 OS=Trypanosoma brucei brucei (strain 927/4 GUTat10.1) OX=185431 GN=VTC1 PE=3 SV=1
g8325	1001.8	0.3408	0.743	0.0570	sp|Q3UD82|PARP8_MOUSE Protein mono-ADP-ribosyltransferase PARP8 OS=Mus musculus OX=10090 GN=Parp8 PE=2 SV=1
g1933	1414.5	0.6185	0.858	0.0802	
g7292	932.5	0.2950	0.446	0.5427	
g1027	1364.6	0.5862	0.160	0.9225	sp|Q55309|CYSH_SYNE7 Phosphoadenosine 5'-phosphosulfate reductase OS=Synechococcus elongatus (strain ATCC 33912 / PCC 7942 / FACHB-805) OX=1140 GN=cysH PE=3 SV=2
g7737	749.0	0.1713	0.072	0.9462	sp|Q7Z9J4|H2B_AJECA Histone H2B OS=Ajellomyces capsulatus OX=5037 GN=HTB1 PE=3 SV=3
g12448	1511.2	0.6851	0.405	0.6736	sp|P21589|5NTD_HUMAN 5'-nucleotidase OS=Homo sapiens OX=9606 GN=NT5E PE=1 SV=1
g6324	698.4	0.1374	-0.029	0.9823	sp|P11633|NHP6B_YEAST Non-histone chromosomal protein 6B OS=Saccharomyces cerevisiae (strain ATCC 204508 / S288c) OX=559292 GN=NHP6B PE=1 SV=3
g4533	826.6	0.2240	-0.456	0.3118	
g192	796.0	0.2036	-0.228	0.7173	sp|B2KWI3|SID4_AJECA Acyl-CoA ligase SID4 OS=Ajellomyces capsulatus OX=5037 GN=SID4 PE=2 SV=1
g2996	692.1	0.1343	0.217	0.7378	
g13112	676.5	0.1241	0.210	0.7265	
g3822	990.8	0.3367	-0.042	0.9689	sp|A6X2G8|BETB_BRUA4 Betaine aldehyde dehydrogenase OS=Brucella anthropi (strain ATCC 49188 / DSM 6882 / CCUG 24695 / JCM 21032 / LMG 3331 / NBRC 15819 / NCTC 12168 / Alc 37) OX=439375 GN=betB PE=3 SV=1
g2640	662.9	0.1150	-0.225	0.6939	sp|Q8NDZ6|T161B_HUMAN Transmembrane protein 161B OS=Homo sapiens OX=9606 GN=TMEM161B PE=1 SV=1
g14045	812.6	0.2172	-0.096	0.9253	sp|P52550|MYBA_CHICK Myb-related protein A OS=Gallus gallus OX=9031 GN=MYBL1 PE=2 SV=1
g15322	649.4	0.1066	0.269	0.6140	sp|Q9JI39|ABCBA_MOUSE ATP-binding cassette sub-family B member 10, mitochondrial OS=Mus musculus OX=10090 GN=Abcb10 PE=1 SV=1
g9506	761.0	0.1828	0.413	0.3589	sp|O88668|CREG1_MOUSE Protein CREG1 OS=Mus musculus OX=10090 GN=Creg1 PE=1 SV=1
g8937	1000.4	0.3453	-0.311	0.5179	sp|A0A1D6N272|TDPC2_MAIZE Mitochondrial thiamine diphosphate carrier 2 OS=Zea mays OX=4577 GN=GRMZM2G124911 PE=2 SV=1
g13103	742.8	0.1706	-0.213	0.7098	
g4026	714.5	0.1521	0.072	0.9543	sp|Q96G23|CERS2_HUMAN Ceramide synthase 2 OS=Homo sapiens OX=9606 GN=CERS2 PE=1 SV=1
g10915	800.7	0.2108	0.378	0.3115	sp|Q6DN14|MCTP1_HUMAN Multiple C2 and transmembrane domain-containing protein 1 OS=Homo sapiens OX=9606 GN=MCTP1 PE=1 SV=2
g3714	1024.5	0.3638	0.583	0.2227	sp|Q9LR78|BSU1_ARATH Serine/threonine-protein phosphatase BSU1 OS=Arabidopsis thaliana OX=3702 GN=BSU1 PE=1 SV=2
g13901	593.8	0.0710	0.135	0.8703	sp|Q99PV0|PRP8_MOUSE Pre-mRNA-processing-splicing factor 8 OS=Mus musculus OX=10090 GN=Prpf8 PE=1 SV=2
g11691	795.8	0.2086	-0.163	0.8119	sp|Q9SDS7|VATC_ARATH V-type proton ATPase subunit C OS=Arabidopsis thaliana OX=3702 GN=VHA-C PE=1 SV=1
g9913	668.5	0.1222	0.142	0.8693	sp|Q96G03|PGM2_HUMAN Phosphopentomutase OS=Homo sapiens OX=9606 GN=PGM2 PE=1 SV=4
g4959	630.5	0.0964	-0.258	0.6305	sp|Q9C5U3|PRS8A_ARATH 26S proteasome regulatory subunit 8 homolog A OS=Arabidopsis thaliana OX=3702 GN=RPT6A PE=1 SV=1
g2803	678.5	0.1297	-0.103	0.9293	sp|Q6PC19|SSU72_DANRE RNA polymerase II subunit A C-terminal domain phosphatase SSU72 OS=Danio rerio OX=7955 GN=ssu72 PE=2 SV=1
g7497	1194.1	0.4821	-0.218	0.7323	sp|P22307|SCP2_HUMAN Sterol carrier protein 2 OS=Homo sapiens OX=9606 GN=SCP2 PE=1 SV=2
g4771	832.3	0.2352	0.092	0.9322	sp|A3LUX6|FM521_PICST Protein FMP52-1, mitochondrial OS=Scheffersomyces stipitis (strain ATCC 58785 / CBS 6054 / NBRC 10063 / NRRL Y-11545) OX=322104 GN=FMP521 PE=3 SV=1
g2298	917.1	0.2933	0.334	0.5822	sp|P0C1H9|PPIB1_RHIO9 Peptidyl-prolyl cis-trans isomerase B1 OS=Rhizopus delemar (strain RA 99-880 / ATCC MYA-4621 / FGSC 9543 / NRRL 43880) OX=246409 GN=cyp8 PE=3 SV=1
g5763	647.9	0.1096	0.162	0.8519	
g14015	760.8	0.1871	0.092	0.9225	sp|Q653S9|NCPR3_ORYSJ NADPH--cytochrome P450 reductase 3 OS=Oryza sativa subsp. japonica OX=39947 GN=CPR3 PE=1 SV=1
g14173	770.5	0.1941	-0.425	0.3992	
g14062	694.6	0.1427	0.311	0.5171	sp|O75038|PLCH2_HUMAN 1-phosphatidylinositol 4,5-bisphosphate phosphodiesterase eta-2 OS=Homo sapiens OX=9606 GN=PLCH2 PE=1 SV=3
g5663	825.6	0.2326	-0.328	0.4355	sp|Q99MN1|SYK_MOUSE Lysine--tRNA ligase OS=Mus musculus OX=10090 GN=Kars1 PE=1 SV=1
g14820	716.4	0.1582	0.182	0.7916	sp|Q54ES9|TCPB_DICDI T-complex protein 1 subunit beta OS=Dictyostelium discoideum OX=44689 GN=cct2 PE=1 SV=1
g1151	733.9	0.1709	-0.129	0.9138	
g9707	709.9	0.1547	-0.252	0.6270	
g4075	687.1	0.1391	-0.146	0.8824	
g10947	771.3	0.1977	-0.058	0.9593	
g15484	701.4	0.1501	-0.359	0.3734	sp|Q91YS8|KCC1A_MOUSE Calcium/calmodulin-dependent protein kinase type 1 OS=Mus musculus OX=10090 GN=Camk1 PE=1 SV=1
g1844	856.3	0.2572	0.305	0.4852	sp|Q9W133|ADCK_DROME AarF domain-containing kinase 1 OS=Drosophila melanogaster OX=7227 GN=Adck1 PE=1 SV=2
g4236	893.2	0.2834	-0.234	0.7283	sp|Q5NCY0|KDM6B_MOUSE Lysine-specific demethylase 6B OS=Mus musculus OX=10090 GN=Kdm6b PE=1 SV=1
g14579	1101.3	0.4272	-0.050	0.9666	sp|P34937|TPIS_HORVU Triosephosphate isomerase, cytosolic OS=Hordeum vulgare OX=4513 PE=1 SV=3
g10319	644.8	0.1120	0.221	0.7339	sp|Q08CD5|RXLT1_DANRE Ribitol-5-phosphate xylosyltransferase 1 OS=Danio rerio OX=7955 GN=rxylt1 PE=2 SV=2
g6219	752.4	0.1866	-0.121	0.9126	sp|Q148J6|ARPC4_BOVIN Actin-related protein 2/3 complex subunit 4 OS=Bos taurus OX=9913 GN=ARPC4 PE=1 SV=3
g7061	660.6	0.1234	0.105	0.9159	
g6368	931.3	0.3106	0.312	0.6883	
g2969	636.2	0.1067	0.250	0.6574	sp|Q9C5H4|MTV1_ARATH Protein MODIFIED TRANSPORT TO THE VACUOLE 1 OS=Arabidopsis thaliana OX=3702 GN=MTV1 PE=1 SV=1
g14022	672.1	0.1325	0.105	0.9112	sp|A2YII8|NADE_ORYSI Glutamine-dependent NAD(+) synthetase OS=Oryza sativa subsp. indica OX=39946 GN=OsI_25032 PE=3 SV=1
g10944	757.0	0.1915	0.277	0.6244	sp|Q9LT17|BBR_ARATH E3 ubiquitin ligase BIG BROTHER-related OS=Arabidopsis thaliana OX=3702 GN=BBR PE=2 SV=1
g2286	759.6	0.1933	0.424	0.2536	sp|Q9MB58|F26_ARATH 6-phosphofructo-2-kinase/fructose-2,6-bisphosphatase OS=Arabidopsis thaliana OX=3702 GN=FKFBP PE=1 SV=1
g10020	729.3	0.1724	0.040	0.9718	
g2370	729.5	0.1730	-0.143	0.8801	sp|Q6PFY8|TRI45_MOUSE E3 ubiquitin-protein ligase TRIM45 OS=Mus musculus OX=10090 GN=Trim45 PE=1 SV=2
g6860	846.2	0.2541	0.157	0.8184	sp|A1APP9|SELD_PELPD Selenide, water dikinase OS=Pelobacter propionicus (strain DSM 2379 / NBRC 103807 / OttBd1) OX=338966 GN=selD PE=3 SV=1
g3005	769.3	0.2010	-0.325	0.6103	sp|Q5ZI08|SPT5H_CHICK Transcription elongation factor SPT5 OS=Gallus gallus OX=9031 GN=SUPT5H PE=2 SV=1
g4095	708.1	0.1591	-0.281	0.5901	sp|Q9GRX6|AIFM1_DICDI Apoptosis-inducing factor 1, mitochondrial OS=Dictyostelium discoideum OX=44689 GN=aif PE=2 SV=1
g6617	579.4	0.0701	-0.131	0.8777	sp|A8X6H4|CMK1_CAEBR Calcium/calmodulin-dependent protein kinase type 1 OS=Caenorhabditis briggsae OX=6238 GN=cmk-1 PE=3 SV=4
g9991	753.4	0.1913	0.494	0.1142	sp|Q49GP3|PI4KB_DANRE Phosphatidylinositol 4-kinase beta OS=Danio rerio OX=7955 GN=pi4kb PE=2 SV=2
g7678	624.4	0.1021	0.263	0.6226	sp|Q9Y2L5|TPPC8_HUMAN Trafficking protein particle complex subunit 8 OS=Homo sapiens OX=9606 GN=TRAPPC8 PE=1 SV=2
g15774	866.3	0.2717	0.227	0.7382	sp|D3KCC4|CRNS1_CHICK Carnosine synthase 1 OS=Gallus gallus OX=9031 GN=CARNS1 PE=1 SV=1
g13280	626.2	0.1043	0.237	0.6939	sp|O84068|TLC1_CHLTR ADP,ATP carrier protein 1 OS=Chlamydia trachomatis serovar D (strain ATCC VR-885 / DSM 19411 / UW-3/Cx) OX=272561 GN=tlcA PE=3 SV=1
g13036	768.8	0.2043	0.327	0.6362	sp|Q22000|PDE4_CAEEL Probable 3',5'-cyclic-AMP phosphodiesterase pde-4 OS=Caenorhabditis elegans OX=6239 GN=pde-4 PE=2 SV=2
g11276	1044.4	0.3977	0.770	0.0559	sp|Q84M24|AB1A_ARATH ABC transporter A family member 1 OS=Arabidopsis thaliana OX=3702 GN=ABCA1 PE=2 SV=2
g13883	648.8	0.1215	-0.080	0.9390	sp|Q9C5C4|ARGE_ARATH Acetylornithine deacetylase OS=Arabidopsis thaliana OX=3702 GN=At4g17830 PE=2 SV=1
g1215	1075.8	0.4209	0.709	0.0623	
g15617	653.6	0.1251	0.055	0.9614	sp|Q8CFK2|TF3B_MOUSE Transcription factor IIIB 90 kDa subunit OS=Mus musculus OX=10090 GN=Brf1 PE=1 SV=1
g4288	824.4	0.2458	0.600	0.1331	
g2068	719.2	0.1719	0.391	0.3674	sp|O60931|CTNS_HUMAN Cystinosin OS=Homo sapiens OX=9606 GN=CTNS PE=1 SV=2
g8488	607.4	0.0936	0.066	0.9509	sp|Q9P2H5|UBP35_HUMAN Ubiquitin carboxyl-terminal hydrolase 35 OS=Homo sapiens OX=9606 GN=USP35 PE=1 SV=3
g447	641.7	0.1177	-0.041	0.9712	sp|Q9SAH5|PLMT_ARATH Phosphatidyl-N-methylethanolamine N-methyltransferase OS=Arabidopsis thaliana OX=3702 GN=PLMT PE=2 SV=1
g6109	616.0	0.0998	-0.133	0.8854	sp|Q5BL63|REEP4_XENTR Receptor expression-enhancing protein 4 OS=Xenopus tropicalis OX=8364 GN=reep4 PE=2 SV=1
g15633	597.5	0.0879	-0.193	0.7636	sp|Q2KJ25|PSD12_BOVIN 26S proteasome non-ATPase regulatory subunit 12 OS=Bos taurus OX=9913 GN=PSMD12 PE=2 SV=3
g6518	786.8	0.2216	-0.568	0.1341	sp|Q87RN8|KPRS_VIBPA Ribose-phosphate pyrophosphokinase OS=Vibrio parahaemolyticus serotype O3:K6 (strain RIMD 2210633) OX=223926 GN=prs PE=3 SV=1
g856	842.0	0.2609	-0.627	0.0636	
g2218	585.5	0.0802	-0.178	0.8045	
g15579	748.2	0.1951	0.522	0.1066	sp|P54644|KRAC_DICDI RAC family serine/threonine-protein kinase homolog OS=Dictyostelium discoideum OX=44689 GN=pkbA PE=1 SV=1
g4559	695.6	0.1583	0.223	0.7025	sp|Q8CFC1|RIOX2_RAT Ribosomal oxygenase 2 OS=Rattus norvegicus OX=10116 GN=Riox2 PE=2 SV=1
g6521	818.1	0.2453	-0.221	0.8003	sp|Q9FJD4|IMB1_ARATH Importin subunit beta-1 OS=Arabidopsis thaliana OX=3702 GN=KPNB1 PE=1 SV=1
g5242	696.6	0.1608	0.132	0.9055	sp|Q8RWU6|NHX6_ARATH Sodium/hydrogen exchanger 6 OS=Arabidopsis thaliana OX=3702 GN=NHX6 PE=1 SV=3
g15968	758.9	0.2052	-0.070	0.9494	sp|Q54IP0|DNJC7_DICDI DnaJ homolog subfamily C member 7 homolog OS=Dictyostelium discoideum OX=44689 GN=dnajc7 PE=1 SV=1
g7400	684.2	0.1523	0.317	0.5535	sp|Q9HFU4|MPI_CRYD1 Mannose-6-phosphate isomerase OS=Cryptococcus deneoformans (strain JEC21 / ATCC MYA-565) OX=214684 GN=MAN1 PE=3 SV=2
g15989	825.5	0.2526	-0.173	0.8374	
g788	602.7	0.0949	-0.178	0.8040	
g4154	1651.2	0.8407	1.096	0.0623	sp|Q03667|MIX17_YEAST Mitochondrial intermembrane space cysteine motif-containing protein MIX17 OS=Saccharomyces cerevisiae (strain ATCC 204508 / S288c) OX=559292 GN=MIX17 PE=1 SV=1
g9791	602.1	0.0948	0.229	0.6980	sp|Q54E34|Y6398_DICDI Probable protein kinase DDB_G0291842 OS=Dictyostelium discoideum OX=44689 GN=DDB_G0291842 PE=3 SV=1
g11816	752.4	0.2024	-0.252	0.7002	sp|P19951|RS142_MAIZE Small ribosomal subunit protein uS11y OS=Zea mays OX=4577 PE=3 SV=1
g14928	622.1	0.1099	0.145	0.8758	sp|Q9W6C5|PDC6I_XENLA Programmed cell death 6-interacting protein OS=Xenopus laevis OX=8355 GN=pdcd6ip PE=1 SV=1
g306	632.9	0.1180	0.305	0.5026	sp|Q7Z2Z2|EFL1_HUMAN Elongation factor-like GTPase 1 OS=Homo sapiens OX=9606 GN=EFL1 PE=1 SV=2
g7380	794.8	0.2337	0.239	0.6922	sp|Q8BGL1|PPM1N_MOUSE Probable protein phosphatase 1N OS=Mus musculus OX=10090 GN=Ppm1n PE=2 SV=1
g9022	966.9	0.3568	-0.240	0.7168	sp|Q7UJ69|ILVD_RHOBA Dihydroxy-acid dehydratase OS=Rhodopirellula baltica (strain DSM 10527 / NCIMB 13988 / SH1) OX=243090 GN=ilvD PE=3 SV=2
g1913	793.7	0.2335	0.349	0.5058	sp|P09437|CYB2_WICAO L-lactate dehydrogenase (cytochrome) OS=Wickerhamomyces anomalus OX=4927 GN=CYB2 PE=1 SV=2
g13799	1135.0	0.4773	0.652	0.1387	sp|Q9P3U4|HEL1_SCHPO E3 ubiquitin-protein ligase dbl4 OS=Schizosaccharomyces pombe (strain 972 / ATCC 24843) OX=284812 GN=dbl4 PE=3 SV=1
g4529	879.3	0.2947	0.587	0.1587	
g3246	716.9	0.1793	0.276	0.6883	
g6174	738.6	0.1953	0.208	0.8249	sp|P0CT60|RL23A_SCHPO Large ribosomal subunit protein uL14A OS=Schizosaccharomyces pombe (strain 972 / ATCC 24843) OX=284812 GN=rpl2301 PE=1 SV=1
g12343	620.8	0.1112	0.185	0.7811	sp|Q9P999|XYLS_SACS2 Alpha-xylosidase OS=Saccharolobus solfataricus (strain ATCC 35092 / DSM 1617 / JCM 11322 / P2) OX=273057 GN=xylS PE=1 SV=1
g11064	597.5	0.0946	-0.124	0.8953	sp|Q8QG64|RBX1_SALSA E3 ubiquitin-protein ligase RBX1 OS=Salmo salar OX=8030 GN=rbx1 PE=2 SV=2
g15520	892.2	0.3061	-0.490	0.1212	
g11078	743.9	0.1999	0.405	0.4140	sp|I1BTD7|EGCR1_RHIO9 Glucosylceramidase OS=Rhizopus delemar (strain RA 99-880 / ATCC MYA-4621 / FGSC 9543 / NRRL 43880) OX=246409 GN=ERC1 PE=1 SV=1
g9887	572.9	0.0773	0.074	0.9450	sp|O86365|Y584_MYCTU Uncharacterized glycosidase Rv0584 OS=Mycobacterium tuberculosis (strain ATCC 25618 / H37Rv) OX=83332 GN=Rv0584 PE=3 SV=1
g7096	658.6	0.1393	0.347	0.4648	sp|Q9BTW9|TBCD_HUMAN Tubulin-specific chaperone D OS=Homo sapiens OX=9606 GN=TBCD PE=1 SV=2
g14675	826.3	0.2600	-0.244	0.6828	
g3230	934.0	0.3382	0.682	0.2254	
g11007	628.9	0.1198	0.154	0.8762	sp|Q7SXR3|MAEA_DANRE E3 ubiquitin-protein transferase MAEA OS=Danio rerio OX=7955 GN=maea PE=2 SV=2
g12917	812.6	0.2526	0.162	0.8564	sp|Q7NZD1|UBIB_CHRVO Probable protein kinase UbiB OS=Chromobacterium violaceum (strain ATCC 12472 / DSM 30191 / JCM 1249 / CCUG 213 / NBRC 12614 / NCIMB 9131 / NCTC 9757 / MK) OX=243365 GN=ubiB PE=3 SV=1
g14656	785.2	0.2330	0.043	0.9718	
g623	749.9	0.2076	-0.222	0.6961	
g5845	650.9	0.1369	-0.370	0.3734	sp|Q8S8S1|PEX16_ARATH Peroxisome biogenesis protein 16 OS=Arabidopsis thaliana OX=3702 GN=PEX16 PE=1 SV=1
g15619	998.1	0.3880	0.826	0.0905	sp|A5CZ28|PROA_PELTS Gamma-glutamyl phosphate reductase OS=Pelotomaculum thermopropionicum (strain DSM 13744 / JCM 10971 / SI) OX=370438 GN=proA PE=3 SV=1
g14541	969.6	0.3676	-0.024	0.9848	sp|O70579|PM34_MOUSE Peroxisomal membrane protein PMP34 OS=Mus musculus OX=10090 GN=Slc25a17 PE=1 SV=1
g5316	619.2	0.1144	0.143	0.8584	
g1520	710.7	0.1806	0.200	0.7756	sp|Q54NS1|CAF17_DICDI Iron-sulfur cluster assembly factor IBA57 homolog, mitochondrial OS=Dictyostelium discoideum OX=44689 GN=caf17 PE=3 SV=1
g12894	717.9	0.1859	-0.414	0.3486	
g888	606.3	0.1052	0.220	0.7257	
g13567	643.9	0.1326	-0.075	0.9474	sp|Q551B5|MIO_DICDI GATOR2 complex protein MIOS OS=Dictyostelium discoideum OX=44689 GN=mios PE=3 SV=1
g9327	712.0	0.1820	0.065	0.9523	sp|Q9ER88|RT29_MOUSE Small ribosomal subunit protein mS29 OS=Mus musculus OX=10090 GN=Dap3 PE=1 SV=1
g10455	567.3	0.0774	0.015	0.9881	
g4066	1325.2	0.6269	0.611	0.3207	sp|Q58455|Y1055_METJA Uncharacterized protein MJ1055 OS=Methanocaldococcus jannaschii (strain ATCC 43067 / DSM 2661 / JAL-1 / JCM 10045 / NBRC 100440) OX=243232 GN=MJ1055 PE=3 SV=1
g13065	753.3	0.2130	0.291	0.6602	
g7017	656.9	0.1437	0.102	0.9349	sp|P47386|Y140_MYCGE Probable ATP-dependent helicase MG140 OS=Mycoplasmoides genitalium (strain ATCC 33530 / DSM 19775 / NCTC 10195 / G37) OX=243273 GN=MG140 PE=3 SV=1
g13965	664.0	0.1494	0.119	0.8910	
g13767	677.6	0.1596	-0.226	0.6938	sp|P56399|UBP5_MOUSE Ubiquitin carboxyl-terminal hydrolase 5 OS=Mus musculus OX=10090 GN=Usp5 PE=1 SV=1
g8652	683.0	0.1638	-0.028	0.9809	
g5371	606.3	0.1083	0.205	0.7703	sp|Q39572|YPTC6_CHLRE Ras-related protein YPTC6 OS=Chlamydomonas reinhardtii OX=3055 GN=YPTC6 PE=3 SV=1
g529	1268.6	0.5908	-1.416	0.4815	
g11814	1184.5	0.5299	0.060	0.9481	sp|C7YQJ2|CBPYA_FUSV7 Carboxypeptidase Y homolog A OS=Fusarium vanettenii (strain ATCC MYA-4622 / CBS 123669 / FGSC 9596 / NRRL 45880 / 77-13-4) OX=660122 GN=CPYA PE=3 SV=1
g11496	612.0	0.1132	0.017	0.9862	sp|Q8CCP0|NEMF_MOUSE Ribosome quality control complex subunit NEMF OS=Mus musculus OX=10090 GN=Nemf PE=1 SV=2
g14044	952.9	0.3621	-0.342	0.4526	sp|Q08759|MYB_XENLA Transcriptional activator Myb OS=Xenopus laevis OX=8355 GN=myb PE=2 SV=1
g14401	1457.9	0.7316	0.864	0.0530	
g9202	654.7	0.1452	-0.091	0.9362	
g9769	634.4	0.1306	0.222	0.7685	sp|O35552|F263_RAT 6-phosphofructo-2-kinase/fructose-2,6-bisphosphatase 3 OS=Rattus norvegicus OX=10116 GN=Pfkfb3 PE=2 SV=1
g6987	677.7	0.1624	-0.180	0.8391	sp|Q9UT92|YL47_SCHPO Uncharacterized transporter C323.07c OS=Schizosaccharomyces pombe (strain 972 / ATCC 24843) OX=284812 GN=SPAC323.07c PE=1 SV=1
g2249	644.6	0.1385	0.166	0.8181	sp|Q9CPX6|ATG3_MOUSE Ubiquitin-like-conjugating enzyme ATG3 OS=Mus musculus OX=10090 GN=Atg3 PE=1 SV=1
g3116	552.6	0.0713	0.089	0.9347	sp|Q6ZPE2|MTMR5_MOUSE Myotubularin-related protein 5 OS=Mus musculus OX=10090 GN=Sbf1 PE=1 SV=2
g6692	826.0	0.2719	0.504	0.2776	sp|P43509|CPR5_CAEEL Cathepsin B-like cysteine proteinase 5 OS=Caenorhabditis elegans OX=6239 GN=cpr-5 PE=2 SV=1
g7452	601.9	0.1080	0.268	0.6049	sp|Q94502|GANAB_DICDI Neutral alpha-glucosidase AB OS=Dictyostelium discoideum OX=44689 GN=modA PE=3 SV=1
g679	579.1	0.0913	-0.198	0.7804	sp|Q58DH2|PISD_BOVIN Phosphatidylserine decarboxylase proenzyme, mitochondrial OS=Bos taurus OX=9913 GN=PISD PE=2 SV=1
g8038	850.7	0.2909	-0.662	0.1116	sp|Q9SMI2|RS21_CYAPA Small ribosomal subunit protein eS21 OS=Cyanophora paradoxa OX=2762 GN=RPS21 PE=3 SV=1
g10985	842.7	0.2857	-0.547	0.3190	sp|Q9M8Z5|NSN1_ARATH Guanine nucleotide-binding protein-like NSN1 OS=Arabidopsis thaliana OX=3702 GN=NSN1 PE=1 SV=1
g14256	838.3	0.2833	0.382	0.3176	
g12995	770.9	0.2340	-0.113	0.8949	sp|O96827|EF1B_DROME Probable elongation factor 1-beta OS=Drosophila melanogaster OX=7227 GN=eEF1beta PE=1 SV=3
g7493	615.7	0.1198	0.059	0.9545	sp|O13844|YFG5_SCHPO Uncharacterized mitochondrial carrier C19G12.05 OS=Schizosaccharomyces pombe (strain 972 / ATCC 24843) OX=284812 GN=SPAC19G12.05 PE=3 SV=1
g3080	879.5	0.3144	0.679	0.0999	
g7337	700.8	0.1831	0.450	0.1981	
g5472	701.0	0.1833	-0.386	0.4048	sp|Q8VZG7|TSN1_ARATH Ribonuclease TUDOR 1 OS=Arabidopsis thaliana OX=3702 GN=TSN1 PE=1 SV=1
g4774	791.4	0.2506	0.447	0.1916	sp|P85971|6PGL_RAT 6-phosphogluconolactonase OS=Rattus norvegicus OX=10116 GN=Pgls PE=1 SV=1
g212	619.0	0.1240	0.022	0.9848	sp|Q9UEW8|STK39_HUMAN STE20/SPS1-related proline-alanine-rich protein kinase OS=Homo sapiens OX=9606 GN=STK39 PE=1 SV=3
g15382	687.0	0.1745	0.359	0.5098	sp|Q7T6Y2|YR831_MIMIV Putative serine/threonine-protein kinase/receptor R831 OS=Acanthamoeba polyphaga mimivirus OX=212035 GN=MIMI_R831 PE=3 SV=2
g2257	621.9	0.1265	0.178	0.8119	
g14160	635.6	0.1369	0.048	0.9685	
g3990	625.8	0.1300	0.199	0.7656	sp|Q9HAU5|RENT2_HUMAN Regulator of nonsense transcripts 2 OS=Homo sapiens OX=9606 GN=UPF2 PE=1 SV=1
g10149	1004.9	0.4111	0.157	0.8457	sp|Q13823|NOG2_HUMAN Nucleolar GTP-binding protein 2 OS=Homo sapiens OX=9606 GN=GNL2 PE=1 SV=1
g11678	628.4	0.1322	0.291	0.5532	sp|Q5F364|MRP1_CHICK Multidrug resistance-associated protein 1 OS=Gallus gallus OX=9031 GN=ABCC1 PE=2 SV=1
g15312	708.4	0.1927	0.158	0.8313	sp|Q9LN20|P4H3_ARATH Probable prolyl 4-hydroxylase 3 OS=Arabidopsis thaliana OX=3702 GN=P4H3 PE=2 SV=1
g3533	691.1	0.1809	0.323	0.5513	sp|Q922Q5|S35B3_MOUSE Adenosine 3'-phospho 5'-phosphosulfate transporter 2 OS=Mus musculus OX=10090 GN=Slc35b3 PE=2 SV=1
g2353	751.6	0.2266	0.450	0.2245	sp|Q9ERI6|RDH14_MOUSE Retinol dehydrogenase 14 OS=Mus musculus OX=10090 GN=Rdh14 PE=1 SV=1
g2344	604.2	0.1179	0.079	0.9379	sp|Q7T6Y2|YR831_MIMIV Putative serine/threonine-protein kinase/receptor R831 OS=Acanthamoeba polyphaga mimivirus OX=212035 GN=MIMI_R831 PE=3 SV=2
g1132	650.9	0.1537	0.187	0.8339	sp|Q921Y4|MFSD5_MOUSE Solute carrier family 61 member 1 OS=Mus musculus OX=10090 GN=Slc61a1 PE=2 SV=1
g2240	706.4	0.1957	-0.418	0.3067	sp|O22775|XXT2_ARATH Xyloglucan 6-xylosyltransferase 2 OS=Arabidopsis thaliana OX=3702 GN=XXT2 PE=1 SV=1
g14804	549.8	0.0785	0.199	0.7650	sp|Q84K35|PUMY_ARATH Pseudouridine-5'-phosphate glycosidase OS=Arabidopsis thaliana OX=3702 GN=PUMY PE=1 SV=1
g14728	634.1	0.1417	0.329	0.5026	sp|Q86C65|TOR_DICDI Serine/threonine-protein kinase tor OS=Dictyostelium discoideum OX=44689 GN=tor PE=1 SV=1
g2641	642.5	0.1480	0.046	0.9704	sp|Q9SFU0|SC24A_ARATH Protein transport protein SEC24 A OS=Arabidopsis thaliana OX=3702 GN=SEC24A PE=1 SV=2
g15784	594.3	0.1121	0.133	0.8936	sp|Q8LBA6|PIS1_ARATH CDP-diacylglycerol--inositol 3-phosphatidyltransferase 1 OS=Arabidopsis thaliana OX=3702 GN=PIS1 PE=1 SV=2
g8906	532.4	0.0657	0.047	0.9682	sp|P47758|SRPRB_MOUSE Signal recognition particle receptor subunit beta OS=Mus musculus OX=10090 GN=Srprb PE=1 SV=1
g2998	843.1	0.2992	0.471	0.2381	sp|Q571E4|GALNS_MOUSE N-acetylgalactosamine-6-sulfatase OS=Mus musculus OX=10090 GN=Galns PE=1 SV=2
g13873	635.6	0.1437	-0.081	0.9509	
g8200	784.6	0.2555	-0.389	0.4638	
g4156	575.7	0.0999	0.056	0.9613	sp|Q8GUN2|HINT1_ARATH Adenylylsulfatase HINT1 OS=Arabidopsis thaliana OX=3702 GN=HINT1 PE=1 SV=1
g2863	587.5	0.1093	-0.069	0.9517	sp|P47808|MYSH_ACACA High molecular weight form of myosin-1 OS=Acanthamoeba castellanii OX=5755 PE=3 SV=1
g13178	644.6	0.1525	0.197	0.7831	sp|Q6NSR8|PEPL1_MOUSE Probable aminopeptidase NPEPL1 OS=Mus musculus OX=10090 GN=Npepl1 PE=1 SV=1
g4853	634.8	0.1455	0.320	0.4748	sp|Q5H8A6|CASTO_LOTJA Ion channel CASTOR OS=Lotus japonicus OX=34305 GN=CASTOR PE=1 SV=1
g13082	602.5	0.1215	0.327	0.4758	sp|Q8H1P9|MB3R3_ARATH Transcription factor MYB3R-3 OS=Arabidopsis thaliana OX=3702 GN=MYB3R3 PE=1 SV=1
g930	569.0	0.0963	-0.145	0.8623	sp|P54776|PRS6A_SOLLC 26S proteasome regulatory subunit 6A homolog OS=Solanum lycopersicum OX=4081 GN=TBP1 PE=2 SV=1
g11249	1270.2	0.6258	0.114	0.9362	sp|Q06530|DHSU_ALLVD Sulfide dehydrogenase [flavocytochrome c] flavoprotein chain OS=Allochromatium vinosum (strain ATCC 17899 / DSM 180 / NBRC 103801 / NCIMB 10441 / D) OX=572477 GN=fccB PE=1 SV=3
g5289	621.7	0.1364	0.131	0.9055	
g1396	1198.1	0.5727	0.711	0.0529	sp|Q62273|S26A2_MOUSE Sulfate transporter OS=Mus musculus OX=10090 GN=Slc26a2 PE=1 SV=1
g7530	699.6	0.1970	0.236	0.7804	sp|Q8NBL1|PGLT1_HUMAN Protein O-glucosyltransferase 1 OS=Homo sapiens OX=9606 GN=POGLUT1 PE=1 SV=1
g638	742.6	0.2298	-0.258	0.6406	
g9334	746.7	0.2331	-0.381	0.3980	sp|F4I460|MYO8_ARATH Myosin-8 OS=Arabidopsis thaliana OX=3702 GN=XI-B PE=3 SV=1
g8112	767.1	0.2488	-0.678	0.0515	sp|Q55GV3|PAKC_DICDI Serine/threonine-protein kinase pakC OS=Dictyostelium discoideum OX=44689 GN=pakC PE=1 SV=2
g1819	656.6	0.1650	0.026	0.9835	
g8691	679.9	0.1829	0.050	0.9627	sp|Q8AVJ0|EIF3L_XENLA Eukaryotic translation initiation factor 3 subunit L OS=Xenopus laevis OX=8355 GN=eif3l PE=2 SV=1
g13233	592.2	0.1164	0.227	0.7217	sp|Q9QYI3|DNJC7_MOUSE DnaJ homolog subfamily C member 7 OS=Mus musculus OX=10090 GN=Dnajc7 PE=1 SV=2
g5092	570.9	0.1003	-0.093	0.9317	
g359	610.1	0.1301	0.028	0.9825	sp|Q23280|DAF41_CAEEL Co-chaperone protein daf-41 OS=Caenorhabditis elegans OX=6239 GN=daf-41 PE=2 SV=1
g12181	650.4	0.1608	0.355	0.4035	
g678	510.8	0.0548	-0.054	0.9614	sp|Q9LZI6|NDS5B_ARATH NADH dehydrogenase [ubiquinone] iron-sulfur protein 5-B OS=Arabidopsis thaliana OX=3702 GN=At3g62790 PE=1 SV=1
g9990	602.0	0.1244	0.121	0.8893	
g4567	666.3	0.1733	0.152	0.8564	sp|Q9USH8|GLU2B_SCHPO Glucosidase 2 subunit beta OS=Schizosaccharomyces pombe (strain 972 / ATCC 24843) OX=284812 GN=gtb1 PE=1 SV=1
g117	692.5	0.1934	0.457	0.2955	
g2835	1509.2	0.8154	-0.658	0.0953	sp|Q9FVN0|AMT13_SOLLC Ammonium transporter 1 member 3 OS=Solanum lycopersicum OX=4081 GN=AMT1-3 PE=2 SV=1
g13180	720.2	0.2151	0.128	0.8893	
g9759	650.8	0.1631	0.126	0.9110	sp|Q8BW72|KDM4A_MOUSE Lysine-specific demethylase 4A OS=Mus musculus OX=10090 GN=Kdm4a PE=1 SV=3
g7612	721.5	0.2173	0.583	0.1097	
g5427	630.0	0.1476	0.207	0.7812	sp|Q2TBH9|COG8_BOVIN Conserved oligomeric Golgi complex subunit 8 OS=Bos taurus OX=9913 GN=COG8 PE=2 SV=1
g11033	916.4	0.3665	0.341	0.4866	sp|Q5AF03|HSP31_CANAL Glyoxalase 3 OS=Candida albicans (strain SC5314 / ATCC MYA-2876) OX=237561 GN=GLX3 PE=1 SV=1
g6556	638.2	0.1545	-0.132	0.8858	sp|Q9SL02|RAD50_ARATH DNA repair protein RAD50 OS=Arabidopsis thaliana OX=3702 GN=RAD50 PE=1 SV=2
g13035	858.1	0.3231	0.424	0.4036	sp|F4I7L1|TRB4_ARATH Telomere repeat-binding factor 4 OS=Arabidopsis thaliana OX=3702 GN=At1g17520 PE=2 SV=2
g14783	636.3	0.1536	-0.406	0.3020	sp|Q9VXX8|RL371_DROME Large ribosomal subunit protein eL37A OS=Drosophila melanogaster OX=7227 GN=RpL37-1 PE=1 SV=1
g3168	768.4	0.2555	-0.171	0.8036	sp|Q0WW17|RWA2_ARATH Protein REDUCED WALL ACETYLATION 2 OS=Arabidopsis thaliana OX=3702 GN=RWA2 PE=1 SV=1
g2450	711.6	0.2121	0.274	0.6074	
g15285	1074.4	0.4904	-0.886	0.6900	
g5113	609.2	0.1343	0.013	0.9917	
g9239	610.7	0.1363	-0.281	0.6384	sp|P30420|TEG_PRIM2 Protein teg OS=Priestia megaterium (strain ATCC 14581 / DSM 32 / CCUG 1817 / JCM 2506 / NBRC 15308 / NCIMB 9376 / NCTC 10342 / NRRL B-14308 / VKM B-512 / Ford 19) OX=1348623 GN=teg PE=3 SV=1
g7022	890.5	0.3518	0.531	0.4657	
g868	705.7	0.2096	0.086	0.9376	sp|A0A068FIK2|KN4A_GOSHI Kinesin-like protein KIN-4A OS=Gossypium hirsutum OX=3635 GN=KIN4A PE=2 SV=1
g3531	645.5	0.1633	-0.216	0.7979	
g3171	870.3	0.3366	0.250	0.7344	sp|Q9FYL6|KCR2_ARATH Very-long-chain 3-oxoacyl-CoA reductase-like protein At1g24470 OS=Arabidopsis thaliana OX=3702 GN=KCR2 PE=2 SV=1
g1448	774.0	0.2628	0.113	0.9165	sp|O60094|DPO5_SCHPO rRNA processing protein pol5 OS=Schizosaccharomyces pombe (strain 972 / ATCC 24843) OX=284812 GN=pol5 PE=1 SV=2
g3947	736.5	0.2342	0.189	0.8820	
g5455	545.3	0.0871	0.117	0.9120	
g3378	657.5	0.1745	0.288	0.6741	sp|Q13627|DYR1A_HUMAN Dual specificity tyrosine-phosphorylation-regulated kinase 1A OS=Homo sapiens OX=9606 GN=DYRK1A PE=1 SV=2
g10154	585.0	0.1191	-0.044	0.9692	
g11879	572.9	0.1097	-0.144	0.8766	sp|Q54QY3|YIPF5_DICDI Protein YIPF5 homolog OS=Dictyostelium discoideum OX=44689 GN=yipf5 PE=3 SV=1
g9789	767.7	0.2609	0.096	0.9225	sp|Q3SZ22|RM46_BOVIN Large ribosomal subunit protein mL46 OS=Bos taurus OX=9913 GN=MRPL46 PE=2 SV=1
g3393	778.7	0.2697	-0.389	0.4197	sp|A0BD92|PURA_PARTE Adenylosuccinate synthetase OS=Paramecium tetraurelia OX=5888 GN=GSPATT00004603001 PE=3 SV=1
g12620	613.6	0.1420	0.191	0.7776	
g9857	572.9	0.1105	0.289	0.5734	sp|A0BQL0|PP2C3_PARTE Probable protein phosphatase 2C 3 OS=Paramecium tetraurelia OX=5888 GN=GSPATT00031056001 PE=3 SV=1
g9164	674.2	0.1891	0.028	0.9831	
g14522	647.1	0.1682	-0.014	0.9899	sp|Q2QVG8|CDPKT_ORYSJ Calcium-dependent protein kinase 29 OS=Oryza sativa subsp. japonica OX=39947 GN=CPK29 PE=2 SV=1
g1809	641.4	0.1643	0.189	0.7746	sp|Q5ZIP4|XRN2_CHICK 5'-3' exoribonuclease 2 OS=Gallus gallus OX=9031 GN=XRN2 PE=2 SV=1
g4863	576.5	0.1143	0.311	0.5162	sp|Q9M291|SC24B_ARATH Protein transport protein SEC24 B OS=Arabidopsis thaliana OX=3702 GN=SEC24B PE=2 SV=3
g7284	566.0	0.1068	0.179	0.8245	sp|Q75BY0|DGAT2_EREGS Diacylglycerol O-acyltransferase 1 OS=Eremothecium gossypii (strain ATCC 10895 / CBS 109.51 / FGSC 9923 / NRRL Y-1056) OX=284811 GN=DGA1 PE=3 SV=1
g15287	1226.3	0.6212	-1.169	0.6662	
g10435	623.9	0.1523	0.317	0.4866	
g15923	636.2	0.1620	0.396	0.3877	sp|A8WRE3|MOCS3_CAEBR Adenylyltransferase and sulfurtransferase MOCS3 OS=Caenorhabditis briggsae OX=6238 GN=moc-3 PE=3 SV=3
g8706	563.4	0.1055	0.130	0.8890	sp|Q9LVE4|OSC15_ARATH Hyperosmolality-gated Ca2+ permeable channel 1.5 OS=Arabidopsis thaliana OX=3702 GN=OSCA1.5 PE=2 SV=1
g8056	687.1	0.2022	-0.371	0.3563	
g12762	647.6	0.1716	-0.413	0.2838	sp|Q869Y7|ODO2_DICDI Dihydrolipoyllysine-residue succinyltransferase component of 2-oxoglutarate dehydrogenase complex, mitochondrial OS=Dictyostelium discoideum OX=44689 GN=odhB PE=1 SV=1
g5882	761.2	0.2608	0.462	0.2866	sp|F4JAU3|P4H2_ARATH Prolyl 4-hydroxylase 2 OS=Arabidopsis thaliana OX=3702 GN=P4H2 PE=1 SV=1
g15073	519.0	0.0721	0.053	0.9614	sp|Q32PI5|2AAA_BOVIN Serine/threonine-protein phosphatase 2A 65 kDa regulatory subunit A alpha isoform OS=Bos taurus OX=9913 GN=PPP2R1A PE=1 SV=1
g10914	945.2	0.4051	-0.407	0.3464	sp|P87137|YDM6_SCHPO Uncharacterized protein C57A7.06 OS=Schizosaccharomyces pombe (strain 972 / ATCC 24843) OX=284812 GN=SPAC57A7.06 PE=1 SV=1
g10909	560.1	0.1042	0.198	0.7976	
g12790	524.1	0.0762	0.201	0.7623	sp|Q38997|KIN10_ARATH SNF1-related protein kinase catalytic subunit alpha KIN10 OS=Arabidopsis thaliana OX=3702 GN=KIN10 PE=1 SV=3
g7438	548.9	0.0958	0.249	0.6730	sp|P54637|PTP3_DICDI Tyrosine-protein phosphatase 3 OS=Dictyostelium discoideum OX=44689 GN=ptpC PE=2 SV=2
g5100	687.4	0.2059	-0.272	0.6888	
g12994	1080.4	0.5144	0.880	0.0515	
g12900	605.5	0.1419	0.289	0.6644	sp|Q17598|S38AC_CAEEL Putative sodium-coupled neutral amino acid transporter 12 OS=Caenorhabditis elegans OX=6239 GN=C03A3.2 PE=1 SV=2
g9719	637.9	0.1676	-0.108	0.9112	
g12711	562.2	0.1086	0.280	0.6037	
g8802	681.7	0.2031	0.281	0.6246	sp|Q8RWB1|SRL1_ARATH Pre-mRNA splicing factor SR-like 1 OS=Arabidopsis thaliana OX=3702 GN=SRL1 PE=1 SV=1
g6903	628.6	0.1618	0.316	0.4920	sp|Q8VZJ7|P4H9_ARATH Probable prolyl 4-hydroxylase 9 OS=Arabidopsis thaliana OX=3702 GN=P4H9 PE=2 SV=1
g9620	668.5	0.1932	0.292	0.6057	
g6543	818.6	0.3118	0.119	0.8888	
g10728	600.4	0.1406	0.232	0.7046	sp|Q7XQP4|SAPK7_ORYSJ Serine/threonine-protein kinase SAPK7 OS=Oryza sativa subsp. japonica OX=39947 GN=SAPK7 PE=2 SV=2
g7746	788.1	0.2888	0.625	0.0510	sp|Q7ZWE9|KCY_DANRE UMP-CMP kinase OS=Danio rerio OX=7955 GN=cmpk PE=2 SV=2
g8474	552.6	0.1030	0.007	0.9944	sp|P21616|AVP_VIGRR Pyrophosphate-energized vacuolar membrane proton pump OS=Vigna radiata var. radiata OX=3916 PE=1 SV=4
g15255	554.5	0.1048	0.175	0.8126	sp|B5EEZ1|HLDE_CITBB Bifunctional protein HldE OS=Citrifermentans bemidjiense (strain ATCC BAA-1014 / DSM 16622 / JCM 12645 / Bem) OX=404380 GN=hldE PE=3 SV=1
g3384	601.6	0.1423	-0.302	0.5613	sp|O00487|PSDE_HUMAN Ubiquitin C-terminal hydrolase PSMD14 OS=Homo sapiens OX=9606 GN=PSMD14 PE=1 SV=1
g6606	644.7	0.1771	0.395	0.4464	sp|C7EXK4|AT8A2_BOVIN Phospholipid-transporting ATPase IB OS=Bos taurus OX=9913 GN=ATP8A2 PE=1 SV=4
g6854	584.3	0.1294	0.135	0.8703	
g5393	594.4	0.1380	-0.022	0.9849	sp|Q9R078|AAKB1_MOUSE 5'-AMP-activated protein kinase subunit beta-1 OS=Mus musculus OX=10090 GN=Prkab1 PE=1 SV=2
g5043	642.5	0.1761	0.283	0.6346	sp|Q96K76|UBP47_HUMAN Ubiquitin carboxyl-terminal hydrolase 47 OS=Homo sapiens OX=9606 GN=USP47 PE=1 SV=3
g13573	554.8	0.1066	0.057	0.9621	sp|Q3SZH7|LKHA4_BOVIN Leukotriene A-4 hydrolase OS=Bos taurus OX=9913 GN=LTA4H PE=2 SV=3
g15047	583.2	0.1292	-0.288	0.5589	sp|Q80TR8|DCAF1_MOUSE DDB1- and CUL4-associated factor 1 OS=Mus musculus OX=10090 GN=Dcaf1 PE=1 SV=4
g7444	620.0	0.1586	-0.052	0.9614	
g1630	548.4	0.1020	-0.020	0.9849	
g13846	607.4	0.1493	0.366	0.3690	sp|A0A1S4CGX4|SIPKK_TOBAC Mitogen-activated protein kinase kinase SIPKK OS=Nicotiana tabacum OX=4097 GN=SIPKK PE=1 SV=1
g11746	757.1	0.2699	0.203	0.7676	sp|B3A0N5|APY_TABYA Apyrase OS=Tabanus yao OX=485572 GN=APY PE=1 SV=1
g8599	715.6	0.2371	0.470	0.3877	sp|Q9XHE4|RL37A_GOSHI Large ribosomal subunit protein eL43 OS=Gossypium hirsutum OX=3635 GN=RPL37A PE=3 SV=1
g3941	557.3	0.1110	0.239	0.7135	sp|Q8VZD5|KSG5_ARATH Shaggy-related protein kinase epsilon OS=Arabidopsis thaliana OX=3702 GN=ASK5 PE=1 SV=1
g11565	691.7	0.2184	0.266	0.7359	sp|O65743|RL24_CICAR Large ribosomal subunit protein eL24 OS=Cicer arietinum OX=3827 GN=RPL24 PE=2 SV=1
g14963	611.7	0.1552	-0.241	0.7105	
g9893	1018.0	0.4802	-0.409	0.3130	sp|P59723|HIF1N_DANRE Hypoxia-inducible factor 1-alpha inhibitor OS=Danio rerio OX=7955 GN=hif1an PE=2 SV=2
g6535	652.0	0.1885	0.247	0.7489	sp|B9Q1V7|VIT_TOXGV Vacuolar iron transporter OS=Toxoplasma gondii (strain ATCC 50861 / VEG) OX=432359 GN=VIT PE=1 SV=1
g10195	520.9	0.0838	-0.091	0.9341	sp|Q4R7K7|BRE1B_MACFA E3 ubiquitin-protein ligase BRE1B OS=Macaca fascicularis OX=9541 GN=RNF40 PE=2 SV=1
g952	575.5	0.1275	0.167	0.8641	sp|Q9M888|TCPZA_ARATH T-complex protein 1 subunit zeta 1 OS=Arabidopsis thaliana OX=3702 GN=CCT6A PE=1 SV=1
g13316	497.2	0.0657	-0.073	0.9457	sp|Q8R2W9|PANK3_MOUSE Pantothenate kinase 3 OS=Mus musculus OX=10090 GN=Pank3 PE=1 SV=1
g3295	579.5	0.1326	-0.012	0.9910	
g4748	579.4	0.1326	-0.047	0.9692	sp|O81742|APBLC_ARATH Beta-adaptin-like protein C OS=Arabidopsis thaliana OX=3702 GN=BETAC-AD PE=1 SV=2
g5337	1010.1	0.4791	0.704	0.2603	
g5641	854.9	0.3551	-0.207	0.7217	sp|Q9LV77|ASNS2_ARATH Asparagine synthetase [glutamine-hydrolyzing] 2 OS=Arabidopsis thaliana OX=3702 GN=ASN2 PE=2 SV=1
g4690	585.5	0.1384	0.388	0.3395	sp|P53989|SEC14_CANGA SEC14 cytosolic factor OS=Candida glabrata (strain ATCC 2001 / BCRC 20586 / JCM 3761 / NBRC 0622 / NRRL Y-65 / CBS 138) OX=284593 GN=SEC14 PE=3 SV=1
g3623	563.8	0.1210	-0.197	0.7916	sp|Q2GQS2|ASF1_CHAGB Histone chaperone ASF1 OS=Chaetomium globosum (strain ATCC 6205 / CBS 148.51 / DSM 1962 / NBRC 6347 / NRRL 1970) OX=306901 GN=ASF1 PE=3 SV=1
g11361	541.4	0.1042	0.113	0.9127	
g14651	643.4	0.1867	0.312	0.6105	sp|F4HNU6|NRDC_ARATH Nardilysin-like OS=Arabidopsis thaliana OX=3702 GN=At1g06900 PE=2 SV=1
g9714	1075.3	0.5364	0.759	0.7593	sp|P44016|Y561_HAEIN Putative oligopeptide transporter HI_0561 OS=Haemophilus influenzae (strain ATCC 51907 / DSM 11121 / KW20 / Rd) OX=71421 GN=HI_0561 PE=3 SV=2
g9508	545.4	0.1078	-0.283	0.5901	sp|Q0IIF7|UBP14_BOVIN Ubiquitin carboxyl-terminal hydrolase 14 OS=Bos taurus OX=9913 GN=USP14 PE=2 SV=3
g2900	483.0	0.0576	0.049	0.9644	
g3077	597.2	0.1501	0.264	0.6764	sp|Q2KJ81|AP1M1_BOVIN AP-1 complex subunit mu-1 OS=Bos taurus OX=9913 GN=AP1M1 PE=1 SV=3
g34	517.1	0.0853	0.191	0.7811	sp|Q7ZX96|NUP93_XENLA Nuclear pore complex protein Nup93 OS=Xenopus laevis OX=8355 GN=nup93 PE=1 SV=1
g7608	695.8	0.2300	0.380	0.4940	sp|P80315|TCPD_MOUSE T-complex protein 1 subunit delta OS=Mus musculus OX=10090 GN=Cct4 PE=1 SV=3
g9361	487.9	0.0617	-0.067	0.9508	sp|Q8NDF8|PAPD5_HUMAN Terminal nucleotidyltransferase 4B OS=Homo sapiens OX=9606 GN=TENT4B PE=1 SV=2
g13581	824.7	0.3345	-0.713	0.0621	sp|P14325|SYQ_DICDI Probable glutamine--tRNA ligase OS=Dictyostelium discoideum OX=44689 GN=glnS PE=2 SV=2
g10950	822.0	0.3338	0.418	0.4140	sp|Q9ZRD6|YKT61_ARATH VAMP-like protein YKT61 OS=Arabidopsis thaliana OX=3702 GN=YKT61 PE=1 SV=1
g9645	511.2	0.0816	0.191	0.7916	sp|Q9NQE7|TSSP_HUMAN Thymus-specific serine protease OS=Homo sapiens OX=9606 GN=PRSS16 PE=1 SV=2
g3027	670.2	0.2109	-0.267	0.6469	sp|Q27562|PSA1_DICDI Proteasome subunit alpha type-1 OS=Dictyostelium discoideum OX=44689 GN=psmA1 PE=3 SV=1
g9958	574.4	0.1341	0.271	0.6762	sp|Q1AYM8|DAO_RUBXD D-amino-acid oxidase OS=Rubrobacter xylanophilus (strain DSM 9941 / JCM 11954 / NBRC 16129 / PRD-1) OX=266117 GN=dao PE=1 SV=1
g5662	517.7	0.0885	-0.017	0.9860	sp|Q9FX97|FUT12_ARATH Putative fucosyltransferase-like protein OS=Arabidopsis thaliana OX=3702 GN=FUT12 PE=2 SV=1
g9296	517.4	0.0885	0.010	0.9921	sp|Q9M0N1|PUX10_ARATH Plant UBX domain-containing protein 10 OS=Arabidopsis thaliana OX=3702 GN=PUX10 PE=2 SV=1
g13943	713.0	0.2483	-0.236	0.7105	
g8895	843.6	0.3556	0.416	0.5415	sp|P50430|ARSB_RAT Arylsulfatase B OS=Rattus norvegicus OX=10116 GN=Arsb PE=2 SV=2
g1037	720.6	0.2556	0.307	0.4898	sp|O02621|GPX1_CAEEL Glutathione peroxidase 1 OS=Caenorhabditis elegans OX=6239 GN=gpx-1 PE=3 SV=1
g5853	519.5	0.0914	0.059	0.9614	sp|Q3Y416|KKCC_CAEEL Calcium/calmodulin-dependent protein kinase kinase OS=Caenorhabditis elegans OX=6239 GN=ckk-1 PE=1 SV=2
g8078	722.7	0.2578	0.082	0.9409	sp|B8NM62|USTO_ASPFN Pyridoxamine 5'-phosphate oxidase family protein ustO OS=Aspergillus flavus (strain ATCC 200026 / FGSC A1120 / IAM 13836 / NRRL 3357 / JCM 12722 / SRRC 167) OX=332952 GN=ustO PE=3 SV=1
g12610	573.6	0.1358	0.102	0.9322	sp|A0PGB3|SKP1_TETTS S-phase kinase-associated protein 1 homolog OS=Tetrahymena thermophila (strain SB210) OX=312017 GN=SKP1 PE=2 SV=1
g13734	526.7	0.0978	0.219	0.7361	sp|P0DKL4|S130A_ARATH Spliceosome-associated protein 130 A OS=Arabidopsis thaliana OX=3702 GN=SAP130A PE=2 SV=1
g15240	700.7	0.2416	0.583	0.0961	sp|P0CP53|PLPL_CRYD3 Patatin-like phospholipase domain-containing protein CNBE2340 OS=Cryptococcus deneoformans (strain B-3501A) OX=283643 GN=CNBE2340 PE=3 SV=1
g2778	720.8	0.2584	-0.150	0.8753	sp|B9RAJ0|DNPEP_RICCO Probable aspartyl aminopeptidase OS=Ricinus communis OX=3988 GN=RCOM_1506700 PE=2 SV=2
g1187	506.0	0.0822	-0.010	0.9923	
g3022	777.1	0.3049	0.288	0.8184	sp|Q9SIP7|RS3A_ARATH Small ribosomal subunit protein uS3z OS=Arabidopsis thaliana OX=3702 GN=RPS3A PE=1 SV=1
g5585	646.4	0.1978	0.046	0.9680	sp|Q54C49|EIF3F_DICDI Eukaryotic translation initiation factor 3 subunit F OS=Dictyostelium discoideum OX=44689 GN=eif3f PE=3 SV=1
g407	656.1	0.2058	0.413	0.4298	sp|Q87GU5|LUXQ_VIBPA Autoinducer 2 sensor kinase/phosphatase LuxQ OS=Vibrio parahaemolyticus serotype O3:K6 (strain RIMD 2210633) OX=223926 GN=luxQ PE=3 SV=1
g9573	634.6	0.1886	-0.121	0.9165	sp|Q14498|RBM39_HUMAN RNA-binding protein 39 OS=Homo sapiens OX=9606 GN=RBM39 PE=1 SV=2
g4788	614.2	0.1719	0.411	0.2668	sp|Q9FJT9|PQQL_ARATH Zinc protease PQQL-like OS=Arabidopsis thaliana OX=3702 GN=At5g56730 PE=1 SV=1
g5756	633.6	0.1880	0.472	0.1839	sp|Q80TL7|MON2_MOUSE Protein MON2 homolog OS=Mus musculus OX=10090 GN=Mon2 PE=1 SV=2
g8688	788.0	0.3152	0.502	0.1328	sp|Q5R9D1|CAST1_PONAB Cytosolic arginine sensor for mTORC1 subunit 1 OS=Pongo abelii OX=9601 GN=CASTOR1 PE=2 SV=1
g3963	607.2	0.1666	0.139	0.8738	sp|Q3ZBE6|TM135_BOVIN Transmembrane protein 135 OS=Bos taurus OX=9913 GN=TMEM135 PE=2 SV=1
g12774	642.7	0.1967	0.078	0.9486	sp|Q4N4N8|TXND_THEPA Thioredoxin domain-containing protein OS=Theileria parva OX=5875 GN=TP02_0602 PE=1 SV=1
g1060	613.6	0.1730	0.354	0.5182	sp|O88022|MMPLC_STRCO Putative membrane protein SCO6666 OS=Streptomyces coelicolor (strain ATCC BAA-471 / A3(2) / M145) OX=100226 GN=SCO6666 PE=3 SV=1
g14340	707.1	0.2503	-0.330	0.4747	sp|Q0II68|ACMSD_BOVIN 2-amino-3-carboxymuconate-6-semialdehyde decarboxylase OS=Bos taurus OX=9913 GN=ACMSD PE=2 SV=1
g14977	936.2	0.4395	-0.530	0.0812	
g12980	532.5	0.1063	-0.085	0.9386	sp|Q6IBW4|CNDH2_HUMAN Condensin-2 complex subunit H2 OS=Homo sapiens OX=9606 GN=NCAPH2 PE=1 SV=1
g5676	656.0	0.2083	0.127	0.8976	sp|Q5U921|HADA_CLODI (R)-2-hydroxy-4-methylpentanoate CoA-transferase OS=Clostridioides difficile OX=1496 GN=hadA PE=1 SV=2
g2438	611.3	0.1717	0.119	0.9322	
g9744	759.0	0.2938	0.639	0.0927	sp|P50586|TUB_MOUSE Tubby protein OS=Mus musculus OX=10090 GN=Tub PE=1 SV=1
g752	724.3	0.2655	0.298	0.5801	sp|Q6CUZ8|FKBP2_KLULA FK506-binding protein 2 OS=Kluyveromyces lactis (strain ATCC 8585 / CBS 2359 / DSM 70799 / NBRC 1267 / NRRL Y-1140 / WM37) OX=284590 GN=FPR2 PE=3 SV=1
g12245	566.4	0.1351	0.253	0.7173	sp|Q54LC9|TV23B_DICDI Uncharacterized Golgi apparatus membrane protein-like protein 2 OS=Dictyostelium discoideum OX=44689 GN=DDB_G0286703 PE=3 SV=1
g8458	552.0	0.1233	0.207	0.7729	sp|Q9ERD9|I23O1_RAT Indoleamine 2,3-dioxygenase 1 OS=Rattus norvegicus OX=10116 GN=Ido1 PE=2 SV=1
g15476	506.9	0.0864	0.092	0.9369	sp|P22694|KAPCB_HUMAN cAMP-dependent protein kinase catalytic subunit beta OS=Homo sapiens OX=9606 GN=PRKACB PE=1 SV=2
g7552	700.6	0.2468	-0.103	0.9159	sp|H3ZPL1|ARAT1_THELN Aromatic-amino-acid aminotransferase 1 OS=Thermococcus litoralis (strain ATCC 51850 / DSM 5473 / JCM 8560 / NS-C) OX=523849 GN=OCC_04335 PE=1 SV=1
g239	544.7	0.1179	-0.266	0.6264	sp|O64765|UAP2_ARATH UDP-N-acetylglucosamine diphosphorylase 2 OS=Arabidopsis thaliana OX=3702 GN=GLCNAC1PUT2 PE=1 SV=1
g10921	608.3	0.1717	-0.395	0.3479	sp|Q54BC8|PSB5_DICDI Proteasome subunit beta type-5 OS=Dictyostelium discoideum OX=44689 GN=psmB5 PE=1 SV=1
g2737	534.2	0.1112	-0.076	0.9439	
g9416	515.6	0.0961	0.082	0.9433	
g11122	610.7	0.1753	0.157	0.8742	sp|D4PHA7|WSCD2_MOUSE Sialate:O-sulfotransferase 2 OS=Mus musculus OX=10090 GN=Wscd2 PE=1 SV=1
g7603	707.5	0.2561	0.192	0.8152	sp|Q4DJ07|PGFS_TRYCC 9,11-endoperoxide prostaglandin H2 reductase OS=Trypanosoma cruzi (strain CL Brener) OX=353153 GN=Tc00.1047053511287.49 PE=1 SV=2
g6110	659.8	0.2165	-0.197	0.7733	sp|O94653|BMS1_SCHPO Ribosome biogenesis protein bms1 OS=Schizosaccharomyces pombe (strain 972 / ATCC 24843) OX=284812 GN=bms1 PE=1 SV=2
g2235	719.1	0.2666	0.152	0.8761	sp|A7HSH6|HSLV_PARL1 ATP-dependent protease subunit HslV OS=Parvibaculum lavamentivorans (strain DS-1 / DSM 13023 / NCIMB 13966) OX=402881 GN=hslV PE=3 SV=1
g13495	492.0	0.0772	0.128	0.8941	
g11937	461.9	0.0522	0.039	0.9713	sp|Q94BR1|MRF1_ARATH MA3 DOMAIN-CONTAINING TRANSLATION REGULATORY FACTOR 1 OS=Arabidopsis thaliana OX=3702 GN=MRF1 PE=1 SV=1
g13393	709.5	0.2590	0.424	0.2411	sp|Q20035|TMCO4_CAEEL Uncharacterized membrane protein F35D11.3 OS=Caenorhabditis elegans OX=6239 GN=F35D11.3 PE=3 SV=2
g13972	751.9	0.2951	-0.220	0.8519	sp|Q9SLX0|IMA1B_ORYSJ Importin subunit alpha-1b OS=Oryza sativa subsp. japonica OX=39947 GN=Os05g0155601 PE=1 SV=2
g10583	557.4	0.1329	-0.062	0.9614	sp|Q6CIK7|TIM10_KLULA Mitochondrial import inner membrane translocase subunit TIM10 OS=Kluyveromyces lactis (strain ATCC 8585 / CBS 2359 / DSM 70799 / NBRC 1267 / NRRL Y-1140 / WM37) OX=284590 GN=TIM10 PE=3 SV=1
g9179	705.8	0.2573	-0.186	0.8418	
g1740	626.4	0.1918	-0.325	0.5156	sp|O24412|PSD7A_ARATH 26S proteasome non-ATPase regulatory subunit 7 homolog A OS=Arabidopsis thaliana OX=3702 GN=RPN8A PE=1 SV=1
g2165	879.6	0.4043	-0.962	0.0540	
g2330	566.9	0.1422	0.228	0.7126	sp|Q171H3|MO2B1_AEDAE Molybdopterin synthase catalytic subunit 1 OS=Aedes aegypti OX=7159 GN=Mocs2-1 PE=3 SV=1
g4918	533.0	0.1140	0.276	0.6140	
g9385	660.5	0.2213	-0.010	0.9921	sp|Q291L4|SYCC_DROPS Cysteine--tRNA ligase, cytoplasmic OS=Drosophila pseudoobscura pseudoobscura OX=46245 GN=Aats-cys PE=3 SV=1
g15123	746.9	0.2942	0.047	0.9692	sp|Q9L6B8|PUR1_PASMU Amidophosphoribosyltransferase OS=Pasteurella multocida (strain Pm70) OX=272843 GN=purF PE=3 SV=3
g4168	738.0	0.2869	0.247	0.6500	
g10756	678.0	0.2370	-0.173	0.8809	sp|O45228|PROD_CAEEL Proline dehydrogenase 1, mitochondrial OS=Caenorhabditis elegans OX=6239 GN=prdh-1 PE=2 SV=2
g9984	727.3	0.2789	0.648	0.0812	
g13833	579.3	0.1544	0.370	0.4542	
g15330	809.2	0.3487	0.637	0.1778	sp|Q9LDC0|FKB42_ARATH Peptidyl-prolyl cis-trans isomerase FKBP42 OS=Arabidopsis thaliana OX=3702 GN=FKBP42 PE=1 SV=1
g3460	554.6	0.1344	0.388	0.3295	
g6746	640.8	0.2071	0.131	0.9184	
g9966	504.7	0.0926	0.146	0.8753	sp|Q8VCN9|TBCC_MOUSE Tubulin-specific chaperone C OS=Mus musculus OX=10090 GN=Tbcc PE=1 SV=1
g12601	625.8	0.1950	-0.104	0.9138	
g3360	678.8	0.2406	0.374	0.3671	sp|Q9P4Z1|TOM1_NEUCR E3 ubiquitin-protein ligase TOM1-like OS=Neurospora crassa (strain ATCC 24698 / 74-OR23-1A / CBS 708.71 / DSM 1257 / FGSC 987) OX=367110 GN=B11B22.010 PE=3 SV=4
g14884	624.3	0.1946	0.268	0.7548	sp|P50101|UBP15_YEAST Ubiquitin carboxyl-terminal hydrolase 15 OS=Saccharomyces cerevisiae (strain ATCC 204508 / S288c) OX=559292 GN=UBP15 PE=1 SV=1
g780	572.5	0.1512	-0.166	0.8801	sp|B9EHT4|CLIP3_MOUSE CAP-Gly domain-containing linker protein 3 OS=Mus musculus OX=10090 GN=Clip3 PE=1 SV=1
g2243	526.5	0.1131	-0.153	0.8742	sp|Q9SEI3|PS10A_ARATH 26S proteasome regulatory subunit 10B homolog A OS=Arabidopsis thaliana OX=3702 GN=RPT4A PE=1 SV=1
g4665	632.4	0.2031	0.009	0.9943	sp|Q9HCH3|CPNE5_HUMAN Copine-5 OS=Homo sapiens OX=9606 GN=CPNE5 PE=1 SV=2
g3931	479.8	0.0739	-0.118	0.9110	sp|Q6RET7|CCAMK_MEDTR Calcium and calcium/calmodulin-dependent serine/threonine-protein kinase DMI-3 OS=Medicago truncatula OX=3880 GN=CCAMK PE=1 SV=1
g13942	644.4	0.2142	-0.286	0.7269	
g5214	571.8	0.1526	-0.118	0.9205	
g10902	1059.4	0.5673	0.657	0.1526	sp|O95749|GGPPS_HUMAN Geranylgeranyl pyrophosphate synthase OS=Homo sapiens OX=9606 GN=GGPS1 PE=1 SV=1
g2949	522.1	0.1105	0.272	0.6113	sp|Q8L7A9|AP4E_ARATH AP-4 complex subunit epsilon OS=Arabidopsis thaliana OX=3702 GN=At1g31730 PE=1 SV=1
g1780	646.3	0.2161	0.213	0.8246	
g12332	512.0	0.1024	0.111	0.9210	sp|P01103|MYB_CHICK Transcriptional activator Myb OS=Gallus gallus OX=9031 GN=MYB PE=1 SV=1
g12955	642.5	0.2142	-0.102	0.9210	sp|P46267|F16P2_BRANA Fructose-1,6-bisphosphatase, cytosolic OS=Brassica napus OX=3708 PE=2 SV=1
g1270	742.7	0.2998	0.423	0.2202	
g11398	543.2	0.1304	-0.093	0.9349	sp|A3KMH1|VWA8_HUMAN von Willebrand factor A domain-containing protein 8 OS=Homo sapiens OX=9606 GN=VWA8 PE=1 SV=2
g6307	640.0	0.2132	-0.268	0.7579	sp|P46100|ATRX_HUMAN Chromatin remodeler ATRX OS=Homo sapiens OX=9606 GN=ATRX PE=1 SV=6
g1403	546.4	0.1334	0.275	0.6543	
g9931	537.6	0.1260	-0.027	0.9831	sp|P27449|VATL_HUMAN V-type proton ATPase 16 kDa proteolipid subunit c OS=Homo sapiens OX=9606 GN=ATP6V0C PE=1 SV=1
g2324	791.0	0.3430	-0.075	0.9432	sp|Q6CEF3|GUAA_YARLI GMP synthase [glutamine-hydrolyzing] OS=Yarrowia lipolytica (strain CLIB 122 / E 150) OX=284591 GN=GUA1 PE=3 SV=1
g14751	636.5	0.2109	0.530	0.2241	sp|Q9VPQ7|SPP_DROME Signal peptide peptidase OS=Drosophila melanogaster OX=7227 GN=Spp PE=1 SV=1
g10870	615.3	0.1933	-0.106	0.9119	sp|P52504|NDUS6_RAT NADH dehydrogenase [ubiquinone] iron-sulfur protein 6, mitochondrial OS=Rattus norvegicus OX=10116 GN=Ndufs6 PE=3 SV=1
g10893	597.7	0.1783	0.277	0.6207	sp|Q8H129|PPA3_ARATH Purple acid phosphatase 3 OS=Arabidopsis thaliana OX=3702 GN=PAP3 PE=2 SV=1
g11527	596.8	0.1777	-0.172	0.8058	sp|Q6GL89|IF2A_XENTR Eukaryotic translation initiation factor 2 subunit 1 OS=Xenopus tropicalis OX=8364 GN=eif2s1 PE=2 SV=1
g12977	516.6	0.1092	0.272	0.6264	sp|Q7K237|C1GLT_DROME Glycoprotein-N-acetylgalactosamine 3-beta-galactosyltransferase 1 OS=Drosophila melanogaster OX=7227 GN=C1GalTA PE=1 SV=1
g5238	491.2	0.0876	0.157	0.8585	sp|Q8RUS5|ATG9_ARATH Autophagy-related protein 9 OS=Arabidopsis thaliana OX=3702 GN=ATG9 PE=1 SV=1
g12341	578.5	0.1626	-0.020	0.9856	sp|Q9Y6D9|MD1L1_HUMAN Mitotic spindle assembly checkpoint protein MAD1 OS=Homo sapiens OX=9606 GN=MAD1L1 PE=1 SV=2
g5277	556.6	0.1440	0.323	0.5879	
g22	506.9	0.1018	0.095	0.9350	sp|Q6GN29|ATLA2_XENLA Atlastin-2 OS=Xenopus laevis OX=8355 GN=atl2 PE=2 SV=1
g11775	548.8	0.1378	-0.125	0.8936	sp|Q64595|KGP2_RAT cGMP-dependent protein kinase 2 OS=Rattus norvegicus OX=10116 GN=Prkg2 PE=1 SV=1
g14447	447.7	0.0514	0.017	0.9862	
g3362	505.9	0.1015	0.110	0.9180	
g720	683.6	0.2546	-0.044	0.9689	sp|O04619|ADNT1_ARATH Mitochondrial adenine nucleotide transporter ADNT1 OS=Arabidopsis thaliana OX=3702 GN=ADNT1 PE=1 SV=1
g262	496.3	0.0938	0.152	0.8703	sp|Q6ZVT0|TTL10_HUMAN Inactive polyglycylase TTLL10 OS=Homo sapiens OX=9606 GN=TTLL10 PE=1 SV=2
g15091	971.0	0.5027	-0.131	0.8703	sp|Q9XWZ2|ACD11_CAEEL Acyl-CoA dehydrogenase family member 11 OS=Caenorhabditis elegans OX=6239 GN=acdh-11 PE=1 SV=1
g5095	460.5	0.0633	-0.019	0.9851	
g1817	702.4	0.2717	0.132	0.9127	sp|Q5PQR3|BTBD9_RAT BTB/POZ domain-containing protein 9 OS=Rattus norvegicus OX=10116 GN=Btbd9 PE=1 SV=1
g13491	828.6	0.3816	0.436	0.3651	sp|Q9VKD3|NFS1_DROME Cysteine desulfurase, mitochondrial OS=Drosophila melanogaster OX=7227 GN=Nfs1 PE=1 SV=1
g16074	660.8	0.2370	-0.579	0.0811	sp|P13466|GELA_DICDI Gelation factor OS=Dictyostelium discoideum OX=44689 GN=abpC PE=1 SV=1
g10872	552.1	0.1439	-0.234	0.7537	
g59	549.8	0.1425	-0.056	0.9614	sp|Q6GLM5|DESI1_XENLA Desumoylating isopeptidase 1 OS=Xenopus laevis OX=8355 GN=desi1 PE=2 SV=1
g12615	526.7	0.1225	-0.193	0.8249	sp|Q0V8F1|CORO7_BOVIN Coronin-7 OS=Bos taurus OX=9913 GN=CORO7 PE=2 SV=1
g8555	820.7	0.3773	0.248	0.7002	sp|Q9MAM1|CIPK9_ARATH CBL-interacting serine/threonine-protein kinase 9 OS=Arabidopsis thaliana OX=3702 GN=CIPK9 PE=1 SV=2
g214	552.2	0.1458	-0.000	0.9995	
g7473	621.1	0.2057	-0.352	0.4135	
g2198	510.0	0.1095	0.061	0.9548	sp|Q9FZ81|RBL12_ARATH RHOMBOID-like protein 12, mitochondrial OS=Arabidopsis thaliana OX=3702 GN=RBL12 PE=2 SV=1
g7215	773.7	0.3391	-0.357	0.5474	sp|Q1ZXF1|ECHM_DICDI Probable enoyl-CoA hydratase, mitochondrial OS=Dictyostelium discoideum OX=44689 GN=echs1 PE=3 SV=1
g10750	589.3	0.1789	0.208	0.8358	sp|Q9TW28|MYOM_DICDI Myosin-M heavy chain OS=Dictyostelium discoideum OX=44689 GN=myoM PE=1 SV=1
g3933	540.3	0.1366	0.343	0.4798	sp|O60306|AQR_HUMAN RNA helicase aquarius OS=Homo sapiens OX=9606 GN=AQR PE=1 SV=4
g15657	438.8	0.0484	0.014	0.9901	sp|Q9BY43|CHM4A_HUMAN Charged multivesicular body protein 4a OS=Homo sapiens OX=9606 GN=CHMP4A PE=1 SV=3
g6266	621.7	0.2078	0.302	0.5434	sp|Q20655|14332_CAEEL 14-3-3-like protein 2 OS=Caenorhabditis elegans OX=6239 GN=ftt-2 PE=1 SV=1
g20	585.4	0.1763	0.112	0.9225	
g3239	548.7	0.1452	-0.219	0.7251	
g9975	495.4	0.0989	0.173	0.8249	sp|Q0U4Z8|VPS27_PHANO Vacuolar protein sorting-associated protein 27 OS=Phaeosphaeria nodorum (strain SN15 / ATCC MYA-4574 / FGSC 10173) OX=321614 GN=VPS27 PE=3 SV=1
g13198	580.6	0.1736	0.008	0.9944	
g222	533.8	0.1327	0.064	0.9554	sp|Q4U0S5|PAF1_DANRE RNA polymerase II-associated factor 1 homolog OS=Danio rerio OX=7955 GN=paf1 PE=1 SV=1
g4790	739.5	0.3128	0.159	0.8742	
g2419	701.4	0.2795	-0.060	0.9614	
g7113	490.0	0.0948	0.069	0.9534	sp|Q39362|TRXH2_BRANA Thioredoxin H-type 2 OS=Brassica napus OX=3708 GN=THL-2 PE=2 SV=1
g13549	716.4	0.2933	0.118	0.9242	
g13177	554.7	0.1520	-0.077	0.9554	
g3783	559.4	0.1563	-0.126	0.8847	sp|Q93Y35|PSMD6_ARATH 26S proteasome non-ATPase regulatory subunit 6 homolog OS=Arabidopsis thaliana OX=3702 GN=RPN7 PE=1 SV=1
g12304	463.8	0.0737	0.183	0.8065	
g5551	471.8	0.0808	-0.053	0.9614	
g14707	717.5	0.2965	0.271	0.6037	
g1807	644.9	0.2331	-0.202	0.7754	
g15984	560.8	0.1594	0.194	0.8001	sp|Q9CX00|IST1_MOUSE IST1 homolog OS=Mus musculus OX=10090 GN=Ist1 PE=1 SV=1
g1344	533.6	0.1358	0.368	0.3887	
g14489	674.6	0.2605	-0.360	0.4346	sp|Q9SDL8|F16P2_ORYCO Fructose-1,6-bisphosphatase, cytosolic OS=Oryza coarctata OX=77588 PE=2 SV=1
g2500	612.6	0.2061	-0.112	0.9043	sp|Q54QQ0|IMDH_DICDI Inosine-5'-monophosphate dehydrogenase OS=Dictyostelium discoideum OX=44689 GN=impdh PE=1 SV=1
g15635	593.1	0.1890	0.352	0.4656	
g13788	616.4	0.2096	0.171	0.8226	sp|Q2T9R6|NIT2_BOVIN Omega-amidase NIT2 OS=Bos taurus OX=9913 GN=NIT2 PE=2 SV=1
g13623	540.0	0.1427	-0.041	0.9750	
g13331	540.2	0.1433	-0.023	0.9848	sp|Q9HCS7|SYF1_HUMAN Pre-mRNA-splicing factor SYF1 OS=Homo sapiens OX=9606 GN=XAB2 PE=1 SV=2
g15863	735.4	0.3162	-0.269	0.5991	sp|Q6NQE2|FQRL1_ARATH Probable NAD(P)H dehydrogenase (quinone) FQR1-like 1 OS=Arabidopsis thaliana OX=3702 GN=At4g27270 PE=1 SV=1
g6144	536.6	0.1407	0.363	0.4442	sp|Q8VZI2|Y4370_ARATH DUF21 domain-containing protein At4g33700 OS=Arabidopsis thaliana OX=3702 GN=CBSDUF6 PE=1 SV=1
g10632	826.7	0.3970	0.135	0.9225	
g15939	549.2	0.1521	-0.311	0.5664	sp|Q8H0U8|RH42_ARATH DEAD-box ATP-dependent RNA helicase 42 OS=Arabidopsis thaliana OX=3702 GN=RH42 PE=1 SV=2
g7708	675.9	0.2643	0.318	0.5691	sp|O96552|CHMP1_DICDI Charged multivesicular body protein 1 OS=Dictyostelium discoideum OX=44689 GN=chmp1 PE=3 SV=1
g12847	509.3	0.1172	0.045	0.9692	sp|Q9NPH0|PPA6_HUMAN Lysophosphatidic acid phosphatase type 6 OS=Homo sapiens OX=9606 GN=ACP6 PE=1 SV=3
g13704	480.5	0.0917	-0.104	0.9238	
g1944	778.1	0.3559	-0.650	0.1175	
g6533	771.9	0.3505	-0.097	0.9155	sp|O74197|PUR6_CANGA Phosphoribosylaminoimidazole carboxylase OS=Candida glabrata (strain ATCC 2001 / BCRC 20586 / JCM 3761 / NBRC 0622 / NRRL Y-65 / CBS 138) OX=284593 GN=ADE2 PE=1 SV=2
g15680	669.7	0.2606	0.358	0.5084	
g3359	487.1	0.0990	0.183	0.8162	sp|O75643|U520_HUMAN U5 small nuclear ribonucleoprotein 200 kDa helicase OS=Homo sapiens OX=9606 GN=SNRNP200 PE=1 SV=2
g445	467.6	0.0816	0.040	0.9740	sp|A2QHH4|VPS10_ASPNC Vacuolar protein sorting/targeting protein 10 OS=Aspergillus niger (strain ATCC MYA-4892 / CBS 513.88 / FGSC A1513) OX=425011 GN=vps10 PE=3 SV=1
g13449	500.3	0.1111	0.078	0.9433	sp|B3EX61|PI4KB_SORAR Phosphatidylinositol 4-kinase beta OS=Sorex araneus OX=42254 GN=PI4KB PE=3 SV=1
g5182	514.1	0.1233	0.173	0.8255	sp|Q07116|SUOX_RAT Sulfite oxidase, mitochondrial OS=Rattus norvegicus OX=10116 GN=Suox PE=1 SV=2
g2192	521.6	0.1300	0.353	0.4435	sp|Q8TXT2|RIBL_METKA FAD synthase OS=Methanopyrus kandleri (strain AV19 / DSM 6324 / JCM 9639 / NBRC 100938) OX=190192 GN=ribL PE=3 SV=1
g696	481.5	0.0952	-0.054	0.9633	sp|Q9FWQ5|HAC12_ARATH Histone acetyltransferase HAC12 OS=Arabidopsis thaliana OX=3702 GN=HAC12 PE=3 SV=2
g7488	512.0	0.1226	0.269	0.6687	sp|Q92359|YDHE_SCHPO Pumilio domain-containing protein C6G9.14 OS=Schizosaccharomyces pombe (strain 972 / ATCC 24843) OX=284812 GN=SPAC6G9.14 PE=4 SV=1
g5598	458.9	0.0757	0.110	0.9135	sp|Q07536|MMSA_BOVIN Methylmalonate-semialdehyde/malonate-semialdehyde dehydrogenase [acylating], mitochondrial OS=Bos taurus OX=9913 GN=ALDH6A1 PE=1 SV=1
g14752	457.3	0.0744	0.123	0.9004	sp|Q9FXT6|PEX14_ARATH Peroxisomal membrane protein PEX14 OS=Arabidopsis thaliana OX=3702 GN=PEX14 PE=1 SV=2
g601	559.9	0.1662	-0.158	0.8734	sp|B9Q1V7|VIT_TOXGV Vacuolar iron transporter OS=Toxoplasma gondii (strain ATCC 50861 / VEG) OX=432359 GN=VIT PE=1 SV=1
g8607	509.9	0.1225	0.059	0.9614	
g5621	794.3	0.3768	0.291	0.7976	sp|Q55FV8|T144A_DICDI Transmembrane protein 144 homolog A OS=Dictyostelium discoideum OX=44689 GN=tmem144A PE=3 SV=1
g11110	607.6	0.2102	-0.299	0.5962	sp|Q80U95|UBE3C_MOUSE Ubiquitin-protein ligase E3C OS=Mus musculus OX=10090 GN=Ube3c PE=1 SV=2
g13627	782.6	0.3670	0.492	0.1787	
g14317	531.6	0.1426	0.185	0.8345	
g6640	617.5	0.2197	-0.086	0.9323	sp|P23189|GSHR_PSEAE Glutathione reductase OS=Pseudomonas aeruginosa (strain ATCC 15692 / DSM 22644 / CIP 104116 / JCM 14847 / LMG 12228 / 1C / PRS 101 / PAO1) OX=208964 GN=gor PE=3 SV=1
g1474	697.6	0.2917	0.193	0.7552	sp|P34135|HMDH1_DICDI 3-hydroxy-3-methylglutaryl-coenzyme A reductase 1 OS=Dictyostelium discoideum OX=44689 GN=hmgA PE=2 SV=1
g11572	543.3	0.1540	0.320	0.5186	sp|Q09332|UGGG_DROME UDP-glucose:glycoprotein glucosyltransferase OS=Drosophila melanogaster OX=7227 GN=Uggt PE=1 SV=2
g4730	544.0	0.1546	0.095	0.9393	sp|Q94EG6|Y5224_ARATH Uncharacterized protein At5g02240 OS=Arabidopsis thaliana OX=3702 GN=At5g02240 PE=1 SV=1
g5013	638.4	0.2395	-0.300	0.6737	sp|Q09621|LACT2_CAEEL Beta-lactamase domain-containing protein 2 OS=Caenorhabditis elegans OX=6239 GN=lact-2 PE=4 SV=1
g3268	536.8	0.1483	0.382	0.3974	
g15897	689.9	0.2864	0.405	0.5175	
g9817	552.7	0.1634	-0.305	0.5929	sp|P48603|CAPZB_DROME F-actin-capping protein subunit beta OS=Drosophila melanogaster OX=7227 GN=cpb PE=1 SV=1
g5601	1049.2	0.6097	0.348	0.7583	sp|Q8LE52|DHAR3_ARATH Glutathione S-transferase DHAR3, chloroplastic OS=Arabidopsis thaliana OX=3702 GN=DHAR3 PE=1 SV=1
g6074	548.1	0.1598	0.183	0.8527	
g9590	578.8	0.1875	0.479	0.2178	sp|Q99LJ7|RCBT2_MOUSE RCC1 and BTB domain-containing protein 2 OS=Mus musculus OX=10090 GN=Rcbtb2 PE=1 SV=1
g9798	480.7	0.0997	0.136	0.8812	sp|A7A261|LSB3_YEAS7 LAS seventeen-binding protein 3 OS=Saccharomyces cerevisiae (strain YJM789) OX=307796 GN=LSB3 PE=3 SV=2
g8678	732.1	0.3265	-0.222	0.8313	
g10113	566.3	0.1773	0.365	0.4656	sp|Q7XUP7|MSR21_ORYSJ Peptide methionine sulfoxide reductase A2-1 OS=Oryza sativa subsp. japonica OX=39947 GN=MSRA2-1 PE=2 SV=2
g6152	552.8	0.1653	0.181	0.8713	
g9859	531.2	0.1458	0.240	0.7721	sp|Q6ZT12|UBR3_HUMAN E3 ubiquitin-protein ligase UBR3 OS=Homo sapiens OX=9606 GN=UBR3 PE=1 SV=2
g12635	800.1	0.3887	-0.356	0.7493	
g11791	557.2	0.1695	0.270	0.6741	sp|Q65X23|WNK2_ORYSJ Probable serine/threonine-protein kinase WNK2 OS=Oryza sativa subsp. japonica OX=39947 GN=WNK2 PE=2 SV=1
g5821	742.5	0.3368	0.568	0.1597	sp|P48528|PPX2_ARATH Serine/threonine-protein phosphatase PP-X isozyme 2 OS=Arabidopsis thaliana OX=3702 GN=PPX2 PE=2 SV=2
g15745	429.7	0.0552	0.054	0.9614	
g9052	545.4	0.1598	0.133	0.8893	
g986	560.4	0.1734	-0.333	0.4844	
g4733	521.5	0.1386	0.333	0.5278	
g9231	490.5	0.1106	0.297	0.5613	
g12565	608.7	0.2178	-0.359	0.5498	sp|Q9UG63|ABCF2_HUMAN ATP-binding cassette sub-family F member 2 OS=Homo sapiens OX=9606 GN=ABCF2 PE=1 SV=2
g1906	626.1	0.2339	0.448	0.3727	
g14574	519.6	0.1376	0.175	0.8259	sp|P50107|LGUL_YEAST Glyoxalase I OS=Saccharomyces cerevisiae (strain ATCC 204508 / S288c) OX=559292 GN=GLO1 PE=1 SV=1
g12260	826.7	0.4162	-0.749	0.0652	
g11447	526.7	0.1446	-0.042	0.9702	
g81	537.0	0.1541	-0.148	0.8814	sp|Q9M9R9|NDB3B_ARATH NADH dehydrogenase [ubiquinone] 1 beta subcomplex subunit 3-B OS=Arabidopsis thaliana OX=3702 GN=At1g14450 PE=1 SV=1
g4594	525.8	0.1439	0.206	0.8137	sp|Q8VWI1|ERD2B_ARATH ER lumen protein-retaining receptor B OS=Arabidopsis thaliana OX=3702 GN=ERD2B PE=1 SV=1
g8736	612.3	0.2230	0.226	0.8045	sp|C8VBH4|ESA1_EMENI Histone acetyltransferase esa1 OS=Emericella nidulans (strain FGSC A4 / ATCC 38163 / CBS 112.46 / NRRL 194 / M139) OX=227321 GN=esa1 PE=3 SV=1
g5063	536.1	0.1541	-0.194	0.7916	sp|P53692|SMC6_SCHPO Structural maintenance of chromosomes protein 6 OS=Schizosaccharomyces pombe (strain 972 / ATCC 24843) OX=284812 GN=smc6 PE=1 SV=1
g5867	1279.7	0.8329	-0.001	0.9983	
g8778	646.1	0.2561	0.083	0.9362	sp|Q5ZHW4|RAB5B_CHICK Ras-related protein Rab-5B OS=Gallus gallus OX=9031 GN=RAB5B PE=2 SV=1
g8560	437.0	0.0654	-0.053	0.9659	sp|Q9SGW3|PSD8A_ARATH 26S proteasome non-ATPase regulatory subunit 8 homolog A OS=Arabidopsis thaliana OX=3702 GN=RPN12A PE=1 SV=1
g14683	635.1	0.2465	0.256	0.6786	sp|Q0IUU4|CML2_ORYSJ Putative calmodulin-like protein 2 OS=Oryza sativa subsp. japonica OX=39947 GN=CML2 PE=3 SV=2
g9912	597.3	0.2124	-0.267	0.6087	sp|Q9SJF1|LSG12_ARATH GTPase LSG1-2 OS=Arabidopsis thaliana OX=3702 GN=LSG1-2 PE=1 SV=1
g5661	514.6	0.1371	-0.040	0.9740	
g2131	535.9	0.1567	-0.240	0.7739	sp|Q2NKU6|DPY30_BOVIN Protein dpy-30 homolog OS=Bos taurus OX=9913 GN=DPY30 PE=3 SV=1
g289	466.2	0.0931	0.056	0.9614	sp|Q54KM6|KAT_DICDI Kynurenine--oxoglutarate transaminase OS=Dictyostelium discoideum OX=44689 GN=ccbl PE=3 SV=1
g5444	477.8	0.1038	0.162	0.8394	sp|P20973|UBE11_WHEAT Ubiquitin-activating enzyme E1 1 OS=Triticum aestivum OX=4565 GN=UBA1 PE=1 SV=1
g8759	511.7	0.1349	0.327	0.5544	sp|Q9N2D3|PEPC_CALJA Gastricsin OS=Callithrix jacchus OX=9483 GN=PGC PE=1 SV=1
g1605	502.1	0.1262	0.223	0.7581	sp|P10986|ACT4_CAEEL Actin-4 OS=Caenorhabditis elegans OX=6239 GN=act-4 PE=3 SV=2
g11235	418.0	0.0493	0.101	0.9210	sp|Q28CE7|ZNT5_XENTR Proton-coupled zinc antiporter SLC30A5 OS=Xenopus tropicalis OX=8364 GN=slc30a5 PE=2 SV=1
g9871	816.1	0.4143	0.258	0.8146	
g13515	484.0	0.1104	0.081	0.9474	sp|Q9SF16|TCPH_ARATH T-complex protein 1 subunit eta OS=Arabidopsis thaliana OX=3702 GN=CCT7 PE=1 SV=1
g8277	743.5	0.3483	-0.296	0.6478	sp|B4PZ52|NFU1_DROYA NFU1 iron-sulfur cluster scaffold homolog, mitochondrial OS=Drosophila yakuba OX=7245 GN=GE15286 PE=3 SV=1
g11429	493.8	0.1194	-0.041	0.9692	sp|Q9FMC5|VP602_ARATH Vacuolar protein sorting-associated protein 60.2 OS=Arabidopsis thaliana OX=3702 GN=VPS60-2 PE=2 SV=1
g14430	475.6	0.1028	0.216	0.7470	sp|Q8H100|AGD8_ARATH Probable ADP-ribosylation factor GTPase-activating protein AGD8 OS=Arabidopsis thaliana OX=3702 GN=AGD8 PE=1 SV=1
g3148	733.8	0.3397	0.398	0.4447	
g1779	971.7	0.5580	0.587	0.2245	sp|Q0JL73|RH26_ORYSJ DEAD-box ATP-dependent RNA helicase 26 OS=Oryza sativa subsp. japonica OX=39947 GN=Os01g0618500 PE=2 SV=1
g14930	655.1	0.2694	0.601	0.2206	
g3613	546.6	0.1696	-0.025	0.9848	sp|Q7RYV0|MNP1_NEUCR Large ribosomal subunit protein bL12m OS=Neurospora crassa (strain ATCC 24698 / 74-OR23-1A / CBS 708.71 / DSM 1257 / FGSC 987) OX=367110 GN=mrpl12 PE=1 SV=1
g2565	498.9	0.1261	0.140	0.8910	
g5243	814.7	0.4172	-0.533	0.0854	sp|P0AC34|FUMA_ECOL6 Fumarate hydratase class I, aerobic OS=Escherichia coli O6:H1 (strain CFT073 / ATCC 700928 / UPEC) OX=199310 GN=fumA PE=3 SV=2
g13327	613.9	0.2324	-0.589	0.1224	
g11128	617.8	0.2365	0.119	0.9076	
g1720	531.3	0.1567	-0.157	0.8627	sp|Q9LS42|CASP_ARATH Protein CASP OS=Arabidopsis thaliana OX=3702 GN=CASP PE=1 SV=2
g2179	541.2	0.1659	0.128	0.9155	
g5082	533.5	0.1591	-0.116	0.9135	sp|P01104|MYB_AVIMB Transforming protein Myb OS=Avian myeloblastosis virus OX=11866 GN=V-MYB PE=1 SV=2
g5499	694.2	0.3078	0.497	0.3395	
g7471	502.9	0.1312	0.355	0.4232	
g1252	440.2	0.0734	-0.096	0.9300	sp|Q8LBH4|SPX1_ARATH SPX domain-containing protein 1 OS=Arabidopsis thaliana OX=3702 GN=SPX1 PE=1 SV=2
g4794	471.9	0.1032	0.038	0.9740	
g14708	517.9	0.1458	0.031	0.9831	sp|A6QQP7|DYSF_BOVIN Dysferlin OS=Bos taurus OX=9913 GN=DYSF PE=2 SV=1
g14046	485.5	0.1166	0.058	0.9665	sp|Q8IZM9|S38A6_HUMAN Solute carrier family 38 member 6 OS=Homo sapiens OX=9606 GN=SLC38A6 PE=1 SV=2
g14609	427.0	0.0626	-0.079	0.9456	sp|Q9UT97|PSA5_SCHPO Probable proteasome subunit alpha type-5 OS=Schizosaccharomyces pombe (strain 972 / ATCC 24843) OX=284812 GN=pup2 PE=1 SV=1
g13161	611.3	0.2338	-0.110	0.9151	sp|Q54NQ9|SFXN_DICDI Sideroflexin OS=Dictyostelium discoideum OX=44689 GN=sfxn PE=3 SV=1
g5709	670.8	0.2891	0.235	0.7916	sp|B3P113|ARMET_DROER Mesencephalic astrocyte-derived neurotrophic factor homolog OS=Drosophila erecta OX=7220 GN=Manf PE=3 SV=1
g10180	609.6	0.2324	-0.222	0.8011	sp|Q11BC8|IF2_CHESB Translation initiation factor IF-2 OS=Chelativorans sp. (strain BNC1) OX=266779 GN=infB PE=3 SV=1
g7151	493.2	0.1246	0.264	0.6602	
g11387	667.1	0.2864	-0.269	0.6756	sp|Q03701|CEBPZ_HUMAN CCAAT/enhancer-binding protein zeta OS=Homo sapiens OX=9606 GN=CEBPZ PE=1 SV=3
g14119	549.6	0.1775	-0.070	0.9486	sp|Q9Y5K8|VATD_HUMAN V-type proton ATPase subunit D OS=Homo sapiens OX=9606 GN=ATP6V1D PE=1 SV=1
g5904	542.0	0.1705	0.394	0.4293	sp|Q99385|VCX1_YEAST Vacuolar calcium ion transporter OS=Saccharomyces cerevisiae (strain ATCC 204508 / S288c) OX=559292 GN=VCX1 PE=1 SV=1
g5898	508.6	0.1394	0.116	0.9275	
g13743	504.9	0.1363	0.268	0.6764	sp|O60106|YOXA_SCHPO LON peptidase N-terminal domain and RING finger protein C14F5.10c OS=Schizosaccharomyces pombe (strain 972 / ATCC 24843) OX=284812 GN=SPBC14F5.10c PE=4 SV=1
g11307	600.7	0.2254	-0.378	0.6000	sp|B8AXC3|AP21_ORYSI APETALA2-like protein 1 OS=Oryza sativa subsp. indica OX=39946 GN=AP2-1 PE=2 SV=2
g8594	555.8	0.1841	0.132	0.8805	sp|Q9LNW1|RAA2B_ARATH Ras-related protein RABA2b OS=Arabidopsis thaliana OX=3702 GN=RABA2B PE=2 SV=2
g11955	503.9	0.1358	0.208	0.7537	sp|Q8HYL8|ACOX1_PHACI Peroxisomal acyl-coenzyme A oxidase 1 OS=Phascolarctos cinereus OX=38626 GN=ACOX1 PE=1 SV=2
g7775	619.5	0.2436	-0.658	0.0619	
g10353	592.5	0.2184	-0.062	0.9584	
g4438	587.1	0.2141	-0.256	0.6366	sp|P82887|H2B_OLILU Histone H2B OS=Olisthodiscus luteus OX=83000 PE=1 SV=2
g15624	640.0	0.2636	-0.109	0.9119	sp|D3KCC4|CRNS1_CHICK Carnosine synthase 1 OS=Gallus gallus OX=9031 GN=CARNS1 PE=1 SV=1
g10383	528.5	0.1599	-0.458	0.2126	
g13810	557.6	0.1872	0.107	0.9138	
g13689	808.8	0.4222	0.360	0.4748	
g1173	854.3	0.4658	0.401	0.4839	sp|P15289|ARSA_HUMAN Arylsulfatase A OS=Homo sapiens OX=9606 GN=ARSA PE=1 SV=3
g14628	495.9	0.1307	-0.327	0.4889	sp|P36993|PPM1B_MOUSE Protein phosphatase 1B OS=Mus musculus OX=10090 GN=Ppm1b PE=1 SV=1
g3471	528.7	0.1616	0.399	0.4099	sp|B5X0N6|KEA6_ARATH K(+) efflux antiporter 6 OS=Arabidopsis thaliana OX=3702 GN=KEA6 PE=1 SV=1
g7693	523.1	0.1564	0.238	0.7025	
g10735	594.8	0.2249	0.516	0.2865	
g4249	561.9	0.1946	-0.109	0.9436	sp|Q9C5S1|MKP1_ARATH Protein-tyrosine-phosphatase MKP1 OS=Arabidopsis thaliana OX=3702 GN=MKP1 PE=1 SV=1
g10878	587.3	0.2186	0.573	0.1236	sp|Q8BX90|FND3A_MOUSE Fibronectin type-III domain-containing protein 3A OS=Mus musculus OX=10090 GN=Fndc3a PE=1 SV=3
g9930	479.8	0.1176	0.198	0.7868	sp|Q12010|YPQ1_YEAST Vacuolar lysine transporter YPQ1 OS=Saccharomyces cerevisiae (strain ATCC 204508 / S288c) OX=559292 GN=YPQ1 PE=1 SV=1
g11974	503.2	0.1400	0.310	0.5858	
g15155	722.6	0.3473	-0.949	0.0662	
g14505	483.9	0.1226	0.115	0.9138	sp|Q9SH30|HMA5_ARATH Probable copper-transporting ATPase HMA5 OS=Arabidopsis thaliana OX=3702 GN=HMA5 PE=1 SV=2
g8437	544.6	0.1807	0.525	0.1085	sp|Q9XTR8|LIP1_CAEEL Lipase ZK262.3 OS=Caenorhabditis elegans OX=6239 GN=txt-8 PE=1 SV=1
g15911	575.0	0.2098	0.073	0.9614	
g13483	569.7	0.2063	-0.259	0.7581	
g8965	444.2	0.0877	0.027	0.9831	sp|Q9Y0B7|PP4C_DICDI Serine/threonine-protein phosphatase 4 catalytic subunit OS=Dictyostelium discoideum OX=44689 GN=ppp4c PE=1 SV=1
g5390	718.2	0.3476	0.625	0.1853	
g11884	522.7	0.1625	0.049	0.9685	sp|Q2KI84|HARS1_BOVIN Histidine--tRNA ligase, cytoplasmic OS=Bos taurus OX=9913 GN=HARS1 PE=2 SV=1
g10203	416.0	0.0614	-0.090	0.9349	sp|Q57UM0|VTC1_TRYB2 Vacuolar transporter chaperone complex subunit 1 OS=Trypanosoma brucei brucei (strain 927/4 GUTat10.1) OX=185431 GN=VTC1 PE=3 SV=1
g11945	483.8	0.1268	0.061	0.9560	
g5206	641.6	0.2770	-0.409	0.4140	
g10996	489.5	0.1327	-0.178	0.8418	sp|Q8WVC0|LEO1_HUMAN RNA polymerase-associated protein LEO1 OS=Homo sapiens OX=9606 GN=LEO1 PE=1 SV=1
g15962	587.9	0.2265	-0.519	0.2387	
g9217	494.3	0.1377	0.057	0.9609	sp|Q9QZS6|HS3SB_MOUSE Heparan sulfate glucosamine 3-O-sulfotransferase 3B1 OS=Mus musculus OX=10090 GN=Hs3st3b1 PE=2 SV=2
g7106	611.5	0.2497	0.268	0.6037	sp|Q1RHI5|ODO2_RICBR Dihydrolipoyllysine-residue succinyltransferase component of 2-oxoglutarate dehydrogenase complex OS=Rickettsia bellii (strain RML369-C) OX=336407 GN=sucB PE=3 SV=1
g11666	570.8	0.2110	-0.260	0.6753	sp|Q8LPJ4|AB2E_ARATH ABC transporter E family member 2 OS=Arabidopsis thaliana OX=3702 GN=ABCE2 PE=2 SV=1
g14957	531.0	0.1731	0.170	0.8623	sp|Q9Y5W9|SNX11_HUMAN Sorting nexin-11 OS=Homo sapiens OX=9606 GN=SNX11 PE=1 SV=2
g3000	516.7	0.1594	0.180	0.8457	sp|Q93VM9|THOC1_ARATH THO complex subunit 1 OS=Arabidopsis thaliana OX=3702 GN=THO1 PE=1 SV=1
g12877	649.0	0.2858	-0.265	0.7008	sp|Q0WSF1|AL221_ARATH Aldehyde dehydrogenase 22A1 OS=Arabidopsis thaliana OX=3702 GN=ALDH22A1 PE=2 SV=2
g12295	454.5	0.1010	0.071	0.9477	sp|O34598|GUAD_BACSU Guanine deaminase OS=Bacillus subtilis (strain 168) OX=224308 GN=guaD PE=1 SV=1
g7542	594.2	0.2349	-0.132	0.8827	sp|Q9FMU5|UTP18_ARATH U3 small nucleolar RNA-associated protein 18 homolog OS=Arabidopsis thaliana OX=3702 GN=At5g14050 PE=1 SV=1
g12693	934.9	0.5606	0.991	0.0780	sp|Q9P2K9|DISP3_HUMAN Protein dispatched homolog 3 OS=Homo sapiens OX=9606 GN=DISP3 PE=1 SV=2
g9914	493.1	0.1383	0.302	0.5681	
g13386	432.3	0.0803	0.173	0.8257	sp|Q9UJA3|MCM8_HUMAN DNA helicase MCM8 OS=Homo sapiens OX=9606 GN=MCM8 PE=1 SV=2
g8130	662.5	0.3007	-0.542	0.2603	sp|Q8KG38|GLMS_CHLTE Glutamine--fructose-6-phosphate aminotransferase [isomerizing] OS=Chlorobaculum tepidum (strain ATCC 49652 / DSM 12025 / NBRC 103806 / TLS) OX=194439 GN=glmS PE=3 SV=3
g558	518.8	0.1633	0.428	0.2850	
g12236	657.9	0.2972	-0.381	0.4015	
g13600	494.2	0.1404	0.044	0.9713	sp|Q5XIT9|MCCB_RAT Methylcrotonoyl-CoA carboxylase beta chain, mitochondrial OS=Rattus norvegicus OX=10116 GN=Mccc2 PE=2 SV=1
g13326	544.8	0.1894	0.107	0.9221	sp|P47083|MPP10_YEAST U3 small nucleolar RNA-associated protein MPP10 OS=Saccharomyces cerevisiae (strain ATCC 204508 / S288c) OX=559292 GN=MPP10 PE=1 SV=1
g9624	555.6	0.2001	-0.263	0.7173	sp|Q55G18|POMP_DICDI Proteasome maturation protein homolog OS=Dictyostelium discoideum OX=44689 GN=pomp PE=3 SV=1
g3371	532.2	0.1779	-0.011	0.9937	sp|Q2YDI2|ORC4_BOVIN Origin recognition complex subunit 4 OS=Bos taurus OX=9913 GN=ORC4 PE=2 SV=1
g5154	464.1	0.1126	-0.030	0.9820	sp|Q8VDI9|ALG9_MOUSE Alpha-1,2-mannosyltransferase ALG9 OS=Mus musculus OX=10090 GN=Alg9 PE=2 SV=1
g4697	498.4	0.1459	0.306	0.5498	
g12187	521.3	0.1680	-0.169	0.8307	sp|Q04996|HAT31_ARATH Homeobox protein HAT3.1 OS=Arabidopsis thaliana OX=3702 GN=HAT3.1 PE=1 SV=3
g6139	756.0	0.3942	0.406	0.5498	
g13436	513.7	0.1612	0.040	0.9762	sp|P93798|SNAA_VITVI Alpha-soluble NSF attachment protein OS=Vitis vinifera OX=29760 PE=2 SV=1
g13469	490.4	0.1389	-0.008	0.9944	sp|Q9SF85|ADK1_ARATH Adenosine kinase 1 OS=Arabidopsis thaliana OX=3702 GN=ADK1 PE=1 SV=1
g6267	535.7	0.1826	0.362	0.4932	
g10771	477.4	0.1269	-0.082	0.9453	
g2898	628.4	0.2724	-0.390	0.4898	sp|Q8S4F6|SQD2_ARATH Sulfoquinovosyl transferase SQD2 OS=Arabidopsis thaliana OX=3702 GN=SQD2 PE=1 SV=1
g15208	487.0	0.1363	0.040	0.9712	sp|Q5FYB1|ARSI_HUMAN Arylsulfatase I OS=Homo sapiens OX=9606 GN=ARSI PE=1 SV=1
g1728	508.7	0.1576	0.437	0.2573	
g7000	642.5	0.2870	0.415	0.3795	sp|A9S9Q8|MPK4B_PHYPA Mitogen-activated protein kinase 4b OS=Physcomitrium patens OX=3218 GN=MPK4b PE=1 SV=1
g6002	575.8	0.2227	-0.257	0.7996	sp|Q5UR45|YL572_MIMIV Putative AAA family ATPase L572 OS=Acanthamoeba polyphaga mimivirus OX=212035 GN=MIMI_L572 PE=3 SV=1
g132	563.3	0.2107	0.072	0.9614	
g3191	433.3	0.0853	0.092	0.9387	sp|P58402|EVGS_ECO57 Sensor protein EvgS OS=Escherichia coli O157:H7 OX=83334 GN=evgS PE=3 SV=1
g13376	470.7	0.1215	-0.128	0.9001	sp|A3KPP3|MOG1_DANRE Ran guanine nucleotide release factor OS=Danio rerio OX=7955 GN=rangrf PE=2 SV=1
g11218	547.3	0.1955	0.393	0.4158	sp|P32490|MKK1_YEAST MAP kinase kinase MKK1/SSP32 OS=Saccharomyces cerevisiae (strain ATCC 204508 / S288c) OX=559292 GN=MKK1 PE=1 SV=1
g880	616.1	0.2623	-0.403	0.2793	sp|Q9VL06|UFD4_DROME E3 ubiquitin-protein ligase Ufd4 OS=Drosophila melanogaster OX=7227 GN=Ufd4 PE=2 SV=1
g13545	518.6	0.1682	-0.233	0.7046	
g6954	636.5	0.2826	0.324	0.5073	sp|Q5NVF6|PPAL_PONAB Lysosomal acid phosphatase OS=Pongo abelii OX=9601 GN=ACP2 PE=2 SV=1
g8092	818.6	0.4591	-0.488	0.3893	
g8783	519.5	0.1699	0.045	0.9740	
g6011	499.8	0.1516	0.058	0.9614	
g6551	493.3	0.1456	0.213	0.7552	sp|O67802|DLHH_AQUAE Putative carboxymethylenebutenolidase OS=Aquifex aeolicus (strain VF5) OX=224324 GN=aq_1997 PE=3 SV=1
g13144	596.0	0.2459	-0.067	0.9565	sp|Q54QQ0|IMDH_DICDI Inosine-5'-monophosphate dehydrogenase OS=Dictyostelium discoideum OX=44689 GN=impdh PE=1 SV=1
g14437	516.5	0.1688	-0.241	0.6883	
g7296	567.9	0.2191	0.550	0.2096	sp|O13755|OSM1_SCHPO Fumarate reductase OS=Schizosaccharomyces pombe (strain 972 / ATCC 24843) OX=284812 GN=osm1 PE=3 SV=1
g3835	463.3	0.1177	-0.012	0.9910	sp|O22941|IDE1_ARATH Insulin-degrading enzyme-like 1, peroxisomal OS=Arabidopsis thaliana OX=3702 GN=PXM16 PE=2 SV=1
g2095	472.8	0.1270	0.141	0.8855	
g10538	509.8	0.1631	-0.055	0.9689	sp|Q57772|Y326_METJA Putative permease MJ0326 OS=Methanocaldococcus jannaschii (strain ATCC 43067 / DSM 2661 / JAL-1 / JCM 10045 / NBRC 100440) OX=243232 GN=MJ0326 PE=3 SV=1
g4880	485.7	0.1402	-0.093	0.9427	
g5758	498.2	0.1525	0.326	0.5512	
g12734	576.5	0.2305	-0.066	0.9621	sp|Q9LJU6|FAX6_ARATH Protein FATTY ACID EXPORT 6 OS=Arabidopsis thaliana OX=3702 GN=FAX6 PE=3 SV=1
g15791	557.4	0.2118	-0.321	0.5427	sp|Q9R1J0|NSDHL_MOUSE Sterol-4-alpha-carboxylate 3-dehydrogenase, decarboxylating OS=Mus musculus OX=10090 GN=Nsdhl PE=1 SV=1
g5766	661.5	0.3145	-0.560	0.1190	sp|Q9SMI3|RS12_CYAPA Small ribosomal subunit protein eS12 OS=Cyanophora paradoxa OX=2762 GN=RPS12 PE=2 SV=1
g432	419.7	0.0778	0.004	0.9974	sp|Q8BHJ5|TBL1R_MOUSE F-box-like/WD repeat-containing protein TBL1XR1 OS=Mus musculus OX=10090 GN=Tbl1xr1 PE=1 SV=1
g1504	531.0	0.1872	0.434	0.3344	
g5572	750.2	0.4026	0.509	0.3107	
g13334	462.0	0.1203	-0.225	0.7514	
g5056	501.1	0.1587	0.199	0.7862	sp|C0HKA2|TRYDT_DROME Trypsin delta OS=Drosophila melanogaster OX=7227 GN=deltaTry PE=2 SV=1
g10588	578.7	0.2349	-0.255	0.7307	
g8352	630.8	0.2863	-0.349	0.5839	
g11366	526.7	0.1842	-0.523	0.1182	sp|Q9LP45|PSD11_ARATH 26S proteasome non-ATPase regulatory subunit 11 homolog OS=Arabidopsis thaliana OX=3702 GN=RPN6 PE=1 SV=1
g13026	410.1	0.0698	0.007	0.9946	
g7216	496.9	0.1553	0.168	0.8621	sp|Q5M9Q1|NKAPL_HUMAN NKAP-like protein OS=Homo sapiens OX=9606 GN=NKAPL PE=1 SV=3
g626	426.2	0.0859	0.045	0.9696	
g12034	573.6	0.2312	-0.529	0.1039	sp|Q94AI6|SEC6_ARATH Exocyst complex component SEC6 OS=Arabidopsis thaliana OX=3702 GN=SEC6 PE=1 SV=1
g12457	485.1	0.1442	-0.108	0.9259	sp|O82197|VP321_ARATH Vacuolar protein sorting-associated protein 32 homolog 1 OS=Arabidopsis thaliana OX=3702 GN=VPS32.1 PE=1 SV=1
g1543	1036.5	0.6875	0.068	0.9486	sp|Q8LD38|MPC3_ARATH Mitochondrial pyruvate carrier 3 OS=Arabidopsis thaliana OX=3702 GN=MPC3 PE=2 SV=1
g13837	763.3	0.4189	0.029	0.9827	sp|P22304|IDS_HUMAN Iduronate 2-sulfatase OS=Homo sapiens OX=9606 GN=IDS PE=1 SV=1
g7498	729.8	0.3859	-0.439	0.2780	sp|Q96MC6|S71A1_HUMAN Solute carrier family 71 member 1 OS=Homo sapiens OX=9606 GN=SLC71A1 PE=1 SV=2
g15857	409.7	0.0707	0.120	0.9084	sp|Q55FN7|ODBB_DICDI 2-oxoisovalerate dehydrogenase subunit beta, mitochondrial OS=Dictyostelium discoideum OX=44689 GN=bkdB PE=3 SV=1
g15271	526.8	0.1862	0.288	0.7317	sp|Q8RVL2|DEK1_ARATH Calpain-type cysteine protease DEK1 OS=Arabidopsis thaliana OX=3702 GN=DEK1 PE=1 SV=1
g4975	749.4	0.4060	0.537	0.2022	sp|Q9FNN2|WDR26_ARATH WD repeat-containing protein 26 homolog OS=Arabidopsis thaliana OX=3702 GN=WDR26 PE=1 SV=1
g6924	552.2	0.2115	0.170	0.8186	sp|Q54KE6|MCCA_DICDI Methylcrotonoyl-CoA carboxylase subunit alpha, mitochondrial OS=Dictyostelium discoideum OX=44689 GN=mccA PE=3 SV=1
g5842	472.5	0.1338	0.219	0.7920	sp|Q9LET3|RBL20_ARATH Rhomboid-like protein 20 OS=Arabidopsis thaliana OX=3702 GN=RBL20 PE=2 SV=1
g3491	426.5	0.0896	0.038	0.9734	
g784	563.0	0.2253	0.240	0.7033	sp|O24600|RPOT3_ARATH DNA-directed RNA polymerase 3, chloroplastic OS=Arabidopsis thaliana OX=3702 GN=RPOT3 PE=2 SV=1
g15377	508.4	0.1711	0.394	0.3735	
g3101	413.9	0.0774	-0.003	0.9974	sp|Q9LDK9|APBLA_ARATH Beta-adaptin-like protein A OS=Arabidopsis thaliana OX=3702 GN=BETAA-AD PE=1 SV=1
g7237	668.9	0.3307	-0.070	0.9692	sp|A7S4N4|SERIC_NEMVE Probable serine incorporator OS=Nematostella vectensis OX=45351 GN=serinc PE=3 SV=1
g6040	564.8	0.2275	-0.001	0.9992	sp|B6IPJ8|RL20_RHOCS Large ribosomal subunit protein bL20 OS=Rhodospirillum centenum (strain ATCC 51521 / SW) OX=414684 GN=rplT PE=3 SV=1
g3802	737.2	0.3990	0.899	0.0572	sp|Q08890|IDS_MOUSE Iduronate 2-sulfatase OS=Mus musculus OX=10090 GN=Ids PE=2 SV=3
g14203	434.8	0.0987	-0.169	0.8452	sp|Q54PQ8|XPO5_DICDI Exportin-5 OS=Dictyostelium discoideum OX=44689 GN=xpo5 PE=3 SV=1
g6444	671.6	0.3342	0.548	0.1341	sp|P53780|METC_ARATH Cystathionine beta-lyase, chloroplastic OS=Arabidopsis thaliana OX=3702 GN=At3g57050 PE=1 SV=1
g3618	443.9	0.1082	0.103	0.9323	sp|Q9UI17|M2GD_HUMAN Dimethylglycine dehydrogenase, mitochondrial OS=Homo sapiens OX=9606 GN=DMGDH PE=1 SV=2
g7592	403.5	0.0682	0.118	0.9119	sp|Q7TPQ3|SHPRH_MOUSE E3 ubiquitin-protein ligase SHPRH OS=Mus musculus OX=10090 GN=Shprh PE=1 SV=1
g3431	604.7	0.2692	0.585	0.1776	
g15387	578.5	0.2436	0.301	0.5655	sp|Q9Y6W3|CAN7_HUMAN Calpain-7 OS=Homo sapiens OX=9606 GN=CAPN7 PE=1 SV=1
g4504	728.4	0.3932	0.492	0.4454	sp|Q5UQ83|YR526_MIMIV Putative alpha/beta hydrolase R526 OS=Acanthamoeba polyphaga mimivirus OX=212035 GN=MIMI_R526 PE=1 SV=1
g485	604.9	0.2706	-0.004	0.9974	sp|Q9I0K9|PUR8_PSEAE Adenylosuccinate lyase OS=Pseudomonas aeruginosa (strain ATCC 15692 / DSM 22644 / CIP 104116 / JCM 14847 / LMG 12228 / 1C / PRS 101 / PAO1) OX=208964 GN=purB PE=1 SV=1
g15098	573.2	0.2395	-0.022	0.9848	sp|Q9D820|PRXD1_MOUSE Prolyl-tRNA synthetase associated domain-containing protein 1 OS=Mus musculus OX=10090 GN=Prorsd1 PE=1 SV=1
g9196	677.4	0.3436	0.535	0.3386	sp|E2RBS6|SETD3_CANLF Actin-histidine N-methyltransferase OS=Canis lupus familiaris OX=9615 GN=SETD3 PE=3 SV=1
g3499	699.0	0.3656	0.583	0.0583	
g10412	512.2	0.1792	0.036	0.9823	sp|Q8GZ26|BRN2L_ARATH RNA-binding protein BRN2 OS=Arabidopsis thaliana OX=3702 GN=BRN2 PE=1 SV=1
g12301	422.1	0.0890	0.137	0.8890	sp|Q92797|SYMPK_HUMAN Symplekin OS=Homo sapiens OX=9606 GN=SYMPK PE=1 SV=2
g2818	452.1	0.1193	0.177	0.8246	
g10576	422.5	0.0897	-0.190	0.7997	
g7765	425.8	0.0931	-0.072	0.9509	
g11802	455.4	0.1234	0.064	0.9570	sp|P48612|PELO_DROME Protein pelota OS=Drosophila melanogaster OX=7227 GN=pelo PE=1 SV=2
g2687	489.6	0.1581	-0.181	0.8271	sp|P28025|KI11B_XENLA Kinesin-like protein KIF11-B OS=Xenopus laevis OX=8355 GN=kif11-b PE=1 SV=2
g1719	469.5	0.1380	-0.031	0.9790	
g10395	439.4	0.1081	0.206	0.7729	sp|A0A0G2JXT6|MTMR6_RAT Phosphatidylinositol-3,5-bisphosphate 3-phosphatase MTMR6 OS=Rattus norvegicus OX=10116 GN=Mtmr6 PE=1 SV=1
g11214	669.6	0.3395	0.351	0.5759	
g15429	579.8	0.2496	0.340	0.7105	sp|Q90YU6|RL22_ICTPU Large ribosomal subunit protein eL22 OS=Ictalurus punctatus OX=7998 GN=rpl22 PE=2 SV=3
g12982	524.6	0.1947	0.288	0.7433	
g12643	432.2	0.1017	0.116	0.9103	sp|Q99570|PI3R4_HUMAN Phosphoinositide 3-kinase regulatory subunit 4 OS=Homo sapiens OX=9606 GN=PIK3R4 PE=1 SV=3
g11541	509.6	0.1797	0.296	0.6602	sp|Q55GV9|LIMCH_DICDI Calponin homology and LIM domain-containing protein OS=Dictyostelium discoideum OX=44689 GN=ChLim PE=1 SV=1
g5682	754.4	0.4269	0.707	0.0702	
g11794	693.7	0.3659	0.624	0.0673	
g5907	446.2	0.1168	-0.310	0.5618	sp|Q5SSZ5|TENS3_MOUSE Tensin-3 OS=Mus musculus OX=10090 GN=Tns3 PE=1 SV=1
g5804	504.7	0.1762	0.278	0.6229	
g7122	445.0	0.1162	-0.095	0.9370	sp|Q8GYA6|PS13B_ARATH 26S proteasome non-ATPase regulatory subunit 13 homolog B OS=Arabidopsis thaliana OX=3702 GN=RPN9B PE=1 SV=1
g11009	587.0	0.2606	0.201	0.7577	
g2470	870.5	0.5482	0.336	0.6972	sp|Q9SR77|HBPL1_ARATH Heme-binding-like protein At3g10130, chloroplastic OS=Arabidopsis thaliana OX=3702 GN=At3g10130 PE=1 SV=1
g14580	502.1	0.1752	0.249	0.7528	sp|O94889|KLH18_HUMAN Kelch-like protein 18 OS=Homo sapiens OX=9606 GN=KLHL18 PE=1 SV=3
g8782	727.0	0.4032	0.630	0.0996	sp|Q290X1|SWET1_DROPS Sugar transporter SWEET1 OS=Drosophila pseudoobscura pseudoobscura OX=46245 GN=slv PE=3 SV=1
g11494	528.7	0.2023	-0.380	0.3711	sp|P24005|ACTB_DICDI Calcium-regulated actin-bundling protein OS=Dictyostelium discoideum OX=44689 GN=abpB PE=1 SV=1
g11799	384.9	0.0569	0.021	0.9849	sp|Q5F450|PAN2_CHICK PAN2-PAN3 deadenylation complex catalytic subunit PAN2 OS=Gallus gallus OX=9031 GN=PAN2 PE=2 SV=1
g10569	443.9	0.1168	-0.153	0.8585	sp|P43903|QOR_PSEAE Quinone oxidoreductase OS=Pseudomonas aeruginosa (strain ATCC 15692 / DSM 22644 / CIP 104116 / JCM 14847 / LMG 12228 / 1C / PRS 101 / PAO1) OX=208964 GN=qor PE=3 SV=2
g6393	433.8	0.1066	0.146	0.8805	
g11089	493.5	0.1673	0.003	0.9974	sp|Q8LB01|DAPB2_ARATH 4-hydroxy-tetrahydrodipicolinate reductase 2, chloroplastic OS=Arabidopsis thaliana OX=3702 GN=DAPB2 PE=1 SV=1
g9698	491.0	0.1651	0.343	0.5339	sp|Q9R1D7|GBF1_CRIGR Golgi-specific brefeldin A-resistance guanine nucleotide exchange factor 1 OS=Cricetulus griseus OX=10029 GN=GBF1 PE=1 SV=1
g161	486.6	0.1608	-0.240	0.7025	sp|Q55D66|PSB3_DICDI Proteasome subunit beta type-3 OS=Dictyostelium discoideum OX=44689 GN=psmB3 PE=3 SV=1
g4494	508.0	0.1831	-0.064	0.9666	sp|A0QNZ7|MGLL_MYCS2 Monoacylglycerol lipase OS=Mycolicibacterium smegmatis (strain ATCC 700084 / mc(2)155) OX=246196 GN=MSMEG_0220 PE=1 SV=1
g5361	636.7	0.3141	-0.606	0.4288	
g7474	514.0	0.1895	0.042	0.9689	sp|Q9PTU3|XPO2_PAGMA Exportin-2 OS=Pagrus major OX=143350 GN=cse1l PE=2 SV=1
g10651	468.6	0.1442	0.041	0.9733	sp|Q9SJT1|SAE2_ARATH SUMO-activating enzyme subunit 2 OS=Arabidopsis thaliana OX=3702 GN=SAE2 PE=1 SV=1
g4119	421.5	0.0963	-0.065	0.9566	
g8790	482.2	0.1585	-0.449	0.2338	sp|O04996|SODC_SOLCS Superoxide dismutase [Cu-Zn] OS=Solidago canadensis var. scabra OX=59294 GN=SODCC PE=2 SV=3
g12582	691.3	0.3718	-0.130	0.8809	sp|Q54GN8|NSA2_DICDI Ribosome biogenesis protein NSA2 homolog OS=Dictyostelium discoideum OX=44689 GN=nsa2 PE=3 SV=1
g8595	517.9	0.1951	0.258	0.7137	sp|Q99595|TI17A_HUMAN Mitochondrial import inner membrane translocase subunit Tim17-A OS=Homo sapiens OX=9606 GN=TIMM17A PE=1 SV=1
g1146	507.8	0.1849	0.138	0.9165	
g1351	368.9	0.0437	-0.035	0.9765	sp|Q4P7Z8|DBP5_MYCMD ATP-dependent RNA helicase DBP5 OS=Mycosarcoma maydis OX=5270 GN=DBP5 PE=3 SV=1
g1508	452.3	0.1292	-0.074	0.9509	
g9140	1129.0	0.8218	0.565	0.5498	
g3603	433.3	0.1103	0.065	0.9602	sp|Q8RY22|DEGP7_ARATH Protease Do-like 7 OS=Arabidopsis thaliana OX=3702 GN=DEGP7 PE=2 SV=1
g13716	394.5	0.0705	0.093	0.9337	sp|F4ILF8|P4H13_ARATH Prolyl 4-hydroxylase 13 OS=Arabidopsis thaliana OX=3702 GN=P4H13 PE=2 SV=1
g6773	1587.3	1.2932	1.915	0.1303	
g11152	509.3	0.1887	0.248	0.7564	sp|P39619|YWDK_BACSU UPF0382 membrane protein YwdK OS=Bacillus subtilis (strain 168) OX=224308 GN=ywdK PE=2 SV=2
g10825	578.2	0.2595	0.212	0.8333	
g783	439.6	0.1175	-0.017	0.9863	sp|P59889|S39A1_DANRE Zinc transporter ZIP1 OS=Danio rerio OX=7955 GN=slc39a1 PE=2 SV=1
g5031	437.6	0.1159	0.250	0.7266	sp|Q09138|AAKG1_PIG 5'-AMP-activated protein kinase subunit gamma-1 OS=Sus scrofa OX=9823 GN=PRKAG1 PE=1 SV=2
g13535	675.4	0.3605	-0.620	0.2232	sp|F1CYZ5|CARA_ACEWO Caffeate CoA-transferase OS=Acetobacterium woodii OX=33952 GN=carA PE=1 SV=1
g9063	401.4	0.0790	0.122	0.9111	sp|P0AFS5|TQSA_ECOLI AI-2 transport protein TqsA OS=Escherichia coli (strain K12) OX=83333 GN=tqsA PE=1 SV=1
g4868	488.0	0.1680	-0.192	0.7848	
g13751	496.2	0.1767	-0.425	0.3690	sp|Q24562|U2AF2_DROME Splicing factor U2AF 50 kDa subunit OS=Drosophila melanogaster OX=7227 GN=U2af50 PE=1 SV=1
g15746	645.6	0.3306	-0.239	0.7564	
g4772	798.0	0.4876	0.823	0.0594	sp|Q9M651|RAGP2_ARATH RAN GTPase-activating protein 2 OS=Arabidopsis thaliana OX=3702 GN=RANGAP2 PE=1 SV=2
g13313	601.9	0.2860	0.544	0.0994	sp|Q32KJ9|ARSG_RAT Arylsulfatase G OS=Rattus norvegicus OX=10116 GN=Arsg PE=2 SV=1
g10958	416.7	0.0963	-0.113	0.9210	sp|Q52JK6|VIP2_NICBE Probable NOT transcription complex subunit VIP2 (Fragment) OS=Nicotiana benthamiana OX=4100 GN=VIP2 PE=1 SV=1
g14322	479.0	0.1606	-0.095	0.9264	sp|P36874|PP1GA_XENLA Serine/threonine-protein phosphatase PP1-gamma catalytic subunit A OS=Xenopus laevis OX=8355 GN=ppp1cc-a PE=1 SV=2
g8741	470.4	0.1521	0.163	0.8703	sp|A0JN53|RPAP1_BOVIN RNA polymerase II-associated protein 1 OS=Bos taurus OX=9913 GN=RPAP1 PE=2 SV=1
g8417	406.0	0.0857	0.141	0.8802	sp|Q1RLX4|TPC11_DANRE Trafficking protein particle complex subunit 11 OS=Danio rerio OX=7955 GN=trappc11 PE=2 SV=1
g6704	543.5	0.2283	0.063	0.9534	sp|Q6F6Y2|HPXO_ACIAD FAD-dependent urate hydroxylase OS=Acinetobacter baylyi (strain ATCC 33305 / BD413 / ADP1) OX=62977 GN=hpxO PE=1 SV=1
g11069	487.0	0.1700	0.057	0.9666	sp|A7SD85|CDC5L_NEMVE Cell division cycle 5-related protein OS=Nematostella vectensis OX=45351 GN=cdc5l PE=3 SV=1
g1841	433.2	0.1145	0.233	0.7382	sp|A0A1D8PDZ1|RL34B_CANAL Large ribosomal subunit protein eL34 OS=Candida albicans (strain SC5314 / ATCC MYA-2876) OX=237561 GN=RPL34B PE=1 SV=1
g13561	817.3	0.5115	0.085	0.9343	sp|P16675|PPGB_MOUSE Lysosomal protective protein OS=Mus musculus OX=10090 GN=Ctsa PE=1 SV=1
g4240	385.3	0.0649	0.089	0.9370	
g14562	470.3	0.1534	0.162	0.8563	sp|Q9LIA8|UGDH2_ARATH UDP-glucose 6-dehydrogenase 2 OS=Arabidopsis thaliana OX=3702 GN=UGD2 PE=1 SV=1
g121	447.8	0.1302	0.048	0.9689	sp|Q9Y496|KIF3A_HUMAN Kinesin-like protein KIF3A OS=Homo sapiens OX=9606 GN=KIF3A PE=1 SV=4
g9132	453.1	0.1357	0.292	0.6469	sp|Q7F2E4|CSB_ORYSJ DNA excision repair protein CSB OS=Oryza sativa subsp. japonica OX=39947 GN=CSB PE=2 SV=1
g6930	406.9	0.0883	0.136	0.8910	sp|A3KMH1|VWA8_HUMAN von Willebrand factor A domain-containing protein 8 OS=Homo sapiens OX=9606 GN=VWA8 PE=1 SV=2
g8523	525.0	0.2106	-0.316	0.5498	sp|Q6Z6L4|APM1A_ORYSJ Aminopeptidase M1-A OS=Oryza sativa subsp. japonica OX=39947 GN=Os02g0218200 PE=2 SV=1
g9752	487.2	0.1716	0.011	0.9921	sp|Q9TW28|MYOM_DICDI Myosin-M heavy chain OS=Dictyostelium discoideum OX=44689 GN=myoM PE=1 SV=1
g11809	395.5	0.0767	-0.019	0.9852	sp|Q86KU6|MTD1_DICDI Methylenetetrahydrofolate dehydrogenase [NAD(+)] OS=Dictyostelium discoideum OX=44689 GN=thfA PE=3 SV=1
g1212	415.3	0.0978	0.126	0.9103	
g8379	599.4	0.2891	-0.431	0.2426	sp|Q9SVN5|SYMC_ARATH Methionine--tRNA ligase, cytoplasmic OS=Arabidopsis thaliana OX=3702 GN=At4g13780 PE=2 SV=1
g5910	505.1	0.1911	0.374	0.4815	sp|Q9LKW9|NHX7_ARATH Sodium/hydrogen exchanger 7 OS=Arabidopsis thaliana OX=3702 GN=NHX7 PE=1 SV=1
g9333	582.1	0.2712	0.120	0.9370	sp|P40927|MAOX_COLLI NADP-dependent malic enzyme OS=Columba livia OX=8932 GN=ME1 PE=1 SV=1
g3481	502.6	0.1890	0.398	0.4228	
g208	408.2	0.0911	-0.043	0.9692	sp|Q10100|NTF2_SCHPO Nuclear transport factor 2 OS=Schizosaccharomyces pombe (strain 972 / ATCC 24843) OX=284812 GN=ntf2 PE=3 SV=2
g9811	483.0	0.1696	0.063	0.9666	
g14355	410.9	0.0945	0.130	0.8990	
g3221	479.6	0.1662	0.076	0.9611	sp|Q6PC24|YIF1A_DANRE Protein YIF1A OS=Danio rerio OX=7955 GN=yif1a PE=2 SV=1
g7280	855.7	0.5582	-0.310	0.7841	
g15846	763.5	0.4622	-0.277	0.7984	sp|Q55CD9|NDH_DICDI Probable NADH dehydrogenase OS=Dictyostelium discoideum OX=44689 GN=DDB_G0270104 PE=3 SV=2
g5445	446.5	0.1322	0.107	0.9225	
g104	427.6	0.1125	0.196	0.7916	sp|A0A1U8QWA2|ATR12_EMENI Glycine betaine reductase ATRR OS=Emericella nidulans (strain FGSC A4 / ATCC 38163 / CBS 112.46 / NRRL 194 / M139) OX=227321 GN=ATRR PE=1 SV=1
g3177	524.5	0.2137	0.286	0.6492	
g4580	413.4	0.0980	0.202	0.7916	
g13912	398.5	0.0828	-0.014	0.9904	
g13240	440.9	0.1273	0.224	0.7581	sp|Q84MB6|OD231_ARATH Homoarginine-6-hydroxylase 2-ODD-C23.1 OS=Arabidopsis thaliana OX=3702 GN=2ODDC23.1 PE=1 SV=1
g13295	392.8	0.0774	-0.018	0.9865	sp|P32567|PAH1_YEAST Phosphatidic acid phosphohydrolase 1 OS=Saccharomyces cerevisiae (strain ATCC 204508 / S288c) OX=559292 GN=PAH1 PE=1 SV=1
g1288	487.2	0.1769	0.398	0.4411	
g2615	457.4	0.1465	-0.363	0.4638	sp|Q96I24|FUBP3_HUMAN Far upstream element-binding protein 3 OS=Homo sapiens OX=9606 GN=FUBP3 PE=1 SV=2
g10932	548.5	0.2430	-0.176	0.8333	sp|B7G6D3|MCA3C_PHATC Metacaspase III c OS=Phaeodactylum tricornutum (strain CCAP 1055/1) OX=556484 GN=MCA-IIIc PE=1 SV=2
g7861	641.6	0.3418	0.777	0.1322	sp|P0A324|CATA_BORBR Catalase OS=Bordetella bronchiseptica (strain ATCC BAA-588 / NCTC 13252 / RB50) OX=257310 GN=katA PE=3 SV=1
g1881	443.5	0.1334	0.287	0.6109	
g2411	532.9	0.2280	-0.132	0.9173	
g14435	401.9	0.0904	-0.089	0.9362	sp|Q7ZXB5|RBM22_XENLA Pre-mRNA-splicing factor RBM22 OS=Xenopus laevis OX=8355 GN=rbm22 PE=2 SV=1
g6902	385.0	0.0727	0.153	0.8703	sp|A6H8H2|DEN4C_MOUSE DENN domain-containing protein 4C OS=Mus musculus OX=10090 GN=Dennd4c PE=1 SV=1
g4348	455.7	0.1473	-0.366	0.4815	sp|Q2LZZ7|TRC_DROPS Serine/threonine-protein kinase tricornered OS=Drosophila pseudoobscura pseudoobscura OX=46245 GN=trc PE=3 SV=1
g2138	393.4	0.0819	-0.002	0.9978	sp|I1BTD7|EGCR1_RHIO9 Glucosylceramidase OS=Rhizopus delemar (strain RA 99-880 / ATCC MYA-4621 / FGSC 9543 / NRRL 43880) OX=246409 GN=ERC1 PE=1 SV=1
g15915	420.9	0.1113	0.129	0.9092	sp|O94289|LUB1_SCHPO Ubiquitin homeostasis protein lub1 OS=Schizosaccharomyces pombe (strain 972 / ATCC 24843) OX=284812 GN=lub1 PE=1 SV=2
g5558	523.4	0.2199	-0.172	0.8226	sp|Q7KWQ2|SYSC_DICDI Serine--tRNA ligase, cytoplasmic OS=Dictyostelium discoideum OX=44689 GN=serS PE=1 SV=1
g14127	463.8	0.1569	0.073	0.9532	sp|Q8NHX9|TPC2_HUMAN Two pore channel protein 2 OS=Homo sapiens OX=9606 GN=TPCN2 PE=1 SV=2
g5532	419.3	0.1101	-0.063	0.9614	sp|Q5VYS8|TUT7_HUMAN Terminal uridylyltransferase 7 OS=Homo sapiens OX=9606 GN=TUT7 PE=1 SV=1
g5851	472.6	0.1665	-0.147	0.8589	
g13777	419.0	0.1100	0.221	0.7737	sp|Q10MJ1|CGEP_ORYSJ Probable glutamyl endopeptidase, chloroplastic OS=Oryza sativa subsp. japonica OX=39947 GN=GEP PE=2 SV=1
g11246	486.4	0.1816	-0.181	0.8292	sp|Q6PC91|BT3L4_DANRE Transcription factor BTF3 homolog 4 OS=Danio rerio OX=7955 GN=btf3l4 PE=2 SV=1
g3380	554.6	0.2542	-0.004	0.9968	sp|Q9A8H6|RS9_CAUVC Small ribosomal subunit protein uS9 OS=Caulobacter vibrioides (strain ATCC 19089 / CIP 103742 / CB 15) OX=190650 GN=rpsI PE=3 SV=1
g9677	462.2	0.1565	-0.403	0.3980	sp|Q9IB83|PSB1B_CARAU Proteasome subunit beta type-1-B OS=Carassius auratus OX=7957 GN=psmb1-B PE=2 SV=1
g10315	661.9	0.3687	0.043	0.9685	sp|Q9L9D7|COCE_RHOSM Cocaine esterase OS=Rhodococcus sp. (strain MB1 Bresler) OX=104109 GN=cocE PE=1 SV=1
g2181	387.3	0.0778	-0.073	0.9509	sp|Q54Y72|GACA_DICDI Rho GTPase-activating protein gacA OS=Dictyostelium discoideum OX=44689 GN=gacA PE=3 SV=1
g2167	576.5	0.2788	0.139	0.8903	sp|Q8RXN5|TYW1_ARATH S-adenosyl-L-methionine-dependent tRNA 4-demethylwyosine synthase OS=Arabidopsis thaliana OX=3702 GN=TYW1 PE=2 SV=1
g293	653.8	0.3609	-0.319	0.5686	
g2224	552.8	0.2542	-0.170	0.8167	sp|Q5XHA8|PYG1A_XENLA CTP synthase 1-A OS=Xenopus laevis OX=8355 GN=ctps1-a PE=2 SV=1
g9960	424.6	0.1181	0.287	0.6249	sp|Q54U63|LVSC_DICDI BEACH domain-containing protein lvsC OS=Dictyostelium discoideum OX=44689 GN=lvsC PE=4 SV=2
g15985	393.1	0.0848	0.137	0.8868	sp|P52178|TPT2_BRAOB Triose phosphate/phosphate translocator, non-green plastid, chloroplastic OS=Brassica oleracea var. botrytis OX=3715 GN=NGTPT PE=2 SV=1
g14108	513.5	0.2130	-0.567	0.1171	sp|Q9LYQ4|PR1B6_ARATH PRA1 family protein B6 OS=Arabidopsis thaliana OX=3702 GN=PRA1B6 PE=1 SV=1
g3085	685.3	0.3961	0.395	0.3091	sp|K4BW79|ENOX_SOLLC 2-methylene-furan-3-one reductase OS=Solanum lycopersicum OX=4081 GN=EO PE=1 SV=1
g4869	342.1	0.0309	-0.026	0.9846	
g3621	486.7	0.1856	0.321	0.6511	
g12495	400.9	0.0944	-0.154	0.8585	sp|Q9GYZ0|KIF15_STRPU Kinesin-like protein KIF15 OS=Strongylocentrotus purpuratus OX=7668 GN=KIF15 PE=1 SV=1
g14873	379.3	0.0714	0.024	0.9848	
g107	510.1	0.2113	0.548	0.1094	sp|O75165|DJC13_HUMAN DnaJ homolog subfamily C member 13 OS=Homo sapiens OX=9606 GN=DNAJC13 PE=1 SV=5
g2865	597.8	0.3054	0.599	0.1559	sp|Q9Z1M4|KS6B2_MOUSE Ribosomal protein S6 kinase beta-2 OS=Mus musculus OX=10090 GN=Rps6kb2 PE=1 SV=1
g11876	515.4	0.2175	-0.225	0.7344	sp|O28173|RIBB_ARCFU 3,4-dihydroxy-2-butanone 4-phosphate synthase OS=Archaeoglobus fulgidus (strain ATCC 49558 / DSM 4304 / JCM 9628 / NBRC 100126 / VC-16) OX=224325 GN=ribB PE=3 SV=1
g1259	391.9	0.0856	0.133	0.9021	sp|P14002|BGLB_ACET2 Thermostable beta-glucosidase B OS=Acetivibrio thermocellus (strain ATCC 27405 / DSM 1237 / JCM 9322 / NBRC 103400 / NCIMB 10682 / NRRL B-4536 / VPI 7372) OX=203119 GN=bglB PE=1 SV=2
g11044	416.8	0.1125	0.170	0.8531	
g6317	564.4	0.2714	-0.622	0.1860	
g1495	1045.1	0.7887	0.569	0.4852	sp|Q08790|BLC_VIBCH Outer membrane lipoprotein Blc OS=Vibrio cholerae serotype O1 (strain ATCC 39315 / El Tor Inaba N16961) OX=243277 GN=blc PE=3 SV=2
g13105	610.6	0.3222	0.742	0.0961	sp|Q54PC2|GSH1_DICDI Glutamate--cysteine ligase OS=Dictyostelium discoideum OX=44689 GN=gcsA PE=1 SV=1
g13094	432.5	0.1317	0.298	0.5946	
g8772	455.7	0.1569	0.292	0.6154	sp|A5UQV0|UPP_ROSS1 Uracil phosphoribosyltransferase OS=Roseiflexus sp. (strain RS-1) OX=357808 GN=upp PE=3 SV=1
g14684	521.7	0.2279	-0.460	0.2624	
g9225	439.6	0.1397	-0.049	0.9680	sp|Q5SRE7|PHYD1_HUMAN Phytanoyl-CoA dioxygenase domain-containing protein 1 OS=Homo sapiens OX=9606 GN=PHYHD1 PE=1 SV=2
g10564	444.1	0.1449	-0.273	0.6900	
g12242	438.3	0.1389	0.196	0.7901	sp|Q9LT25|PR40C_ARATH Pre-mRNA-processing protein 40C OS=Arabidopsis thaliana OX=3702 GN=PRP40C PE=1 SV=1
g7663	534.9	0.2430	0.119	0.9151	
g3114	702.2	0.4236	0.296	0.7593	sp|Q9LUW5|RH53_ARATH DEAD-box ATP-dependent RNA helicase 53, mitochondrial OS=Arabidopsis thaliana OX=3702 GN=RH53 PE=1 SV=1
g13352	485.1	0.1898	0.077	0.9474	sp|Q94FL9|MB3R4_ARATH Transcription factor MYB3R-4 OS=Arabidopsis thaliana OX=3702 GN=MYB3R4 PE=1 SV=1
g11684	591.5	0.3049	-0.392	0.3977	sp|Q9WV70|NOC2L_MOUSE Nucleolar complex protein 2 homolog OS=Mus musculus OX=10090 GN=Noc2l PE=1 SV=2
g13768	612.2	0.3280	-0.021	0.9849	sp|A0A0M3VI47|CBL_MIMPU Cystathionine beta-lyase, chloroplastic OS=Mimosa pudica OX=76306 GN=CBL PE=1 SV=1
g13569	533.2	0.2427	-0.279	0.7031	sp|Q58E76|ATD3A_XENLA ATPase family AAA domain-containing protein 3-A OS=Xenopus laevis OX=8355 GN=atad3-a PE=2 SV=1
g4653	418.7	0.1200	-0.236	0.7382	
g15575	412.1	0.1130	0.222	0.7500	sp|Q54CS8|PEX6_DICDI Peroxisomal ATPase PEX6 OS=Dictyostelium discoideum OX=44689 GN=pex6 PE=3 SV=1
g274	477.2	0.1838	-0.166	0.8853	
g10122	489.9	0.1981	-0.060	0.9593	sp|Q9CQF9|PCYOX_MOUSE Prenylcysteine oxidase 1 OS=Mus musculus OX=10090 GN=Pcyox1 PE=1 SV=1
g6170	497.9	0.2075	0.569	0.0822	sp|Q94C95|ATG1A_ARATH Serine/threonine-protein kinase ATG1a OS=Arabidopsis thaliana OX=3702 GN=ATG1A PE=1 SV=1
g945	455.9	0.1618	0.415	0.3271	sp|P11881|ITPR1_MOUSE Inositol 1,4,5-trisphosphate-gated calcium channel ITPR1 OS=Mus musculus OX=10090 GN=Itpr1 PE=1 SV=2
g12683	627.5	0.3482	-0.212	0.7433	sp|Q10215|RDL_SCHPO Putative thiosulfate sulfurtransferase, mitochondrial OS=Schizosaccharomyces pombe (strain 972 / ATCC 24843) OX=284812 GN=SPAC4H3.07c PE=3 SV=2
g3952	350.0	0.0468	-0.056	0.9621	
g616	370.6	0.0692	0.154	0.8629	sp|Q24509|STX5_DROME Syntaxin-5 OS=Drosophila melanogaster OX=7227 GN=Syx5 PE=2 SV=2
g16019	479.3	0.1879	0.520	0.1837	sp|Q9Y2B1|RXLT1_HUMAN Ribitol-5-phosphate xylosyltransferase 1 OS=Homo sapiens OX=9606 GN=RXYLT1 PE=1 SV=1
g15426	626.5	0.3480	0.361	0.4837	sp|E9AGH7|NTR2_LEIIN Probable flavin mononucleotide-dependent alkene reductase OS=Leishmania infantum OX=5671 GN=LINJ.12.0730 PE=1 SV=1
g1828	622.7	0.3444	0.543	0.3108	
g2305	1250.4	1.0280	0.969	0.6574	sp|Q9LN20|P4H3_ARATH Probable prolyl 4-hydroxylase 3 OS=Arabidopsis thaliana OX=3702 GN=P4H3 PE=2 SV=1
g6683	368.2	0.0675	0.143	0.8778	
g4860	347.0	0.0445	0.080	0.9463	sp|P12617|DCMC_ANSAN Malonyl-CoA decarboxylase, mitochondrial OS=Anser anser anser OX=8844 GN=MLYCD PE=1 SV=2
g15734	412.3	0.1158	-0.014	0.9904	sp|U2ZU49|ARSM_AQUA1 Arsenite methyltransferase OS=Aquipseudomonas alcaligenes (strain ATCC 14909 / DSM 50342 / CCUG 1425 / JCM 20561 / NBRC 14159 / NCIMB 9945 / NCTC 10367 / 1577) OX=1215092 GN=arsM PE=1 SV=1
g13395	491.0	0.2029	0.378	0.5457	sp|Q9LHJ9|P2C38_ARATH Probable protein phosphatase 2C 38 OS=Arabidopsis thaliana OX=3702 GN=PP2C38 PE=1 SV=1
g6962	563.6	0.2826	0.314	0.5447	
g2459	400.9	0.1048	0.031	0.9790	
g411	525.9	0.2420	0.195	0.8352	
g8179	655.8	0.3845	-0.704	0.0517	
g4077	477.4	0.1901	0.458	0.2418	
g9988	459.0	0.1701	0.377	0.4127	sp|A0JJX5|SYT4_ARATH Synaptotagmin-4 OS=Arabidopsis thaliana OX=3702 GN=SYT4 PE=2 SV=1
g14791	718.0	0.4545	0.386	0.4697	
g3433	424.6	0.1325	0.104	0.9248	sp|A7SG73|NADC_NEMVE Nicotinate-nucleotide pyrophosphorylase [carboxylating] (Fragment) OS=Nematostella vectensis OX=45351 GN=qprt PE=3 SV=1
g5328	420.2	0.1280	-0.162	0.8530	sp|Q9M1I1|FB304_ARATH F-box protein At3g54460 OS=Arabidopsis thaliana OX=3702 GN=At3g54460 PE=2 SV=1
g10695	580.1	0.3045	0.514	0.2639	
g9284	857.7	0.6101	-0.986	0.1517	
g8927	568.3	0.2925	-0.224	0.7197	sp|Q9Z1M4|KS6B2_MOUSE Ribosomal protein S6 kinase beta-2 OS=Mus musculus OX=10090 GN=Rps6kb2 PE=1 SV=1
g7333	372.5	0.0778	-0.118	0.9151	sp|Q9ZUP4|CKL5_ARATH Casein kinase 1-like protein 5 OS=Arabidopsis thaliana OX=3702 GN=CKL5 PE=1 SV=1
g9108	381.5	0.0878	-0.071	0.9529	sp|Q9I4V0|NQRED_PSEAE NADH:quinone reductase OS=Pseudomonas aeruginosa (strain ATCC 15692 / DSM 22644 / CIP 104116 / JCM 14847 / LMG 12228 / 1C / PRS 101 / PAO1) OX=208964 GN=PA1024 PE=1 SV=1
g2368	439.2	0.1515	-0.123	0.9001	sp|G4YEI5|ISC1_PHYSP Secreted isochorismatase effector Isc1 OS=Phytophthora sojae (strain P6497) OX=1094619 GN=Isc1 PE=1 SV=1
g2435	668.7	0.4052	0.249	0.6543	
g6832	412.9	0.1227	-0.238	0.7577	
g5678	499.6	0.2196	-0.020	0.9849	sp|E9L7A5|PAT_PETHY Bifunctional aspartate aminotransferase and glutamate/aspartate-prephenate aminotransferase OS=Petunia hybrida OX=4102 GN=PPA-AT PE=1 SV=1
g498	450.8	0.1657	0.234	0.7168	sp|Q8TEM1|PO210_HUMAN Nuclear pore membrane glycoprotein 210 OS=Homo sapiens OX=9606 GN=NUP210 PE=1 SV=3
g4760	741.0	0.4872	0.275	0.6819	sp|F2Z461|HERC6_MOUSE E3 ISG15--protein ligase Herc6 OS=Mus musculus OX=10090 GN=Herc6 PE=2 SV=1
g10926	687.5	0.4280	0.332	0.6638	sp|P90795|GPDM_CAEEL Probable glycerol-3-phosphate dehydrogenase, mitochondrial OS=Caenorhabditis elegans OX=6239 GN=gpdh-3 PE=3 SV=2
g4195	406.3	0.1168	0.171	0.8393	sp|Q8AWW4|RN128_XENLA E3 ubiquitin-protein ligase RNF128 OS=Xenopus laevis OX=8355 GN=rnf128 PE=2 SV=2
g13239	521.6	0.2445	0.310	0.5369	sp|Q2U4L7|GTAA_ASPOR Glutaminase A OS=Aspergillus oryzae (strain ATCC 42149 / RIB 40) OX=510516 GN=gtaA PE=1 SV=2
g14678	486.0	0.2051	0.232	0.8352	sp|Q55DB0|SIR2E_DICDI NAD-dependent deacetylase sir2E OS=Dictyostelium discoideum OX=44689 GN=sir2E PE=2 SV=2
g13816	397.1	0.1067	0.210	0.7851	
g13527	546.4	0.2722	0.574	0.3234	
g13585	431.2	0.1447	0.339	0.5195	sp|Q12769|NU160_HUMAN Nuclear pore complex protein Nup160 OS=Homo sapiens OX=9606 GN=NUP160 PE=1 SV=3
g1643	370.3	0.0774	0.008	0.9944	sp|Q64520|KGUA_MOUSE Guanylate kinase OS=Mus musculus OX=10090 GN=Guk1 PE=1 SV=2
g2710	417.5	0.1298	-0.207	0.8127	sp|Q63525|NUDC_RAT Nuclear migration protein nudC OS=Rattus norvegicus OX=10116 GN=Nudc PE=1 SV=1
g1983	452.0	0.1683	0.274	0.6980	sp|P58000|GHRB_ENTAG Glyoxylate/hydroxypyruvate reductase B OS=Enterobacter agglomerans OX=549 GN=tkrA PE=1 SV=1
g6163	432.2	0.1465	-0.271	0.6846	sp|Q54JT7|NICA_DICDI Nicastrin OS=Dictyostelium discoideum OX=44689 GN=ncstn PE=3 SV=2
g12961	505.4	0.2279	0.251	0.8282	
g9578	673.1	0.4142	0.195	0.8162	
g12553	487.1	0.2078	0.236	0.7673	
g10633	546.3	0.2736	0.193	0.7778	sp|F6RIX4|MCM9_XENTR DNA helicase MCM9 OS=Xenopus tropicalis OX=8364 GN=mcm9 PE=3 SV=1
g8464	1647.0	1.4972	1.715	0.6113	
g12201	499.7	0.2228	-0.153	0.9064	
g9139	416.2	0.1300	0.083	0.9474	
g7761	453.7	0.1723	-0.420	0.3426	sp|P46393|YARQ_ACTPL Uncharacterized glycosyltransferase in aroQ 3'region OS=Actinobacillus pleuropneumoniae OX=715 PE=3 SV=1
g3376	465.2	0.1856	-0.016	0.9887	
g6406	502.6	0.2273	0.344	0.6105	sp|Q866F4|ADCYA_RABIT Adenylate cyclase type 10 OS=Oryctolagus cuniculus OX=9986 GN=ADCY10 PE=2 SV=1
g12664	436.4	0.1537	-0.175	0.8581	sp|Q99145|HIS1_YARLI ATP phosphoribosyltransferase OS=Yarrowia lipolytica (strain CLIB 122 / E 150) OX=284591 GN=HIS1 PE=3 SV=1
g3542	350.5	0.0583	-0.024	0.9848	sp|Q498H0|PD5BA_XENLA Sister chromatid cohesion protein PDS5 homolog B-A OS=Xenopus laevis OX=8355 GN=pds5b-a PE=1 SV=1
g7402	573.0	0.3073	-0.059	0.9614	
g14878	388.2	0.1008	0.112	0.9178	sp|Q9TXH9|UBXN1_CAEEL UBX domain-containing protein 1 OS=Caenorhabditis elegans OX=6239 GN=ubxn-1 PE=1 SV=1
g14088	423.7	0.1406	-0.123	0.9097	sp|O00835|ERCC3_DICDI General transcription and DNA repair factor IIH helicase/translocase subunit XPB OS=Dictyostelium discoideum OX=44689 GN=repB PE=1 SV=1
g5920	368.5	0.0790	0.199	0.7916	sp|F4J2K4|KN7O_ARATH Kinesin-like protein KIN-7O OS=Arabidopsis thaliana OX=3702 GN=KIN7O PE=3 SV=1
g1161	395.5	0.1100	0.227	0.7382	sp|Q9P376|FCP1_SCHPO RNA polymerase II subunit A C-terminal domain phosphatase OS=Schizosaccharomyces pombe (strain 972 / ATCC 24843) OX=284812 GN=fcp1 PE=1 SV=1
g6646	459.6	0.1820	-0.133	0.9004	sp|P0CR52|SLU7_CRYD1 Pre-mRNA-splicing factor SLU7 OS=Cryptococcus deneoformans (strain JEC21 / ATCC MYA-565) OX=214684 GN=SLU7 PE=3 SV=1
g3549	566.5	0.3022	0.620	0.2003	sp|Q08CG8|RNF44_DANRE RING finger protein 44 OS=Danio rerio OX=7955 GN=rnf44 PE=2 SV=1
g6621	454.3	0.1766	0.382	0.4928	sp|Q6PUF4|DHI1L_CHICK Hydroxysteroid 11-beta-dehydrogenase 1-like protein OS=Gallus gallus OX=9031 GN=HSD11B1L PE=2 SV=1
g9445	453.5	0.1757	-0.488	0.1940	sp|Q8H1G3|MTPC4_ARATH Metal tolerance protein C4 OS=Arabidopsis thaliana OX=3702 GN=MTPC4 PE=2 SV=1
g9320	469.0	0.1932	-0.281	0.6922	sp|B7L0T1|RL15_METC4 Large ribosomal subunit protein uL15 OS=Methylorubrum extorquens (strain CM4 / NCIMB 13688) OX=440085 GN=rplO PE=3 SV=1
g7169	575.9	0.3133	0.660	0.2153	
g3724	545.5	0.2793	0.465	0.5219	sp|P55189|YBAR_BACSU Putative sulfate transporter YbaR OS=Bacillus subtilis (strain 168) OX=224308 GN=ybaR PE=3 SV=2
g4418	483.9	0.2101	-0.075	0.9509	
g1290	495.0	0.2225	0.006	0.9946	sp|Q8ICR0|CDPK2_PLAF7 Calcium-dependent protein kinase 2 OS=Plasmodium falciparum (isolate 3D7) OX=36329 GN=CDPK2 PE=1 SV=4
g10789	601.7	0.3425	0.008	0.9944	
g5753	542.6	0.2761	-0.265	0.7711	
g895	533.2	0.2657	-0.301	0.6831	
g4685	423.0	0.1420	0.363	0.4700	sp|Q2U0S9|MCD4_ASPOR GPI ethanolamine phosphate transferase 1 OS=Aspergillus oryzae (strain ATCC 42149 / RIB 40) OX=510516 GN=mcd4 PE=3 SV=1
g3420	670.3	0.4202	0.143	0.9135	sp|Q9FDW1|MYB44_ARATH Transcription factor MYB44 OS=Arabidopsis thaliana OX=3702 GN=MYB44 PE=1 SV=1
g15270	449.0	0.1715	0.270	0.6951	sp|Q54TS4|YIPF1_DICDI Protein YIPF1 homolog OS=Dictyostelium discoideum OX=44689 GN=yipf1 PE=3 SV=1
g3918	427.9	0.1482	0.358	0.4852	
g5931	511.0	0.2420	-0.019	0.9860	sp|P75863|YCBX_ECOLI 6-hydroxylaminopurine reductase YcbX OS=Escherichia coli (strain K12) OX=83333 GN=ycbX PE=1 SV=1
g3249	507.9	0.2389	-0.117	0.9138	sp|F4IRR2|SAD2_ARATH Importin beta-like SAD2 OS=Arabidopsis thaliana OX=3702 GN=SAD2 PE=1 SV=1
g2357	420.3	0.1402	0.295	0.5919	
g15347	391.7	0.1087	-0.231	0.7382	
g15590	483.0	0.2119	-0.488	0.2773	
g13651	377.8	0.0932	0.116	0.9126	
g14839	408.7	0.1282	-0.184	0.8141	sp|P54644|KRAC_DICDI RAC family serine/threonine-protein kinase homolog OS=Dictyostelium discoideum OX=44689 GN=pkbA PE=1 SV=1
g14038	333.3	0.0434	-0.049	0.9685	sp|B0G163|EXOC5_DICDI Exocyst complex component 5 OS=Dictyostelium discoideum OX=44689 GN=exoc5 PE=3 SV=1
g2283	442.6	0.1673	-0.429	0.3146	sp|O82631|CAPZA_ARATH F-actin-capping protein subunit alpha OS=Arabidopsis thaliana OX=3702 GN=At3g05520 PE=2 SV=2
g6283	505.8	0.2388	0.203	0.8157	
g118	432.5	0.1561	0.388	0.4018	sp|Q8C547|HTR5B_MOUSE HEAT repeat-containing protein 5B OS=Mus musculus OX=10090 GN=Heatr5b PE=1 SV=3
g3940	356.7	0.0707	-0.023	0.9848	sp|Q6Z844|COPZ2_ORYSJ Coatomer subunit zeta-2 OS=Oryza sativa subsp. japonica OX=39947 GN=COPZ2 PE=2 SV=1
g1530	373.7	0.0900	0.166	0.8563	sp|Q6BJ96|SMP3_DEBHA GPI mannosyltransferase 4 OS=Debaryomyces hansenii (strain ATCC 36239 / CBS 767 / BCRC 21394 / JCM 1990 / NBRC 0083 / IGC 2968) OX=284592 GN=SMP3 PE=3 SV=2
g263	381.7	0.0992	-0.079	0.9473	sp|Q54CR8|MOB1B_DICDI MOB kinase activator-like 1 homolog B OS=Dictyostelium discoideum OX=44689 GN=mobB PE=3 SV=1
g10467	799.0	0.5727	-0.571	0.3734	sp|F0KFI5|CNTA_ACIP2 Carnitine monooxygenase oxygenase subunit OS=Acinetobacter pittii (strain PHEA-2) OX=871585 GN=yeaW PE=1 SV=1
g5526	411.9	0.1338	0.206	0.8269	
g1112	537.7	0.2765	-0.116	0.9075	sp|P23599|1A11_CUCMA 1-aminocyclopropane-1-carboxylate synthase CMW33 OS=Cucurbita maxima OX=3661 GN=ACS1 PE=2 SV=1
g2064	411.6	0.1339	0.270	0.6888	sp|Q96PV6|LENG8_HUMAN Leukocyte receptor cluster member 8 OS=Homo sapiens OX=9606 GN=LENG8 PE=1 SV=3
g15918	467.4	0.1974	-0.221	0.8226	sp|F1RE57|DHC3A_DANRE Palmitoyltransferase ZDHHC3-A OS=Danio rerio OX=7955 GN=zdhhc3a PE=1 SV=1
g6399	396.7	0.1172	0.104	0.9284	
g3449	420.7	0.1446	-0.234	0.7470	sp|Q9LU44|SF1_ARATH Splicing factor-like protein 1 OS=Arabidopsis thaliana OX=3702 GN=SF1 PE=1 SV=1
g2265	552.7	0.2950	-0.541	0.1456	sp|O93336|HS2ST_XENLA Heparan sulfate 2-O-sulfotransferase 1 OS=Xenopus laevis OX=8355 GN=hs2st1 PE=2 SV=1
g11846	350.5	0.0654	-0.064	0.9585	sp|O95372|LYPA2_HUMAN Acyl-protein thioesterase 2 OS=Homo sapiens OX=9606 GN=LYPLA2 PE=1 SV=1
g12684	517.4	0.2558	-0.510	0.1915	sp|Q9UTG4|RS26B_SCHPO Small ribosomal subunit protein eS26B OS=Schizosaccharomyces pombe (strain 972 / ATCC 24843) OX=284812 GN=rps2602 PE=1 SV=1
g7248	413.2	0.1373	0.235	0.7341	sp|Q5ZIK9|COPE_CHICK Coatomer subunit epsilon OS=Gallus gallus OX=9031 GN=COPE PE=2 SV=1
g9364	450.1	0.1796	-0.126	0.9135	
g3261	460.0	0.1909	-0.311	0.6822	sp|A0A0R4IWG9|GCNA_DANRE Germ cell nuclear acidic protein OS=Danio rerio OX=7955 GN=gcna PE=3 SV=1
g14302	375.7	0.0951	0.248	0.7060	sp|O75533|SF3B1_HUMAN Splicing factor 3B subunit 1 OS=Homo sapiens OX=9606 GN=SF3B1 PE=1 SV=3
g4732	340.5	0.0551	0.032	0.9790	sp|Q8LPF0|TAF2_ARATH Transcription initiation factor TFIID subunit 2 OS=Arabidopsis thaliana OX=3702 GN=TAF2 PE=2 SV=1
g13552	395.6	0.1186	-0.186	0.8457	
g1671	478.9	0.2139	-0.231	0.7333	sp|Q5ZIM5|MAP1_CHICK Methionine aminopeptidase 1 OS=Gallus gallus OX=9031 GN=METAP1 PE=2 SV=1
g1038	511.8	0.2516	-0.594	0.0824	sp|Q08759|MYB_XENLA Transcriptional activator Myb OS=Xenopus laevis OX=8355 GN=myb PE=2 SV=1
g11041	520.8	0.2623	-0.247	0.6943	sp|Q5P6Y5|PYRC_AROAE Dihydroorotase OS=Aromatoleum aromaticum (strain DSM 19018 / LMG 30748 / EbN1) OX=76114 GN=pyrC PE=3 SV=1
g6695	379.7	0.1012	0.036	0.9788	sp|Q7JXF5|NUP62_DROME Nuclear pore glycoprotein p62 OS=Drosophila melanogaster OX=7227 GN=Nup62 PE=1 SV=1
g5347	348.0	0.0651	-0.026	0.9848	sp|P55735|SEC13_HUMAN Protein SEC13 homolog OS=Homo sapiens OX=9606 GN=SEC13 PE=1 SV=3
g3753	434.8	0.1649	-0.434	0.2970	sp|Q24799|MYPH_ECHGR Myophilin OS=Echinococcus granulosus OX=6210 PE=2 SV=1
g303	473.0	0.2088	0.381	0.5339	sp|Q6GPV5|RN181_XENLA E3 ubiquitin-protein ligase RNF181 OS=Xenopus laevis OX=8355 GN=rnf181 PE=2 SV=1
g13489	432.1	0.1621	-0.091	0.9370	sp|Q8BL74|TF3C2_MOUSE General transcription factor 3C polypeptide 2 OS=Mus musculus OX=10090 GN=Gtf3c2 PE=2 SV=2
g2674	473.9	0.2103	-0.488	0.2753	
g4143	372.6	0.0942	0.221	0.7685	sp|Q2QAV0|TIO_ARATH Serine/threonine-protein kinase TIO OS=Arabidopsis thaliana OX=3702 GN=TIO PE=1 SV=1
g13929	424.7	0.1543	-0.154	0.8827	sp|Q10323|IMT3_SCHPO Inositol phosphoceramide mannosyltransferase 3 OS=Schizosaccharomyces pombe (strain 972 / ATCC 24843) OX=284812 GN=SPAC17G8.11c PE=1 SV=1
g3951	579.8	0.3326	0.501	0.2475	sp|Q6NYL3|ECHP_DANRE Peroxisomal bifunctional enzyme OS=Danio rerio OX=7955 GN=ehhadh PE=2 SV=1
g2984	387.7	0.1121	0.118	0.9178	sp|Q757H2|CSR1_EREGS Phosphatidylinositol transfer protein CSR1 OS=Eremothecium gossypii (strain ATCC 10895 / CBS 109.51 / FGSC 9923 / NRRL Y-1056) OX=284811 GN=CSR1 PE=3 SV=2
g7258	585.9	0.3407	-0.078	0.9427	sp|Q9SJ20|RIR1_ARATH Ribonucleoside-diphosphate reductase large subunit OS=Arabidopsis thaliana OX=3702 GN=RNR1 PE=1 SV=1
g953	513.1	0.2570	-0.302	0.6511	
g9287	803.0	0.5917	0.670	0.3185	
g7064	430.9	0.1630	0.249	0.7060	sp|O05394|MCCB_BACSU Cystathionine gamma-lyase OS=Bacillus subtilis (strain 168) OX=224308 GN=mccB PE=1 SV=1
g2721	387.1	0.1126	-0.002	0.9978	
g9643	356.3	0.0772	-0.082	0.9451	sp|Q9MZG3|DBIL5_BOVIN Diazepam-binding inhibitor-like 5 OS=Bos taurus OX=9913 GN=DBIL5 PE=2 SV=1
g4380	394.3	0.1211	0.173	0.8480	sp|B0R0T1|VWA8_DANRE von Willebrand factor A domain-containing protein 8 OS=Danio rerio OX=7955 GN=vwa8 PE=3 SV=1
g12892	455.2	0.1914	0.079	0.9609	
g2085	386.3	0.1127	-0.046	0.9704	sp|P34519|TXTP_CAEEL Putative tricarboxylate transport protein, mitochondrial OS=Caenorhabditis elegans OX=6239 GN=K11H3.3 PE=3 SV=1
g2944	492.0	0.2360	-0.123	0.9404	
g7108	483.8	0.2265	0.183	0.8127	
g769	584.6	0.3434	-0.394	0.5309	sp|Q9LFS8|SMC5_ARATH Structural maintenance of chromosomes protein 5 OS=Arabidopsis thaliana OX=3702 GN=SMC5 PE=2 SV=1
g11789	346.3	0.0676	-0.050	0.9680	sp|P33731|SRP72_CANLF Signal recognition particle subunit SRP72 OS=Canis lupus familiaris OX=9615 GN=SRP72 PE=1 SV=3
g9395	423.5	0.1571	0.309	0.6360	
g6823	354.5	0.0772	-0.023	0.9848	sp|Q4WZF1|MVP1_ASPFU Sorting nexin mvp1 OS=Aspergillus fumigatus (strain ATCC MYA-4609 / CBS 101355 / FGSC A1100 / Af293) OX=330879 GN=mvp1 PE=3 SV=1
g5843	425.6	0.1598	-0.458	0.2400	sp|Q00526|CDK3_HUMAN Cyclin-dependent kinase 3 OS=Homo sapiens OX=9606 GN=CDK3 PE=1 SV=1
g3884	456.3	0.1959	0.261	0.6659	
g5569	500.2	0.2480	-0.310	0.6131	
g13652	383.2	0.1121	-0.071	0.9553	sp|A0A125YZN2|CETN2_TOXGM Centrin-2 OS=Toxoplasma gondii (strain ATCC 50611 / Me49) OX=508771 GN=CEN2 PE=1 SV=1
g10835	384.2	0.1134	0.150	0.8704	sp|E1BNG3|ASCC3_BOVIN Activating signal cointegrator 1 complex subunit 3 OS=Bos taurus OX=9913 GN=ascc3 PE=3 SV=1
g12494	395.0	0.1261	0.326	0.5524	
g9055	498.1	0.2460	-0.083	0.9404	sp|Q9SJJ7|ATL57_ARATH RING-H2 finger protein ATL57 OS=Arabidopsis thaliana OX=3702 GN=ATL57 PE=2 SV=1
g1804	421.1	0.1565	0.074	0.9474	
g288	395.6	0.1271	-0.194	0.8337	sp|Q5HZK1|CEP44_MOUSE Centrosomal protein of 44 kDa OS=Mus musculus OX=10090 GN=Cep44 PE=2 SV=1
g11234	426.2	0.1627	-0.095	0.9433	sp|P61460|DEPD5_MOUSE GATOR1 complex protein DEPDC5 OS=Mus musculus OX=10090 GN=Depdc5 PE=1 SV=2
g935	460.2	0.2024	0.445	0.3672	
g10506	440.9	0.1801	0.026	0.9849	
g15912	407.3	0.1414	0.250	0.7105	sp|Q8K2H4|ACAP1_MOUSE Arf-GAP with coiled-coil, ANK repeat and PH domain-containing protein 1 OS=Mus musculus OX=10090 GN=Acap1 PE=1 SV=1
g4553	384.0	0.1143	0.215	0.7874	
g14135	355.7	0.0815	-0.124	0.9119	
g4628	589.1	0.3538	-0.023	0.9848	sp|Q02127|PYRD_HUMAN Dihydroorotate dehydrogenase (quinone), mitochondrial OS=Homo sapiens OX=9606 GN=DHODH PE=1 SV=3
g13801	459.0	0.2025	0.278	0.6774	sp|Q5TEA6|SE1L2_HUMAN Protein sel-1 homolog 2 OS=Homo sapiens OX=9606 GN=SEL1L2 PE=1 SV=2
g11048	420.2	0.1572	-0.004	0.9974	sp|H9BW96|RAB7_EPICO Ras-related protein rab7 OS=Epinephelus coioides OX=94232 GN=rab7 PE=1 SV=1
g4331	408.7	0.1444	0.391	0.3910	
g4349	509.3	0.2626	0.238	0.7729	
g4449	486.8	0.2371	0.554	0.0949	sp|Q05609|CTR1_ARATH Serine/threonine-protein kinase CTR1 OS=Arabidopsis thaliana OX=3702 GN=CTR1 PE=1 SV=1
g12725	496.8	0.2492	0.412	0.5498	sp|P55844|RL14_PEA Large ribosomal subunit protein eL14 OS=Pisum sativum OX=3888 PE=2 SV=1
g4578	327.0	0.0502	-0.048	0.9689	
g8941	646.0	0.4244	0.522	0.1499	
g15451	335.6	0.0603	0.133	0.8965	
g2267	417.1	0.1560	0.292	0.6293	sp|Q9NS00|C1GLT_HUMAN Glycoprotein-N-acetylgalactosamine 3-beta-galactosyltransferase 1 OS=Homo sapiens OX=9606 GN=C1GALT1 PE=1 SV=1
g15345	412.1	0.1502	0.386	0.4071	sp|P52192|IRK1_CAEEL Inward rectifier potassium channel irk-1 OS=Caenorhabditis elegans OX=6239 GN=irk-1 PE=2 SV=2
g5800	496.2	0.2492	0.569	0.1875	sp|I3XHK1|FANCM_ARATH DEAD-box ATP-dependent RNA helicase FANCM OS=Arabidopsis thaliana OX=3702 GN=FANCM PE=2 SV=1
g10361	556.9	0.3207	0.099	0.9461	sp|Q93Y08|AB1K8_ARATH Protein ACTIVITY OF BC1 COMPLEX KINASE 8, chloroplastic OS=Arabidopsis thaliana OX=3702 GN=ABC1K8 PE=2 SV=1
g15211	431.2	0.1732	0.001	0.9994	sp|P32793|YSC84_YEAST Protein YSC84 OS=Saccharomyces cerevisiae (strain ATCC 204508 / S288c) OX=559292 GN=YSC84 PE=1 SV=2
g7352	394.5	0.1302	-0.196	0.8335	sp|P50108|MNN10_YEAST Probable alpha-1,6-mannosyltransferase MNN10 OS=Saccharomyces cerevisiae (strain ATCC 204508 / S288c) OX=559292 GN=MNN10 PE=1 SV=1
g3858	441.1	0.1852	0.228	0.8050	sp|Q9PUB8|S39A7_DANRE Zinc transporter Slc39a7 OS=Danio rerio OX=7955 GN=slc39a7 PE=2 SV=2
g6886	412.7	0.1519	0.021	0.9851	sp|P08760|KAD3_BOVIN GTP:AMP phosphotransferase AK3, mitochondrial OS=Bos taurus OX=9913 GN=AK3 PE=1 SV=3
g695	426.0	0.1678	0.200	0.8508	
g9704	435.3	0.1791	-0.303	0.6041	sp|P43903|QOR_PSEAE Quinone oxidoreductase OS=Pseudomonas aeruginosa (strain ATCC 15692 / DSM 22644 / CIP 104116 / JCM 14847 / LMG 12228 / 1C / PRS 101 / PAO1) OX=208964 GN=qor PE=3 SV=2
g11092	379.4	0.1135	0.026	0.9848	sp|Q5ZMS4|NCOA7_CHICK Nuclear receptor coactivator 7 OS=Gallus gallus OX=9031 GN=NCOA7 PE=2 SV=1
g2295	576.1	0.3455	-0.846	0.0594	sp|Q9BRL6|SRSF8_HUMAN Serine/arginine-rich splicing factor 8 OS=Homo sapiens OX=9606 GN=SRSF8 PE=1 SV=1
g15179	471.4	0.2222	0.343	0.5468	sp|C9WMM5|VCP_APIME Venom serine carboxypeptidase OS=Apis mellifera OX=7460 PE=2 SV=1
g8536	346.7	0.0756	-0.015	0.9899	sp|Q9WVL3|S12A7_MOUSE Solute carrier family 12 member 7 OS=Mus musculus OX=10090 GN=Slc12a7 PE=1 SV=1
g5819	357.7	0.0888	-0.162	0.8563	sp|Q9LQK0|DRG1_ARATH Developmentally-regulated G protein 1 OS=Arabidopsis thaliana OX=3702 GN=DRG1 PE=1 SV=1
g2221	420.8	0.1635	-0.027	0.9849	sp|B8AT51|SPXM2_ORYSI SPX domain-containing membrane protein OsI_17046 OS=Oryza sativa subsp. indica OX=39946 GN=OsI_17046 PE=3 SV=1
g5768	469.5	0.2218	0.413	0.4080	sp|Q0VFL7|RALYL_XENTR RNA-binding Raly-like protein OS=Xenopus tropicalis OX=8364 GN=ralyl PE=2 SV=1
g4779	448.4	0.1972	0.302	0.5901	sp|Q8T1C6|GNT1_DICDI [Skp1-protein]-hydroxyproline N-acetylglucosaminyltransferase OS=Dictyostelium discoideum OX=44689 GN=gnt1 PE=1 SV=2
g6460	446.1	0.1951	0.349	0.4606	
g15515	333.5	0.0622	0.148	0.8777	sp|Q2RBJ6|P2C73_ORYSJ Probable protein phosphatase 2C 73 OS=Oryza sativa subsp. japonica OX=39947 GN=Os11g0109000 PE=2 SV=1
g12206	384.3	0.1228	-0.272	0.6888	
g12705	350.5	0.0829	0.123	0.9126	sp|F4JY37|RUK_ARATH Serine/threonine-protein kinase RUNKEL OS=Arabidopsis thaliana OX=3702 GN=RUK PE=1 SV=1
g13128	382.6	0.1213	0.221	0.7717	sp|Q5XI57|TTL10_RAT Protein polyglycylase TTLL10 OS=Rattus norvegicus OX=10116 GN=Ttll10 PE=2 SV=2
g15937	699.4	0.4992	0.632	0.1924	sp|A3LQW7|DBP2_PICST ATP-dependent RNA helicase DBP2 OS=Scheffersomyces stipitis (strain ATCC 58785 / CBS 6054 / NBRC 10063 / NRRL Y-11545) OX=322104 GN=DBP2 PE=3 SV=1
g13504	537.6	0.3065	0.319	0.6384	sp|Q42479|CDPK3_ARATH Calcium-dependent protein kinase 3 OS=Arabidopsis thaliana OX=3702 GN=CPK3 PE=1 SV=1
g11515	393.8	0.1355	0.025	0.9848	sp|Q6J6J0|BRCA1_PONPY Breast cancer type 1 susceptibility protein homolog OS=Pongo pygmaeus OX=9600 GN=BRCA1 PE=3 SV=1
g12670	568.0	0.3434	0.666	0.0516	sp|Q5FYB1|ARSI_HUMAN Arylsulfatase I OS=Homo sapiens OX=9606 GN=ARSI PE=1 SV=1
g5288	545.3	0.3163	-0.350	0.5774	sp|Q9NR30|DDX21_HUMAN Nucleolar RNA helicase 2 OS=Homo sapiens OX=9606 GN=DDX21 PE=1 SV=5
g2048	383.7	0.1242	0.019	0.9851	sp|P48467|KINH_NEUCR Kinesin heavy chain OS=Neurospora crassa (strain ATCC 24698 / 74-OR23-1A / CBS 708.71 / DSM 1257 / FGSC 987) OX=367110 GN=kin PE=1 SV=2
g12902	500.7	0.2636	-0.337	0.4760	sp|P55871|IF2B_MALDO Eukaryotic translation initiation factor 2 subunit beta OS=Malus domestica OX=3750 PE=2 SV=2
g7179	406.5	0.1513	0.110	0.9165	sp|E1BP36|MMS19_BOVIN MMS19 nucleotide excision repair protein homolog OS=Bos taurus OX=9913 GN=MMS19 PE=2 SV=3
g7148	313.0	0.0399	0.038	0.9750	sp|Q86AQ5|RPC1_DICDI DNA-directed RNA polymerase III subunit rpc1 OS=Dictyostelium discoideum OX=44689 GN=polr3a PE=3 SV=1
g6282	352.0	0.0865	-0.083	0.9450	
g13521	434.7	0.1853	-0.438	0.3531	sp|P47934|CACP_MOUSE Carnitine O-acetyltransferase OS=Mus musculus OX=10090 GN=Crat PE=1 SV=3
g12514	525.2	0.2935	-0.219	0.8682	sp|F1QB54|PABPA_DANRE Polyadenylate-binding protein 1A OS=Danio rerio OX=7955 GN=pabpc1a PE=1 SV=1
g10137	400.4	0.1451	0.082	0.9509	sp|Q3SZL9|TM50B_BOVIN Transmembrane protein 50B OS=Bos taurus OX=9913 GN=TMEM50B PE=2 SV=1
g296	405.9	0.1519	-0.265	0.6737	sp|Q54D06|UBE2V_DICDI Probable ubiquitin-conjugating enzyme E2 variant OS=Dictyostelium discoideum OX=44689 GN=ube2v PE=3 SV=1
g13170	446.2	0.2006	-0.360	0.4758	sp|Q0VA39|GALC_XENTR Galactocerebrosidase OS=Xenopus tropicalis OX=8364 GN=galc PE=2 SV=1
g2715	404.8	0.1510	0.252	0.7364	
g147	538.5	0.3112	0.035	0.9788	sp|Q0CPF9|EIF3G_ASPTN Eukaryotic translation initiation factor 3 subunit G OS=Aspergillus terreus (strain NIH 2624 / FGSC A1156) OX=341663 GN=tif35 PE=3 SV=1
g3546	430.1	0.1816	0.207	0.7997	sp|Q54IP0|DNJC7_DICDI DnaJ homolog subfamily C member 7 homolog OS=Dictyostelium discoideum OX=44689 GN=dnajc7 PE=1 SV=1
g609	340.7	0.0750	0.064	0.9611	sp|D9N164|IRK10_PARME Inward rectifier potassium channel Kirbac3.1 OS=Paramagnetospirillum magnetotacticum OX=188 PE=1 SV=2
g10191	366.2	0.1057	-0.019	0.9865	
g9010	357.6	0.0954	-0.143	0.8877	
g3044	712.3	0.5207	0.771	0.2202	sp|O81187|GLRX_VERFO Glutaredoxin OS=Vernicia fordii OX=73154 PE=3 SV=1
g1650	458.7	0.2167	0.391	0.4185	sp|Q9M8K7|DUS1B_ARATH Dual specificity protein phosphatase 1B OS=Arabidopsis thaliana OX=3702 GN=DSPTP1B PE=1 SV=1
g5669	394.3	0.1396	0.343	0.5276	
g1649	441.3	0.1961	-0.213	0.7976	sp|P87027|SPG1_SCHPO Septum-promoting GTP-binding protein 1 OS=Schizosaccharomyces pombe (strain 972 / ATCC 24843) OX=284812 GN=spg1 PE=1 SV=1
g11855	462.5	0.2217	-0.166	0.8333	sp|Q5LS56|ACUI_RUEPO Acrylyl-CoA reductase AcuI OS=Ruegeria pomeroyi (strain ATCC 700808 / DSM 15171 / DSS-3) OX=246200 GN=acuI PE=1 SV=1
g14037	445.0	0.2007	0.445	0.2603	sp|P9WJV8|MMPL1_MYCTO Probable transport protein MmpL1 OS=Mycobacterium tuberculosis (strain CDC 1551 / Oshkosh) OX=83331 GN=mmpL1 PE=3 SV=1
g4619	393.1	0.1385	0.078	0.9488	sp|Q9SID8|RAH1D_ARATH Ras-related protein RABH1d OS=Arabidopsis thaliana OX=3702 GN=RABH1D PE=3 SV=1
g1446	666.8	0.4677	0.579	0.1085	
g5588	474.2	0.2364	0.139	0.9126	
g4039	334.5	0.0686	0.050	0.9683	sp|F4I2J8|CATIN_ARATH Splicing factor Cactin OS=Arabidopsis thaliana OX=3702 GN=CTN PE=1 SV=1
g10369	435.7	0.1901	0.326	0.6936	sp|Q8TFG6|PPK18_SCHPO Serine/threonine-protein kinase ppk18 OS=Schizosaccharomyces pombe (strain 972 / ATCC 24843) OX=284812 GN=ppk18 PE=3 SV=2
g14971	487.8	0.2529	-0.188	0.8245	
g12688	319.7	0.0510	0.100	0.9323	sp|Q96I24|FUBP3_HUMAN Far upstream element-binding protein 3 OS=Homo sapiens OX=9606 GN=FUBP3 PE=1 SV=2
g14030	470.4	0.2322	-0.234	0.7391	sp|Q42191|OXA1_ARATH Mitochondrial inner membrane protein OXA1 OS=Arabidopsis thaliana OX=3702 GN=OXA1 PE=2 SV=2
g12330	482.4	0.2466	-0.367	0.5423	sp|Q8BQQ1|ZDH14_MOUSE Palmitoyltransferase ZDHHC14 OS=Mus musculus OX=10090 GN=Zdhhc14 PE=1 SV=1
g9605	389.0	0.1346	0.085	0.9417	
g12884	431.0	0.1852	-0.318	0.6500	sp|P62998|RAC1_BOVIN Ras-related C3 botulinum toxin substrate 1 OS=Bos taurus OX=9913 GN=RAC1 PE=1 SV=1
g9908	397.4	0.1451	0.192	0.8397	sp|Q8W034|RNP1_ARATH Heterogeneous nuclear ribonucleoprotein 1 OS=Arabidopsis thaliana OX=3702 GN=RNP1 PE=1 SV=1
g12312	331.9	0.0667	0.127	0.9099	sp|Q3TZM9|ALG11_MOUSE GDP-Man:Man(3)GlcNAc(2)-PP-Dol alpha-1,2-mannosyltransferase OS=Mus musculus OX=10090 GN=Alg11 PE=2 SV=1
g9152	410.8	0.1621	0.360	0.5507	sp|Q949M3|FABG3_BRANA 3-oxoacyl-[acyl-carrier-protein] reductase 3, chloroplastic OS=Brassica napus OX=3708 GN=bkr3 PE=2 SV=1
g8588	402.4	0.1521	0.416	0.3585	sp|P51587|BRCA2_HUMAN Breast cancer type 2 susceptibility protein OS=Homo sapiens OX=9606 GN=BRCA2 PE=1 SV=4
g3575	454.6	0.2152	-0.076	0.9457	sp|P15395|TRPE_RHIME Anthranilate synthase OS=Rhizobium meliloti (strain 1021) OX=266834 GN=trpE(G) PE=4 SV=1
g6971	398.2	0.1473	0.121	0.9158	
g9309	359.9	0.1014	0.032	0.9811	sp|P0CD65|PAN3_DICDI PAN2-PAN3 deadenylation complex subunit pan3 OS=Dictyostelium discoideum OX=44689 GN=pan3 PE=3 SV=1
g13199	718.8	0.5351	0.097	0.9534	sp|Q9FE64|EFGM_ORYSJ Elongation factor G, mitochondrial OS=Oryza sativa subsp. japonica OX=39947 GN=Os03g0565500 PE=2 SV=2
g6644	523.8	0.2996	-0.287	0.7955	sp|Q6UPE0|CHDH_RAT Choline dehydrogenase, mitochondrial OS=Rattus norvegicus OX=10116 GN=Chdh PE=1 SV=1
g7358	398.0	0.1476	0.325	0.5504	sp|A2YH41|ATR_ORYSI Serine/threonine-protein kinase ATR OS=Oryza sativa subsp. indica OX=39946 GN=OsI_023634 PE=3 SV=2
g9923	372.2	0.1169	0.110	0.9200	sp|Q9LKF9|CPSF2_ARATH Cleavage and polyadenylation specificity factor subunit 2 OS=Arabidopsis thaliana OX=3702 GN=CPSF100 PE=1 SV=2
g11286	495.8	0.2668	0.032	0.9788	
g5436	395.2	0.1451	-0.049	0.9685	sp|Q9C950|VIP5_ARATH Protein RTF1 homolog OS=Arabidopsis thaliana OX=3702 GN=VIP5 PE=1 SV=1
g28	362.9	0.1067	-0.027	0.9848	sp|Q9X248|FABG_THEMA 3-oxoacyl-[acyl-carrier-protein] reductase FabG OS=Thermotoga maritima (strain ATCC 43589 / DSM 3109 / JCM 10099 / NBRC 100826 / MSB8) OX=243274 GN=fabG PE=3 SV=1
g10691	453.1	0.2161	-0.434	0.3672	sp|Q6Z9U7|MCES1_ORYSJ mRNA cap guanine-N(7) methyltransferase 1 OS=Oryza sativa subsp. japonica OX=39947 GN=Os08g0180000 PE=2 SV=1
g10318	376.0	0.1226	0.226	0.7470	sp|Q9I4U2|QUIP_PSEAE Acyl-homoserine lactone acylase QuiP OS=Pseudomonas aeruginosa (strain ATCC 15692 / DSM 22644 / CIP 104116 / JCM 14847 / LMG 12228 / 1C / PRS 101 / PAO1) OX=208964 GN=quiP PE=1 SV=1
g11392	420.1	0.1764	-0.300	0.6380	sp|Q39493|DSK1_CYLFU Diatom spindle kinesin-1 OS=Cylindrotheca fusiformis OX=2853 GN=DSK1 PE=2 SV=1
g2096	359.2	0.1027	-0.074	0.9534	sp|P61287|PP1G_BOVIN Serine/threonine-protein phosphatase PP1-gamma catalytic subunit OS=Bos taurus OX=9913 GN=PPP1CC PE=2 SV=1
g12186	398.0	0.1500	-0.274	0.6511	sp|P22125|RAB1_DIPOM Ras-related protein ORAB-1 OS=Diplobatis ommata OX=1870830 PE=2 SV=1
g820	549.0	0.3338	-0.731	0.1930	
g2930	361.5	0.1060	-0.162	0.8673	
g10694	438.1	0.1993	-0.143	0.8936	sp|Q16543|CDC37_HUMAN Hsp90 co-chaperone Cdc37 OS=Homo sapiens OX=9606 GN=CDC37 PE=1 SV=1
g13831	395.9	0.1481	0.244	0.7581	sp|Q75JB5|TM14_DICDI Transmembrane protein 14 homolog OS=Dictyostelium discoideum OX=44689 GN=DDB_G0271790 PE=3 SV=1
g13234	470.9	0.2393	0.203	0.7869	sp|P14091|CATE_HUMAN Cathepsin E OS=Homo sapiens OX=9606 GN=CTSE PE=1 SV=3
g9755	490.9	0.2637	-0.612	0.0800	sp|Q6ZFH6|RCN11_ORYSJ Beta-1,2-xylosyltransferase RCN11 OS=Oryza sativa subsp. japonica OX=39947 GN=RCN11 PE=1 SV=1
g8526	377.0	0.1253	0.016	0.9892	sp|Q9GZR1|SENP6_HUMAN Sentrin-specific protease 6 OS=Homo sapiens OX=9606 GN=SENP6 PE=1 SV=2
g6809	345.2	0.0870	0.051	0.9680	sp|Q6K3R5|NCL2_ORYSJ Sodium/calcium exchanger NCL2 OS=Oryza sativa subsp. japonica OX=39947 GN=NCL2 PE=2 SV=2
g14439	343.6	0.0853	-0.056	0.9628	sp|P53599|SSK2_YEAST MAP kinase kinase kinase SSK2 OS=Saccharomyces cerevisiae (strain ATCC 204508 / S288c) OX=559292 GN=SSK2 PE=1 SV=1
g9542	338.8	0.0795	0.135	0.9004	sp|Q28288|STXB2_CANLF Syntaxin-binding protein 2 OS=Canis lupus familiaris OX=9615 GN=STXBP2 PE=2 SV=1
g10481	423.1	0.1826	-0.283	0.6697	
g10879	533.9	0.3180	0.640	0.1138	
g13926	500.1	0.2768	0.554	0.1744	sp|Q54LW0|PADA_DICDI Prestalk A differentiation protein A OS=Dictyostelium discoideum OX=44689 GN=padA PE=3 SV=2
g5674	451.4	0.2177	-0.542	0.2244	sp|Q8CGC6|RBM28_MOUSE RNA-binding protein 28 OS=Mus musculus OX=10090 GN=Rbm28 PE=1 SV=4
g14434	383.7	0.1352	-0.350	0.4913	
g7548	427.5	0.1897	0.372	0.4121	
g14209	449.4	0.2165	0.256	0.7916	sp|Q2KJI3|CYRIB_BOVIN CYFIP-related Rac1 interactor B OS=Bos taurus OX=9913 GN=CYRIB PE=2 SV=1
g4267	435.8	0.1999	0.261	0.7263	sp|Q8LDB8|RING2_ARATH E3 ubiquitin-protein ligase At1g63170 OS=Arabidopsis thaliana OX=3702 GN=At1g63170 PE=2 SV=2
g13197	378.2	0.1296	0.252	0.7531	sp|A4RJV3|MDV1_PYRO7 Mitochondrial division protein 1 OS=Pyricularia oryzae (strain 70-15 / ATCC MYA-4617 / FGSC 8958) OX=242507 GN=MDV1 PE=3 SV=3
g15512	364.8	0.1133	-0.215	0.8017	sp|Q5RBD5|IVD_PONAB Isovaleryl-CoA dehydrogenase, mitochondrial OS=Pongo abelii OX=9601 GN=IVD PE=2 SV=1
g14098	393.2	0.1482	0.002	0.9978	sp|Q12118|SGT2_YEAST Small glutamine-rich tetratricopeptide repeat-containing protein 2 OS=Saccharomyces cerevisiae (strain ATCC 204508 / S288c) OX=559292 GN=SGT2 PE=1 SV=1
g5935	370.3	0.1203	0.177	0.8459	sp|Q8C753|KATIP_MOUSE Katanin-interacting protein OS=Mus musculus OX=10090 GN=Katnip PE=1 SV=2
g9137	535.7	0.3230	-0.042	0.9740	
g11783	361.1	0.1092	0.167	0.8703	sp|Q5M7K3|G6PT3_XENTR Glucose-6-phosphate exchanger SLC37A2 OS=Xenopus tropicalis OX=8364 GN=slc37a2 PE=2 SV=1
g14063	421.6	0.1834	0.304	0.6831	sp|Q9GZP9|DERL2_HUMAN Derlin-2 OS=Homo sapiens OX=9606 GN=DERL2 PE=1 SV=1
g15555	539.3	0.3292	-0.042	0.9742	sp|Q9W6X3|CH10_ORYLA 10 kDa heat shock protein, mitochondrial OS=Oryzias latipes OX=8090 GN=hspe1 PE=3 SV=1
g13725	417.2	0.1793	-0.026	0.9848	sp|Q99ND9|RWDD1_RAT RWD domain-containing protein 1 OS=Rattus norvegicus OX=10116 GN=Rwdd1 PE=2 SV=1
g4070	610.1	0.4165	0.400	0.3584	sp|O65201|ACOX2_ARATH Acyl-coenzyme A oxidase 2, peroxisomal OS=Arabidopsis thaliana OX=3702 GN=ACX2 PE=1 SV=2
g3201	496.3	0.2770	0.550	0.1263	
g9144	406.3	0.1666	-0.182	0.8282	sp|O61492|FLOT2_DROME Flotillin-2 OS=Drosophila melanogaster OX=7227 GN=Flo2 PE=2 SV=3
g1688	386.7	0.1427	-0.055	0.9666	
g9211	547.0	0.3400	0.443	0.4567	sp|Q1RMH9|DNJC2_BOVIN DnaJ homolog subfamily C member 2 OS=Bos taurus OX=9913 GN=DNAJC2 PE=2 SV=1
g15908	367.9	0.1196	0.292	0.6331	sp|Q9UP83|COG5_HUMAN Conserved oligomeric Golgi complex subunit 5 OS=Homo sapiens OX=9606 GN=COG5 PE=1 SV=4
g1790	384.7	0.1412	0.206	0.7775	
g7012	381.0	0.1371	-0.097	0.9343	
g3225	381.0	0.1372	0.196	0.8336	
g4928	425.7	0.1927	-0.474	0.2807	sp|Q945M1|NDUB9_ARATH NADH dehydrogenase [ubiquinone] 1 beta subcomplex subunit 9 OS=Arabidopsis thaliana OX=3702 GN=CIB22 PE=1 SV=1
g641	389.9	0.1494	-0.186	0.8184	
g7805	628.3	0.4447	-0.543	0.0830	
g9294	325.6	0.0702	0.025	0.9848	
g4033	483.2	0.2657	-0.063	0.9614	sp|O00154|BACH_HUMAN Cytosolic acyl coenzyme A thioester hydrolase OS=Homo sapiens OX=9606 GN=ACOT7 PE=1 SV=3
g8745	447.6	0.2216	-0.112	0.9159	sp|Q9NRZ9|HELLS_HUMAN Lymphoid-specific helicase OS=Homo sapiens OX=9606 GN=HELLS PE=1 SV=1
g10346	347.0	0.0969	-0.103	0.9334	
g1005	389.3	0.1495	0.411	0.3714	sp|Q9NZN3|EHD3_HUMAN EH domain-containing protein 3 OS=Homo sapiens OX=9606 GN=EHD3 PE=1 SV=2
g887	386.1	0.1457	0.292	0.6441	sp|Q94KD8|BXL2_ARATH Probable beta-D-xylosidase 2 OS=Arabidopsis thaliana OX=3702 GN=BXL2 PE=2 SV=1
g13221	472.4	0.2529	0.433	0.2717	sp|F4I2H7|TPX2_ARATH Protein TPX2 OS=Arabidopsis thaliana OX=3702 GN=TPX2 PE=1 SV=1
g13152	342.7	0.0920	-0.155	0.8777	sp|Q949M9|GET3A_ARATH ATPase GET3A OS=Arabidopsis thaliana OX=3702 GN=GET3A PE=1 SV=1
g7469	371.6	0.1289	-0.201	0.8226	
g9126	336.7	0.0856	0.105	0.9289	sp|Q8Z4M8|YHFR_SALTI Uncharacterized protein YfhR OS=Salmonella typhi OX=90370 GN=yhfR PE=3 SV=1
g5391	494.4	0.2819	0.573	0.2225	
g3863	441.4	0.2161	0.215	0.8559	sp|O15995|CCNE_HEMPU G1/S-specific cyclin-E OS=Hemicentrotus pulcherrimus OX=7650 GN=CYCE PE=2 SV=1
g15655	349.4	0.1016	0.188	0.8313	
g6591	412.9	0.1807	0.027	0.9849	sp|Q8RXP6|WAV2_ARATH Alpha/beta hydrolase domain-containing protein WAV2 OS=Arabidopsis thaliana OX=3702 GN=WAV2 PE=2 SV=1
g10471	401.5	0.1667	-0.408	0.4438	sp|Q84M85|LOGL5_ORYSJ Probable cytokinin riboside 5'-monophosphate phosphoribohydrolase LOGL5 OS=Oryza sativa subsp. japonica OX=39947 GN=LOGL5 PE=2 SV=1
g2017	504.9	0.2960	-0.457	0.2358	
g4	383.3	0.1455	0.194	0.8065	sp|Q9FG38|SNX1_ARATH Sorting nexin 1 OS=Arabidopsis thaliana OX=3702 GN=SNX1 PE=1 SV=1
g3448	519.0	0.3152	-0.594	0.1689	sp|O95714|HERC2_HUMAN E3 ubiquitin-protein ligase HERC2 OS=Homo sapiens OX=9606 GN=HERC2 PE=1 SV=2
g1362	492.2	0.2819	0.040	0.9764	
g201	465.8	0.2490	-0.027	0.9841	sp|Q05022|RRP5_YEAST rRNA biogenesis protein RRP5 OS=Saccharomyces cerevisiae (strain ATCC 204508 / S288c) OX=559292 GN=RRP5 PE=1 SV=1
g190	452.5	0.2328	-0.256	0.7798	sp|P55577|Y4NA_SINFN Uncharacterized peptidase y4nA OS=Sinorhizobium fredii (strain NBRC 101917 / NGR234) OX=394 GN=NGR_a02410 PE=3 SV=1
g4970	409.2	0.1789	0.388	0.4610	sp|Q9P1Q0|VPS54_HUMAN Vacuolar protein sorting-associated protein 54 OS=Homo sapiens OX=9606 GN=VPS54 PE=1 SV=2
g1942	379.1	0.1418	-0.142	0.8777	
g6547	535.8	0.3384	0.173	0.8683	sp|Q4HZ47|ESF2_GIBZE Pre-rRNA-processing protein ESF2 OS=Gibberella zeae (strain ATCC MYA-4620 / CBS 123657 / FGSC 9075 / NRRL 31084 / PH-1) OX=229533 GN=ESF2 PE=3 SV=1
g8621	492.8	0.2851	0.350	0.6888	sp|P33527|MRP1_HUMAN Multidrug resistance-associated protein 1 OS=Homo sapiens OX=9606 GN=ABCC1 PE=1 SV=3
g14126	339.0	0.0921	0.006	0.9952	sp|Q5EA97|S38AB_BOVIN Putative sodium-coupled neutral amino acid transporter 11 OS=Bos taurus OX=9913 GN=SLC38A11 PE=2 SV=1
g11304	469.9	0.2565	-0.108	0.9314	
g10559	424.6	0.2005	-0.302	0.5691	sp|P58781|ADA2_DANRE Adenosine deaminase 2-A OS=Danio rerio OX=7955 GN=ada2a PE=2 SV=2
g7660	472.9	0.2619	0.379	0.6197	sp|B0XWT0|HASA_ASPFC C6 finger domain transcription factor hasA OS=Aspergillus fumigatus (strain CBS 144.89 / FGSC A1163 / CEA10) OX=451804 GN=hasA PE=2 SV=1
g11788	386.5	0.1532	0.231	0.7488	sp|Q5ZKV9|VPS50_CHICK Syndetin OS=Gallus gallus OX=9031 GN=VPS50 PE=2 SV=1
g10350	674.9	0.5171	-0.408	0.3674	sp|P51659|DHB4_HUMAN Peroxisomal multifunctional enzyme type 2 OS=Homo sapiens OX=9606 GN=HSD17B4 PE=1 SV=3
g3164	432.5	0.2121	0.330	0.7002	sp|A0A097ZPD9|ANDF_EMEVA Dioxygenase andF OS=Emericella variicolor OX=1549217 GN=andF PE=1 SV=1
g14047	358.2	0.1183	0.161	0.8703	sp|Q10332|YBMA_SCHPO Uncharacterized ATP-dependent helicase C582.10c OS=Schizosaccharomyces pombe (strain 972 / ATCC 24843) OX=284812 GN=SPBC582.10c PE=1 SV=1
g1802	432.3	0.2118	-0.255	0.6884	sp|P67810|SC11A_BOVIN Signal peptidase complex catalytic subunit SEC11A OS=Bos taurus OX=9913 GN=SEC11A PE=2 SV=1
g10715	356.6	0.1167	-0.078	0.9482	sp|P0C0L1|APX6_ORYSJ Probable L-ascorbate peroxidase 6, chloroplastic/mitochondrial OS=Oryza sativa subsp. japonica OX=39947 GN=APX6 PE=2 SV=1
g15100	415.0	0.1905	0.075	0.9469	sp|A0AAR7|CCAMK_LOTJA Calcium and calcium/calmodulin-dependent serine/threonine-protein kinase OS=Lotus japonicus OX=34305 GN=CCAMK PE=1 SV=1
g10116	557.5	0.3716	0.386	0.3429	
g11717	351.6	0.1114	-0.159	0.8668	sp|Q08CD5|RXLT1_DANRE Ribitol-5-phosphate xylosyltransferase 1 OS=Danio rerio OX=7955 GN=rxylt1 PE=2 SV=2
g6652	639.9	0.4771	-0.287	0.6756	sp|Q50EK3|C04C1_PINTA Cytochrome P450 704C1 OS=Pinus taeda OX=3352 GN=CYP704C1 PE=2 SV=1
g9541	367.3	0.1320	0.148	0.8819	
g13145	306.5	0.0552	0.059	0.9623	
g3260	364.0	0.1289	0.335	0.5468	
g11603	377.3	0.1458	0.267	0.7008	sp|Q6GNG3|TMX3_XENLA Protein disulfide-isomerase TMX3 OS=Xenopus laevis OX=8355 GN=tmx3 PE=2 SV=1
g5218	384.6	0.1552	0.216	0.7968	
g12732	308.4	0.0584	-0.149	0.8797	sp|Q5TZ07|PLPP6_DANRE Polyisoprenoid diphosphate/phosphate phosphohydrolase PLPP6 OS=Danio rerio OX=7955 GN=plpp6 PE=2 SV=1
g1653	353.8	0.1162	0.188	0.8267	sp|Q9LU89|2A5N_ARATH Serine/threonine protein phosphatase 2A 59 kDa regulatory subunit B' eta isoform OS=Arabidopsis thaliana OX=3702 GN=B'ETA PE=1 SV=1
g3107	370.7	0.1377	0.091	0.9439	
g12479	839.3	0.7338	-0.344	0.3869	sp|Q08890|IDS_MOUSE Iduronate 2-sulfatase OS=Mus musculus OX=10090 GN=Ids PE=2 SV=3
g12287	358.4	0.1224	-0.186	0.8335	
g9952	672.8	0.5226	0.467	0.2793	
g15587	413.8	0.1933	0.240	0.7498	
g10942	393.1	0.1672	-0.262	0.6972	sp|Q84UI5|MPK1_ORYSJ Mitogen-activated protein kinase 1 OS=Oryza sativa subsp. japonica OX=39947 GN=MPK1 PE=1 SV=1
g1505	383.3	0.1550	0.185	0.8591	sp|Q7XZU3|SAC1_ARATH Phosphatidylinositol-3-phosphatase SAC1 OS=Arabidopsis thaliana OX=3702 GN=SAC1 PE=1 SV=1
g5897	376.6	0.1465	0.207	0.8333	sp|Q6NMN6|SPNS1_ARATH Probable sphingolipid transporter spinster homolog 1 OS=Arabidopsis thaliana OX=3702 GN=At5g65687 PE=1 SV=1
g12988	387.7	0.1608	0.317	0.6037	sp|Q697L1|TRPV1_CANLF Transient receptor potential cation channel subfamily V member 1 OS=Canis lupus familiaris OX=9615 GN=TRPV1 PE=2 SV=1
g13163	343.2	0.1041	0.126	0.9135	
g8188	478.1	0.2761	-0.189	0.8324	
g3855	423.4	0.2068	0.088	0.9362	sp|Q259G4|PMM_ORYSI Phosphomannomutase OS=Oryza sativa subsp. indica OX=39946 GN=PMM PE=3 SV=1
g7037	366.7	0.1354	-0.085	0.9474	sp|Q09433|THIO1_CAEEL Thioredoxin-1 OS=Caenorhabditis elegans OX=6239 GN=trx-1 PE=1 SV=1
g251	582.0	0.4106	0.437	0.4928	sp|E1V7W0|DOEB_HALED N-alpha-acetyl-L-2,4-diaminobutyric acid deacetylase OS=Halomonas elongata (strain ATCC 33173 / DSM 2581 / NBRC 15536 / NCIMB 2198 / 1H9) OX=768066 GN=doeB PE=1 SV=1
g6175	337.3	0.0979	-0.111	0.9175	sp|Q9QX72|SEBP2_RAT Selenocysteine insertion sequence-binding protein 2 OS=Rattus norvegicus OX=10116 GN=Secisbp2 PE=1 SV=1
g10491	390.7	0.1662	-0.154	0.8809	sp|Q5FUL2|OBG_GLUOX GTPase Obg OS=Gluconobacter oxydans (strain 621H) OX=290633 GN=obg PE=3 SV=2
g3375	508.4	0.3172	0.526	0.2960	sp|Q06003|GOLI_DROME E3 ubiquitin-protein ligase goliath OS=Drosophila melanogaster OX=7227 GN=gol PE=1 SV=3
g7667	380.4	0.1535	0.128	0.9110	sp|Q5ZLG9|WDR59_CHICK GATOR2 complex protein WDR59 OS=Gallus gallus OX=9031 GN=WDR59 PE=2 SV=1
g7578	586.7	0.4181	-0.814	0.1389	
g689	402.4	0.1822	-0.217	0.7581	sp|Q9Y899|KCC1B_EMEND Calcium/calmodulin-dependent protein kinase cmkB OS=Emericella nidulans OX=162425 GN=cmkB PE=1 SV=1
g11489	342.7	0.1057	-0.140	0.9058	sp|A0A3L6DPG1|SGT1_MAIZE Protein SGT1 homolog OS=Zea mays OX=4577 GN=SGT1 PE=1 SV=1
g1490	354.3	0.1208	-0.268	0.6747	sp|Q94C12|NDBAB_ARATH NADH dehydrogenase [ubiquinone] 1 beta subcomplex subunit 10-B OS=Arabidopsis thaliana OX=3702 GN=At3g18410 PE=1 SV=1
g14763	368.8	0.1396	0.072	0.9600	sp|Q9TW28|MYOM_DICDI Myosin-M heavy chain OS=Dictyostelium discoideum OX=44689 GN=myoM PE=1 SV=1
g6839	413.0	0.1965	-0.165	0.8567	sp|P58114|Y3178_CAUVC Pirin-like protein CC_3178 OS=Caulobacter vibrioides (strain ATCC 19089 / CIP 103742 / CB 15) OX=190650 GN=CC_3178 PE=3 SV=1
g677	482.2	0.2859	0.257	0.6772	
g2539	309.8	0.0645	-0.052	0.9680	sp|Q54J73|PAP_DICDI Poly(A) polymerase OS=Dictyostelium discoideum OX=44689 GN=papA PE=3 SV=1
g15348	303.1	0.0560	-0.040	0.9740	
g15409	467.1	0.2667	0.356	0.5144	
g10311	438.1	0.2297	-0.204	0.8683	
g6404	425.8	0.2141	0.079	0.9474	sp|Q9LY56|YIPL4_ARATH Protein yippee-like At3g55890 OS=Arabidopsis thaliana OX=3702 GN=At3g55890 PE=2 SV=1
g6811	332.6	0.0948	0.092	0.9379	
g7445	348.9	0.1161	0.072	0.9577	sp|Q9Y113|NELFB_DROME Negative elongation factor B OS=Drosophila melanogaster OX=7227 GN=NELF-B PE=1 SV=1
g6618	459.3	0.2586	-0.119	0.9041	sp|P97493|THIOM_MOUSE Thioredoxin, mitochondrial OS=Mus musculus OX=10090 GN=Txn2 PE=1 SV=1
g9019	340.8	0.1059	-0.035	0.9781	sp|Q3SZL6|DCP1B_BOVIN mRNA-decapping enzyme 1B OS=Bos taurus OX=9913 GN=DCP1B PE=2 SV=1
g13705	379.0	0.1553	-0.166	0.8453	sp|Q54UC9|KIF3_DICDI Kinesin-related protein 3 OS=Dictyostelium discoideum OX=44689 GN=kif3 PE=1 SV=1
g13510	436.5	0.2299	0.288	0.6946	sp|Q6PB75|PAPD7_MOUSE Terminal nucleotidyltransferase 4A OS=Mus musculus OX=10090 GN=Tent4a PE=2 SV=3
g6417	350.4	0.1189	-0.020	0.9857	sp|O23244|PPA25_ARATH Purple acid phosphatase 25 OS=Arabidopsis thaliana OX=3702 GN=PAP25 PE=2 SV=2
g14660	455.9	0.2553	-0.011	0.9921	
g5775	383.8	0.1627	-0.157	0.8824	sp|Q54DA8|STIP1_DICDI Protein STIP1 homolog OS=Dictyostelium discoideum OX=44689 GN=sti1 PE=3 SV=1
g2537	480.4	0.2876	-0.135	0.8805	
g5703	479.6	0.2866	0.205	0.8313	sp|Q14739|LBR_HUMAN Delta(14)-sterol reductase LBR OS=Homo sapiens OX=9606 GN=LBR PE=1 SV=2
g8901	407.7	0.1939	0.464	0.3033	sp|Q29RB1|COG4_DANRE Conserved oligomeric Golgi complex subunit 4 OS=Danio rerio OX=7955 GN=cog4 PE=1 SV=1
g12421	505.1	0.3202	-0.798	0.1554	
g893	509.1	0.3254	0.027	0.9831	sp|Q9YHY9|OTC_CHICK Ornithine transcarbamylase, mitochondrial OS=Gallus gallus OX=9031 GN=OTC PE=1 SV=1
g14182	364.8	0.1390	-0.081	0.9457	
g7985	415.6	0.2053	-0.284	0.7430	
g5513	554.8	0.3858	0.690	0.1360	sp|Q86CZ2|DHKK_DICDI Hybrid signal transduction histidine kinase K OS=Dictyostelium discoideum OX=44689 GN=dhkK PE=1 SV=1
g14113	386.4	0.1675	0.208	0.8364	sp|Q55G10|PNCB_DICDI Nicotinate phosphoribosyltransferase OS=Dictyostelium discoideum OX=44689 GN=naprt PE=2 SV=1
g509	367.3	0.1431	0.409	0.3714	sp|Q9V410|LZTR1_DROME Leucine-zipper-like transcriptional regulator 1 homolog OS=Drosophila melanogaster OX=7227 GN=Lztr1 PE=1 SV=1
g230	486.5	0.2984	-0.423	0.4153	
g5426	362.4	0.1373	0.301	0.6037	sp|F1NQJ3|PMS2_CHICK Mismatch repair endonuclease PMS2 OS=Gallus gallus OX=9031 GN=PMS2 PE=2 SV=3
g3619	439.7	0.2377	0.483	0.2216	sp|F4JY12|GFS12_ARATH Protein GFS12 OS=Arabidopsis thaliana OX=3702 GN=GFS12 PE=1 SV=1
g12759	356.8	0.1306	0.273	0.6719	sp|Q869V1|NRAM1_DICDI Metal transporter nramp1 homolog OS=Dictyostelium discoideum OX=44689 GN=nramp1 PE=2 SV=1
g9232	330.2	0.0966	-0.140	0.9036	sp|Q01815|CAC1C_MOUSE Voltage-dependent L-type calcium channel subunit alpha-1C OS=Mus musculus OX=10090 GN=Cacna1c PE=1 SV=1
g3851	603.7	0.4535	-0.363	0.5159	sp|Q9FVR6|Y1222_ARATH Uncharacterized protein At1g32220, chloroplastic OS=Arabidopsis thaliana OX=3702 GN=At1g32220 PE=1 SV=1
g891	594.6	0.4419	-0.621	0.0594	sp|Q22A67|DYH3_TETTS Dynein axonemal heavy chain gamma OS=Tetrahymena thermophila (strain SB210) OX=312017 GN=TTHERM_01276420 PE=1 SV=1
g167	308.4	0.0690	0.077	0.9509	
g8132	496.9	0.3153	-0.090	0.9433	
g9183	382.0	0.1655	-0.234	0.7581	
g3976	355.4	0.1312	-0.159	0.8699	
g4003	475.8	0.2890	-0.184	0.8532	
g4012	430.2	0.2295	-0.379	0.4018	sp|P54822|PUR8_MOUSE Adenylosuccinate lyase OS=Mus musculus OX=10090 GN=Adsl PE=1 SV=2
g11453	467.3	0.2782	0.276	0.7264	
g11664	339.2	0.1108	0.168	0.8624	sp|Q54ZR7|SRPRA_DICDI Signal recognition particle receptor subunit alpha OS=Dictyostelium discoideum OX=44689 GN=srpra PE=3 SV=1
g7088	497.9	0.3192	-0.045	0.9740	
g10086	378.3	0.1626	0.181	0.8416	sp|S8G6L4|CDPK7_TOXGM Calcium-dependent protein kinase 7 OS=Toxoplasma gondii (strain ATCC 50611 / Me49) OX=508771 GN=CDPK7 PE=1 SV=1
g2356	368.7	0.1502	0.131	0.9165	sp|Q5R746|YTDC2_PONAB 3'-5' RNA helicase YTHDC2 OS=Pongo abelii OX=9601 GN=YTHDC2 PE=2 SV=2
g12844	404.8	0.1988	-0.344	0.5535	sp|P35601|RFC1_MOUSE Replication factor C subunit 1 OS=Mus musculus OX=10090 GN=Rfc1 PE=1 SV=2
g879	374.8	0.1593	0.381	0.4411	sp|D4ABL6|MCTP1_RAT Multiple C2 and transmembrane domain-containing protein 1 OS=Rattus norvegicus OX=10116 GN=Mctp1 PE=1 SV=4
g2051	401.4	0.1958	0.468	0.3134	sp|Q922L6|NELFD_MOUSE Negative elongation factor D OS=Mus musculus OX=10090 GN=Nelfcd PE=1 SV=2
g5741	411.6	0.2097	0.099	0.9509	
g3593	364.4	0.1475	-0.096	0.9370	
g14470	421.6	0.2230	0.322	0.6264	
g13880	384.1	0.1741	-0.290	0.6224	sp|Q8HXY4|ODBA_MACFA 2-oxoisovalerate dehydrogenase subunit alpha, mitochondrial OS=Macaca fascicularis OX=9541 GN=BCKDHA PE=2 SV=1
g11230	303.3	0.0677	-0.013	0.9910	
g11761	430.4	0.2360	0.271	0.6984	sp|Q8VYC8|RIN2_ARATH E3 ubiquitin protein ligase RIN2 OS=Arabidopsis thaliana OX=3702 GN=RIN2 PE=1 SV=1
g1456	637.8	0.5116	0.198	0.8802	sp|Q8UVG0|VM3BE_BOTER Zinc metalloproteinase-disintegrin-like berythractivase OS=Bothrops erythromelas OX=44710 PE=1 SV=1
g10009	358.3	0.1414	0.262	0.7477	sp|Q9FVQ5|OSC18_ARATH Hyperosmolality-gated Ca2+ permeable channel 1.8 OS=Arabidopsis thaliana OX=3702 GN=OSCA1.8 PE=1 SV=1
g8498	330.3	0.1044	0.175	0.8457	sp|Q8TEL6|TP4AP_HUMAN Short transient receptor potential channel 4-associated protein OS=Homo sapiens OX=9606 GN=TRPC4AP PE=1 SV=2
g6010	353.7	0.1360	0.359	0.4926	sp|G5ECR8|GLCM3_CAEEL Putative glucosylceramidase 3 OS=Caenorhabditis elegans OX=6239 GN=gba-3 PE=3 SV=1
g6440	544.6	0.3892	0.310	0.7693	sp|O55135|IF6_MOUSE Eukaryotic translation initiation factor 6 OS=Mus musculus OX=10090 GN=Eif6 PE=1 SV=2
g13236	853.1	0.7986	-0.375	0.5622	sp|Q54ET0|GRLE_DICDI Metabotropic glutamate receptor-like protein E OS=Dictyostelium discoideum OX=44689 GN=grlE PE=2 SV=2
g11391	372.0	0.1607	0.112	0.9210	sp|Q9LT02|PDR2_ARATH Probable manganese-transporting ATPase PDR2 OS=Arabidopsis thaliana OX=3702 GN=PDR2 PE=1 SV=1
g15195	391.2	0.1866	-0.303	0.6819	
g368	331.4	0.1075	-0.035	0.9781	sp|Q8BG93|NUD15_MOUSE Nucleotide triphosphate diphosphatase NUDT15 OS=Mus musculus OX=10090 GN=Nudt15 PE=1 SV=1
g13946	374.0	0.1648	-0.171	0.8387	sp|O32507|GABD_DEIRA Succinate-semialdehyde dehydrogenase [NADP(+)] OS=Deinococcus radiodurans (strain ATCC 13939 / DSM 20539 / JCM 16871 / CCUG 27074 / LMG 4051 / NBRC 15346 / NCIMB 9279 / VKM B-1422 / R1) OX=243230 GN=ssdA PE=3 SV=1
g12062	430.3	0.2399	-0.645	0.1017	sp|Q9Z2I7|SVOP_RAT Synaptic vesicle 2-related protein OS=Rattus norvegicus OX=10116 GN=Svop PE=1 SV=1
g739	362.1	0.1490	0.314	0.5844	
g11147	337.7	0.1165	0.080	0.9474	sp|Q9C6S5|PHSB_ARATH Probable polyamine transporter At1g31830 OS=Arabidopsis thaliana OX=3702 GN=At1g31830 PE=2 SV=1
g1589	671.3	0.5610	0.504	0.3784	sp|Q5HKP6|LIP_STAEQ Lipase OS=Staphylococcus epidermidis (strain ATCC 35984 / DSM 28319 / BCRC 17069 / CCUG 31568 / BM 3577 / RP62A) OX=176279 GN=lip PE=3 SV=1
g906	481.2	0.3078	0.292	0.5901	sp|Q54PK4|SMC2_DICDI Structural maintenance of chromosomes protein 2 OS=Dictyostelium discoideum OX=44689 GN=smc2 PE=3 SV=1
g1469	357.9	0.1435	-0.021	0.9856	
g1413	370.6	0.1606	-0.071	0.9609	sp|Q9LSZ9|LCB2A_ARATH Long chain base biosynthesis protein 2a OS=Arabidopsis thaliana OX=3702 GN=LCB2a PE=1 SV=1
g5993	416.9	0.2234	-0.082	0.9509	sp|Q7VDY6|RL1_PROMA Large ribosomal subunit protein uL1 OS=Prochlorococcus marinus (strain SARG / CCMP1375 / SS120) OX=167539 GN=rplA PE=3 SV=1
g3967	356.7	0.1432	0.304	0.6584	sp|P53995|APC1_MOUSE Anaphase-promoting complex subunit 1 OS=Mus musculus OX=10090 GN=Anapc1 PE=1 SV=2
g13171	353.2	0.1388	-0.103	0.9404	
g11374	444.3	0.2608	0.193	0.8313	
g14095	457.1	0.2780	-0.555	0.1293	sp|Q9PTS2|DCUP_DANRE Uroporphyrinogen decarboxylase OS=Danio rerio OX=7955 GN=urod PE=1 SV=1
g300	402.3	0.2048	0.434	0.3772	sp|P08414|KCC4_MOUSE Calcium/calmodulin-dependent protein kinase type IV OS=Mus musculus OX=10090 GN=Camk4 PE=1 SV=2
g4726	354.6	0.1410	-0.129	0.9036	sp|Q9Y7X4|YGRG_SCHPO Uncharacterized membrane protein C365.16 OS=Schizosaccharomyces pombe (strain 972 / ATCC 24843) OX=284812 GN=SPBC365.16 PE=4 SV=1
g1334	381.0	0.1768	0.217	0.7661	sp|A9ULZ2|BIR7B_XENLA Baculoviral IAP repeat-containing protein 7-B OS=Xenopus laevis OX=8355 GN=birc7-b PE=2 SV=2
g13475	394.4	0.1948	0.397	0.5442	sp|A9RWC9|M2K1A_PHYPA Mitogen-activated protein kinase kinase 1a OS=Physcomitrium patens OX=3218 GN=MKK1a PE=2 SV=1
g12317	398.6	0.2008	-0.051	0.9666	sp|Q8BWW4|LARP4_MOUSE La-related protein 4 OS=Mus musculus OX=10090 GN=Larp4 PE=1 SV=3
g9563	373.7	0.1675	-0.286	0.7295	sp|P51570|GALK1_HUMAN Galactokinase OS=Homo sapiens OX=9606 GN=GALK1 PE=1 SV=1
g10082	304.0	0.0744	-0.161	0.8641	sp|Q1L908|MSTO1_DANRE Protein misato homolog 1 OS=Danio rerio OX=7955 GN=msto1 PE=2 SV=1
g7684	307.0	0.0785	-0.200	0.8142	sp|Q9JHS3|LTOR2_MOUSE Ragulator complex protein LAMTOR2 OS=Mus musculus OX=10090 GN=Lamtor2 PE=1 SV=1
g3528	340.0	0.1233	-0.016	0.9903	
g6347	434.9	0.2515	0.279	0.7239	
g949	501.1	0.3406	0.089	0.9439	sp|P53607|ILVA_BURM1 L-threonine dehydratase biosynthetic IlvA OS=Burkholderia multivorans (strain ATCC 17616 / 249) OX=395019 GN=ilvA PE=3 SV=1
g358	346.5	0.1329	0.108	0.9362	
g4187	409.6	0.2182	0.071	0.9666	sp|Q9Y265|RUVB1_HUMAN RuvB-like 1 OS=Homo sapiens OX=9606 GN=RUVBL1 PE=1 SV=1
g2346	462.3	0.2891	0.413	0.4603	sp|Q55BF2|NMD3_DICDI 60S ribosomal export protein NMD3 OS=Dictyostelium discoideum OX=44689 GN=nmd3 PE=3 SV=1
g2211	348.6	0.1360	-0.256	0.6996	
g5921	360.5	0.1523	-0.193	0.8078	sp|Q99KF1|TMED9_MOUSE Transmembrane emp24 domain-containing protein 9 OS=Mus musculus OX=10090 GN=Tmed9 PE=1 SV=2
g11120	309.2	0.0833	-0.037	0.9770	sp|Q02370|NDUA2_BOVIN NADH dehydrogenase [ubiquinone] 1 alpha subcomplex subunit 2 OS=Bos taurus OX=9913 GN=NDUFA2 PE=1 SV=2
g13876	359.6	0.1518	0.060	0.9611	sp|Q0WQF4|VP53A_ARATH Vacuolar protein sorting-associated protein 53 A OS=Arabidopsis thaliana OX=3702 GN=VPS53 PE=1 SV=1
g7240	281.7	0.0468	-0.080	0.9482	
g11720	547.3	0.4052	0.583	0.2220	sp|Q55680|SPKH_SYNY3 Serine protein kinase H OS=Synechocystis sp. (strain ATCC 27184 / PCC 6803 / Kazusa) OX=1111708 GN=spkH PE=1 SV=1
g8071	433.5	0.2520	-0.571	0.1092	sp|Q8C7H1|MMAA_MOUSE Methylmalonic aciduria type A homolog, mitochondrial OS=Mus musculus OX=10090 GN=Mmaa PE=1 SV=1
g7401	338.6	0.1242	-0.162	0.8657	
g2747	311.0	0.0872	-0.108	0.9277	
g10954	327.6	0.1097	0.065	0.9614	sp|Q0IHV2|LIN54_XENTR Protein lin-54 homolog OS=Xenopus tropicalis OX=8364 GN=lin54 PE=2 SV=1
g5668	330.7	0.1142	0.311	0.5984	sp|A0JM49|LTN1_XENTR E3 ubiquitin-protein ligase listerin OS=Xenopus tropicalis OX=8364 GN=ltn1 PE=2 SV=1
g1097	280.0	0.0459	-0.026	0.9848	sp|Q9QYI4|DJB12_MOUSE DnaJ homolog subfamily B member 12 OS=Mus musculus OX=10090 GN=Dnajb12 PE=1 SV=2
g14993	573.0	0.4430	0.447	0.4916	sp|Q4I7K4|DED1_GIBZE ATP-dependent RNA helicase DED1 OS=Gibberella zeae (strain ATCC MYA-4620 / CBS 123657 / FGSC 9075 / NRRL 31084 / PH-1) OX=229533 GN=DED1 PE=3 SV=1
g2191	407.5	0.2189	0.455	0.2597	sp|Q556Z3|TPC10_DICDI Trafficking protein particle complex subunit 10 OS=Dictyostelium discoideum OX=44689 GN=trapcc10-1 PE=3 SV=1
g13174	346.5	0.1365	0.188	0.8333	sp|Q9C5L3|GLPT1_ARATH Putative glycerol-3-phosphate transporter 1 OS=Arabidopsis thaliana OX=3702 GN=At3g47420 PE=2 SV=1
g10229	357.7	0.1521	0.275	0.7052	sp|O80396|M2K3_ARATH Mitogen-activated protein kinase kinase 3 OS=Arabidopsis thaliana OX=3702 GN=MKK3 PE=1 SV=1
g6711	398.0	0.2070	0.447	0.4504	sp|Q9M8Z7|U80A2_ARATH Sterol 3-beta-glucosyltransferase UGT80A2 OS=Arabidopsis thaliana OX=3702 GN=UGT80A2 PE=1 SV=1
g11909	584.0	0.4597	-0.310	0.8543	
g6729	386.7	0.1919	-0.263	0.7391	sp|Q70DU8|AL3H1_ARATH Aldehyde dehydrogenase family 3 member H1 OS=Arabidopsis thaliana OX=3702 GN=ALDH3H1 PE=1 SV=2
g13544	320.0	0.1018	-0.080	0.9473	
g7585	580.7	0.4571	0.381	0.5732	sp|Q86L04|TRAP1_DICDI TNF receptor-associated protein 1 homolog, mitochondrial OS=Dictyostelium discoideum OX=44689 GN=trap1 PE=2 SV=1
g10233	321.5	0.1044	-0.002	0.9978	sp|Q39030|KPK2_ARATH Serine/threonine-protein kinase AtPK2/AtPK19 OS=Arabidopsis thaliana OX=3702 GN=ATPK2 PE=1 SV=2
g13922	288.9	0.0601	0.023	0.9849	
g11604	317.6	0.0992	-0.091	0.9404	
g15467	349.5	0.1426	0.125	0.9165	
g1316	324.0	0.1081	-0.155	0.8793	sp|P09471|GNAO_HUMAN Guanine nucleotide-binding protein G(o) subunit alpha OS=Homo sapiens OX=9606 GN=GNAO1 PE=1 SV=4
g6332	430.1	0.2527	0.002	0.9978	sp|I6XHJ3|FADA6_MYCTU Steroid 3-ketoacyl-CoA thiolase FadA6 OS=Mycobacterium tuberculosis (strain ATCC 25618 / H37Rv) OX=83332 GN=fadA6 PE=1 SV=2
g14231	468.7	0.3054	-0.048	0.9689	sp|Q9BW72|HIG2A_HUMAN HIG1 domain family member 2A, mitochondrial OS=Homo sapiens OX=9606 GN=HIGD2A PE=1 SV=1
g5799	639.4	0.5386	-0.031	0.9848	sp|D3P9D1|METXA_DEFDS Homoserine O-acetyltransferase OS=Deferribacter desulfuricans (strain DSM 14783 / JCM 11476 / NBRC 101012 / SSM1) OX=639282 GN=metXA PE=1 SV=1
g4936	556.8	0.4267	0.548	0.2573	sp|Q9D0R4|DDX56_MOUSE Probable ATP-dependent RNA helicase DDX56 OS=Mus musculus OX=10090 GN=Ddx56 PE=1 SV=1
g4327	361.1	0.1597	0.384	0.4459	
g13051	364.2	0.1644	0.366	0.5686	
g1731	299.7	0.0764	-0.011	0.9923	sp|Q9VEV4|CL16A_DROME Protein CLEC16A homolog OS=Drosophila melanogaster OX=7227 GN=ema PE=1 SV=2
g4309	310.7	0.0919	0.166	0.8673	sp|Q9VRR2|S53A1_DROME Solute carrier family 53 member 1 OS=Drosophila melanogaster OX=7227 GN=PXo PE=1 SV=1
g4542	314.1	0.0966	0.157	0.8819	sp|Q9FDW8|CYB5A_ARATH Cytochrome b5 isoform A OS=Arabidopsis thaliana OX=3702 GN=CB5-A PE=1 SV=1
g3298	387.8	0.1977	-0.023	0.9848	
g13455	431.6	0.2577	0.137	0.9114	
g7762	326.4	0.1136	-0.117	0.9151	
g9350	398.6	0.2127	-0.424	0.4139	
g7341	511.2	0.3672	0.697	0.0784	sp|F4HSX9|KLCR3_ARATH Protein KINESIN LIGHT CHAIN-RELATED 3 OS=Arabidopsis thaliana OX=3702 GN=KLCR3 PE=2 SV=1
g10517	474.8	0.3174	0.737	0.1185	sp|Q8IWF6|DEN6A_HUMAN Protein DENND6A OS=Homo sapiens OX=9606 GN=DENND6A PE=1 SV=1
g13250	326.8	0.1149	0.017	0.9881	
g8949	548.4	0.4194	-0.537	0.2869	sp|P05091|ALDH2_HUMAN Aldehyde dehydrogenase, mitochondrial OS=Homo sapiens OX=9606 GN=ALDH2 PE=1 SV=2
g10190	361.7	0.1635	0.312	0.5751	
g2416	439.7	0.2707	-0.105	0.9450	
g165	589.3	0.4765	0.187	0.8141	sp|P73577|SPKJ_SYNY3 Probable serine/threonine-protein kinase J OS=Synechocystis sp. (strain ATCC 27184 / PCC 6803 / Kazusa) OX=1111708 GN=spkJ PE=3 SV=1
g6658	314.1	0.0984	-0.138	0.9001	
g5817	350.6	0.1488	0.256	0.7262	
g11271	296.2	0.0741	-0.082	0.9474	sp|Q9FM96|PSL4_ARATH Glucosidase 2 subunit beta OS=Arabidopsis thaliana OX=3702 GN=PSL4 PE=2 SV=1
g10769	267.6	0.0348	-0.027	0.9848	
g2982	406.3	0.2261	0.209	0.8742	sp|Q8RX28|HDA5_ARATH Histone deacetylase 5 OS=Arabidopsis thaliana OX=3702 GN=HDA5 PE=1 SV=1
g14498	377.3	0.1865	-0.506	0.2017	sp|Q55GJ6|PSB6_DICDI Proteasome subunit beta type-6 OS=Dictyostelium discoideum OX=44689 GN=psmB6 PE=1 SV=1
g2746	405.9	0.2258	-0.367	0.4748	sp|Q9WTT2|CLPB_RAT Mitochondrial disaggregase OS=Rattus norvegicus OX=10116 GN=Clpb PE=2 SV=1
g2076	310.8	0.0948	0.152	0.8793	sp|A1L4W5|BPM6_ARATH BTB/POZ and MATH domain-containing protein 6 OS=Arabidopsis thaliana OX=3702 GN=BPM6 PE=1 SV=1
g6000	434.7	0.2656	-0.110	0.9363	sp|Q0V8M0|KRI1_BOVIN Protein KRI1 homolog OS=Bos taurus OX=9913 GN=KRI1 PE=2 SV=3
g316	296.6	0.0755	-0.125	0.9113	sp|Q54BM8|U652_DICDI UPF0652 protein OS=Dictyostelium discoideum OX=44689 GN=DDB_G0293552 PE=3 SV=1
g11287	388.5	0.2022	0.043	0.9713	
g10946	509.0	0.3687	0.341	0.6083	sp|Q8YEV0|GRPE_BRUME Protein GrpE OS=Brucella melitensis biotype 1 (strain ATCC 23456 / CCUG 17765 / NCTC 10094 / 16M) OX=224914 GN=grpE PE=3 SV=2
g14564	406.5	0.2274	-0.363	0.6383	sp|P23346|SODC5_MAIZE Superoxide dismutase [Cu-Zn] 4AP OS=Zea mays OX=4577 GN=SODCC.2 PE=2 SV=2
g14436	300.1	0.0806	-0.103	0.9334	sp|P0CD61|GPT_DICDI UDP-N-acetylglucosamine--dolichyl-phosphate N-acetylglucosaminephosphotransferase OS=Dictyostelium discoideum OX=44689 GN=alg7 PE=3 SV=1
g5553	367.5	0.1739	0.291	0.6244	sp|Q3ZBZ8|STIP1_BOVIN Stress-induced-phosphoprotein 1 OS=Bos taurus OX=9913 GN=STIP1 PE=2 SV=1
g11490	405.2	0.2274	-0.399	0.4102	sp|B8ELF8|RL22_METSB Large ribosomal subunit protein uL22 OS=Methylocella silvestris (strain DSM 15510 / CIP 108128 / LMG 27833 / NCIMB 13906 / BL2) OX=395965 GN=rplV PE=3 SV=1
g10759	611.7	0.5145	0.503	0.4139	
g5011	418.9	0.2477	0.240	0.8164	sp|Q88RB9|DAVT_PSEPK 5-aminovalerate aminotransferase DavT OS=Pseudomonas putida (strain ATCC 47054 / DSM 6125 / CFBP 8728 / NCIMB 11950 / KT2440) OX=160488 GN=davT PE=1 SV=1
g4385	356.0	0.1622	0.273	0.7314	sp|Q54BU4|ABCB1_DICDI ABC transporter B family member 1 OS=Dictyostelium discoideum OX=44689 GN=abcB1 PE=3 SV=1
g13939	463.2	0.3116	0.635	0.1089	sp|F4JLE5|SFH1_ARATH Phosphatidylinositol/phosphatidylcholine transfer protein SFH1 OS=Arabidopsis thaliana OX=3702 GN=SFH1 PE=2 SV=1
g1320	372.1	0.1854	-0.075	0.9543	sp|Q7ZWL6|MAF1_XENLA Repressor of RNA polymerase III transcription MAF1 homolog OS=Xenopus laevis OX=8355 GN=maf1 PE=2 SV=1
g10134	462.0	0.3108	0.175	0.8916	
g2046	311.5	0.1009	0.184	0.8429	
g10382	386.6	0.2064	0.468	0.3091	
g13657	393.7	0.2167	-0.047	0.9740	
g3401	490.2	0.3522	0.043	0.9689	
g9109	298.1	0.0836	-0.053	0.9685	sp|O36016|PTPA1_SCHPO Serine/threonine-protein phosphatase 2A activator 1 OS=Schizosaccharomyces pombe (strain 972 / ATCC 24843) OX=284812 GN=rrd1 PE=3 SV=1
g3854	364.2	0.1766	0.007	0.9955	sp|Q95YH0|CDK8_DICDI Probable cyclin-dependent kinase 8 OS=Dictyostelium discoideum OX=44689 GN=cdk8 PE=2 SV=1
g1641	486.8	0.3484	-0.689	0.1389	
g12320	320.1	0.1152	-0.128	0.9179	sp|Q9AV81|PRP19_ORYSJ Pre-mRNA-processing factor 19 OS=Oryza sativa subsp. japonica OX=39947 GN=PRP19 PE=2 SV=1
g13045	289.6	0.0725	-0.074	0.9543	sp|E7F6H7|DCI2A_DANRE Dynein, cytoplasmic 1, intermediate chain 2a OS=Danio rerio OX=7955 GN=dync1i2a PE=3 SV=2
g4388	296.8	0.0829	-0.084	0.9451	sp|Q9LS42|CASP_ARATH Protein CASP OS=Arabidopsis thaliana OX=3702 GN=CASP PE=1 SV=2
g13566	329.6	0.1290	-0.227	0.7593	sp|Q99816|TS101_HUMAN Tumor susceptibility gene 101 protein OS=Homo sapiens OX=9606 GN=TSG101 PE=1 SV=2
g15393	921.9	0.9620	0.240	0.9600	
g7377	686.7	0.6318	-0.273	0.7105	sp|Q9U2Z2|SSU1_CAEEL Sulfotransferase ssu-1 OS=Caenorhabditis elegans OX=6239 GN=ssu-1 PE=1 SV=1
g5244	303.1	0.0930	-0.167	0.8691	sp|Q941R4|GONS1_ARATH GDP-mannose transporter GONST1 OS=Arabidopsis thaliana OX=3702 GN=GONST1 PE=1 SV=2
g10433	409.0	0.2420	0.134	0.9256	
g6193	416.2	0.2524	-0.069	0.9534	
g1391	419.4	0.2571	-0.185	0.8196	sp|Q9NW15|ANO10_HUMAN Anoctamin-10 OS=Homo sapiens OX=9606 GN=ANO10 PE=1 SV=2
g15453	380.8	0.2028	0.401	0.4298	sp|Q4P821|COX19_MYCMD Cytochrome c oxidase assembly protein COX19 OS=Mycosarcoma maydis OX=5270 GN=COX19 PE=3 SV=2
g15185	426.4	0.2671	0.099	0.9439	
g10527	364.3	0.1799	0.327	0.5749	
g6817	394.4	0.2223	-0.346	0.5133	sp|Q9EX73|MLHB_RHOER Monoterpene epsilon-lactone hydrolase OS=Rhodococcus erythropolis OX=1833 GN=mlhB PE=1 SV=1
g13472	305.5	0.0974	0.080	0.9521	
g1847	289.7	0.0751	-0.128	0.9110	sp|Q96B97|SH3K1_HUMAN SH3 domain-containing kinase-binding protein 1 OS=Homo sapiens OX=9606 GN=SH3KBP1 PE=1 SV=2
g3534	322.8	0.1219	-0.248	0.7591	sp|Q869T1|TWF_DICDI Twinfilin OS=Dictyostelium discoideum OX=44689 GN=twfA PE=1 SV=1
g14390	613.3	0.5321	-0.705	0.0517	
g9612	386.1	0.2116	-0.247	0.7231	sp|Q875X4|MYO2B_NAUCA Myosin-2B OS=Naumovozyma castellii OX=27288 GN=MYO2B PE=3 SV=2
g5832	359.5	0.1744	0.263	0.7644	
g9307	508.0	0.3842	0.249	0.6783	sp|Q9UWR6|GFPS_AERPX Geranylfarnesyl diphosphate synthase OS=Aeropyrum pernix OX=56636 GN=fgs PE=1 SV=1
g8695	312.5	0.1082	0.115	0.9293	sp|Q9Z270|VAPA_RAT Vesicle-associated membrane protein-associated protein A OS=Rattus norvegicus OX=10116 GN=Vapa PE=1 SV=3
g6866	343.0	0.1513	-0.347	0.5252	sp|P55786|PSA_HUMAN Puromycin-sensitive aminopeptidase OS=Homo sapiens OX=9606 GN=NPEPPS PE=1 SV=2
g1339	445.8	0.2968	-0.712	0.0819	
g2961	323.6	0.1242	0.291	0.6719	sp|P59015|VPS18_DANRE Vacuolar protein sorting-associated protein 18 homolog OS=Danio rerio OX=7955 GN=vps18 PE=2 SV=2
g12616	371.3	0.1918	0.303	0.7045	
g12837	344.8	0.1550	0.138	0.9165	sp|Q99JX3|GORS2_MOUSE Golgi reassembly-stacking protein 2 OS=Mus musculus OX=10090 GN=Gorasp2 PE=1 SV=3
g10664	430.1	0.2758	0.696	0.0660	sp|Q869S7|SUCB2_DICDI Succinate--CoA ligase [GDP-forming] subunit beta, mitochondrial OS=Dictyostelium discoideum OX=44689 GN=scsB PE=3 SV=1
g759	363.0	0.1808	-0.376	0.5771	
g10986	331.4	0.1366	0.288	0.6465	sp|Q10138|YAS2_SCHPO CRAL-TRIO domain-containing protein C3H8.02 OS=Schizosaccharomyces pombe (strain 972 / ATCC 24843) OX=284812 GN=SPAC3H8.02 PE=1 SV=1
g6116	604.6	0.5249	0.623	0.1896	sp|Q9HYH5|Y3430_PSEAE Putative aldolase class 2 protein PA3430 OS=Pseudomonas aeruginosa (strain ATCC 15692 / DSM 22644 / CIP 104116 / JCM 14847 / LMG 12228 / 1C / PRS 101 / PAO1) OX=208964 GN=PA3430 PE=3 SV=1
g13720	315.1	0.1140	-0.130	0.9041	sp|F4K2E9|PRP16_ARATH Pre-mRNA-splicing factor ATP-dependent RNA helicase DEAH7 OS=Arabidopsis thaliana OX=3702 GN=CUV PE=1 SV=1
g2921	292.9	0.0825	-0.215	0.7920	sp|P0DXK2|SEC5C_NICBE Exocyst complex component SEC5C OS=Nicotiana benthamiana OX=4100 GN=SEC5C PE=1 SV=1
g9663	347.5	0.1607	-0.152	0.8820	sp|Q9H0A0|NAT10_HUMAN RNA cytidine acetyltransferase OS=Homo sapiens OX=9606 GN=NAT10 PE=1 SV=2
g14450	330.2	0.1362	0.167	0.8539	sp|Q5XIL3|RPC3_RAT DNA-directed RNA polymerase III subunit RPC3 OS=Rattus norvegicus OX=10116 GN=Polr3c PE=2 SV=1
g8518	311.1	0.1095	0.270	0.6997	sp|F1QC45|XRP2_DANRE Protein XRP2 OS=Danio rerio OX=7955 GN=rp2 PE=1 SV=1
g576	330.6	0.1372	-0.046	0.9721	
g10874	373.1	0.1979	0.225	0.7782	sp|Q5R903|SNX14_PONAB Sorting nexin-14 OS=Pongo abelii OX=9601 GN=SNX14 PE=2 SV=1
g3930	304.2	0.0997	0.024	0.9848	sp|B9KNB6|MCTE_CERSK (3S)-malyl-CoA thioesterase OS=Cereibacter sphaeroides (strain KD131 / KCTC 12085) OX=557760 GN=mcl2 PE=3 SV=1
g11425	359.9	0.1791	0.259	0.7713	
g10458	326.6	0.1318	0.061	0.9621	
g8580	379.1	0.2066	0.357	0.5452	sp|Q50568|FDHC_METTF Probable formate transporter OS=Methanothermobacter thermautotrophicus OX=145262 GN=fdhC PE=3 SV=1
g732	496.2	0.3738	0.142	0.9404	sp|Q91918|RA51A_XENLA DNA repair protein RAD51 homolog A OS=Xenopus laevis OX=8355 GN=rad51-a PE=2 SV=1
g15239	292.9	0.0840	0.027	0.9848	
g4376	524.5	0.4142	0.459	0.3242	sp|P38344|REI1_YEAST Cytoplasmic 60S subunit biogenesis factor REI1 OS=Saccharomyces cerevisiae (strain ATCC 204508 / S288c) OX=559292 GN=REI1 PE=1 SV=3
g3752	338.5	0.1492	0.131	0.9041	
g14521	308.2	0.1060	0.051	0.9689	sp|P54673|PI3K1_DICDI Phosphatidylinositol 3-kinase 1 OS=Dictyostelium discoideum OX=44689 GN=pikA PE=2 SV=2
g10983	503.1	0.3840	0.721	0.1342	sp|Q6R032|MB3R5_ARATH Transcription factor MYB3R-5 OS=Arabidopsis thaliana OX=3702 GN=MYB3R5 PE=2 SV=1
g15052	310.2	0.1091	-0.005	0.9963	
g939	329.1	0.1360	0.105	0.9293	sp|Q9S837|TI233_ARATH Mitochondrial import inner membrane translocase subunit TIM23-3 OS=Arabidopsis thaliana OX=3702 GN=TIM23-3 PE=2 SV=1
g10702	424.2	0.2720	0.472	0.3099	
g14021	362.9	0.1846	0.074	0.9493	
g1457	317.0	0.1193	-0.013	0.9921	sp|Q9JI39|ABCBA_MOUSE ATP-binding cassette sub-family B member 10, mitochondrial OS=Mus musculus OX=10090 GN=Abcb10 PE=1 SV=1
g9465	363.5	0.1860	0.152	0.8668	sp|Q54MJ7|ALAM_DICDI Probable alanine aminotransferase, mitochondrial OS=Dictyostelium discoideum OX=44689 GN=gpt PE=3 SV=1
g7565	463.3	0.3287	0.430	0.6334	
g7100	311.8	0.1124	0.007	0.9946	
g14690	346.8	0.1627	0.378	0.4616	sp|A4IFB6|CNO10_BOVIN CCR4-NOT transcription complex subunit 10 OS=Bos taurus OX=9913 GN=CNOT10 PE=2 SV=1
g5836	398.2	0.2365	0.042	0.9742	sp|Q54KZ8|EIF3M_DICDI Eukaryotic translation initiation factor 3 subunit M OS=Dictyostelium discoideum OX=44689 GN=eif3m PE=1 SV=1
g4577	260.0	0.0388	-0.065	0.9614	sp|Q8BL66|EEA1_MOUSE Early endosome antigen 1 OS=Mus musculus OX=10090 GN=Eea1 PE=1 SV=2
g10171	538.2	0.4370	-0.969	0.1357	
g12246	550.2	0.4543	0.699	0.1041	sp|Q7S6S4|TIM16_NEUCR Mitochondrial import inner membrane translocase subunit tim16 OS=Neurospora crassa (strain ATCC 24698 / 74-OR23-1A / CBS 708.71 / DSM 1257 / FGSC 987) OX=367110 GN=un-4 PE=3 SV=1
g266	375.7	0.2046	0.507	0.2153	
g10577	273.9	0.0589	-0.024	0.9848	sp|Q95Q18|LACB2_CAEEL Beta-lactamase-like protein 2 homolog OS=Caenorhabditis elegans OX=6239 GN=Y53F4B.39 PE=3 SV=1
g6310	439.5	0.2960	-0.268	0.6501	
g7150	366.2	0.1913	0.336	0.5655	sp|Q8GUJ1|UXT2_ARATH UDP-xylose transporter 2 OS=Arabidopsis thaliana OX=3702 GN=UXT2 PE=1 SV=1
g5536	417.7	0.2651	-0.511	0.1736	
g5673	324.2	0.1314	0.038	0.9752	sp|Q5BIN5|PIN1_BOVIN Peptidyl-prolyl cis-trans isomerase NIMA-interacting 1 OS=Bos taurus OX=9913 GN=PIN1 PE=2 SV=1
g1011	316.7	0.1215	0.268	0.6922	sp|Q338B9|GCN5_ORYSJ Histone acetyltransferase GCN5 OS=Oryza sativa subsp. japonica OX=39947 GN=GCN5 PE=1 SV=1
g11347	274.9	0.0619	0.001	0.9991	sp|Q60716|P4HA2_MOUSE Prolyl 4-hydroxylase subunit alpha-2 OS=Mus musculus OX=10090 GN=P4ha2 PE=1 SV=1
g8005	385.0	0.2202	-0.611	0.1094	
g13498	296.2	0.0932	0.046	0.9700	
g10999	413.8	0.2625	0.619	0.0737	
g507	255.2	0.0343	-0.078	0.9509	sp|Q9FML2|HDA6_ARATH Histone deacetylase 6 OS=Arabidopsis thaliana OX=3702 GN=HDA6 PE=1 SV=1
g1431	502.1	0.3901	-0.095	0.9375	
g15896	319.0	0.1265	0.193	0.8226	sp|O17732|PYC1_CAEEL Pyruvate carboxylase 1 OS=Caenorhabditis elegans OX=6239 GN=pyc-1 PE=1 SV=1
g41	374.5	0.2069	-0.063	0.9614	sp|Q9SGE9|SYFB_ARATH Phenylalanine--tRNA ligase beta subunit, cytoplasmic OS=Arabidopsis thaliana OX=3702 GN=At1g72550 PE=2 SV=1
g4998	384.8	0.2221	0.234	0.7344	
g8618	416.0	0.2674	-0.526	0.1519	
g15062	327.8	0.1403	0.366	0.5175	
g10877	349.1	0.1711	-0.190	0.8563	sp|O04035|AT74H_ARATH Phosphoglycerate mutase-like protein AT74H OS=Arabidopsis thaliana OX=3702 GN=At1g08940 PE=3 SV=2
g10273	464.2	0.3384	-0.361	0.6312	sp|Q56Y85|MAP22_ARATH Methionine aminopeptidase 2B OS=Arabidopsis thaliana OX=3702 GN=MAP2B PE=2 SV=2
g11987	431.1	0.2905	0.226	0.7607	sp|Q9KNV2|AROB_VIBCH 3-dehydroquinate synthase OS=Vibrio cholerae serotype O1 (strain ATCC 39315 / El Tor Inaba N16961) OX=243277 GN=aroB PE=1 SV=2
g8396	632.5	0.5823	-1.040	0.1509	
g7852	514.7	0.4118	0.114	0.9423	sp|F4HVS0|BTSL2_ARATH Zinc finger protein BRUTUS-like At1g74770 OS=Arabidopsis thaliana OX=3702 GN=At1g74770 PE=2 SV=1
g5456	282.8	0.0763	0.199	0.8162	
g13294	309.4	0.1151	-0.002	0.9978	sp|Q55CA0|VPS26_DICDI Vacuolar protein sorting-associated protein 26 OS=Dictyostelium discoideum OX=44689 GN=vps26 PE=2 SV=1
g14893	370.1	0.2032	0.296	0.6765	sp|Q54LN2|VP13D_DICDI Intermembrane lipid transfer protein vps13D OS=Dictyostelium discoideum OX=44689 GN=vps13D PE=3 SV=1
g13961	321.5	0.1328	-0.068	0.9614	sp|Q803E1|NCBP3_DANRE Nuclear cap-binding protein subunit 3 OS=Danio rerio OX=7955 GN=ncbp3 PE=2 SV=1
g8504	292.1	0.0901	-0.010	0.9936	sp|Q9H2U1|DHX36_HUMAN ATP-dependent DNA/RNA helicase DHX36 OS=Homo sapiens OX=9606 GN=DHX36 PE=1 SV=2
g5005	295.0	0.0945	0.131	0.9138	sp|O44126|LEG1_HAECO 32 kDa beta-galactoside-binding lectin OS=Haemonchus contortus OX=6289 GN=GAL-1 PE=1 SV=1
g434	347.4	0.1708	-0.192	0.8623	sp|Q8LGG0|FKB12_ARATH Peptidyl-prolyl cis-trans isomerase FKBP12 OS=Arabidopsis thaliana OX=3702 GN=FKBP12 PE=1 SV=2
g6800	352.9	0.1792	-0.093	0.9435	
g8725	444.5	0.3128	-0.029	0.9848	sp|Q6P5B0|RRP12_MOUSE RRP12-like protein OS=Mus musculus OX=10090 GN=Rrp12 PE=1 SV=1
g12761	325.1	0.1396	0.212	0.8152	
g2242	384.7	0.2263	0.488	0.2384	
g5026	521.2	0.4260	0.607	0.2466	sp|Q9C9Z1|ZTP50_ARATH Putative zinc transporter At3g08650 OS=Arabidopsis thaliana OX=3702 GN=At3g08650 PE=2 SV=2
g8275	447.4	0.3184	-0.614	0.1389	sp|Q9SKK0|EBF1_ARATH EIN3-binding F-box protein 1 OS=Arabidopsis thaliana OX=3702 GN=EBF1 PE=1 SV=1
g8817	310.6	0.1193	-0.071	0.9534	sp|Q9SQT4|NDA8A_ARATH NADH dehydrogenase [ubiquinone] 1 alpha subcomplex subunit 8-A OS=Arabidopsis thaliana OX=3702 GN=At3g06310 PE=3 SV=1
g15743	332.4	0.1512	0.153	0.9036	sp|Q9FKT8|COX15_ARATH Heme A synthase COX15 OS=Arabidopsis thaliana OX=3702 GN=COX15 PE=2 SV=1
g15082	382.0	0.2241	-0.299	0.7344	
g8427	345.6	0.1710	0.297	0.6644	sp|Q7T322|NAA35_DANRE N-alpha-acetyltransferase 35, NatC auxiliary subunit OS=Danio rerio OX=7955 GN=naa35 PE=2 SV=1
g13713	339.8	0.1637	0.066	0.9621	sp|Q8T1E3|DCAM_DICDI S-adenosylmethionine decarboxylase proenzyme OS=Dictyostelium discoideum OX=44689 GN=amd1 PE=3 SV=3
g8403	468.3	0.3520	-0.345	0.5171	sp|O94268|NOP2_SCHPO 25S rRNA (cytosine-C(5))-methyltransferase nop2 OS=Schizosaccharomyces pombe (strain 972 / ATCC 24843) OX=284812 GN=nop2 PE=1 SV=1
g105	338.5	0.1622	0.210	0.8146	sp|A2XCH8|CKS1_ORYSI Cyclin-dependent kinases regulatory subunit 1 OS=Oryza sativa subsp. indica OX=39946 GN=CKS1 PE=2 SV=1
g15651	357.1	0.1897	-0.336	0.6084	
g8398	389.2	0.2368	-0.316	0.5691	sp|B6IRQ7|RL4_RHOCS Large ribosomal subunit protein uL4 OS=Rhodospirillum centenum (strain ATCC 51521 / SW) OX=414684 GN=rplD PE=3 SV=1
g9290	369.4	0.2081	-0.033	0.9848	
g11844	348.7	0.1789	0.204	0.8226	sp|Q04861|NFKB1_CHICK Nuclear factor NF-kappa-B p105 subunit OS=Gallus gallus OX=9031 GN=NFKB1 PE=2 SV=2
g1325	328.9	0.1503	-0.120	0.9337	sp|Q6S7B0|TAF5_ARATH Transcription initiation factor TFIID subunit 5 OS=Arabidopsis thaliana OX=3702 GN=TAF5 PE=1 SV=1
g6113	318.0	0.1344	-0.136	0.9064	sp|Q54SJ5|MYLKC_DICDI Probable myosin light chain kinase DDB_G0282429 OS=Dictyostelium discoideum OX=44689 GN=DDB_G0282429 PE=3 SV=1
g12333	476.1	0.3681	0.044	0.9723	sp|P08660|AK3_ECOLI Lysine-sensitive aspartokinase 3 OS=Escherichia coli (strain K12) OX=83333 GN=lysC PE=1 SV=2
g8561	409.1	0.2696	0.626	0.1032	sp|B7FRU7|LIPA1_PHATC Lipoyl synthase 1, mitochondrial OS=Phaeodactylum tricornutum (strain CCAP 1055/1) OX=556484 GN=PHATRDRAFT_18029 PE=3 SV=1
g4943	302.1	0.1120	0.269	0.6961	sp|F4J6F6|IREH1_ARATH Probable serine/threonine protein kinase IREH1 OS=Arabidopsis thaliana OX=3702 GN=IREH1 PE=1 SV=1
g7052	398.4	0.2543	-0.337	0.5133	
g6585	315.6	0.1322	0.191	0.8333	sp|Q550C1|TAPT1_DICDI Protein TAPT1 homolog OS=Dictyostelium discoideum OX=44689 GN=DDB_G0277313 PE=3 SV=2
g4945	320.9	0.1404	0.125	0.9138	sp|Q8A2H2|GALSF_BACTN N-acetylgalactosamine-6-O-sulfatase OS=Bacteroides thetaiotaomicron (strain ATCC 29148 / DSM 2079 / JCM 5827 / CCUG 10774 / NCTC 10582 / VPI-5482 / E50) OX=226186 GN=BT_3333 PE=1 SV=1
g1042	316.1	0.1334	0.006	0.9962	sp|Q9FG38|SNX1_ARATH Sorting nexin 1 OS=Arabidopsis thaliana OX=3702 GN=SNX1 PE=1 SV=1
g4672	289.2	0.0937	0.238	0.7549	sp|Q6NRC7|TBC23_XENLA TBC1 domain family member 23 OS=Xenopus laevis OX=8355 GN=tbc1d23 PE=2 SV=1
g7347	418.5	0.2848	0.521	0.2778	sp|Q14562|DHX8_HUMAN ATP-dependent RNA helicase DHX8 OS=Homo sapiens OX=9606 GN=DHX8 PE=1 SV=1
g12927	411.0	0.2739	0.537	0.3035	sp|O60341|KDM1A_HUMAN Lysine-specific histone demethylase 1A OS=Homo sapiens OX=9606 GN=KDM1A PE=1 SV=2
g12622	370.4	0.2142	-0.091	0.9362	
g15637	278.5	0.0785	0.116	0.9179	sp|Q8TBA6|GOGA5_HUMAN Golgin subfamily A member 5 OS=Homo sapiens OX=9606 GN=GOLGA5 PE=1 SV=3
g10635	343.0	0.1740	0.255	0.7662	sp|Q58091|Y678_METJA Uncharacterized protein MJ0678 OS=Methanocaldococcus jannaschii (strain ATCC 43067 / DSM 2661 / JAL-1 / JCM 10045 / NBRC 100440) OX=243232 GN=MJ0678 PE=4 SV=1
g15027	278.1	0.0780	-0.085	0.9457	sp|O80685|ZDHC4_ARATH Probable protein S-acyltransferase 2 OS=Arabidopsis thaliana OX=3702 GN=PAT02 PE=2 SV=3
g12519	368.3	0.2116	0.154	0.8797	sp|P28769|TCPA_ARATH T-complex protein 1 subunit alpha OS=Arabidopsis thaliana OX=3702 GN=CCT1 PE=1 SV=1
g9062	339.8	0.1694	0.389	0.5223	sp|P42347|PI3K1_SOYBN Phosphatidylinositol 3-kinase, root isoform OS=Glycine max OX=3847 PE=2 SV=1
g5837	343.5	0.1751	-0.090	0.9437	sp|Q9HF97|COFI_ZYGRO Cofilin OS=Zygosaccharomyces rouxii OX=4956 GN=cof1 PE=2 SV=1
g16037	281.8	0.0839	0.185	0.8424	sp|Q8WVM8|SCFD1_HUMAN Sec1 family domain-containing protein 1 OS=Homo sapiens OX=9606 GN=SCFD1 PE=1 SV=4
g664	291.0	0.0976	-0.145	0.8855	
g8922	368.6	0.2126	-0.064	0.9614	
g5876	354.2	0.1923	-0.505	0.2736	sp|P28024|PSB4_XENLA Proteasome subunit beta type-4 (Fragment) OS=Xenopus laevis OX=8355 GN=psmb4 PE=2 SV=2
g3678	387.8	0.2422	0.279	0.7783	sp|Q54LN4|GGHA_DICDI Gamma-glutamyl hydrolase A OS=Dictyostelium discoideum OX=44689 GN=gghA PE=3 SV=1
g4252	320.5	0.1425	-0.108	0.9362	
g13605	404.7	0.2675	0.300	0.6662	sp|P19623|SPEE_HUMAN Spermidine synthase OS=Homo sapiens OX=9606 GN=SRM PE=1 SV=1
g2338	542.1	0.4720	-0.425	0.3776	sp|P39142|PDP_BACSU Pyrimidine-nucleoside phosphorylase OS=Bacillus subtilis (strain 168) OX=224308 GN=pdp PE=1 SV=2
g2988	393.4	0.2512	0.494	0.3640	
g16054	325.1	0.1498	-0.217	0.7778	sp|Q1ECJ7|ARPC3_ARATH Actin-related protein 2/3 complex subunit 3 OS=Arabidopsis thaliana OX=3702 GN=ARPC3 PE=1 SV=1
g8520	352.8	0.1911	-0.265	0.6854	sp|Q32L31|HMGB3_BOVIN High mobility group protein B3 OS=Bos taurus OX=9913 GN=HMGB3 PE=2 SV=2
g13391	412.7	0.2803	0.488	0.2602	sp|Q6AX33|MAST3_XENLA Microtubule-associated serine/threonine-protein kinase 3 OS=Xenopus laevis OX=8355 GN=mast3 PE=2 SV=1
g8459	343.5	0.1777	-0.165	0.8804	sp|O35310|HS3S1_MOUSE Heparan sulfate glucosamine 3-O-sulfotransferase 1 OS=Mus musculus OX=10090 GN=Hs3st1 PE=1 SV=1
g15473	548.4	0.4827	0.729	0.1533	sp|Q6ZUT9|DEN5B_HUMAN DENN domain-containing protein 5B OS=Homo sapiens OX=9606 GN=DENND5B PE=1 SV=2
g5490	331.7	0.1605	0.046	0.9696	sp|F4JKB6|PRRP3_ARATH Proteinaceous RNase P 3 OS=Arabidopsis thaliana OX=3702 GN=PRORP3 PE=1 SV=1
g9030	388.7	0.2454	-0.052	0.9659	sp|Q9NES8|PPP5_CAEEL Serine/threonine-protein phosphatase 5 OS=Caenorhabditis elegans OX=6239 GN=pph-5 PE=1 SV=2
g11199	380.5	0.2338	-0.013	0.9923	sp|Q3SZ12|RLP24_BOVIN Probable ribosome biogenesis protein RLP24 OS=Bos taurus OX=9913 GN=RSL24D1 PE=2 SV=1
g10183	372.0	0.2214	0.293	0.6532	
g170	414.0	0.2842	0.610	0.1078	sp|O35231|KIFC3_MOUSE Kinesin-like protein KIFC3 OS=Mus musculus OX=10090 GN=Kifc3 PE=1 SV=4
g7	625.8	0.6000	-0.753	0.2443	sp|Q9LV03|GLUT1_ARATH Glutamate synthase 1 [NADH], chloroplastic OS=Arabidopsis thaliana OX=3702 GN=GLT1 PE=1 SV=2
g11665	307.1	0.1252	-0.186	0.8564	sp|A0A0R4IC37|CPSF1_DANRE Cleavage and polyadenylation specificity factor subunit 1 OS=Danio rerio OX=7955 GN=cpsf1 PE=3 SV=2
g12221	482.4	0.3870	0.073	0.9534	sp|O35949|ELOV3_MOUSE Very long chain fatty acid elongase 3 OS=Mus musculus OX=10090 GN=Elovl3 PE=1 SV=1
g16002	479.5	0.3827	0.423	0.4032	
g3078	270.8	0.0712	-0.129	0.9118	sp|Q9FPT5|UBP1_ARATH Ubiquitin carboxyl-terminal hydrolase 1 OS=Arabidopsis thaliana OX=3702 GN=UBP1 PE=1 SV=2
g1594	411.6	0.2824	0.525	0.4748	
g10619	297.9	0.1123	0.046	0.9692	sp|F4I2H2|CHR9_ARATH Switch 2 OS=Arabidopsis thaliana OX=3702 GN=SWI2 PE=3 SV=1
g5012	316.3	0.1403	0.296	0.6360	sp|B9FAF3|KN14E_ORYSJ Kinesin-like protein KIN-14E OS=Oryza sativa subsp. japonica OX=39947 GN=KIN14E PE=2 SV=1
g1331	313.5	0.1361	0.199	0.8457	
g5109	389.1	0.2497	0.053	0.9740	
g8676	432.4	0.3151	0.453	0.5064	
g7694	430.5	0.3127	0.647	0.1045	
g15242	325.2	0.1551	-0.289	0.6961	sp|P27694|RFA1_HUMAN Replication protein A 70 kDa DNA-binding subunit OS=Homo sapiens OX=9606 GN=RPA1 PE=1 SV=2
g1920	361.2	0.2093	-0.534	0.1971	sp|Q5IFK1|MCPH1_MACFA Microcephalin OS=Macaca fascicularis OX=9541 GN=MCPH1 PE=2 SV=1
g11821	422.0	0.3007	-0.230	0.7542	sp|P30568|GSTA_PLEPL Glutathione S-transferase A OS=Pleuronectes platessa OX=8262 PE=2 SV=1
g3876	356.9	0.2032	-0.013	0.9904	
g3219	264.2	0.0638	0.054	0.9673	
g15352	572.7	0.5277	0.559	0.2517	sp|O66923|TRPB1_AQUAE Tryptophan synthase beta chain 1 OS=Aquifex aeolicus (strain VF5) OX=224324 GN=trpB1 PE=3 SV=1
g6578	272.7	0.0769	0.153	0.8867	
g9000	263.8	0.0635	-0.096	0.9417	sp|Q95TN4|COG4_DROME Conserved oligomeric Golgi complex subunit 4 OS=Drosophila melanogaster OX=7227 GN=Cog4 PE=1 SV=1
g1922	477.1	0.3849	-0.427	0.3724	sp|Q9UT32|RL1DB_SCHPO Putative ribosome biogenesis protein C8F11.04 OS=Schizosaccharomyces pombe (strain 972 / ATCC 24843) OX=284812 GN=SPAC8F11.04 PE=1 SV=1
g461	496.1	0.4136	0.368	0.4478	sp|O34499|6PGL_BACSU 6-phosphogluconolactonase OS=Bacillus subtilis (strain 168) OX=224308 GN=pgl PE=1 SV=1
g11269	306.8	0.1289	0.048	0.9689	
g11002	269.9	0.0734	0.090	0.9450	sp|Q5R6Y0|HBS1L_PONAB HBS1-like protein OS=Pongo abelii OX=9601 GN=HBS1L PE=2 SV=1
g4846	304.1	0.1254	0.091	0.9457	
g15772	403.1	0.2748	-0.301	0.6405	sp|Q0UEY4|NCB5R_PHANO NADH-cytochrome b5 reductase 1 OS=Phaeosphaeria nodorum (strain SN15 / ATCC MYA-4574 / FGSC 10173) OX=321614 GN=CBR1 PE=3 SV=2
g8696	375.0	0.2325	-0.390	0.4004	sp|Q06827|CATR_SCHDU Caltractin OS=Scherffelia dubia OX=3190 PE=1 SV=1
g8173	352.7	0.1990	-0.457	0.4438	sp|Q9Y4G8|RPGF2_HUMAN Rap guanine nucleotide exchange factor 2 OS=Homo sapiens OX=9606 GN=RAPGEF2 PE=1 SV=1
g8998	338.5	0.1780	0.272	0.7675	
g3442	364.6	0.2177	-0.086	0.9427	sp|Q54WM0|T1843_DICDI Transmembrane protein 184 homolog DDB_G0279555 OS=Dictyostelium discoideum OX=44689 GN=tmem184C PE=3 SV=1
g8605	362.4	0.2146	-0.449	0.3624	
g3341	402.1	0.2749	-0.205	0.8673	
g578	255.7	0.0537	0.103	0.9349	sp|Q32LN7|SKI8_BOVIN Superkiller complex protein 8 OS=Bos taurus OX=9913 GN=SKIC8 PE=2 SV=1
g12347	314.4	0.1426	0.271	0.7477	
g602	334.9	0.1737	0.314	0.6597	sp|A0A8F1NN95|2OGD1_PHLTE Fe(II)/2-oxoglutarate-dependent dioxygenase 1 OS=Phlegmariurus tetrastichus OX=1263146 GN=2OGD1 PE=1 SV=1
g4440	307.0	0.1318	0.276	0.7091	sp|Q9NAH6|KS6B_CAEEL Ribosomal protein S6 kinase beta OS=Caenorhabditis elegans OX=6239 GN=rsks-1 PE=1 SV=2
g11200	329.9	0.1666	0.120	0.9189	sp|P27808|MGAT1_MOUSE Alpha-1,3-mannosyl-glycoprotein 2-beta-N-acetylglucosaminyltransferase OS=Mus musculus OX=10090 GN=Mgat1 PE=1 SV=1
g1519	258.6	0.0585	-0.085	0.9474	sp|Q54DH7|RPB3_DICDI DNA-directed RNA polymerase II subunit rpb3 OS=Dictyostelium discoideum OX=44689 GN=polr2c PE=3 SV=1
g3118	279.2	0.0903	-0.057	0.9659	
g3742	355.2	0.2056	0.329	0.6137	sp|Q1JQC1|MFSD1_BOVIN Lysosomal dipeptide transporter MFSD1 OS=Bos taurus OX=9913 GN=MFSD1 PE=2 SV=1
g10676	328.7	0.1655	0.312	0.5973	sp|Q8H0U4|TNPO1_ARATH Transportin-1 OS=Arabidopsis thaliana OX=3702 GN=TRN1 PE=1 SV=1
g11910	409.8	0.2898	-0.201	0.8162	
g8981	436.3	0.3304	-0.507	0.3803	sp|P17764|THIL_RAT Acetyl-CoA acetyltransferase, mitochondrial OS=Rattus norvegicus OX=10116 GN=Acat1 PE=1 SV=1
g14027	368.0	0.2279	0.226	0.7680	sp|Q54IF0|RM21_DICDI Large ribosomal subunit protein bL21m OS=Dictyostelium discoideum OX=44689 GN=mrpl21 PE=3 SV=1
g8930	320.7	0.1557	0.291	0.6818	sp|Q96PN6|ADCYA_HUMAN Adenylate cyclase type 10 OS=Homo sapiens OX=9606 GN=ADCY10 PE=1 SV=3
g12026	390.6	0.2626	-0.633	0.0713	
g15282	531.0	0.4769	-0.690	0.5436	
g9949	350.2	0.2013	0.136	0.9057	sp|Q67Z52|TBCB_ARATH Tubulin-folding cofactor B OS=Arabidopsis thaliana OX=3702 GN=TFCB PE=1 SV=1
g7774	354.1	0.2073	-0.586	0.1039	
g2915	314.6	0.1479	-0.064	0.9609	sp|Q6PDI5|ECM29_MOUSE Proteasome adapter and scaffold protein ECM29 OS=Mus musculus OX=10090 GN=Ecpas PE=1 SV=4
g232	459.8	0.3702	0.299	0.7060	sp|Q8TFK8|DED1_CANGA ATP-dependent RNA helicase DED1 OS=Candida glabrata (strain ATCC 2001 / BCRC 20586 / JCM 3761 / NBRC 0622 / NRRL Y-65 / CBS 138) OX=284593 GN=DED1 PE=3 SV=1
g3492	453.0	0.3598	-0.536	0.1564	sp|Q8VEH6|ZNG1_MOUSE Zinc-regulated GTPase metalloprotein activator 1 OS=Mus musculus OX=10090 GN=Zng1 PE=1 SV=1
g7107	321.9	0.1597	-0.012	0.9918	sp|O34355|YTCJ_BACSU Putative amidohydrolase YtcJ OS=Bacillus subtilis (strain 168) OX=224308 GN=ytcJ PE=3 SV=1
g4098	449.9	0.3561	0.507	0.2084	
g9750	402.7	0.2843	-0.694	0.1549	
g8405	379.8	0.2493	-0.509	0.3663	sp|Q8VZF6|EDR2L_ARATH Protein ENHANCED DISEASE RESISTANCE 2-like OS=Arabidopsis thaliana OX=3702 GN=EDR2L PE=2 SV=1
g12214	285.6	0.1049	-0.167	0.8756	sp|Q925N0|SFXN5_MOUSE Sideroflexin-5 OS=Mus musculus OX=10090 GN=Sfxn5 PE=1 SV=2
g6084	297.6	0.1235	-0.210	0.8030	
g8548	294.2	0.1185	0.183	0.8585	sp|Q6CGU8|MCH1_YARLI Probable transporter MCH1 OS=Yarrowia lipolytica (strain CLIB 122 / E 150) OX=284591 GN=MCH1 PE=3 SV=1
g3510	288.4	0.1097	0.044	0.9733	sp|B8HMX3|SYI_CYAP4 Isoleucine--tRNA ligase OS=Cyanothece sp. (strain PCC 7425 / ATCC 29141) OX=395961 GN=ileS PE=3 SV=1
g6732	495.3	0.4276	0.757	0.0616	sp|Q8CG09|MRP1_RAT Multidrug resistance-associated protein 1 OS=Rattus norvegicus OX=10116 GN=Abcc1 PE=1 SV=2
g9127	313.0	0.1488	-0.286	0.6945	sp|Q9BQ70|TCF25_HUMAN Ribosome quality control complex subunit TCF25 OS=Homo sapiens OX=9606 GN=TCF25 PE=1 SV=1
g5639	424.6	0.3218	0.163	0.8867	
g4518	312.3	0.1485	-0.143	0.9111	
g6538	301.7	0.1322	0.265	0.7241	sp|Q39QC5|TTCA_GEOMG tRNA-cytidine(32) 2-sulfurtransferase OS=Geobacter metallireducens (strain ATCC 53774 / DSM 7210 / GS-15) OX=269799 GN=ttcA PE=3 SV=2
g5093	322.5	0.1645	-0.190	0.8510	sp|Q49135|FCHA_METEA Methenyltetrahydrofolate cyclohydrolase OS=Methylorubrum extorquens (strain ATCC 14718 / DSM 1338 / JCM 2805 / NCIMB 9133 / AM1) OX=272630 GN=fchA PE=1 SV=2
g9392	273.8	0.0895	0.002	0.9983	
g11913	409.6	0.2996	0.806	0.0610	sp|Q58CP2|SUMF2_BOVIN Inactive C-alpha-formylglycine-generating enzyme 2 OS=Bos taurus OX=9913 GN=SUMF2 PE=2 SV=1
g11013	382.5	0.2577	0.418	0.3974	sp|F4I8I0|SUN4_ARATH SUN domain-containing protein 4 OS=Arabidopsis thaliana OX=3702 GN=SUN4 PE=1 SV=1
g5148	308.9	0.1442	0.173	0.8519	
g15676	378.1	0.2516	0.447	0.3624	sp|B1LWN6|GLPK_METRJ Glycerol kinase OS=Methylobacterium radiotolerans (strain ATCC 27329 / DSM 1819 / JCM 2831 / NBRC 15690 / NCIMB 10815 / 0-1) OX=426355 GN=glpK PE=3 SV=1
g5941	401.9	0.2884	0.435	0.2977	sp|Q67ZB6|JMJ20_ARATH Arginine-specific demethylase JMJ20 OS=Arabidopsis thaliana OX=3702 GN=JMJ20 PE=1 SV=1
g7871	382.4	0.2582	-0.603	0.0813	sp|Q9LTR9|NMT1_ARATH Glycylpeptide N-tetradecanoyltransferase 1 OS=Arabidopsis thaliana OX=3702 GN=NMT1 PE=1 SV=2
g6686	337.4	0.1888	0.175	0.8388	
g4207	357.9	0.2205	0.154	0.8758	
g3525	291.2	0.1175	-0.201	0.8119	
g15849	309.6	0.1461	0.010	0.9938	
g5581	317.9	0.1590	-0.141	0.9165	sp|Q9FLF7|MYST1_ARATH Histone acetyltransferase of the MYST family 1 OS=Arabidopsis thaliana OX=3702 GN=HAM1 PE=1 SV=1
g892	337.9	0.1901	0.415	0.3974	sp|F4ILR7|DEXH1_ARATH DExH-box ATP-dependent RNA helicase DExH1 OS=Arabidopsis thaliana OX=3702 GN=At2g35920 PE=2 SV=1
g14291	295.0	0.1241	0.222	0.7781	sp|Q8BK67|RCC2_MOUSE Protein RCC2 OS=Mus musculus OX=10090 GN=Rcc2 PE=1 SV=1
g907	492.9	0.4312	-0.393	0.3772	
g11127	305.5	0.1406	0.164	0.8909	sp|P54176|HLY3_BACCE Hemolysin-3 OS=Bacillus cereus OX=1396 GN=hly-III PE=3 SV=1
g14944	687.5	0.7331	0.647	0.3607	
g10734	297.3	0.1282	-0.184	0.8374	sp|A0A481WNL2|CLAD_PENCR Clavatol oxidase claD OS=Penicillium crustosum OX=36656 GN=claD PE=1 SV=1
g7485	259.3	0.0693	0.017	0.9885	sp|Q55AP3|GRLO_DICDI Metabotropic glutamate receptor-like protein O OS=Dictyostelium discoideum OX=44689 GN=grlO PE=2 SV=1
g14571	261.7	0.0734	0.088	0.9450	sp|Q8H0V6|AB3F_ARATH ABC transporter F family member 3 OS=Arabidopsis thaliana OX=3702 GN=ABCF3 PE=1 SV=1
g11004	288.0	0.1144	0.091	0.9457	sp|P42695|CNDD3_HUMAN Condensin-2 complex subunit D3 OS=Homo sapiens OX=9606 GN=NCAPD3 PE=1 SV=2
g4382	442.0	0.3538	-0.164	0.8441	sp|Q9D3P8|PLRKT_MOUSE Plasminogen receptor (KT) OS=Mus musculus OX=10090 GN=Plgrkt PE=1 SV=1
g12890	634.0	0.6531	0.248	0.8686	sp|Q6PGY3|TXTPA_DANRE Tricarboxylate transport protein A, mitochondrial OS=Danio rerio OX=7955 GN=slc25a1a PE=2 SV=1
g9661	286.4	0.1129	-0.165	0.8758	sp|P77376|YDGJ_ECOLI Uncharacterized oxidoreductase YdgJ OS=Escherichia coli (strain K12) OX=83333 GN=ydgJ PE=1 SV=2
g13115	313.7	0.1555	-0.236	0.8153	sp|Q6GLX2|TLC4A_XENLA TLC domain-containing protein 4-A OS=Xenopus laevis OX=8355 GN=tlcd4-a PE=2 SV=1
g1619	263.6	0.0778	0.093	0.9446	sp|Q5R5N8|DI3L1_PONAB DIS3-like exonuclease 1 OS=Pongo abelii OX=9601 GN=DIS3L PE=2 SV=1
g3912	378.2	0.2568	-0.480	0.2483	sp|Q9FL54|DNAJ6_ARATH Chaperone protein dnaJ 6 OS=Arabidopsis thaliana OX=3702 GN=ATJ6 PE=2 SV=1
g15779	338.3	0.1947	0.079	0.9604	sp|Q0S4D9|CASG_RHOJR Steroid-24-oyl-CoA synthetase OS=Rhodococcus jostii (strain RHA1) OX=101510 GN=casG PE=1 SV=1
g6625	279.0	0.1024	-0.086	0.9486	sp|Q7Z0T3|TEMPT_APLCA Temptin OS=Aplysia californica OX=6500 PE=1 SV=1
g9373	339.4	0.1968	0.383	0.5882	
g3273	267.8	0.0851	-0.127	0.9135	sp|B1AQJ2|UBP36_MOUSE Ubiquitin carboxyl-terminal hydrolase 36 OS=Mus musculus OX=10090 GN=Usp36 PE=1 SV=1
g10724	291.0	0.1215	0.277	0.6836	sp|P30182|TOP2_ARATH DNA topoisomerase 2 OS=Arabidopsis thaliana OX=3702 GN=TOP2 PE=2 SV=2
g8370	363.3	0.2348	-0.151	0.9151	sp|Q8NNJ2|ODP2_CORGL Dihydrolipoyllysine-residue acetyltransferase component of pyruvate dehydrogenase complex OS=Corynebacterium glutamicum (strain ATCC 13032 / DSM 20300 / JCM 1318 / BCRC 11384 / CCUG 27702 / LMG 3730 / NBRC 12168 / NCIMB 10025 / NRRL B-2784 / 534) OX=196627 GN=aceF PE=1 SV=1
g15024	370.6	0.2471	-0.318	0.6500	sp|P58559|G3P3_NOSS1 Glyceraldehyde-3-phosphate dehydrogenase 3 OS=Nostoc sp. (strain PCC 7120 / SAG 25.82 / UTEX 2576) OX=103690 GN=gap3 PE=2 SV=1
g13523	333.2	0.1889	0.025	0.9849	
g12721	469.6	0.4031	0.645	0.2153	sp|Q26563|CATC_SCHMA Cathepsin C OS=Schistosoma mansoni OX=6183 PE=2 SV=1
g15333	340.7	0.2014	0.343	0.5818	
g8774	350.0	0.2163	0.499	0.3803	sp|Q54RZ2|YIPF6_DICDI Protein YIPF6 homolog OS=Dictyostelium discoideum OX=44689 GN=yipf6 PE=3 SV=2
g15254	384.7	0.2708	-0.228	0.7673	sp|Q9RA11|SELO_MORMI Protein nucleotidyltransferase YdiU OS=Moritella marina OX=90736 GN=ydiU PE=3 SV=1
g3809	432.4	0.3463	0.225	0.7391	sp|Q9SZ30|HIS4_ARATH Imidazole glycerol phosphate synthase hisHF, chloroplastic OS=Arabidopsis thaliana OX=3702 GN=HISN4 PE=2 SV=1
g16022	254.9	0.0674	0.169	0.8681	sp|Q9WTM5|RUVB2_MOUSE RuvB-like 2 OS=Mus musculus OX=10090 GN=Ruvbl2 PE=1 SV=3
g7226	352.5	0.2216	0.366	0.6506	sp|Q8WTV0|SCRB1_HUMAN Scavenger receptor class B member 1 OS=Homo sapiens OX=9606 GN=SCARB1 PE=1 SV=1
g9700	297.1	0.1344	0.253	0.7703	sp|Q84L08|GFT1_ARATH GDP-fucose transporter 1 OS=Arabidopsis thaliana OX=3702 GN=GFT1 PE=1 SV=1
g15889	475.1	0.4146	0.808	0.0617	sp|Q8JZW4|CPNE5_MOUSE Copine-5 OS=Mus musculus OX=10090 GN=Cpne5 PE=1 SV=1
g10904	469.4	0.4060	0.313	0.6756	
g14128	380.3	0.2669	0.018	0.9885	sp|Q54RV9|SGPL_DICDI Sphingosine-1-phosphate lyase OS=Dictyostelium discoideum OX=44689 GN=sglA PE=2 SV=1
g16060	321.8	0.1749	0.197	0.8245	sp|Q54XS1|PH4H_DICDI Phenylalanine-4-hydroxylase OS=Dictyostelium discoideum OX=44689 GN=pah PE=1 SV=1
g12926	385.3	0.2757	0.339	0.5122	
g8785	433.6	0.3522	0.580	0.1328	sp|B0WQ75|DRE2_CULQU Anamorsin homolog OS=Culex quinquefasciatus OX=7176 GN=CPIJ009364 PE=3 SV=1
g11209	470.0	0.4099	0.190	0.8127	
g12813	293.4	0.1306	-0.278	0.6862	sp|Q9VE51|CPSF3_DROME Cleavage and polyadenylation specificity factor 73 OS=Drosophila melanogaster OX=7227 GN=Cpsf73 PE=1 SV=2
g2059	418.9	0.3291	-0.471	0.2418	
g11014	299.9	0.1410	-0.025	0.9848	sp|Q9CSH3|RRP44_MOUSE Exosome complex exonuclease RRP44 OS=Mus musculus OX=10090 GN=Dis3 PE=1 SV=4
g4172	299.5	0.1411	0.322	0.6076	sp|Q5PP32|WTR25_ARATH WAT1-related protein At3g45870 OS=Arabidopsis thaliana OX=3702 GN=At3g45870 PE=2 SV=1
g8779	269.5	0.0938	-0.043	0.9742	sp|Q55FM0|EMC89_DICDI ER membrane protein complex subunit 8/9 homolog OS=Dictyostelium discoideum OX=44689 GN=DDB_G0268048 PE=3 SV=1
g15403	490.2	0.4440	0.608	0.2571	sp|Q5U367|PLOD3_RAT Multifunctional procollagen lysine hydroxylase and glycosyltransferase LH3 OS=Rattus norvegicus OX=10116 GN=Plod3 PE=1 SV=1
g13982	360.1	0.2381	0.440	0.5519	
g3193	327.7	0.1869	-0.074	0.9509	sp|Q5C9L6|CNMT_THLFG (S)-coclaurine N-methyltransferase OS=Thalictrum flavum subsp. glaucum OX=150095 GN=fCNMT PE=1 SV=1
g3831	260.1	0.0797	-0.107	0.9334	sp|Q90ZA1|PARN_XENLA Poly(A)-specific ribonuclease PARN OS=Xenopus laevis OX=8355 GN=parn PE=1 SV=1
g7104	529.3	0.5073	0.331	0.4748	
g14149	411.0	0.3199	-0.413	0.5234	
g10012	377.3	0.2668	-0.283	0.6924	
g9174	495.3	0.4546	-0.267	0.7303	
g3571	360.4	0.2404	0.159	0.8630	sp|Q5RGJ8|GNPTA_DANRE N-acetylglucosamine-1-phosphotransferase subunits alpha/beta OS=Danio rerio OX=7955 GN=gnptab PE=1 SV=1
g8347	328.7	0.1900	-0.217	0.8375	
g13782	398.1	0.3007	-0.241	0.8682	sp|O80929|RL361_ARATH Large ribosomal subunit protein eL36z OS=Arabidopsis thaliana OX=3702 GN=RPL36A PE=3 SV=1
g832	244.0	0.0552	-0.110	0.9312	sp|Q8IW45|NNRD_HUMAN ATP-dependent (S)-NAD(P)H-hydrate dehydratase OS=Homo sapiens OX=9606 GN=NAXD PE=1 SV=1
g2713	393.9	0.2940	0.600	0.2384	sp|P12890|AMDB_XENLA Peptidyl-glycine alpha-amidating monooxygenase B OS=Xenopus laevis OX=8355 GN=pam-b PE=2 SV=1
g10440	308.1	0.1577	0.135	0.9067	
g14902	244.2	0.0560	-0.086	0.9469	
g6026	250.8	0.0665	0.103	0.9362	sp|Q5U508|TBCE_XENLA Tubulin-specific chaperone E OS=Xenopus laevis OX=8355 GN=tbce PE=2 SV=1
g14225	333.1	0.1985	-0.088	0.9566	sp|Q8RWC9|CIPK1_ARATH CBL-interacting serine/threonine-protein kinase 1 OS=Arabidopsis thaliana OX=3702 GN=CIPK1 PE=1 SV=2
g122	295.7	0.1387	-0.230	0.8000	
g7553	408.6	0.3191	-0.247	0.8246	sp|Q24117|DYL1_DROME Dynein light chain 1, cytoplasmic OS=Drosophila melanogaster OX=7227 GN=ctp PE=1 SV=1
g11464	345.5	0.2185	-0.111	0.9165	sp|Q9SRU7|TRM2_ARATH tRNA (guanine(26)-N(2))-dimethyltransferase 2 OS=Arabidopsis thaliana OX=3702 GN=At3g02320 PE=1 SV=3
g14924	260.1	0.0822	-0.044	0.9740	sp|Q82IY9|PTLF_STRAW 1-deoxy-11-beta-hydroxypentalenate dehydrogenase OS=Streptomyces avermitilis (strain ATCC 31267 / DSM 46492 / JCM 5070 / NBRC 14893 / NCIMB 12804 / NRRL 8165 / MA-4680) OX=227882 GN=ptlF PE=1 SV=1
g14398	343.5	0.2156	0.448	0.4920	
g8735	360.5	0.2428	0.098	0.9433	sp|Q9ST43|PH1_ARATH Pleckstrin homology domain-containing protein 1 OS=Arabidopsis thaliana OX=3702 GN=PH1 PE=2 SV=2
g2702	419.2	0.3369	0.096	0.9354	sp|Q55512|DHAS_SYNY3 Aspartate-semialdehyde dehydrogenase OS=Synechocystis sp. (strain ATCC 27184 / PCC 6803 / Kazusa) OX=1111708 GN=asd PE=3 SV=2
g5552	335.8	0.2037	0.174	0.9007	sp|Q4R4W5|IDI1_MACFA Isopentenyl-diphosphate Delta-isomerase 1 OS=Macaca fascicularis OX=9541 GN=IDI1 PE=2 SV=2
g7586	267.6	0.0952	0.157	0.8827	sp|Q80UK7|SAS6_MOUSE Spindle assembly abnormal protein 6 homolog OS=Mus musculus OX=10090 GN=Sass6 PE=2 SV=2
g6280	308.5	0.1610	-0.220	0.7901	sp|Q9FGT7|ARR18_ARATH Two-component response regulator ARR18 OS=Arabidopsis thaliana OX=3702 GN=ARR18 PE=2 SV=2
g16075	284.6	0.1229	0.030	0.9831	sp|Q29HF1|NEUFC_DROPS Neuferricin homolog OS=Drosophila pseudoobscura pseudoobscura OX=46245 GN=GA11364 PE=3 SV=1
g3739	302.5	0.1524	-0.156	0.8809	sp|Q8BKC5|IPO5_MOUSE Importin-5 OS=Mus musculus OX=10090 GN=Ipo5 PE=1 SV=3
g15413	330.4	0.1973	0.022	0.9848	sp|F4KEY9|NAA25_ARATH N-terminal acetyltransferase B complex auxiliary subunit NAA25 OS=Arabidopsis thaliana OX=3702 GN=NAA25 PE=2 SV=1
g9456	333.9	0.2028	-0.188	0.8403	sp|Q9S784|HA22C_ARATH HVA22-like protein c OS=Arabidopsis thaliana OX=3702 GN=HVA22C PE=2 SV=1
g13851	276.2	0.1105	-0.178	0.8641	sp|Q6IR75|CSN2_XENLA COP9 signalosome complex subunit 2 (Fragment) OS=Xenopus laevis OX=8355 GN=csn2 PE=2 SV=1
g1651	235.8	0.0459	-0.022	0.9851	sp|Q8RWU7|PUX4_ARATH Plant UBX domain-containing protein 4 OS=Arabidopsis thaliana OX=3702 GN=PUX4 PE=1 SV=1
g2335	352.8	0.2341	0.449	0.5057	
g15316	437.9	0.3710	-0.291	0.8048	
g2175	326.5	0.1919	0.363	0.5858	sp|Q0PCS3|CHR25_ARATH Protein CHROMATIN REMODELING 25 OS=Arabidopsis thaliana OX=3702 GN=CHR25 PE=1 SV=1
g7134	276.1	0.1108	-0.220	0.7848	sp|Q2HJ41|PRP18_BOVIN Pre-mRNA-splicing factor 18 OS=Bos taurus OX=9913 GN=PRPF18 PE=2 SV=1
g1765	351.2	0.2317	0.002	0.9982	
g5021	332.6	0.2019	-0.123	0.9225	sp|Q05763|DRTS2_ARATH Bifunctional dihydrofolate reductase-thymidylate synthase 2 OS=Arabidopsis thaliana OX=3702 GN=THY-2 PE=2 SV=2
g382	368.1	0.2592	-0.172	0.8627	sp|Q72E02|ATPA_NITV2 ATP synthase subunit alpha OS=Nitratidesulfovibrio vulgaris (strain ATCC 29579 / DSM 644 / CCUG 34227 / NCIMB 8303 / VKM B-1760 / Hildenborough) OX=882 GN=atpA PE=1 SV=1
g3035	364.0	0.2526	-0.130	0.9004	sp|Q3MHP5|DRG1_BOVIN Developmentally-regulated GTP-binding protein 1 OS=Bos taurus OX=9913 GN=DRG1 PE=2 SV=1
g2534	305.5	0.1585	0.195	0.8693	sp|Q9M2G7|LPPD_ARATH Lipid phosphate phosphatase delta OS=Arabidopsis thaliana OX=3702 GN=LPPD PE=2 SV=1
g12520	669.9	0.7456	0.085	0.9509	
g791	256.9	0.0807	0.031	0.9831	
g5151	385.4	0.2881	0.385	0.4606	
g6632	304.8	0.1583	-0.075	0.9611	
g2065	284.8	0.1261	-0.225	0.7729	sp|F4I4W2|HCS2_ARATH Biotin--protein ligase 2 OS=Arabidopsis thaliana OX=3702 GN=HCS2 PE=2 SV=1
g3716	266.8	0.0973	-0.036	0.9788	sp|Q9FIK8|CAR11_ARATH Protein C2-DOMAIN ABA-RELATED 11 OS=Arabidopsis thaliana OX=3702 GN=CAR11 PE=1 SV=1
g5934	412.2	0.3325	0.662	0.0906	sp|Q02981|YP109_YEAST ABC1 family protein YPL109C, mitochondrial OS=Saccharomyces cerevisiae (strain ATCC 204508 / S288c) OX=559292 GN=YPL109C PE=1 SV=2
g11133	514.8	0.4987	0.545	0.2624	
g14585	338.8	0.2144	-0.459	0.4742	
g3019	463.1	0.4157	0.349	0.6162	
g12865	233.4	0.0443	-0.088	0.9472	sp|O13828|DCP2_SCHPO mRNA decapping complex subunit 2 OS=Schizosaccharomyces pombe (strain 972 / ATCC 24843) OX=284812 GN=dcp2 PE=1 SV=1
g3502	288.1	0.1327	0.238	0.7893	
g15131	263.5	0.0935	-0.199	0.8337	sp|Q28FE0|CPPED_XENTR Serine/threonine-protein phosphatase CPPED1 OS=Xenopus tropicalis OX=8364 GN=cpped1 PE=2 SV=1
g1260	367.2	0.2622	-0.009	0.9944	sp|Q9SKC9|NDUB7_ARATH NADH dehydrogenase [ubiquinone] 1 beta subcomplex subunit 7 OS=Arabidopsis thaliana OX=3702 GN=At2g02050 PE=1 SV=1
g8850	302.9	0.1581	0.186	0.8742	sp|P78362|SRPK2_HUMAN SRSF protein kinase 2 OS=Homo sapiens OX=9606 GN=SRPK2 PE=1 SV=3
g15855	271.8	0.1078	0.198	0.8226	sp|A4QP31|TBCC1_DANRE TBCC domain-containing protein 1 OS=Danio rerio OX=7955 GN=tbccd1 PE=2 SV=3
g13133	324.2	0.1929	-0.149	0.9076	sp|Q54YP4|VPS11_DICDI Vacuolar protein sorting-associated protein 11 homolog OS=Dictyostelium discoideum OX=44689 GN=vps11 PE=3 SV=1
g1900	315.3	0.1788	0.395	0.4683	sp|Q6D4L1|NUDL_PECAS Uncharacterized Nudix hydrolase NudL OS=Pectobacterium atrosepticum (strain SCRI 1043 / ATCC BAA-672) OX=218491 GN=nudL PE=3 SV=1
g4633	276.5	0.1162	-0.235	0.7680	sp|Q5UQR2|YL320_MIMIV Uncharacterized protein L320 OS=Acanthamoeba polyphaga mimivirus OX=212035 GN=MIMI_L320 PE=4 SV=1
g6744	392.0	0.3044	0.404	0.4159	sp|P28644|ROC1_SPIOL 28 kDa ribonucleoprotein, chloroplastic OS=Spinacia oleracea OX=3562 PE=1 SV=1
g1888	301.4	0.1570	0.252	0.7844	sp|Q6I587|CDPKF_ORYSJ Calcium-dependent protein kinase 15 OS=Oryza sativa subsp. japonica OX=39947 GN=CPK15 PE=2 SV=1
g14632	261.8	0.0929	0.061	0.9621	sp|Q7LFX5|CHSTF_HUMAN Carbohydrate sulfotransferase 15 OS=Homo sapiens OX=9606 GN=CHST15 PE=1 SV=1
g14107	510.7	0.4984	-0.229	0.7294	
g7629	240.4	0.0582	-0.112	0.9312	sp|F7J186|NVD1_CIOIN Cholesterol 7-desaturase nvd 1 OS=Ciona intestinalis OX=7719 GN=nvd-Ci-1 PE=1 SV=2
g13983	398.3	0.3154	0.583	0.2030	
g10566	451.2	0.4018	-0.128	0.9509	
g244	554.7	0.5706	0.713	0.0756	
g2973	344.6	0.2286	0.126	0.9119	sp|Q9DB30|PHKG2_MOUSE Phosphorylase b kinase gamma catalytic chain, liver/testis isoform OS=Mus musculus OX=10090 GN=Phkg2 PE=2 SV=2
g1940	560.5	0.5807	0.204	0.8762	sp|Q9SB52|PUMP4_ARATH Mitochondrial uncoupling protein 4 OS=Arabidopsis thaliana OX=3702 GN=PUMP4 PE=2 SV=1
g10151	323.3	0.1940	-0.364	0.5613	sp|P79060|SUI1_SCHPO Protein translation factor sui1 OS=Schizosaccharomyces pombe (strain 972 / ATCC 24843) OX=284812 GN=sui1 PE=3 SV=3
g7569	300.9	0.1576	-0.421	0.3919	
g10102	414.3	0.3427	0.447	0.4129	sp|O80925|AGD7_ARATH ADP-ribosylation factor GTPase-activating protein AGD7 OS=Arabidopsis thaliana OX=3702 GN=AGD7 PE=1 SV=1
g7299	265.9	0.1007	-0.212	0.8000	sp|P35130|UBC2_MEDSA Ubiquitin-conjugating enzyme E2 2 OS=Medicago sativa OX=3879 GN=UBC2 PE=2 SV=1
g15620	263.3	0.0966	0.247	0.7514	
g3780	406.7	0.3311	0.292	0.6057	sp|O14197|YDQ4_SCHPO Uncharacterized transporter C5D6.04 OS=Schizosaccharomyces pombe (strain 972 / ATCC 24843) OX=284812 GN=SPAC5D6.04 PE=3 SV=1
g13524	340.2	0.2229	0.195	0.8333	sp|P46686|TULP2_MOUSE Tubby-related protein 2 OS=Mus musculus OX=10090 GN=Tulp2 PE=1 SV=3
g10396	279.7	0.1242	-0.132	0.9138	sp|Q9BRD0|BUD13_HUMAN BUD13 homolog OS=Homo sapiens OX=9606 GN=BUD13 PE=1 SV=1
g1878	493.8	0.4747	0.749	0.0652	
g9178	241.9	0.0625	-0.013	0.9921	
g9401	354.9	0.2474	-0.194	0.8909	sp|Q9D0B0|SRSF9_MOUSE Serine/arginine-rich splicing factor 9 OS=Mus musculus OX=10090 GN=Srsf9 PE=1 SV=1
g10215	380.0	0.2888	0.604	0.1659	
g14860	317.3	0.1866	0.016	0.9904	
g13470	400.7	0.3240	0.211	0.8398	
g7711	264.4	0.1004	0.060	0.9666	sp|Q803R7|CRNL1_DANRE Crooked neck-like protein 1 OS=Danio rerio OX=7955 GN=crnkl1 PE=1 SV=1
g14975	435.4	0.3812	-0.598	0.0911	
g52	250.7	0.0782	-0.165	0.8713	sp|Q10301|YD48_SCHPO UPF0652 protein C22H10.08 OS=Schizosaccharomyces pombe (strain 972 / ATCC 24843) OX=284812 GN=SPAC22H10.08 PE=3 SV=1
g14294	264.9	0.1017	-0.220	0.8082	sp|O82264|NPL4A_ARATH NPL4-like protein A OS=Arabidopsis thaliana OX=3702 GN=NPL4A PE=1 SV=1
g5994	281.3	0.1287	0.050	0.9689	
g4912	401.2	0.3254	-0.662	0.0864	
g9553	339.0	0.2236	0.160	0.8966	
g544	799.1	0.9797	-0.898	0.7811	
g5027	276.8	0.1219	0.187	0.8442	sp|Q8DF11|DADA_VIBVU D-amino acid dehydrogenase OS=Vibrio vulnificus (strain CMCP6) OX=216895 GN=dadA PE=3 SV=1
g14166	560.9	0.5896	-0.006	0.9955	sp|Q6GQ22|KMCP1_XENLA Kidney mitochondrial carrier protein 1 OS=Xenopus laevis OX=8355 GN=slc25a30 PE=2 SV=1
g4441	351.5	0.2451	0.136	0.9205	sp|Q9FNF8|P4KG3_ARATH Phosphatidylinositol 4-kinase gamma 3 OS=Arabidopsis thaliana OX=3702 GN=PI4KG3 PE=2 SV=1
g10948	339.8	0.2262	-0.214	0.7839	sp|Q54KR1|SYCC_DICDI Cysteine--tRNA ligase, cytoplasmic OS=Dictyostelium discoideum OX=44689 GN=cysS PE=3 SV=1
g1717	327.7	0.2066	-0.308	0.6961	sp|Q9Z2F6|BCL3_MOUSE B-cell lymphoma 3 protein homolog OS=Mus musculus OX=10090 GN=Bcl3 PE=1 SV=2
g6125	521.9	0.5274	-0.050	0.9689	
g3017	265.9	0.1055	0.255	0.7459	
g1323	384.5	0.3016	0.701	0.1212	
g11355	356.0	0.2551	0.583	0.2252	sp|Q70CQ2|UBP34_HUMAN Ubiquitin carboxyl-terminal hydrolase 34 OS=Homo sapiens OX=9606 GN=USP34 PE=1 SV=2
g4111	259.1	0.0950	0.050	0.9704	sp|O80605|SUC3_ARATH Sucrose transport protein SUC3 OS=Arabidopsis thaliana OX=3702 GN=SUC3 PE=1 SV=1
g9734	354.8	0.2532	0.211	0.8805	
g2834	316.9	0.1905	0.369	0.5080	
g785	361.1	0.2639	-0.617	0.0825	
g12515	329.8	0.2128	0.060	0.9614	
g6095	249.0	0.0790	0.031	0.9830	
g7002	320.1	0.1968	0.105	0.9432	sp|Q10074|AVT3_SCHPO Vacuolar amino acid transporter 3 OS=Schizosaccharomyces pombe (strain 972 / ATCC 24843) OX=284812 GN=avt3 PE=1 SV=1
g8510	264.8	0.1053	-0.190	0.8532	sp|Q9BZE2|PUS3_HUMAN tRNA pseudouridine(38/39) synthase OS=Homo sapiens OX=9606 GN=PUS3 PE=1 SV=3
g7190	304.9	0.1718	-0.288	0.7538	sp|O88070|GLNA4_STRCO Gamma-glutamylethanolamide synthetase GlnA4 OS=Streptomyces coelicolor (strain ATCC BAA-471 / A3(2) / M145) OX=100226 GN=glnA4 PE=1 SV=1
g15436	366.3	0.2736	-0.590	0.1235	sp|A1CKN7|EIF3E_ASPCL Eukaryotic translation initiation factor 3 subunit E OS=Aspergillus clavatus (strain ATCC 1007 / CBS 513.65 / DSM 816 / NCTC 3887 / NRRL 1 / QM 1276 / 107) OX=344612 GN=int6 PE=3 SV=1
g5617	330.6	0.2147	0.124	0.9126	sp|Q9SJQ5|Y2650_ARATH CBS domain-containing protein CBSCBSPB2 OS=Arabidopsis thaliana OX=3702 GN=CBSCBSPB2 PE=2 SV=1
g15359	328.3	0.2111	-0.122	0.9343	
g5433	357.0	0.2588	-0.499	0.2773	sp|Q8DIE4|HEM3_THEVB Porphobilinogen deaminase OS=Thermosynechococcus vestitus (strain NIES-2133 / IAM M-273 / BP-1) OX=197221 GN=hemC PE=3 SV=1
g12199	286.2	0.1416	0.099	0.9432	
g5279	289.2	0.1467	0.042	0.9733	sp|Q16KN5|RETM_AEDAE Protein real-time OS=Aedes aegypti OX=7159 GN=retm PE=3 SV=1
g15608	322.4	0.2022	0.475	0.3624	sp|P54567|YQKD_BACSU Uncharacterized protein YqkD OS=Bacillus subtilis (strain 168) OX=224308 GN=yqkD PE=4 SV=1
g12964	378.2	0.2968	-0.142	0.8948	sp|Q5B998|DHOM_EMENI Homoserine dehydrogenase OS=Emericella nidulans (strain FGSC A4 / ATCC 38163 / CBS 112.46 / NRRL 194 / M139) OX=227321 GN=AN2882 PE=1 SV=1
g3263	306.0	0.1765	0.296	0.6591	sp|Q9SZ54|GPX7_ARATH Putative glutathione peroxidase 7, chloroplastic OS=Arabidopsis thaliana OX=3702 GN=GPX7 PE=3 SV=2
g4954	379.4	0.2994	0.499	0.3734	
g6742	521.1	0.5358	0.089	0.9433	
g4927	335.1	0.2256	-0.349	0.5507	sp|Q8IY37|DHX37_HUMAN Probable ATP-dependent RNA helicase DHX37 OS=Homo sapiens OX=9606 GN=DHX37 PE=1 SV=1
g3856	393.0	0.3228	-0.013	0.9923	sp|Q6DFS6|CHM2A_XENTR Charged multivesicular body protein 2a OS=Xenopus tropicalis OX=8364 GN=chmp2a PE=2 SV=1
g12505	271.1	0.1195	0.138	0.9135	
g519	272.0	0.1210	0.298	0.6691	sp|Q6NP91|TM63_DROME Mechanosensitive cation channel Tmem63 OS=Drosophila melanogaster OX=7227 GN=Tmem63 PE=2 SV=1
g6808	279.8	0.1340	0.139	0.9165	sp|Q8RJB2|BZRD_BACCE Benzil reductase ((S)-benzoin forming) OS=Bacillus cereus OX=1396 GN=yueD PE=1 SV=1
g2690	447.8	0.4148	0.504	0.1815	sp|Q9FJL0|SMC4_ARATH Structural maintenance of chromosomes protein 4 OS=Arabidopsis thaliana OX=3702 GN=SMC4 PE=1 SV=1
g6757	265.6	0.1109	0.198	0.8333	sp|A6QBN8|FTSH_SULNB ATP-dependent zinc metalloprotease FtsH OS=Sulfurovum sp. (strain NBC37-1) OX=387093 GN=ftsH PE=3 SV=1
g9302	390.4	0.3196	0.489	0.4252	sp|Q0VD51|RNF13_BOVIN E3 ubiquitin-protein ligase RNF13 OS=Bos taurus OX=9913 GN=RNF13 PE=2 SV=1
g15086	324.6	0.2098	0.377	0.5320	sp|Q9XU75|SURO1_CAEEL Putative carboxypeptidase suro-1 OS=Caenorhabditis elegans OX=6239 GN=suro-1 PE=1 SV=2
g8966	463.1	0.4421	0.700	0.1952	sp|Q54DU9|TP4AA_DICDI Probable protein tyrosine phosphatase type IVA A OS=Dictyostelium discoideum OX=44689 GN=DDB_G0292024 PE=3 SV=1
g5506	372.2	0.2904	-0.537	0.2543	
g5550	436.7	0.3989	0.365	0.6197	sp|Q18CJ1|RL13_CLOD6 Large ribosomal subunit protein uL13 OS=Clostridioides difficile (strain 630) OX=272563 GN=rplM PE=3 SV=1
g2594	284.1	0.1431	0.300	0.6505	
g5999	340.5	0.2383	0.298	0.6414	sp|Q91348|F26L_CHICK 6-phosphofructo-2-kinase/fructose-2,6-bisphosphatase OS=Gallus gallus OX=9031 PE=2 SV=2
g14055	304.8	0.1785	0.352	0.5517	sp|Q9S7T1|GTE3_ARATH Transcription factor GTE3, chloroplastic OS=Arabidopsis thaliana OX=3702 GN=GTE3 PE=1 SV=1
g12765	592.7	0.6623	-1.999	0.2411	
g4362	262.8	0.1085	0.063	0.9614	sp|Q8N7C7|RN148_HUMAN RING finger protein 148 OS=Homo sapiens OX=9606 GN=RNF148 PE=1 SV=2
g10953	283.4	0.1431	0.085	0.9466	sp|Q5GLZ8|HERC4_HUMAN Probable E3 ubiquitin-protein ligase HERC4 OS=Homo sapiens OX=9606 GN=HERC4 PE=1 SV=1
g14336	286.0	0.1476	0.038	0.9788	sp|A2ASS6|TITIN_MOUSE Titin OS=Mus musculus OX=10090 GN=Ttn PE=1 SV=1
g15485	343.7	0.2447	0.479	0.4594	
g1451	331.6	0.2244	-0.290	0.7382	sp|Q54XM0|CAPTB_DICDI Uncharacterized CDP-alcohol phosphatidyltransferase class-I family protein 2 OS=Dictyostelium discoideum OX=44689 GN=captB PE=3 SV=1
g10615	282.2	0.1417	-0.379	0.4878	sp|Q8MVR1|GBPC_DICDI Cyclic GMP-binding protein C OS=Dictyostelium discoideum OX=44689 GN=gbpC PE=1 SV=1
g3355	430.6	0.3915	0.330	0.6963	sp|P31851|TABA_PSEAJ Protein TabA OS=Pseudomonas amygdali pv. tabaci OX=322 GN=tabA PE=3 SV=1
g13660	306.9	0.1834	0.057	0.9680	sp|P56287|EI2BE_SCHPO Translation initiation factor eIF2B subunit epsilon OS=Schizosaccharomyces pombe (strain 972 / ATCC 24843) OX=284812 GN=tif225 PE=1 SV=1
g11919	299.8	0.1719	0.344	0.6064	
g6720	282.6	0.1432	0.295	0.6777	sp|Q6DFB8|TTC37_XENLA Tetratricopeptide repeat protein 37 OS=Xenopus laevis OX=8355 GN=ttc37 PE=2 SV=1
g6537	382.3	0.3119	-0.107	0.9180	
g12729	373.1	0.2963	-0.361	0.4742	
g1789	372.6	0.2956	-0.578	0.5079	
g9238	256.8	0.1003	0.246	0.7663	sp|O77203|PIAA_DICDI Protein pianissimo A OS=Dictyostelium discoideum OX=44689 GN=piaA PE=1 SV=1
g7305	300.5	0.1742	0.415	0.4773	sp|E9PXF8|MTMRD_MOUSE Myotubularin-related protein 13 OS=Mus musculus OX=10090 GN=Sbf2 PE=1 SV=1
g13109	284.2	0.1469	-0.168	0.8682	
g13879	366.6	0.2863	-0.246	0.7127	sp|A7MQA9|PYRE_CROS8 Orotate phosphoribosyltransferase OS=Cronobacter sakazakii (strain ATCC BAA-894) OX=290339 GN=pyrE PE=3 SV=1
g11479	337.8	0.2380	0.252	0.7443	sp|Q93ZF6|AIRP1_ARATH E3 ubiquitin-protein ligase AIRP1 OS=Arabidopsis thaliana OX=3702 GN=AIRP1 PE=1 SV=1
g11003	283.0	0.1457	0.199	0.8483	sp|Q6DGJ3|TIM13_DANRE Mitochondrial import inner membrane translocase subunit Tim13 OS=Danio rerio OX=7955 GN=timm13 PE=3 SV=1
g3735	265.7	0.1165	0.281	0.7060	sp|P36148|GPT2_YEAST Glycerol-3-phosphate O-acyltransferase 2 OS=Saccharomyces cerevisiae (strain ATCC 204508 / S288c) OX=559292 GN=GPT2 PE=1 SV=1
g10582	239.9	0.0734	-0.026	0.9848	sp|Q9MAU3|TAF6_ARATH Transcription initiation factor TFIID subunit 6 OS=Arabidopsis thaliana OX=3702 GN=TAF6 PE=1 SV=1
g3122	435.2	0.4053	-0.720	0.2036	sp|O36027|WSP1_SCHPO Actin-binding protein wsp1 OS=Schizosaccharomyces pombe (strain 972 / ATCC 24843) OX=284812 GN=wsp1 PE=1 SV=3
g7389	254.1	0.0980	-0.179	0.8673	sp|Q7KVS9|TRF41_DROME Non-canonical poly(A) RNA polymerase protein Trf4-1 OS=Drosophila melanogaster OX=7227 GN=Trf4-1 PE=1 SV=1
g520	278.3	0.1393	-0.255	0.7459	
g13947	403.7	0.3523	0.492	0.3734	sp|Q9ZPH2|GRS17_ARATH Monothiol glutaredoxin-S17 OS=Arabidopsis thaliana OX=3702 GN=GRXS17 PE=1 SV=1
g2525	293.3	0.1649	-0.277	0.6979	sp|O13739|CHMU_SCHPO Chorismate mutase OS=Schizosaccharomyces pombe (strain 972 / ATCC 24843) OX=284812 GN=aro7 PE=3 SV=1
g15260	231.7	0.0604	-0.025	0.9848	sp|Q8NEZ2|VP37A_HUMAN Vacuolar protein sorting-associated protein 37A OS=Homo sapiens OX=9606 GN=VPS37A PE=1 SV=1
g11724	449.9	0.4310	-0.213	0.7911	sp|P0AB92|AROG_ECO57 Phospho-2-dehydro-3-deoxyheptonate aldolase, Phe-sensitive OS=Escherichia coli O157:H7 OX=83334 GN=aroG PE=3 SV=1
g191	296.2	0.1700	-0.409	0.4393	sp|Q568K2|PP1RB_DANRE E3 ubiquitin-protein ligase PPP1R11 OS=Danio rerio OX=7955 GN=ppp1r11 PE=1 SV=1
g10995	241.9	0.0781	0.162	0.8810	
g3279	359.2	0.2777	-0.102	0.9273	sp|Q9FKK7|XYLA_ARATH Xylose isomerase OS=Arabidopsis thaliana OX=3702 GN=XYLA PE=2 SV=2
g9313	287.6	0.1561	0.322	0.6255	
g10299	316.1	0.2049	-0.346	0.7060	
g11606	272.1	0.1299	-0.256	0.7500	sp|A0A7H0DN16|PG043_MONPV Monoglyceride lipase homolog OS=Monkeypox virus OX=10244 GN=OPG043 PE=3 SV=1
g877	298.7	0.1754	0.104	0.9323	
g9972	272.7	0.1314	0.112	0.9264	sp|Q5XEZ5|OSC12_ARATH Hyperosmolality-gated Ca2+ permeable channel 1.2 OS=Arabidopsis thaliana OX=3702 GN=OSCA1.2 PE=1 SV=1
g10697	330.7	0.2304	0.051	0.9689	sp|Q3MC79|ASPA_TRIV2 Probable aspartoacylase OS=Trichormus variabilis (strain ATCC 29413 / PCC 7937) OX=240292 GN=Ava_1785 PE=3 SV=1
g500	273.2	0.1323	-0.357	0.5381	sp|P12955|PEPD_HUMAN Xaa-Pro dipeptidase OS=Homo sapiens OX=9606 GN=PEPD PE=1 SV=3
g13850	320.7	0.2134	0.352	0.5384	sp|Q54M21|DNJC3_DICDI DnaJ homolog subfamily C member 3 homolog OS=Dictyostelium discoideum OX=44689 GN=dnajc3 PE=3 SV=1
g4573	644.9	0.7665	-0.043	0.9709	sp|Q9ZBU1|XYOA_STRCO Alditol oxidase OS=Streptomyces coelicolor (strain ATCC BAA-471 / A3(2) / M145) OX=100226 GN=xyoA PE=1 SV=1
g7363	238.5	0.0734	0.061	0.9650	
g2013	410.6	0.3676	0.756	0.0842	sp|Q9GPR3|TM2D1_DICDI TM2 domain-containing protein DDB_G0277895 OS=Dictyostelium discoideum OX=44689 GN=DDB_G0277895 PE=3 SV=1
g11512	277.4	0.1403	0.014	0.9910	sp|Q8R5C5|ACTY_MOUSE Beta-centractin OS=Mus musculus OX=10090 GN=Actr1b PE=1 SV=1
g4791	262.1	0.1143	0.083	0.9486	sp|Q6NPL9|PLP3A_ARATH Thioredoxin domain-containing protein PLP3A OS=Arabidopsis thaliana OX=3702 GN=PLP3A PE=1 SV=1
g742	333.7	0.2370	-0.074	0.9534	sp|Q96PN6|ADCYA_HUMAN Adenylate cyclase type 10 OS=Homo sapiens OX=9606 GN=ADCY10 PE=1 SV=3
g8958	333.7	0.2372	-0.021	0.9849	sp|P0AD62|KPYK1_ECO57 Pyruvate kinase I OS=Escherichia coli O157:H7 OX=83334 GN=pykF PE=3 SV=1
g15026	244.3	0.0847	-0.076	0.9534	sp|Q9BSJ2|GCP2_HUMAN Gamma-tubulin complex component 2 OS=Homo sapiens OX=9606 GN=TUBGCP2 PE=1 SV=2
g1282	250.6	0.0955	0.083	0.9509	
g15477	334.8	0.2401	-0.025	0.9848	
g2919	301.7	0.1837	0.261	0.7581	
g1877	384.7	0.3271	-0.031	0.9848	sp|A7Z1S6|CZCD_BACVZ Cadmium, cobalt and zinc/H(+)-K(+) antiporter OS=Bacillus velezensis (strain DSM 23117 / BGSC 10A6 / LMG 26770 / FZB42) OX=326423 GN=czcD PE=3 SV=1
g10063	304.3	0.1891	0.482	0.3250	sp|Q54LG8|GRLM_DICDI Metabotropic glutamate receptor-like protein M OS=Dictyostelium discoideum OX=44689 GN=grlM PE=2 SV=1
g7247	407.3	0.3662	0.661	0.2036	
g2173	235.8	0.0721	0.066	0.9614	
g1006	265.3	0.1234	0.208	0.8249	
g12322	287.8	0.1621	0.411	0.4798	sp|Q54DD7|UNC50_DICDI Protein unc-50 homolog OS=Dictyostelium discoideum OX=44689 GN=DDB_G0292320 PE=3 SV=1
g10617	289.3	0.1649	-0.020	0.9880	sp|P25323|MYLKA_DICDI Myosin light chain kinase A OS=Dictyostelium discoideum OX=44689 GN=mlkA PE=1 SV=2
g2300	251.4	0.1001	-0.106	0.9362	sp|Q8RXF1|SF3A1_ARATH Probable splicing factor 3A subunit 1 OS=Arabidopsis thaliana OX=3702 GN=At1g14650 PE=1 SV=2
g15936	353.0	0.2766	0.441	0.5309	sp|Q9C510|PPA6_ARATH Purple acid phosphatase 6 OS=Arabidopsis thaliana OX=3702 GN=PAP6 PE=2 SV=1
g9059	342.0	0.2578	0.694	0.1089	sp|Q8SPR7|PLCD4_PIG 1-phosphatidylinositol 4,5-bisphosphate phosphodiesterase delta-4 OS=Sus scrofa OX=9823 GN=PLCD4 PE=2 SV=1
g789	250.9	0.1005	-0.077	0.9534	sp|O74503|UAF30_SCHPO Upstream activation factor subunit spp27 OS=Schizosaccharomyces pombe (strain 972 / ATCC 24843) OX=284812 GN=spp27 PE=1 SV=1
g8076	342.0	0.2582	-0.664	0.0600	sp|I3ISS4|OXR1B_DANRE Oxidation resistance protein 1B OS=Danio rerio OX=7955 GN=oxr1b PE=3 SV=1
g3086	306.4	0.1969	0.330	0.6437	sp|F4ILR7|DEXH1_ARATH DExH-box ATP-dependent RNA helicase DExH1 OS=Arabidopsis thaliana OX=3702 GN=At2g35920 PE=2 SV=1
g14056	365.6	0.2996	0.189	0.8127	sp|P54948|PAC_BACSU Penicillin V acylase OS=Bacillus subtilis (strain 168) OX=224308 GN=yxeI PE=1 SV=2
g3262	338.5	0.2529	-0.383	0.5058	
g11266	378.1	0.3221	0.185	0.8765	sp|Q8N5B7|CERS5_HUMAN Ceramide synthase 5 OS=Homo sapiens OX=9606 GN=CERS5 PE=1 SV=1
g5249	270.3	0.1353	0.241	0.7633	sp|Q06816|HYEP_STIAD Putative epoxide hydrolase OS=Stigmatella aurantiaca (strain DW4/3-1) OX=378806 GN=STAUR_4299 PE=3 SV=2
g911	258.8	0.1156	-0.042	0.9742	
g3960	257.2	0.1129	0.189	0.8563	sp|Q05355|HYDL_STRHA Putative polyketide hydroxylase OS=Streptomyces halstedii OX=1944 GN=schC PE=3 SV=1
g1225	290.2	0.1701	0.058	0.9685	
g11800	264.2	0.1252	-0.103	0.9439	sp|Q9W445|MCTS1_DROME Malignant T-cell-amplified sequence 1 homolog OS=Drosophila melanogaster OX=7227 GN=MCTS1 PE=1 SV=1
g11274	322.8	0.2270	-0.026	0.9848	
g4093	233.4	0.0719	-0.108	0.9349	
g12544	316.1	0.2158	-0.423	0.4550	sp|Q8CDN6|TXNL1_MOUSE Thioredoxin-like protein 1 OS=Mus musculus OX=10090 GN=Txnl1 PE=1 SV=3
g14147	261.5	0.1210	-0.048	0.9701	sp|Q6QHC5|DEGS2_HUMAN Sphingolipid delta(4)-desaturase/C4-monooxygenase DES2 OS=Homo sapiens OX=9606 GN=DEGS2 PE=1 SV=2
g24	285.4	0.1625	-0.405	0.4366	sp|Q94HF1|EIF3K_ORYSJ Eukaryotic translation initiation factor 3 subunit K OS=Oryza sativa subsp. japonica OX=39947 GN=TIF3K1 PE=2 SV=1
g2991	441.9	0.4352	0.178	0.8394	sp|Q5ZJF4|PRDX6_CHICK Peroxiredoxin-6 OS=Gallus gallus OX=9031 GN=PRDX6 PE=2 SV=3
g11697	267.9	0.1327	0.210	0.8226	sp|Q8Y275|UBIB_RALN1 Probable protein kinase UbiB OS=Ralstonia nicotianae (strain ATCC BAA-1114 / GMI1000) OX=267608 GN=ubiB PE=3 SV=1
g10875	299.8	0.1886	-0.078	0.9534	sp|Q95LV7|SUN3_MACFA SUN domain-containing protein 3 OS=Macaca fascicularis OX=9541 GN=SUN3 PE=2 SV=2
g10662	295.4	0.1810	-0.094	0.9377	sp|Q7ZVN5|SRP54_DANRE Signal recognition particle subunit SRP54 OS=Danio rerio OX=7955 GN=srp54 PE=2 SV=1
g9490	223.5	0.0561	0.023	0.9849	
g982	371.4	0.3140	0.275	0.6549	
g2572	335.4	0.2515	0.718	0.0557	sp|Q08432|CBL_BACSU Cystathionine beta-lyase PatB OS=Bacillus subtilis (strain 168) OX=224308 GN=patB PE=1 SV=1
g2120	272.8	0.1424	-0.156	0.8952	sp|Q9ZW86|P4H1_ARATH Prolyl 4-hydroxylase 1 OS=Arabidopsis thaliana OX=3702 GN=P4H1 PE=1 SV=1
g9233	275.2	0.1466	0.213	0.8282	sp|Q6K8D9|SKIPA_ORYSJ SNW/SKI-interacting protein A OS=Oryza sativa subsp. japonica OX=39947 GN=SKIPA PE=1 SV=1
g7441	377.5	0.3257	0.081	0.9486	sp|O22928|PUSH_ARATH Putative tRNA pseudouridine synthase OS=Arabidopsis thaliana OX=3702 GN=At2g30320 PE=3 SV=1
g14532	270.3	0.1386	0.223	0.7976	
g4570	278.6	0.1532	0.270	0.7060	
g14822	249.8	0.1034	0.082	0.9534	sp|Q8T2I8|SEPA_DICDI Serine/threonine-protein kinase sepA OS=Dictyostelium discoideum OX=44689 GN=sepA PE=2 SV=1
g8551	325.1	0.2351	0.503	0.3378	
g11616	228.7	0.0666	0.045	0.9729	sp|O04482|UCH2_ARATH Ubiquitin carboxyl-terminal hydrolase 2 OS=Arabidopsis thaliana OX=3702 GN=UCH2 PE=1 SV=1
g15019	244.3	0.0944	0.046	0.9713	sp|Q92769|HDAC2_HUMAN Histone deacetylase 2 OS=Homo sapiens OX=9606 GN=HDAC2 PE=1 SV=2
g13377	265.2	0.1312	-0.165	0.8948	sp|Q9SB50|AP4M_ARATH AP-4 complex subunit mu OS=Arabidopsis thaliana OX=3702 GN=AP4M PE=2 SV=1
g12459	313.3	0.2157	0.383	0.5966	sp|Q9FJB4|GPC1_ARATH Glycerophosphocholine acyltransferase 1 OS=Arabidopsis thaliana OX=3702 GN=GPC1 PE=1 SV=1
g12432	505.3	0.5537	-0.959	0.0781	sp|Q61830|MRC1_MOUSE Macrophage mannose receptor 1 OS=Mus musculus OX=10090 GN=Mrc1 PE=1 SV=2
g7093	267.0	0.1355	0.274	0.7200	sp|Q9SBB2|ABC1_ARATH Protein ABC transporter 1, mitochondrial OS=Arabidopsis thaliana OX=3702 GN=ABC1 PE=2 SV=1
g14536	261.1	0.1251	0.252	0.7552	sp|Q8H1U5|APC2_ARATH Anaphase-promoting complex subunit 2 OS=Arabidopsis thaliana OX=3702 GN=APC2 PE=1 SV=1
g1195	273.5	0.1472	0.157	0.9055	sp|O00258|GET1_HUMAN Guided entry of tail-anchored proteins factor 1 OS=Homo sapiens OX=9606 GN=GET1 PE=1 SV=2
g6295	451.0	0.4591	-0.564	0.1177	sp|O94480|BMT5_SCHPO 25S rRNA (uridine-N(3))-methyltransferase OS=Schizosaccharomyces pombe (strain 972 / ATCC 24843) OX=284812 GN=bmt5 PE=3 SV=1
g11941	411.2	0.3896	0.402	0.7430	
g5033	294.3	0.1843	-0.445	0.4193	sp|A6QPC8|EID3_BOVIN EP300-interacting inhibitor of differentiation 3 OS=Bos taurus OX=9913 GN=EID3 PE=2 SV=1
g13014	251.8	0.1096	-0.127	0.9165	
g1324	232.7	0.0761	0.129	0.9165	sp|Q8NDF8|PAPD5_HUMAN Terminal nucleotidyltransferase 4B OS=Homo sapiens OX=9606 GN=TENT4B PE=1 SV=2
g4987	328.9	0.2455	0.681	0.0514	sp|B0R0T1|VWA8_DANRE von Willebrand factor A domain-containing protein 8 OS=Danio rerio OX=7955 GN=vwa8 PE=3 SV=1
g9393	252.6	0.1118	0.136	0.9114	sp|Q9U9R7|SNAG_DICDI Gamma-soluble NSF attachment protein OS=Dictyostelium discoideum OX=44689 GN=snpC PE=1 SV=1
g13462	261.6	0.1282	0.070	0.9614	
g2091	240.2	0.0904	-0.059	0.9673	sp|P38935|SMBP2_HUMAN DNA-binding protein SMUBP-2 OS=Homo sapiens OX=9606 GN=IGHMBP2 PE=1 SV=3
g9628	416.9	0.4023	0.531	0.2900	
g4032	281.3	0.1634	0.158	0.8890	sp|C5J7W8|SMG1_DANRE Serine/threonine-protein kinase SMG1 OS=Danio rerio OX=7955 GN=smg1 PE=2 SV=1
g14730	302.8	0.2014	-0.092	0.9439	
g15762	479.8	0.5139	0.521	0.2626	
g8707	234.5	0.0809	0.093	0.9457	sp|P25341|KIN82_YEAST Serine/threonine-protein kinase KIN82 OS=Saccharomyces cerevisiae (strain ATCC 204508 / S288c) OX=559292 GN=KIN82 PE=1 SV=3
g273	268.2	0.1411	-0.031	0.9841	sp|F4JLE5|SFH1_ARATH Phosphatidylinositol/phosphatidylcholine transfer protein SFH1 OS=Arabidopsis thaliana OX=3702 GN=SFH1 PE=2 SV=1
g3532	257.9	0.1235	-0.316	0.6543	sp|O23657|RABC1_ARATH Ras-related protein RABC1 OS=Arabidopsis thaliana OX=3702 GN=RABC1 PE=1 SV=1
g15738	228.5	0.0714	-0.166	0.8794	
g13311	278.7	0.1604	0.400	0.5098	sp|P07884|MOD5_YEAST tRNA dimethylallyltransferase OS=Saccharomyces cerevisiae (strain ATCC 204508 / S288c) OX=559292 GN=MOD5 PE=1 SV=2
g4221	229.5	0.0735	-0.078	0.9543	sp|Q8BMD6|TM260_MOUSE Protein O-mannosyl-transferase TMEM260 OS=Mus musculus OX=10090 GN=Tmem260 PE=2 SV=2
g3196	283.1	0.1688	-0.163	0.8979	
g1926	282.7	0.1684	0.194	0.8248	
g15383	301.0	0.2010	0.513	0.3091	sp|Q9M643|CCI1_ARATH Cycloeucalenol cycloisomerase OS=Arabidopsis thaliana OX=3702 GN=CPI1 PE=2 SV=1
g13499	265.2	0.1374	0.052	0.9692	sp|Q91YQ7|RMD5B_MOUSE E3 ubiquitin-protein transferase RMND5B OS=Mus musculus OX=10090 GN=Rmnd5b PE=2 SV=1
g10386	337.1	0.2655	0.551	0.2624	
g12511	274.5	0.1543	-0.060	0.9622	sp|A8MLE2|RL23_ALKOO Large ribosomal subunit protein uL23 OS=Alkaliphilus oremlandii (strain OhILAs) OX=350688 GN=rplW PE=3 SV=1
g1721	247.8	0.1070	0.254	0.7538	sp|O43086|ELG1_SCHPO Telomere length regulation protein elg1 OS=Schizosaccharomyces pombe (strain 972 / ATCC 24843) OX=284812 GN=elg1 PE=1 SV=1
g12972	279.1	0.1624	-0.201	0.8260	sp|Q4IB70|CWC21_GIBZE Pre-mRNA-splicing factor CWC21 OS=Gibberella zeae (strain ATCC MYA-4620 / CBS 123657 / FGSC 9075 / NRRL 31084 / PH-1) OX=229533 GN=CWC21 PE=3 SV=2
g13394	322.3	0.2393	-0.019	0.9879	sp|Q8BMB3|IF4E2_MOUSE Eukaryotic translation initiation factor 4E type 2 OS=Mus musculus OX=10090 GN=Eif4e2 PE=1 SV=1
g10224	234.1	0.0825	0.213	0.8162	sp|Q4P4R3|HIR1_MYCMD Protein HIR1 OS=Mycosarcoma maydis OX=5270 GN=HIR1 PE=3 SV=1
g1171	434.7	0.4394	-0.544	0.5732	
g13259	281.2	0.1669	-0.133	0.9264	sp|A1A4J8|SCO1_BOVIN Cytochrome c oxidase assembly factor SCO1 OS=Bos taurus OX=9913 GN=SCO1 PE=2 SV=1
g12439	336.9	0.2661	0.342	0.5974	sp|Q5XG71|UTP20_MOUSE Small subunit processome component 20 homolog OS=Mus musculus OX=10090 GN=Utp20 PE=1 SV=2
g1200	258.6	0.1268	0.229	0.8067	sp|Q5ZM30|RPR1A_CHICK Regulation of nuclear pre-mRNA domain-containing protein 1A OS=Gallus gallus OX=9031 GN=RPRD1A PE=2 SV=1
g130	377.7	0.3390	0.617	0.1360	
g9751	478.5	0.5191	-1.183	0.1132	
g4799	265.5	0.1399	-0.093	0.9474	
g14443	292.8	0.1887	0.127	0.9165	sp|Q09764|VSB1_SCHPO Vacuolar basic amino acid transporter vsb1 OS=Schizosaccharomyces pombe (strain 972 / ATCC 24843) OX=284812 GN=vsb1 PE=1 SV=1
g11612	290.9	0.1857	0.065	0.9614	sp|Q10205|RRP43_SCHPO Exosome complex component rrp43 OS=Schizosaccharomyces pombe (strain 972 / ATCC 24843) OX=284812 GN=rrp43 PE=3 SV=1
g3354	328.8	0.2533	-0.194	0.8333	sp|Q0MQA3|NDUA6_PONPY NADH dehydrogenase [ubiquinone] 1 alpha subcomplex subunit 6 OS=Pongo pygmaeus OX=9600 GN=NDUFA6 PE=2 SV=3
g15864	384.7	0.3531	0.137	0.9103	sp|Q9AYU0|QR2_TRIVS Quinone-oxidoreductase QR2 OS=Triphysaria versicolor OX=64093 PE=1 SV=1
g2884	292.1	0.1879	0.142	0.9114	sp|P24540|ACYP1_PIG Acylphosphatase-1 OS=Sus scrofa OX=9823 GN=ACYP1 PE=1 SV=2
g8904	258.2	0.1276	0.047	0.9718	
g11795	232.5	0.0818	-0.051	0.9692	
g5089	341.4	0.2764	-0.498	0.2866	sp|O43125|CSH3_SCHPO Protein csh3 OS=Schizosaccharomyces pombe (strain 972 / ATCC 24843) OX=284812 GN=csh3 PE=2 SV=1
g7429	259.9	0.1310	-0.087	0.9474	sp|Q7ZX06|SPOPA_XENLA Speckle-type POZ protein A OS=Xenopus laevis OX=8355 GN=spop-a PE=2 SV=1
g13809	407.7	0.3951	0.750	0.0848	sp|Q08E24|SARAF_BOVIN Store-operated calcium entry-associated regulatory factor OS=Bos taurus OX=9913 GN=SARAF PE=2 SV=1
g1825	230.1	0.0779	-0.033	0.9827	sp|Q6P2L6|NSD3_MOUSE Histone-lysine N-methyltransferase NSD3 OS=Mus musculus OX=10090 GN=Nsd3 PE=1 SV=2
g14267	241.8	0.0989	0.015	0.9904	sp|Q9ZU97|VAC14_ARATH Protein VAC14 homolog OS=Arabidopsis thaliana OX=3702 GN=VAC14 PE=1 SV=2
g7153	262.0	0.1351	0.289	0.6822	sp|O43592|XPOT_HUMAN Exportin-T OS=Homo sapiens OX=9606 GN=XPOT PE=1 SV=2
g7322	251.2	0.1160	-0.153	0.8890	
g9776	233.9	0.0856	0.151	0.8973	sp|Q3SZM6|COXM1_BOVIN COX assembly mitochondrial protein homolog OS=Bos taurus OX=9913 GN=CMC1 PE=3 SV=1
g4957	291.3	0.1891	-0.346	0.6010	sp|Q9H6K1|ILRUN_HUMAN Protein ILRUN OS=Homo sapiens OX=9606 GN=ILRUN PE=1 SV=2
g4226	223.4	0.0675	0.012	0.9923	sp|Q99471|PFD5_HUMAN Prefoldin subunit 5 OS=Homo sapiens OX=9606 GN=PFDN5 PE=1 SV=2
g5039	295.3	0.1966	-0.062	0.9614	
g3810	249.1	0.1141	-0.213	0.8311	sp|A6QQ24|PIGL_BOVIN N-acetylglucosaminyl-phosphatidylinositol de-N-acetylase OS=Bos taurus OX=9913 GN=PIGL PE=2 SV=1
g2049	273.8	0.1584	0.423	0.4228	
g7146	270.7	0.1529	0.343	0.6066	sp|Q91WN4|KMO_MOUSE Kynurenine 3-monooxygenase OS=Mus musculus OX=10090 GN=Kmo PE=1 SV=1
g11427	251.3	0.1183	0.270	0.7387	sp|Q9FT70|RQL4B_ARATH ATP-dependent DNA helicase Q-like 4B OS=Arabidopsis thaliana OX=3702 GN=RECQL4B PE=2 SV=1
g5292	344.1	0.2852	-0.415	0.3899	sp|Q9FXT4|AGAL_ORYSJ Alpha-galactosidase OS=Oryza sativa subsp. japonica OX=39947 GN=Os10g0493600 PE=1 SV=1
g1365	334.8	0.2686	-0.731	0.0929	
g9548	213.6	0.0511	-0.027	0.9848	sp|Q05086|UBE3A_HUMAN Ubiquitin-protein ligase E3A OS=Homo sapiens OX=9606 GN=UBE3A PE=1 SV=4
g13058	282.1	0.1758	-0.028	0.9848	sp|O18635|C12A2_MUSDO Cytochrome P450 CYP12A2 OS=Musca domestica OX=7370 GN=CYP12A2 PE=2 SV=1
g15353	334.3	0.2704	0.112	0.9361	sp|Q54N49|INO1_DICDI Inositol-3-phosphate synthase OS=Dictyostelium discoideum OX=44689 GN=ino1 PE=3 SV=1
g8557	272.3	0.1590	-0.121	0.9264	sp|P61759|PFD3_MOUSE Prefoldin subunit 3 OS=Mus musculus OX=10090 GN=Vbp1 PE=1 SV=2
g7842	329.5	0.2624	-0.583	0.3115	
g13194	260.5	0.1377	-0.143	0.9021	sp|P54276|MSH6_MOUSE DNA mismatch repair protein Msh6 OS=Mus musculus OX=10090 GN=Msh6 PE=1 SV=3
g13019	344.5	0.2900	0.083	0.9474	sp|Q9Y4C8|RBM19_HUMAN Probable RNA-binding protein 19 OS=Homo sapiens OX=9606 GN=RBM19 PE=1 SV=3
g15474	361.1	0.3201	-0.013	0.9923	sp|O43913|ORC5_HUMAN Origin recognition complex subunit 5 OS=Homo sapiens OX=9606 GN=ORC5 PE=1 SV=1
g1711	349.6	0.2995	-0.570	0.3153	
g12024	447.8	0.4774	-0.364	0.5908	sp|Q3T138|BOLA1_BOVIN BolA-like protein 1 OS=Bos taurus OX=9913 GN=BOLA1 PE=2 SV=1
g14180	389.6	0.3722	-0.581	0.2623	
g3770	300.3	0.2106	0.245	0.7940	sp|Q5ZHT1|ACD11_CHICK Acyl-CoA dehydrogenase family member 11 OS=Gallus gallus OX=9031 GN=ACAD11 PE=2 SV=1
g3971	247.2	0.1146	-0.041	0.9777	sp|Q9H553|ALG2_HUMAN Alpha-1,3/1,6-mannosyltransferase ALG2 OS=Homo sapiens OX=9606 GN=ALG2 PE=1 SV=1
g10014	283.1	0.1796	-0.292	0.7428	
g521	264.2	0.1456	0.036	0.9788	sp|A0A059XKS9|CRT_TOXGO Chloroquine resistance transporter OS=Toxoplasma gondii OX=5811 GN=CRT PE=2 SV=1
g1838	268.5	0.1544	0.335	0.6662	
g7230	281.8	0.1788	0.145	0.9036	sp|P34465|CY561_CAEEL Putative transmembrane ascorbate-dependent reductase CYB561 homolog OS=Caenorhabditis elegans OX=6239 GN=F55H2.5 PE=3 SV=1
g13052	380.2	0.3577	0.764	0.0964	sp|Q9VVR9|C12C1_DROME Probable cytochrome P450 12c1, mitochondrial OS=Drosophila melanogaster OX=7227 GN=Cyp12c1 PE=2 SV=2
g15232	277.5	0.1713	0.188	0.8359	sp|Q940A2|P2C31_ARATH Protein kinase and PP2C-like domain-containing protein OS=Arabidopsis thaliana OX=3702 GN=At2g40860/At2g40870 PE=2 SV=1
g6864	304.1	0.2197	0.590	0.1389	sp|B6HJA3|CHO2_PENRW Phosphatidylethanolamine N-methyltransferase OS=Penicillium rubens (strain ATCC 28089 / DSM 1075 / NRRL 1951 / Wisconsin 54-1255) OX=500485 GN=cho2 PE=3 SV=1
g409	264.6	0.1479	-0.231	0.8226	
g12506	287.5	0.1898	0.476	0.3052	sp|Q4R7H0|TTL10_MACFA Protein polyglycylase TTLL10 OS=Macaca fascicularis OX=9541 GN=TTLL10 PE=2 SV=1
g13184	270.3	0.1586	-0.290	0.7026	
g5293	306.3	0.2257	-0.321	0.6491	
g3637	254.2	0.1315	0.258	0.7321	sp|O14617|AP3D1_HUMAN AP-3 complex subunit delta-1 OS=Homo sapiens OX=9606 GN=AP3D1 PE=1 SV=1
g10133	227.4	0.0833	-0.017	0.9899	sp|Q8VIJ8|NPRL3_MOUSE GATOR1 complex protein NPRL3 OS=Mus musculus OX=10090 GN=Nprl3 PE=1 SV=1
g13997	490.3	0.5662	0.490	0.4968	sp|A6QP05|DHR12_BOVIN Dehydrogenase/reductase SDR family member 12 OS=Bos taurus OX=9913 GN=DHRS12 PE=2 SV=1
g8431	308.2	0.2324	-0.009	0.9944	
g11643	275.2	0.1717	-0.075	0.9534	sp|Q9FDW1|MYB44_ARATH Transcription factor MYB44 OS=Arabidopsis thaliana OX=3702 GN=MYB44 PE=1 SV=1
g7959	349.3	0.3079	-0.759	0.0518	sp|Q9SEL5|VTI12_ARATH Vesicle transport v-SNARE 12 OS=Arabidopsis thaliana OX=3702 GN=VTI12 PE=1 SV=3
g7709	332.9	0.2780	0.754	0.0564	
g9810	266.5	0.1564	-0.202	0.8581	sp|H2LNR5|ABCB7_ORYLA Iron-sulfur clusters transporter ABCB7, mitochondrial OS=Oryzias latipes OX=8090 GN=abcb7 PE=1 SV=2
g15603	333.5	0.2798	-0.262	0.7537	sp|Q8LBK6|GRS15_ARATH Monothiol glutaredoxin-S15, mitochondrial OS=Arabidopsis thaliana OX=3702 GN=GRXS15 PE=1 SV=2
g11295	255.8	0.1372	-0.297	0.7105	sp|A8XGH1|RPAB1_CAEBR DNA-directed RNA polymerases I, II, and III subunit RPABC1 OS=Caenorhabditis briggsae OX=6238 GN=rpb-5 PE=3 SV=1
g633	312.2	0.2413	-0.117	0.9322	sp|A4X3E5|MSRA_SALTO Peptide methionine sulfoxide reductase MsrA OS=Salinispora tropica (strain ATCC BAA-916 / DSM 44818 / JCM 13857 / NBRC 105044 / CNB-440) OX=369723 GN=msrA PE=3 SV=1
g1756	348.8	0.3091	-0.279	0.7593	sp|Q54TM7|DRKD_DICDI Probable serine/threonine-protein kinase drkD OS=Dictyostelium discoideum OX=44689 GN=drkD PE=2 SV=1
g5041	433.8	0.4664	0.174	0.9293	
g3592	251.7	0.1307	0.117	0.9210	sp|Q9JME5|AP3B2_MOUSE AP-3 complex subunit beta-2 OS=Mus musculus OX=10090 GN=Ap3b2 PE=1 SV=2
g4000	229.5	0.0900	0.052	0.9689	
g11029	344.7	0.3028	0.232	0.7644	sp|Q0III6|DNJB6_BOVIN DnaJ homolog subfamily B member 6 OS=Bos taurus OX=9913 GN=DNAJB6 PE=2 SV=1
g15419	319.1	0.2557	0.224	0.7685	sp|P31142|THTM_ECOLI 3-mercaptopyruvate sulfurtransferase OS=Escherichia coli (strain K12) OX=83333 GN=sseA PE=1 SV=3
g2671	318.4	0.2547	0.527	0.4395	
g430	230.1	0.0917	-0.013	0.9921	sp|A8MR93|ALG12_ARATH Dol-P-Man:Man(7)GlcNAc(2)-PP-Dol alpha-1,6-mannosyltransferase OS=Arabidopsis thaliana OX=3702 GN=ALG12 PE=1 SV=1
g8803	366.0	0.3431	-0.184	0.8627	sp|O74828|ESF1_SCHPO Pre-rRNA-processing protein esf1 OS=Schizosaccharomyces pombe (strain 972 / ATCC 24843) OX=284812 GN=esf1 PE=1 SV=1
g366	445.4	0.4899	0.245	0.8174	
g14248	321.5	0.2613	-0.153	0.8888	sp|Q9M3B8|PHIP1_ARATH Phragmoplastin interacting protein 1 OS=Arabidopsis thaliana OX=3702 GN=PHIP1 PE=1 SV=1
g11703	232.9	0.0979	0.056	0.9673	sp|Q9M7I2|CS52A_MEDTR B-type cell cycle switch protein ccs52A OS=Medicago truncatula OX=3880 GN=CCS52A PE=1 SV=1
g5918	278.5	0.1824	0.282	0.7548	
g9123	282.1	0.1892	0.303	0.7026	sp|Q9FN03|UVR8_ARATH Ultraviolet-B receptor UVR8 OS=Arabidopsis thaliana OX=3702 GN=UVR8 PE=1 SV=1
g10451	272.0	0.1705	0.097	0.9479	
g6799	281.3	0.1881	-0.171	0.8585	sp|Q6AEC0|DNAJ_LEIXX Chaperone protein DnaJ OS=Leifsonia xyli subsp. xyli (strain CTCB07) OX=281090 GN=dnaJ PE=3 SV=1
g5190	320.0	0.2599	0.310	0.6549	sp|Q91365|CE162_COTCO Centrosomal protein of 162 kDa (Fragment) OS=Coturnix coturnix OX=9091 GN=CEP162 PE=1 SV=1
g4526	255.2	0.1401	-0.110	0.9362	
g8754	393.0	0.3965	-0.490	0.3406	
g10287	428.1	0.4618	0.776	0.0513	
g8989	231.6	0.0974	-0.150	0.9036	
g2709	211.3	0.0595	0.117	0.9277	
g13411	310.4	0.2443	0.493	0.4625	
g3513	235.5	0.1051	0.251	0.7659	sp|A0A0H2VG78|GLCP_STAES Glucose transporter GlcP OS=Staphylococcus epidermidis (strain ATCC 12228 / FDA PCI 1200) OX=176280 GN=glcP PE=1 SV=2
g10057	316.3	0.2554	-0.232	0.7721	
g740	298.1	0.2215	0.568	0.1916	sp|Q54VR8|ELMOB_DICDI ELMO domain-containing protein B OS=Dictyostelium discoideum OX=44689 GN=elmoB PE=4 SV=1
g12008	247.3	0.1272	-0.162	0.8824	sp|Q9F234|AGL2_BACTQ Alpha-glucosidase 2 OS=Bacillus thermoamyloliquefaciens OX=1425 PE=3 SV=1
g9825	257.6	0.1468	-0.026	0.9848	
g2126	289.5	0.2069	-0.212	0.8559	sp|Q6K881|P4KG4_ORYSJ Phosphatidylinositol 4-kinase gamma 4 OS=Oryza sativa subsp. japonica OX=39947 GN=PI4KG4 PE=1 SV=1
g14140	350.8	0.3219	0.051	0.9830	sp|P40517|YRB2_YEAST Ran-specific GTPase-activating protein 2 OS=Saccharomyces cerevisiae (strain ATCC 204508 / S288c) OX=559292 GN=YRB2 PE=1 SV=1
g14654	286.6	0.2020	-0.107	0.9343	sp|P72539|ADCS_STRPR Aminodeoxychorismate synthase OS=Streptomyces pristinaespiralis OX=38300 GN=papA PE=3 SV=1
g6112	293.8	0.2160	0.201	0.8155	
g4629	278.6	0.1887	-0.136	0.9178	sp|Q8L7L1|SPHK1_ARATH Sphingosine kinase 1 OS=Arabidopsis thaliana OX=3702 GN=SPHK1 PE=1 SV=1
g3729	272.1	0.1766	0.311	0.6465	
g14480	283.6	0.1983	0.273	0.7106	sp|Q9ZS88|DER22_ARATH Derlin-2.2 OS=Arabidopsis thaliana OX=3702 GN=DER2.2 PE=2 SV=1
g11771	249.4	0.1343	0.054	0.9685	sp|B2RX12|MRP3_MOUSE ATP-binding cassette sub-family C member 3 OS=Mus musculus OX=10090 GN=Abcc3 PE=1 SV=2
g9796	286.4	0.2036	-0.035	0.9831	sp|E1WGN1|CSPJ_SALTS Cold shock-like protein CspJ OS=Salmonella typhimurium (strain SL1344) OX=216597 GN=cspJ PE=2 SV=1
g10010	395.6	0.4086	-0.229	0.7841	sp|P0C1J7|FKBP5_RHIO9 FK506-binding protein 5 OS=Rhizopus delemar (strain RA 99-880 / ATCC MYA-4621 / FGSC 9543 / NRRL 43880) OX=246409 GN=FKBP5 PE=3 SV=1
g4085	237.9	0.1131	0.106	0.9404	sp|Q179T2|MUT7_AEDAE Exonuclease mut-7 homolog OS=Aedes aegypti OX=7159 GN=AAEL005527 PE=1 SV=1
g4597	263.8	0.1616	-0.018	0.9879	sp|O14053|UTP21_SCHPO U3 small nucleolar RNA-associated protein 21 homolog OS=Schizosaccharomyces pombe (strain 972 / ATCC 24843) OX=284812 GN=SPCC1672.07 PE=3 SV=1
g10519	385.5	0.3907	-0.476	0.3277	sp|Q5JJC6|MVK_THEKO Mevalonate kinase OS=Thermococcus kodakarensis (strain ATCC BAA-918 / JCM 12380 / KOD1) OX=69014 GN=mvk PE=3 SV=1
g6798	267.8	0.1700	-0.286	0.6952	
g8311	303.9	0.2379	-0.616	0.1144	sp|Q61712|DNJC1_MOUSE DnaJ homolog subfamily C member 1 OS=Mus musculus OX=10090 GN=Dnajc1 PE=1 SV=1
g5870	242.2	0.1220	-0.233	0.8003	sp|Q7T312|CCD25_DANRE Coiled-coil domain-containing protein 25 OS=Danio rerio OX=7955 GN=ccdc25 PE=1 SV=1
g205	229.7	0.0991	-0.083	0.9543	sp|O14756|H17B6_HUMAN 17-beta-hydroxysteroid dehydrogenase type 6 OS=Homo sapiens OX=9606 GN=HSD17B6 PE=1 SV=1
g4924	359.3	0.3434	0.041	0.9788	sp|Q9FY48|KEG_ARATH E3 ubiquitin-protein ligase KEG OS=Arabidopsis thaliana OX=3702 GN=KEG PE=1 SV=2
g12715	317.0	0.2638	-0.441	0.4058	sp|Q9LRP2|PT317_ARATH Probable sugar phosphate/phosphate translocator At3g17430 OS=Arabidopsis thaliana OX=3702 GN=At3g17430 PE=1 SV=1
g5579	238.9	0.1168	-0.091	0.9486	sp|Q8VYI0|LSM8_ARATH Sm-like protein LSM8 OS=Arabidopsis thaliana OX=3702 GN=LSM8 PE=1 SV=1
g9076	281.3	0.1972	0.084	0.9486	
g14417	276.3	0.1878	0.262	0.7964	sp|Q5UPJ4|YL115_MIMIV Putative helicase L115 OS=Acanthamoeba polyphaga mimivirus OX=212035 GN=MIMI_L115 PE=4 SV=1
g271	320.3	0.2716	0.344	0.6133	
g4123	233.8	0.1083	0.207	0.8260	sp|Q9P896|TCSA_EMENI Two-component system protein A OS=Emericella nidulans (strain FGSC A4 / ATCC 38163 / CBS 112.46 / NRRL 194 / M139) OX=227321 GN=tcsA PE=3 SV=2
g9976	306.1	0.2448	0.100	0.9393	sp|Q12220|UTP12_YEAST U3 small nucleolar RNA-associated protein 12 OS=Saccharomyces cerevisiae (strain ATCC 204508 / S288c) OX=559292 GN=DIP2 PE=1 SV=1
g5594	233.0	0.1068	0.055	0.9685	sp|Q9SN95|UXS5_ARATH UDP-glucuronic acid decarboxylase 5 OS=Arabidopsis thaliana OX=3702 GN=UXS5 PE=2 SV=1
g1093	233.5	0.1080	-0.143	0.9126	sp|B9EY52|KN13B_ORYSJ Kinesin-like protein KIN-13B OS=Oryza sativa subsp. japonica OX=39947 GN=KIN13B PE=2 SV=2
g7095	270.5	0.1783	0.201	0.8162	sp|Q9H2F5|EPC1_HUMAN Enhancer of polycomb homolog 1 OS=Homo sapiens OX=9606 GN=EPC1 PE=1 SV=1
g7099	330.3	0.2925	0.398	0.5094	
g15576	310.5	0.2551	-0.158	0.8720	
g11900	273.8	0.1858	-0.263	0.7182	sp|Q9FZ48|UBC36_ARATH Ubiquitin-conjugating enzyme E2 36 OS=Arabidopsis thaliana OX=3702 GN=UBC36 PE=1 SV=1
g5792	337.9	0.3076	0.428	0.5066	sp|P28624|HIS7_PHYNI Imidazoleglycerol-phosphate dehydratase OS=Phytophthora nicotianae OX=4792 GN=HIS3 PE=3 SV=1
g496	310.6	0.2563	0.359	0.6313	sp|Q7K556|TTD14_DROME TRPL translocation defect protein 14 OS=Drosophila melanogaster OX=7227 GN=Ttd14 PE=1 SV=1
g2889	309.6	0.2551	-0.409	0.6602	sp|Q7XR06|P2C45_ORYSJ Probable protein phosphatase 2C 45 OS=Oryza sativa subsp. japonica OX=39947 GN=Os04g0659500 PE=2 SV=2
g1242	230.0	0.1041	0.147	0.9021	sp|Q8BRH0|TMTC3_MOUSE Protein O-mannosyl-transferase TMTC3 OS=Mus musculus OX=10090 GN=Tmtc3 PE=1 SV=2
g15253	355.1	0.3422	-0.085	0.9509	sp|Q4AEI0|GPX2_PONPY Glutathione peroxidase 2 OS=Pongo pygmaeus OX=9600 GN=GPX2 PE=2 SV=2
g13438	256.1	0.1540	-0.078	0.9611	sp|Q9FJR0|RENT1_ARATH Regulator of nonsense transcripts 1 homolog OS=Arabidopsis thaliana OX=3702 GN=UPF1 PE=1 SV=2
g4451	269.0	0.1785	0.147	0.9075	
g6190	242.0	0.1273	0.276	0.7197	
g47	339.9	0.3136	0.465	0.3586	sp|P05645|LEU3_BACSU 3-isopropylmalate dehydrogenase OS=Bacillus subtilis (strain 168) OX=224308 GN=leuB PE=3 SV=3
g3866	257.2	0.1567	0.360	0.6100	
g1498	254.6	0.1518	0.102	0.9450	sp|P46875|KN14N_ARATH Kinesin-like protein KIN-14N OS=Arabidopsis thaliana OX=3702 GN=KIN14N PE=1 SV=1
g10661	361.8	0.3565	0.279	0.7964	sp|Q50KB1|SEP2_EMIHU Protein disulfide-isomerase-like protein EhSep2 OS=Emiliania huxleyi OX=2903 GN=SEP2 PE=1 SV=2
g308	266.6	0.1754	0.147	0.9011	
g9406	365.4	0.3638	0.104	0.9264	
g187	262.1	0.1669	0.247	0.7741	sp|Q9FY61|TR120_ARATH Trafficking protein particle complex II-specific subunit 120 homolog OS=Arabidopsis thaliana OX=3702 GN=TRS120 PE=1 SV=1
g9353	256.0	0.1556	-0.030	0.9846	
g11989	255.2	0.1543	-0.336	0.6246	
g14795	277.9	0.1976	0.071	0.9614	
g16081	255.3	0.1548	-0.050	0.9744	sp|P0C1S9|DGLB_RAT Diacylglycerol lipase-beta OS=Rattus norvegicus OX=10116 GN=Daglb PE=1 SV=1
g11765	203.4	0.0557	0.020	0.9877	
g5097	262.3	0.1684	0.466	0.3358	sp|P14644|PDE4C_RAT 3',5'-cyclic-AMP phosphodiesterase 4C (Fragment) OS=Rattus norvegicus OX=10116 GN=Pde4c PE=2 SV=2
g7606	245.0	0.1357	0.112	0.9322	
g1407	227.0	0.1013	0.148	0.9027	sp|Q06682|UBX5_YEAST UBX domain-containing protein 5 OS=Saccharomyces cerevisiae (strain ATCC 204508 / S288c) OX=559292 GN=UBX5 PE=1 SV=1
g9040	292.3	0.2265	0.324	0.6294	
g8554	270.5	0.1850	0.286	0.7336	
g6491	304.1	0.2496	0.053	0.9685	
g6433	326.0	0.2917	-0.360	0.6694	sp|Q9NQ55|SSF1_HUMAN Suppressor of SWI4 1 homolog OS=Homo sapiens OX=9606 GN=PPAN PE=1 SV=1
g3754	384.8	0.4046	0.322	0.6888	sp|Q4RY26|FUND1_TETNG FUN14 domain-containing protein 1 OS=Tetraodon nigroviridis OX=99883 GN=fundc1 PE=3 SV=1
g3183	309.6	0.2605	-0.309	0.6939	sp|S7ZEI0|POXG_PENO1 Thioesterase poxG OS=Penicillium oxalicum (strain 114-2 / CGMCC 5302) OX=933388 GN=poxG PE=2 SV=1
g146	248.5	0.1435	0.119	0.9370	sp|Q8GUU2|RIE1_ARATH E3 ubiquitin protein ligase RIE1 OS=Arabidopsis thaliana OX=3702 GN=RIE1 PE=2 SV=1
g5654	328.6	0.2973	0.387	0.4469	sp|Q8JZW4|CPNE5_MOUSE Copine-5 OS=Mus musculus OX=10090 GN=Cpne5 PE=1 SV=1
g2653	235.2	0.1185	0.328	0.6246	sp|E0CZ42|FR1L6_MOUSE Fer-1-like protein 6 OS=Mus musculus OX=10090 GN=Fer1l6 PE=1 SV=1
g13068	249.3	0.1460	0.413	0.4515	
g7102	231.6	0.1121	0.189	0.8585	
g15482	222.5	0.0947	-0.247	0.7721	
g5326	304.1	0.2515	0.065	0.9609	
g5886	246.3	0.1406	-0.029	0.9848	sp|Q2TBR6|PFD4_BOVIN Prefoldin subunit 4 OS=Bos taurus OX=9913 GN=PFDN4 PE=2 SV=1
g14698	216.9	0.0843	0.009	0.9942	sp|Q92Q52|RRF_RHIME Ribosome-recycling factor OS=Rhizobium meliloti (strain 1021) OX=266834 GN=frr PE=3 SV=1
g15561	268.4	0.1834	0.129	0.9126	
g14757	266.6	0.1799	0.497	0.2911	sp|P18296|CUT1_SCHPO Separin OS=Schizosaccharomyces pombe (strain 972 / ATCC 24843) OX=284812 GN=cut1 PE=1 SV=3
g9064	269.1	0.1856	-0.058	0.9673	
g13519	217.9	0.0870	0.189	0.8581	
g1190	250.9	0.1506	0.274	0.7489	
g4876	243.6	0.1366	0.014	0.9921	
g5281	371.4	0.3834	0.812	0.0784	
g7992	303.0	0.2516	-0.586	0.1303	sp|Q9LU46|RH35_ARATH DEAD-box ATP-dependent RNA helicase 35 OS=Arabidopsis thaliana OX=3702 GN=RH35 PE=2 SV=1
g11046	307.2	0.2597	0.572	0.1575	
g15215	366.2	0.3740	0.781	0.1270	
g15447	279.2	0.2059	0.442	0.4742	sp|Q12042|YP162_YEAST Vacuolar membrane protein YPL162C OS=Saccharomyces cerevisiae (strain ATCC 204508 / S288c) OX=559292 GN=YPL162C PE=1 SV=1
g5010	327.1	0.2990	-0.403	0.4606	sp|Q58375|SUMT_METJA Uroporphyrinogen-III C-methyltransferase OS=Methanocaldococcus jannaschii (strain ATCC 43067 / DSM 2661 / JAL-1 / JCM 10045 / NBRC 100440) OX=243232 GN=cobA PE=3 SV=2
g12785	223.5	0.0990	-0.187	0.8641	sp|A5E2R6|CIAO1_LODEL Probable cytosolic iron-sulfur protein assembly protein 1 OS=Lodderomyces elongisporus (strain ATCC 11503 / CBS 2605 / JCM 1781 / NBRC 1676 / NRRL YB-4239) OX=379508 GN=CIA1 PE=3 SV=1
g13135	256.4	0.1629	0.145	0.8949	sp|Q9FNA3|NAGLU_ARATH Alpha-N-acetylglucosaminidase OS=Arabidopsis thaliana OX=3702 GN=NAGLU PE=2 SV=1
g12943	306.4	0.2597	0.423	0.4098	
g5623	410.6	0.4620	-0.231	0.8612	sp|P35875|PARP1_DROME Poly [ADP-ribose] polymerase 1 OS=Drosophila melanogaster OX=7227 GN=Parp1 PE=1 SV=1
g16050	240.2	0.1321	-0.289	0.7116	
g9729	239.7	0.1312	-0.077	0.9611	sp|F4JE35|AVT1B_ARATH Amino acid transporter AVT1B OS=Arabidopsis thaliana OX=3702 GN=AVT1B PE=3 SV=2
g11242	273.2	0.1964	-0.018	0.9889	sp|P23381|SYWC_HUMAN Tryptophan--tRNA ligase, cytoplasmic OS=Homo sapiens OX=9606 GN=WARS1 PE=1 SV=2
g9672	304.5	0.2574	0.685	0.1322	sp|Q8RWF4|NIPA8_ARATH Probable magnesium transporter NIPA8 OS=Arabidopsis thaliana OX=3702 GN=At3g26670 PE=2 SV=1
g11331	243.0	0.1381	0.349	0.5751	
g14676	267.3	0.1852	-0.002	0.9978	
g12546	262.7	0.1763	-0.291	0.7092	
g4052	356.5	0.3585	-0.504	0.2820	sp|Q5ZJF6|DDX10_CHICK Probable ATP-dependent RNA helicase DDX10 OS=Gallus gallus OX=9031 GN=DDX10 PE=2 SV=1
g7159	225.1	0.1036	0.155	0.8895	sp|Q9XI87|VIK_ARATH Serine/threonine-protein kinase VIK OS=Arabidopsis thaliana OX=3702 GN=VIK PE=1 SV=1
g11686	326.1	0.3006	0.201	0.8337	sp|Q8CJ27|ASPM_MOUSE Abnormal spindle-like microcephaly-associated protein homolog OS=Mus musculus OX=10090 GN=Aspm PE=1 SV=2
g11019	216.9	0.0884	0.204	0.8326	sp|F4HQ84|COG3_ARATH Conserved oligomeric Golgi complex subunit 3 OS=Arabidopsis thaliana OX=3702 GN=COG3 PE=1 SV=1
g506	223.8	0.1020	0.148	0.9036	
g11812	319.5	0.2882	0.115	0.9305	sp|Q99LL5|PWP1_MOUSE Periodic tryptophan protein 1 homolog OS=Mus musculus OX=10090 GN=Pwp1 PE=1 SV=1
g1978	255.0	0.1634	-0.218	0.7996	sp|Q9VJ79|PDE11_DROME Dual 3',5'-cyclic-AMP and -GMP phosphodiesterase 11 OS=Drosophila melanogaster OX=7227 GN=Pde11 PE=1 SV=4
g15335	230.8	0.1161	0.007	0.9955	sp|Q3E884|LK110_ARATH Putative L-type lectin-domain containing receptor kinase I.10 OS=Arabidopsis thaliana OX=3702 GN=LECRK110 PE=3 SV=1
g2233	243.1	0.1401	-0.212	0.8333	sp|O23732|GSHB_BRAJU Glutathione synthetase, chloroplastic OS=Brassica juncea OX=3707 GN=GSH2 PE=2 SV=1
g2070	240.4	0.1351	0.132	0.9138	
g2720	252.3	0.1583	-0.319	0.6493	sp|B0JZ89|FA32A_XENTR Protein FAM32A OS=Xenopus tropicalis OX=8364 GN=fam32a PE=3 SV=1
g2904	278.0	0.2091	-0.564	0.2156	sp|Q5U2X2|SPAG1_RAT Sperm-associated antigen 1 OS=Rattus norvegicus OX=10116 GN=Spag1 PE=1 SV=1
g5036	240.3	0.1367	0.284	0.7033	sp|Q58DS6|JMJD6_BOVIN Bifunctional arginine demethylase and lysyl-hydroxylase JMJD6 OS=Bos taurus OX=9913 GN=JMJD6 PE=2 SV=1
g15827	262.3	0.1802	0.491	0.2869	sp|Q8K424|TRPV3_MOUSE Transient receptor potential cation channel subfamily V member 3 OS=Mus musculus OX=10090 GN=Trpv3 PE=1 SV=2
g14130	231.8	0.1205	-0.113	0.9363	sp|Q9R1A0|CCNH_RAT Cyclin-H OS=Rattus norvegicus OX=10116 GN=Ccnh PE=1 SV=2
g10587	234.5	0.1258	0.182	0.8585	
g1916	279.2	0.2135	-0.272	0.7607	
g11150	246.1	0.1488	-0.042	0.9750	sp|Q09825|SAD1_SCHPO Spindle pole body-associated protein sad1 OS=Schizosaccharomyces pombe (strain 972 / ATCC 24843) OX=284812 GN=sad1 PE=1 SV=1
g6178	237.6	0.1322	0.036	0.9811	sp|Q6L5C4|P2C52_ORYSJ Probable protein phosphatase 2C 52 OS=Oryza sativa subsp. japonica OX=39947 GN=Os05g0587100 PE=2 SV=1
g4074	311.3	0.2766	-0.328	0.6566	sp|Q5ZIY4|SBDS_CHICK Ribosome maturation protein SBDS OS=Gallus gallus OX=9031 GN=SBDS PE=2 SV=1
g2902	259.0	0.1744	0.234	0.8090	
g10747	259.0	0.1752	0.437	0.4158	
g4986	231.9	0.1225	0.152	0.8895	
g12588	254.0	0.1660	-0.285	0.7173	sp|Q9SHD3|CCU21_ARATH Cyclin-U2-1 OS=Arabidopsis thaliana OX=3702 GN=CYCU2-1 PE=1 SV=1
g12451	525.1	0.6998	-0.451	0.5156	
g11966	305.9	0.2686	-0.299	0.6862	sp|Q803S3|MEMO1_DANRE Protein MEMO1 OS=Danio rerio OX=7955 GN=memo1 PE=2 SV=1
g8963	242.7	0.1448	0.403	0.4742	
g15895	227.6	0.1158	0.122	0.9230	
g6014	727.1	1.1019	3.487	0.0768	
g13270	304.8	0.2684	0.079	0.9682	
g6200	239.1	0.1387	0.375	0.5447	
g4464	282.5	0.2247	-0.147	0.9114	
g2784	219.3	0.1000	0.200	0.8374	
g6576	338.7	0.3366	-0.415	0.4944	sp|Q9S795|BADH1_ARATH Aminoaldehyde dehydrogenase ALDH10A8, chloroplastic OS=Arabidopsis thaliana OX=3702 GN=ALDH10A8 PE=1 SV=1
g11975	361.2	0.3821	0.324	0.6415	sp|O81024|EKI_ARATH Probable ethanolamine kinase OS=Arabidopsis thaliana OX=3702 GN=EMB1187 PE=2 SV=1
g15163	395.2	0.4498	0.716	0.1575	sp|A9LNK9|CPSF_ARATH 30-kDa cleavage and polyadenylation specificity factor 30 OS=Arabidopsis thaliana OX=3702 GN=CPSF30 PE=1 SV=1
g11764	230.2	0.1229	0.201	0.8532	
g4618	297.6	0.2567	-0.336	0.6574	sp|Q7YR70|AAMP_CANLF Angio-associated migratory cell protein OS=Canis lupus familiaris OX=9615 GN=AAMP PE=3 SV=1
g5497	301.7	0.2651	0.418	0.5026	sp|Q99614|TTC1_HUMAN Tetratricopeptide repeat protein 1 OS=Homo sapiens OX=9606 GN=TTC1 PE=1 SV=1
g6100	206.5	0.0765	0.188	0.8563	sp|O23685|AP1S2_ARATH AP-1 complex subunit sigma-2 OS=Arabidopsis thaliana OX=3702 GN=AAP19-2 PE=2 SV=1
g5524	371.4	0.4042	0.677	0.1368	sp|Q8C033|ARHGA_MOUSE Rho guanine nucleotide exchange factor 10 OS=Mus musculus OX=10090 GN=Arhgef10 PE=1 SV=2
g2894	198.9	0.0617	0.084	0.9509	sp|B6SFA4|MAA3_ARATH Probable helicase MAGATAMA 3 OS=Arabidopsis thaliana OX=3702 GN=MAA3 PE=2 SV=1
g5629	206.0	0.0757	-0.176	0.8737	sp|Q9CQ71|RFA3_MOUSE Replication protein A 14 kDa subunit OS=Mus musculus OX=10090 GN=Rpa3 PE=1 SV=1
g8578	232.6	0.1288	-0.187	0.8564	
g7254	241.6	0.1467	-0.047	0.9713	sp|E9KID3|NOD3_PEA Hydroxyproline O-arabinosyltransferase NOD3 (Fragment) OS=Pisum sativum OX=3888 GN=NOD3 PE=2 SV=1
g9504	267.3	0.1981	-0.297	0.6818	sp|P34117|CDK5_DICDI Cyclin-dependent kinase 5 homolog OS=Dictyostelium discoideum OX=44689 GN=cdk5 PE=2 SV=2
g4696	374.2	0.4108	0.054	0.9659	sp|A0JMK9|CAF1A_DANRE Chromatin assembly factor 1 subunit A OS=Danio rerio OX=7955 GN=chaf1a PE=1 SV=1
g7224	217.4	0.0991	0.018	0.9899	sp|Q5PP32|WTR25_ARATH WAT1-related protein At3g45870 OS=Arabidopsis thaliana OX=3702 GN=At3g45870 PE=2 SV=1
g7244	251.9	0.1680	0.373	0.5751	
g7541	270.9	0.2058	0.474	0.3544	sp|P49020|TMED2_CRIGR Transmembrane emp24 domain-containing protein 2 (Fragment) OS=Cricetulus griseus OX=10029 GN=TMED2 PE=1 SV=1
g4537	248.5	0.1621	-0.212	0.8152	sp|Q32KN7|ZC21B_BOVIN Zinc finger C2HC domain-containing protein 1B OS=Bos taurus OX=9913 GN=ZC2HC1B PE=2 SV=1
g3476	317.3	0.2994	0.477	0.5452	
g11332	227.5	0.1209	-0.188	0.8519	sp|Q9EQ28|DPOD3_MOUSE DNA polymerase delta subunit 3 OS=Mus musculus OX=10090 GN=Pold3 PE=1 SV=2
g7540	268.6	0.2030	0.368	0.6025	
g5840	208.4	0.0830	-0.086	0.9509	sp|Q6P2K3|CF20D_MOUSE Protein CFAP20DC OS=Mus musculus OX=10090 GN=Cfap20dc PE=2 SV=2
g6270	206.8	0.0800	-0.106	0.9370	sp|P9WPZ4|DAPC_MYCTO Probable N-succinyldiaminopimelate aminotransferase DapC OS=Mycobacterium tuberculosis (strain CDC 1551 / Oshkosh) OX=83331 GN=dapC PE=1 SV=1
g4319	235.1	0.1367	0.039	0.9810	
g6723	244.6	0.1561	-0.375	0.5468	
g12000	284.0	0.2352	0.341	0.6006	
g9831	350.5	0.3684	-0.297	0.7128	sp|Q5XF06|TI442_ARATH Mitochondrial import inner membrane translocase subunit TIM44-2 OS=Arabidopsis thaliana OX=3702 GN=TIM44-2 PE=1 SV=1
g2758	259.6	0.1864	-0.246	0.8162	sp|Q9W1J3|GAD1_DROME Gastrulation defective protein 1 homolog OS=Drosophila melanogaster OX=7227 GN=CG5543 PE=2 SV=1
g4974	221.0	0.1094	0.069	0.9614	sp|P43340|YCAK_ECOLI Uncharacterized NAD(P)H oxidoreductase YcaK OS=Escherichia coli (strain K12) OX=83333 GN=ycaK PE=3 SV=2
g11156	237.5	0.1425	0.187	0.8585	
g377	314.0	0.2959	-0.349	0.6441	
g9169	280.0	0.2277	0.501	0.3546	
g6126	246.4	0.1606	0.358	0.6048	sp|Q26457|LA_AEDAL La protein homolog OS=Aedes albopictus OX=7160 PE=1 SV=1
g4765	222.8	0.1133	-0.039	0.9781	sp|Q6NTW6|ULA1_XENLA NEDD8-activating enzyme E1 regulatory subunit OS=Xenopus laevis OX=8355 GN=nae1 PE=2 SV=1
g536	237.0	0.1418	0.207	0.8313	
g1067	223.8	0.1153	-0.257	0.7607	sp|Q9ZU93|PUX2_ARATH Plant UBX domain-containing protein 2 OS=Arabidopsis thaliana OX=3702 GN=PUX2 PE=1 SV=2
g14565	291.0	0.2503	0.065	0.9636	sp|Q9Y4D2|DGLA_HUMAN Diacylglycerol lipase-alpha OS=Homo sapiens OX=9606 GN=DAGLA PE=1 SV=3
g4681	251.0	0.1701	0.416	0.4928	sp|Q571H0|NPA1P_MOUSE Nucleolar pre-ribosomal-associated protein 1 OS=Mus musculus OX=10090 GN=Urb1 PE=1 SV=2
g9875	256.1	0.1804	0.443	0.3964	sp|P05128|KPCG_BOVIN Protein kinase C gamma type (Fragment) OS=Bos taurus OX=9913 GN=PRKCG PE=2 SV=1
g13764	276.8	0.2221	-0.519	0.3685	sp|Q5CZP2|HSF4_DANRE Heat shock factor protein 4 OS=Danio rerio OX=7955 GN=hsf4 PE=2 SV=2
g12496	221.0	0.1104	-0.237	0.7841	sp|Q9ZL45|MOG_HELPJ Molybdopterin adenylyltransferase OS=Helicobacter pylori (strain J99 / ATCC 700824) OX=85963 GN=mog PE=1 SV=1
g2417	200.9	0.0706	0.081	0.9534	sp|P93008|RH21_ARATH DEAD-box ATP-dependent RNA helicase 21 OS=Arabidopsis thaliana OX=3702 GN=RH21 PE=2 SV=1
g12653	233.1	0.1353	0.022	0.9854	sp|D0N761|GATB_PHYIT Glutamyl-tRNA(Gln) amidotransferase subunit B, mitochondrial OS=Phytophthora infestans (strain T30-4) OX=403677 GN=PITG_07062 PE=3 SV=1
g229	269.5	0.2086	-0.014	0.9910	sp|B2IG64|RL25_BEII9 Large ribosomal subunit protein bL25 OS=Beijerinckia indica subsp. indica (strain ATCC 9039 / DSM 1715 / NCIMB 8712) OX=395963 GN=rplY PE=3 SV=1
g123	288.7	0.2474	-0.605	0.2298	sp|Q9FGZ9|UBL5_ARATH Ubiquitin-like protein 5 OS=Arabidopsis thaliana OX=3702 GN=UBL5 PE=3 SV=1
g846	304.8	0.2798	-0.400	0.6697	
g10321	208.5	0.0861	0.198	0.8467	
g13124	308.2	0.2869	0.378	0.6818	
g3686	334.8	0.3405	-0.243	0.7382	sp|Q9SPK5|FTHS_ARATH Formate--tetrahydrofolate ligase OS=Arabidopsis thaliana OX=3702 GN=THFS PE=2 SV=1
g5939	487.6	0.6483	-0.135	0.9474	
g6967	254.2	0.1784	-0.295	0.6980	sp|Q9SRQ3|PE191_ARATH Peroxisome biogenesis protein 19-1 OS=Arabidopsis thaliana OX=3702 GN=PEX19-1 PE=1 SV=1
g6717	288.6	0.2476	0.439	0.6362	sp|P45844|ABCG1_HUMAN ATP-binding cassette sub-family G member 1 OS=Homo sapiens OX=9606 GN=ABCG1 PE=1 SV=3
g8986	245.6	0.1612	-0.050	0.9718	
g10274	444.8	0.5625	0.561	0.5276	sp|Q56Y85|MAP22_ARATH Methionine aminopeptidase 2B OS=Arabidopsis thaliana OX=3702 GN=MAP2B PE=2 SV=2
g14289	236.2	0.1426	0.303	0.6966	sp|Q8VY21|TLP3_ARATH Tubby-like F-box protein 3 OS=Arabidopsis thaliana OX=3702 GN=TULP3 PE=1 SV=1
g399	450.7	0.5749	0.586	0.4748	
g14270	193.7	0.0574	0.099	0.9446	sp|A1TC01|GPGP_MYCVP Glucosyl-3-phosphoglycerate phosphatase OS=Mycolicibacterium vanbaalenii (strain DSM 7251 / JCM 13017 / BCRC 16820 / KCTC 9966 / NRRL B-24157 / PYR-1) OX=350058 GN=gpgP PE=1 SV=1
g13022	215.9	0.1022	-0.061	0.9666	sp|Q8AYK6|WEE1A_XENLA Wee1-like protein kinase 1-A OS=Xenopus laevis OX=8355 GN=wee1-a PE=2 SV=1
g1084	300.0	0.2723	0.179	0.8441	sp|Q2KIR8|TDH_BOVIN L-threonine 3-dehydrogenase, mitochondrial OS=Bos taurus OX=9913 GN=TDH PE=2 SV=1
g686	234.3	0.1398	-0.050	0.9692	
g14086	238.8	0.1493	0.352	0.6066	sp|Q99J78|DEFI8_MOUSE Differentially expressed in FDCP 8 OS=Mus musculus OX=10090 GN=Def8 PE=1 SV=1
g13243	278.6	0.2299	-0.024	0.9881	sp|Q6P824|GPD1L_XENTR Glycerol-3-phosphate dehydrogenase 1-like protein OS=Xenopus tropicalis OX=8364 GN=gpd1l PE=2 SV=1
g1040	213.7	0.0990	-0.126	0.9205	
g10074	316.3	0.3070	0.033	0.9832	
g6422	258.4	0.1897	0.014	0.9921	sp|P53526|ECH12_MYCLE Probable enoyl-CoA hydratase echA12 OS=Mycobacterium leprae (strain TN) OX=272631 GN=echA12 PE=3 SV=1
g12730	251.2	0.1753	-0.132	0.9110	sp|Q8R2N2|UTP4_MOUSE U3 small nucleolar RNA-associated protein 4 homolog OS=Mus musculus OX=10090 GN=Utp4 PE=2 SV=3
g6877	236.6	0.1459	0.212	0.8226	
g8430	263.3	0.2005	0.006	0.9955	
g11437	341.8	0.3599	-0.274	0.7313	sp|Q13976|KGP1_HUMAN cGMP-dependent protein kinase 1 OS=Homo sapiens OX=9606 GN=PRKG1 PE=1 SV=3
g2044	263.2	0.2004	-0.037	0.9848	sp|O00835|ERCC3_DICDI General transcription and DNA repair factor IIH helicase/translocase subunit XPB OS=Dictyostelium discoideum OX=44689 GN=repB PE=1 SV=1
g2148	258.6	0.1913	-0.242	0.7655	sp|O42768|HEM2_CANGA Delta-aminolevulinic acid dehydratase OS=Candida glabrata (strain ATCC 2001 / BCRC 20586 / JCM 3761 / NBRC 0622 / NRRL Y-65 / CBS 138) OX=284593 GN=HEM2 PE=1 SV=1
g6898	210.3	0.0934	0.038	0.9810	sp|Q9UID3|VPS51_HUMAN Vacuolar protein sorting-associated protein 51 homolog OS=Homo sapiens OX=9606 GN=VPS51 PE=1 SV=2
g13258	338.3	0.3545	0.537	0.4877	sp|Q9F8D7|GACS_PSEPH Sensor histidine kinase GacS OS=Pseudomonas protegens (strain DSM 19095 / LMG 27888 / CFBP 6595 / CHA0) OX=1124983 GN=gacS PE=3 SV=1
g10202	394.6	0.4692	0.875	0.0522	sp|Q0JHU7|MB3R2_ORYSJ Transcription factor MYB3R-2 OS=Oryza sativa subsp. japonica OX=39947 GN=MYB3R-2 PE=2 SV=1
g951	369.6	0.4185	0.661	0.3034	sp|O80513|CCU41_ARATH Cyclin-U4-1 OS=Arabidopsis thaliana OX=3702 GN=CYCU4-1 PE=1 SV=1
g11723	301.1	0.2792	0.300	0.6756	sp|A0A1I9LM04|CNDD2_ARATH Condensin-1 complex subunit CAP-D2 OS=Arabidopsis thaliana OX=3702 GN=CAP-D2 PE=2 SV=1
g2371	210.2	0.0946	-0.012	0.9923	sp|Q9UUB1|RIB4_SCHPO 6,7-dimethyl-8-ribityllumazine synthase OS=Schizosaccharomyces pombe (strain 972 / ATCC 24843) OX=284812 GN=rib4 PE=1 SV=1
g7502	264.5	0.2051	0.419	0.4608	sp|Q9LVE2|2A5Z_ARATH Serine/threonine protein phosphatase 2A 59 kDa regulatory subunit B' zeta isoform OS=Arabidopsis thaliana OX=3702 GN=B'ZETA PE=2 SV=2
g4359	266.3	0.2090	-0.105	0.9439	
g1156	263.3	0.2033	0.465	0.4742	
g14667	230.9	0.1373	0.293	0.7188	sp|Q9DCV4|RMD1_MOUSE Regulator of microtubule dynamics protein 1 OS=Mus musculus OX=10090 GN=Rmdn1 PE=1 SV=2
g882	305.1	0.2886	-0.641	0.0999	sp|F4IP06|SWC2_ARATH SWR1 complex subunit 2 OS=Arabidopsis thaliana OX=3702 GN=SWC2 PE=1 SV=1
g3202	432.4	0.5488	-0.322	0.6570	sp|P87060|POP1_SCHPO WD repeat-containing protein pop1 OS=Schizosaccharomyces pombe (strain 972 / ATCC 24843) OX=284812 GN=pop1 PE=1 SV=1
g7630	718.7	1.1337	1.286	0.0607	sp|Q7PC88|AB31G_ARATH ABC transporter G family member 31 OS=Arabidopsis thaliana OX=3702 GN=ABCG31 PE=1 SV=1
g2247	272.7	0.2234	-0.117	0.9254	sp|Q8UVY2|BRX1_XENLA Ribosome biogenesis protein BRX1 homolog OS=Xenopus laevis OX=8355 GN=brix1 PE=2 SV=1
g8495	211.6	0.0989	0.028	0.9848	sp|F4JY37|RUK_ARATH Serine/threonine-protein kinase RUNKEL OS=Arabidopsis thaliana OX=3702 GN=RUK PE=1 SV=1
g8041	656.7	1.0086	-0.645	0.1049	sp|Q40143|CYSP3_SOLLC Cysteine proteinase 3 OS=Solanum lycopersicum OX=4081 GN=CYP-3 PE=2 SV=1
g11714	240.5	0.1583	0.047	0.9740	
g4290	194.4	0.0644	0.049	0.9723	sp|Q2TBG8|UCHL3_BOVIN Ubiquitin carboxyl-terminal hydrolase isozyme L3 OS=Bos taurus OX=9913 GN=UCHL3 PE=2 SV=1
g5145	288.9	0.2579	0.236	0.7955	
g5861	243.0	0.1640	-0.232	0.8225	sp|Q5XI57|TTL10_RAT Protein polyglycylase TTLL10 OS=Rattus norvegicus OX=10116 GN=Ttll10 PE=2 SV=2
g8838	244.9	0.1679	-0.411	0.4567	sp|P0DPD7|EFMT4_HUMAN EEF1A lysine methyltransferase 4 OS=Homo sapiens OX=9606 GN=EEF1AKMT4 PE=1 SV=1
g1563	227.2	0.1318	-0.169	0.8742	sp|O69853|Y6023_STRCO Exopolysaccharide phosphotransferase SCO6023 OS=Streptomyces coelicolor (strain ATCC BAA-471 / A3(2) / M145) OX=100226 GN=SCO6023 PE=3 SV=1
g15454	219.9	0.1169	0.048	0.9713	sp|Q9P7W0|OPA3_SCHPO OPA3-like protein OS=Schizosaccharomyces pombe (strain 972 / ATCC 24843) OX=284812 GN=SPBC1703.11 PE=3 SV=1
g12571	210.4	0.0975	-0.013	0.9923	
g3594	212.9	0.1027	-0.113	0.9343	sp|P56517|HDAC1_CHICK Histone deacetylase 1 OS=Gallus gallus OX=9031 GN=HDAC1 PE=2 SV=1
g9121	222.9	0.1234	0.165	0.8846	sp|A0JM13|C2CD3_XENTR C2 domain-containing protein 3 OS=Xenopus tropicalis OX=8364 GN=c2cd3 PE=2 SV=2
g14031	215.0	0.1075	-0.115	0.9370	sp|Q4R5P6|DC1L2_MACFA Cytoplasmic dynein 1 light intermediate chain 2 OS=Macaca fascicularis OX=9541 GN=DYNC1LI2 PE=2 SV=1
g807	254.4	0.1886	-0.358	0.5917	sp|A6UPQ3|PUR5_METVS Phosphoribosylformylglycinamidine cyclo-ligase OS=Methanococcus vannielii (strain ATCC 35089 / DSM 1224 / JCM 13029 / OCM 148 / SB) OX=406327 GN=purM PE=3 SV=1
g8825	199.3	0.0758	0.073	0.9611	sp|Q6DEB1|AT2L1_XENLA Ethanolamine-phosphate phospho-lyase OS=Xenopus laevis OX=8355 GN=etnppl PE=2 SV=1
g2942	211.4	0.1007	0.071	0.9609	sp|Q29RY4|RNZ1_BOVIN Zinc phosphodiesterase ELAC protein 1 OS=Bos taurus OX=9913 GN=ELAC1 PE=2 SV=1
g14020	327.2	0.3387	0.623	0.2140	sp|Q8NF37|PCAT1_HUMAN Lysophosphatidylcholine acyltransferase 1 OS=Homo sapiens OX=9606 GN=LPCAT1 PE=1 SV=2
g7324	367.4	0.4220	-0.210	0.8621	
g6469	297.4	0.2783	-0.621	0.2996	sp|P02982|TCR1_ECOLX Tetracycline resistance protein, class A OS=Escherichia coli OX=562 GN=tetA PE=3 SV=2
g13127	220.4	0.1201	0.017	0.9889	sp|Q9XIP2|OTU6_ARATH OVARIAN TUMOR DOMAIN-containing deubiquitinating enzyme 6 OS=Arabidopsis thaliana OX=3702 GN=OTU6 PE=1 SV=2
g1604	254.2	0.1898	0.007	0.9946	sp|G7IFI7|HISN3_MEDTR 1-(5-phosphoribosyl)-5-[(5-phosphoribosylamino)methylideneamino] imidazole-4-carboxamide isomerase HISN3, chloroplastic OS=Medicago truncatula OX=3880 GN=HISN3 PE=1 SV=1
g12478	202.9	0.0842	0.017	0.9901	
g12499	266.9	0.2159	0.016	0.9892	sp|O53532|Y2258_MYCTU S-adenosylmethionine-dependent methyltransferase Rv2258c OS=Mycobacterium tuberculosis (strain ATCC 25618 / H37Rv) OX=83332 GN=Rv2258c PE=1 SV=1
g15707	474.0	0.6428	-0.875	0.0768	
g7558	222.0	0.1239	0.267	0.7444	sp|Q8VZF6|EDR2L_ARATH Protein ENHANCED DISEASE RESISTANCE 2-like OS=Arabidopsis thaliana OX=3702 GN=EDR2L PE=2 SV=1
g13781	198.6	0.0758	0.076	0.9563	sp|B3LFA3|NIPA2_ARATH Probable magnesium transporter NIPA2 OS=Arabidopsis thaliana OX=3702 GN=At4g13800 PE=2 SV=1
g2111	221.8	0.1244	-0.118	0.9314	sp|Q9SWH4|SYP42_ARATH Syntaxin-42 OS=Arabidopsis thaliana OX=3702 GN=SYP42 PE=1 SV=1
g15002	211.4	0.1030	0.050	0.9721	sp|Q54IP0|DNJC7_DICDI DnaJ homolog subfamily C member 7 homolog OS=Dictyostelium discoideum OX=44689 GN=dnajc7 PE=1 SV=1
g11939	215.5	0.1117	0.236	0.7886	sp|A0JPG1|FHI2A_XENLA FHF complex subunit HOOK interacting protein 2A OS=Xenopus laevis OX=8355 GN=fhip2a PE=2 SV=1
g14310	257.0	0.1976	-0.429	0.5453	
g3173	209.7	0.1001	0.203	0.8518	
g383	247.4	0.1781	0.207	0.8324	
g11436	242.4	0.1679	-0.206	0.8457	sp|P23346|SODC5_MAIZE Superoxide dismutase [Cu-Zn] 4AP OS=Zea mays OX=4577 GN=SODCC.2 PE=2 SV=2
g9502	226.0	0.1340	0.090	0.9509	
g13766	257.0	0.1985	0.543	0.2175	sp|Q9BZC7|ABCA2_HUMAN ATP-binding cassette sub-family A member 2 OS=Homo sapiens OX=9606 GN=ABCA2 PE=1 SV=4
g14747	253.4	0.1912	0.268	0.7198	sp|O94362|YHOF_SCHPO Uncharacterized GTP-binding protein C428.15 OS=Schizosaccharomyces pombe (strain 972 / ATCC 24843) OX=284812 GN=SPBC428.15 PE=3 SV=1
g6751	312.9	0.3144	-0.201	0.8442	
g15580	286.8	0.2605	0.451	0.6033	
g14530	281.1	0.2487	0.029	0.9843	sp|Q94AC1|STR6_ARATH Rhodanese-like domain-containing protein 6 OS=Arabidopsis thaliana OX=3702 GN=STR6 PE=2 SV=1
g9177	228.0	0.1389	-0.073	0.9600	
g2805	220.4	0.1235	-0.206	0.8564	sp|Q9FI61|UBC27_ARATH Ubiquitin-conjugating enzyme E2 27 OS=Arabidopsis thaliana OX=3702 GN=UBC27 PE=2 SV=1
g11135	246.4	0.1774	0.194	0.8482	
g15411	268.6	0.2237	-0.533	0.3360	sp|Q9C5V6|TOP6B_ARATH DNA topoisomerase 6 subunit B OS=Arabidopsis thaliana OX=3702 GN=TOP6B PE=1 SV=1
g15229	234.6	0.1535	0.247	0.7736	sp|Q9BXP2|S12A9_HUMAN Solute carrier family 12 member 9 OS=Homo sapiens OX=9606 GN=SLC12A9 PE=1 SV=1
g2384	276.9	0.2419	0.291	0.7105	sp|Q6YTI2|P2C15_ORYSJ Probable protein phosphatase 2C 15 OS=Oryza sativa subsp. japonica OX=39947 GN=Os02g0567200 PE=2 SV=1
g6001	211.5	0.1063	0.081	0.9523	sp|P57795|ISCS_METTE Cysteine desulfurase IscS OS=Methanosarcina thermophila OX=2210 GN=iscS PE=3 SV=1
g3782	255.0	0.1974	-0.529	0.2896	
g4275	221.5	0.1278	-0.130	0.9138	
g1737	222.8	0.1306	0.202	0.8585	sp|Q5KYR4|IOLA2_GEOKA Malonate-semialdehyde dehydrogenase 2 OS=Geobacillus kaustophilus (strain HTA426) OX=235909 GN=iolA2 PE=3 SV=2
g14467	246.7	0.1807	-0.086	0.9545	
g14631	246.9	0.1813	-0.192	0.8625	sp|P42322|CANB1_NAEGR Calcineurin subunit B OS=Naegleria gruberi OX=5762 GN=CNB1 PE=3 SV=1
g4501	281.7	0.2539	0.556	0.1910	sp|Q2KJJ5|TBL3_BOVIN Transducin beta-like protein 3 OS=Bos taurus OX=9913 GN=TBL3 PE=2 SV=1
g9133	267.9	0.2256	0.140	0.9004	sp|O96795|DPM1_LEIME Dolichol-phosphate mannosyltransferase OS=Leishmania mexicana OX=5665 GN=dpms PE=1 SV=1
g13814	239.1	0.1662	0.422	0.4657	
g2398	209.9	0.1054	-0.175	0.8786	sp|Q7XJ60|EB1A_ARATH Microtubule-associated protein RP/EB family member 1A OS=Arabidopsis thaliana OX=3702 GN=EB1A PE=1 SV=1
g10118	449.8	0.6070	0.833	0.0979	
g9778	211.1	0.1081	0.152	0.9076	sp|Q9M8L9|AVT6E_ARATH Amino acid transporter AVT6E OS=Arabidopsis thaliana OX=3702 GN=AVT6E PE=2 SV=1
g8698	209.6	0.1050	0.101	0.9439	sp|Q8T3C8|MTFP1_CAEEL Mitochondrial fission process protein 1 OS=Caenorhabditis elegans OX=6239 GN=mtp-18 PE=3 SV=2
g7160	234.8	0.1579	-0.297	0.7173	
g9555	208.8	0.1035	0.057	0.9692	sp|Q6AYY8|ACATN_RAT Acetyl-coenzyme A transporter 1 OS=Rattus norvegicus OX=10116 GN=Slc33a1 PE=2 SV=1
g7715	291.9	0.2775	-0.151	0.8822	sp|Q8XZZ5|ARGA_RALN1 Amino-acid acetyltransferase OS=Ralstonia nicotianae (strain ATCC BAA-1114 / GMI1000) OX=267608 GN=argA PE=3 SV=1
g2055	271.3	0.2349	0.626	0.2109	sp|Q9BQG2|NUD12_HUMAN NAD-capped RNA hydrolase NUDT12 OS=Homo sapiens OX=9606 GN=NUDT12 PE=1 SV=1
g13574	321.5	0.3399	0.447	0.3426	sp|O59838|HSP7F_SCHPO Heat shock protein homolog pss1 OS=Schizosaccharomyces pombe (strain 972 / ATCC 24843) OX=284812 GN=pss1 PE=1 SV=2
g12690	528.9	0.7744	0.129	0.9581	
g9934	284.6	0.2628	-0.618	0.1232	
g8738	248.6	0.1874	-0.015	0.9919	sp|O09174|AMACR_MOUSE Alpha-methylacyl-CoA racemase OS=Mus musculus OX=10090 GN=Amacr PE=1 SV=4
g14619	243.0	0.1759	0.356	0.6384	sp|Q8K010|OPLA_MOUSE 5-oxoprolinase OS=Mus musculus OX=10090 GN=Oplah PE=1 SV=1
g10352	250.7	0.1924	-0.313	0.6883	sp|Q54LT0|MCU_DICDI Calcium uniporter protein, mitochondrial OS=Dictyostelium discoideum OX=44689 GN=mcu PE=1 SV=1
g7405	275.2	0.2440	-0.041	0.9760	
g11035	256.6	0.2052	0.539	0.2199	
g1004	262.3	0.2172	0.183	0.8890	sp|Q55909|Y305_SYNY3 TVP38/TMEM64 family membrane protein slr0305 OS=Synechocystis sp. (strain ATCC 27184 / PCC 6803 / Kazusa) OX=1111708 GN=slr0305 PE=3 SV=1
g7580	219.8	0.1283	-0.260	0.7685	
g307	212.9	0.1139	0.085	0.9509	sp|Q9LZF7|OTU10_ARATH OVARIAN TUMOR DOMAIN-containing deubiquitinating enzyme 10 OS=Arabidopsis thaliana OX=3702 GN=OTU10 PE=1 SV=1
g7662	281.4	0.2581	0.555	0.2751	
g12541	281.6	0.2587	0.169	0.8742	sp|Q50LG2|AF101_ALTAL Acyl-CoA dehydrogenase AFT10-1 OS=Alternaria alternata OX=5599 GN=AFT10-1 PE=3 SV=1
g1430	256.4	0.2057	0.047	0.9765	sp|Q54VQ7|HDA22_DICDI Type-2 histone deacetylase 2 OS=Dictyostelium discoideum OX=44689 GN=hdaC PE=2 SV=1
g8903	304.2	0.3064	-0.016	0.9918	sp|Q9RBP5|ISOH_RHOSX 1-hydroxy-2-glutathionyl-2-methyl-3-butene dehydrogenase OS=Rhodococcus sp. (strain AD45) OX=103808 GN=isoH PE=1 SV=1
g11992	212.7	0.1144	-0.095	0.9486	sp|Q6NMI3|COG6_ARATH Conserved oligomeric Golgi complex subunit 6 OS=Arabidopsis thaliana OX=3702 GN=COG6 PE=1 SV=1
g8531	322.7	0.3461	-0.652	0.1007	sp|O42784|GPA1_COLTR Guanine nucleotide-binding protein subunit alpha OS=Colletotrichum trifolii OX=5466 GN=CTG1 PE=2 SV=3
g15050	215.7	0.1208	0.027	0.9849	sp|Q566Y9|MPPE1_DANRE Metallophosphoesterase 1 OS=Danio rerio OX=7955 GN=mppe1 PE=2 SV=1
g416	248.0	0.1892	-0.320	0.7433	
g14889	232.0	0.1553	0.110	0.9393	sp|Q6ZM63|GPN3_DANRE GPN-loop GTPase 3 OS=Danio rerio OX=7955 GN=gpn3 PE=2 SV=2
g11984	379.4	0.4660	-0.054	0.9700	
g15034	242.1	0.1770	0.203	0.8563	sp|A7WM73|HEXO1_ARATH Beta-hexosaminidase 1 OS=Arabidopsis thaliana OX=3702 GN=HEXO1 PE=1 SV=1
g7611	270.1	0.2365	0.173	0.8890	sp|O42287|ITSN1_XENLA Intersectin-1 OS=Xenopus laevis OX=8355 GN=itsn1 PE=1 SV=2
g5498	233.7	0.1599	0.347	0.6074	sp|Q4V8C2|ZW10_RAT Centromere/kinetochore protein zw10 homolog OS=Rattus norvegicus OX=10116 GN=Zw10 PE=2 SV=3
g1615	292.1	0.2831	0.394	0.5467	sp|Q08747|UAF30_YEAST Upstream activation factor subunit UAF30 OS=Saccharomyces cerevisiae (strain ATCC 204508 / S288c) OX=559292 GN=UAF30 PE=1 SV=1
g7958	274.2	0.2457	-0.652	0.1061	sp|Q38859|NRPBB_ARATH DNA-directed RNA polymerases II, IV and V subunit 11 OS=Arabidopsis thaliana OX=3702 GN=NRPB11 PE=1 SV=1
g14556	418.9	0.5532	-0.540	0.1320	sp|P46436|GST1_ASCSU Glutathione S-transferase 1 OS=Ascaris suum OX=6253 GN=GST1 PE=1 SV=3
g1584	221.6	0.1358	-0.092	0.9457	
g14319	228.6	0.1510	-0.132	0.9165	sp|Q8JGS1|STIL_DANRE SCL-interrupting locus protein homolog OS=Danio rerio OX=7955 GN=stil PE=1 SV=2
g1277	240.4	0.1761	0.286	0.7052	
g14053	233.3	0.1614	-0.122	0.9205	sp|P50897|PPT1_HUMAN Palmitoyl-protein thioesterase 1 OS=Homo sapiens OX=9606 GN=PPT1 PE=1 SV=1
g12675	232.6	0.1599	0.309	0.7264	
g11820	273.0	0.2458	-0.358	0.7175	sp|P53782|CCND2_XENLA G1/S-specific cyclin-D2 OS=Xenopus laevis OX=8355 GN=ccnd2 PE=2 SV=1
g10817	230.7	0.1561	-0.355	0.5751	sp|Q874I5|CYB5_CANTR Cytochrome b5 OS=Candida tropicalis OX=5482 GN=Cytb5 PE=3 SV=1
g2119	223.8	0.1422	0.288	0.7150	
g12498	222.9	0.1405	0.351	0.5955	sp|O53532|Y2258_MYCTU S-adenosylmethionine-dependent methyltransferase Rv2258c OS=Mycobacterium tuberculosis (strain ATCC 25618 / H37Rv) OX=83332 GN=Rv2258c PE=1 SV=1
g8692	207.1	0.1070	-0.179	0.8742	sp|Q177H0|NCBP2_AEDAE Nuclear cap-binding protein subunit 2 OS=Aedes aegypti OX=7159 GN=Cbp20 PE=3 SV=1
g14761	215.2	0.1243	0.008	0.9944	sp|Q6DC93|PEF1_DANRE Peflin OS=Danio rerio OX=7955 GN=pef1 PE=2 SV=1
g3741	177.9	0.0451	0.041	0.9788	
g15690	201.7	0.0963	0.232	0.8009	sp|Q9SKZ1|PUR_ARATH Transcription factor Pur-alpha 1 OS=Arabidopsis thaliana OX=3702 GN=PURA1 PE=1 SV=2
g3217	234.5	0.1662	-0.268	0.7920	
g3494	232.9	0.1629	-0.065	0.9666	sp|Q6P0H6|CSN4_DANRE COP9 signalosome complex subunit 4 OS=Danio rerio OX=7955 GN=cops4 PE=2 SV=1
g361	219.1	0.1337	-0.087	0.9517	sp|Q8RWF4|NIPA8_ARATH Probable magnesium transporter NIPA8 OS=Arabidopsis thaliana OX=3702 GN=At3g26670 PE=2 SV=1
g6599	217.4	0.1302	-0.226	0.8024	sp|P49963|SRP19_DROME Signal recognition particle 19 kDa protein OS=Drosophila melanogaster OX=7227 GN=Srp19 PE=2 SV=2
g3385	221.2	0.1387	-0.085	0.9509	sp|B2S5W1|CLPP_BRUA1 ATP-dependent Clp protease proteolytic subunit OS=Brucella abortus (strain S19) OX=430066 GN=clpP PE=3 SV=1
g598	218.5	0.1331	0.026	0.9849	sp|Q5HZG4|TAF3_MOUSE Transcription initiation factor TFIID subunit 3 OS=Mus musculus OX=10090 GN=Taf3 PE=1 SV=2
g13471	219.0	0.1344	0.181	0.8657	sp|Q2HIK4|PFD6_ARATH Prefoldin subunit 6 OS=Arabidopsis thaliana OX=3702 GN=PFD6 PE=1 SV=1
g10477	281.8	0.2683	-0.473	0.5303	
g12746	234.6	0.1681	0.318	0.6492	sp|O30511|FUCT_HELPX Alpha-(1,3)-fucosyltransferase FucT OS=Helicobacter pylori OX=210 GN=fucT PE=1 SV=1
g14198	236.3	0.1716	0.427	0.4889	
g6887	218.6	0.1338	-0.137	0.9138	sp|Q10237|YD14_SCHPO Uncharacterized protein C4G9.04c OS=Schizosaccharomyces pombe (strain 972 / ATCC 24843) OX=284812 GN=SPAC4G9.04c PE=4 SV=1
g15455	221.8	0.1408	-0.064	0.9682	sp|A7HSX5|PHS_PARL1 Putative pterin-4-alpha-carbinolamine dehydratase OS=Parvibaculum lavamentivorans (strain DS-1 / DSM 13023 / NCIMB 13966) OX=402881 GN=Plav_1388 PE=3 SV=1
g7255	331.1	0.3743	-0.565	0.3543	sp|E9PVX6|KI67_MOUSE Proliferation marker protein Ki-67 OS=Mus musculus OX=10090 GN=Mki67 PE=1 SV=1
g12874	240.6	0.1817	0.051	0.9763	sp|A9LNK9|CPSF_ARATH 30-kDa cleavage and polyadenylation specificity factor 30 OS=Arabidopsis thaliana OX=3702 GN=CPSF30 PE=1 SV=1
g5425	402.6	0.5287	0.688	0.2623	sp|Q5PNE6|YFEO_SALPA Putative ion-transport protein YfeO OS=Salmonella paratyphi A (strain ATCC 9150 / SARB42) OX=295319 GN=yfeO PE=3 SV=1
g9659	276.8	0.2599	0.428	0.4547	
g2771	314.9	0.3416	-0.269	0.7006	sp|P42620|YQJG_ECOLI Glutathionyl-hydroquinone reductase YqjG OS=Escherichia coli (strain K12) OX=83333 GN=yqjG PE=1 SV=1
g14611	268.4	0.2420	-0.084	0.9494	
g12604	218.2	0.1344	-0.044	0.9752	sp|Q69TH4|OPR2_ORYSJ Putative 12-oxophytodienoate reductase 2 OS=Oryza sativa subsp. japonica OX=39947 GN=OPR2 PE=3 SV=1
g2906	305.8	0.3227	-0.384	0.5212	sp|Q9UU76|PUF6_SCHPO Pumilio homology domain family member 6 OS=Schizosaccharomyces pombe (strain 972 / ATCC 24843) OX=284812 GN=puf6 PE=1 SV=1
g8689	271.1	0.2486	0.003	0.9978	
g393	316.2	0.3456	0.111	0.9543	sp|Q9LXG9|PCO1_ARATH Plant cysteine oxidase 1 OS=Arabidopsis thaliana OX=3702 GN=PCO1 PE=1 SV=1
g1759	343.0	0.4033	-0.896	0.0777	
g6579	206.5	0.1107	0.042	0.9787	sp|D4A0C3|HID1_RAT Protein HID1 OS=Rattus norvegicus OX=10116 GN=Hid1 PE=1 SV=4
g5367	225.0	0.1504	-0.114	0.9361	
g15554	205.0	0.1075	0.104	0.9433	sp|Q93V58|GRIK1_ARATH Serine/threonine-protein kinase GRIK1 OS=Arabidopsis thaliana OX=3702 GN=GRIK1 PE=1 SV=1
g2213	314.9	0.3439	0.027	0.9848	sp|Q4R7V3|CEP43_MACFA Centrosomal protein 43 OS=Macaca fascicularis OX=9541 GN=CEP43 PE=2 SV=1
g14935	195.8	0.0879	0.159	0.9004	
g15402	760.8	1.3039	1.789	0.2228	
g730	196.8	0.0903	0.211	0.8333	sp|Q6Q0N3|NT5D2_RAT 5'-nucleotidase domain-containing protein 2 OS=Rattus norvegicus OX=10116 GN=Nt5dc2 PE=1 SV=2
g3356	271.4	0.2509	0.660	0.0999	sp|Q12204|YOR22_YEAST Probable phospholipase YOR022C, mitochondrial OS=Saccharomyces cerevisiae (strain ATCC 204508 / S288c) OX=559292 GN=YOR022C PE=1 SV=1
g10609	211.4	0.1219	-0.168	0.8941	
g4565	215.6	0.1310	-0.258	0.7637	sp|Q9LZ03|TOP6A_ARATH DNA topoisomerase 6 subunit A OS=Arabidopsis thaliana OX=3702 GN=TOP6A PE=1 SV=1
g8815	278.4	0.2663	0.250	0.7839	
g15650	233.3	0.1692	-0.006	0.9963	sp|C5FWH1|LIS1_ARTOC Nuclear distribution protein PAC1 OS=Arthroderma otae (strain ATCC MYA-4605 / CBS 113480) OX=554155 GN=PAC1 PE=3 SV=1
g13963	244.5	0.1940	-0.037	0.9784	sp|Q2TA14|PCP_BOVIN Lysosomal Pro-X carboxypeptidase OS=Bos taurus OX=9913 GN=PRCP PE=2 SV=1
g5919	242.5	0.1900	-0.302	0.7006	
g5205	191.6	0.0804	-0.099	0.9450	sp|Q4R8N7|STIP1_MACFA Stress-induced-phosphoprotein 1 OS=Macaca fascicularis OX=9541 GN=STIP1 PE=2 SV=1
g14904	216.8	0.1353	0.127	0.9215	sp|Q8MKN0|COQ9_DROME Ubiquinone biosynthesis protein COQ9, mitochondrial OS=Drosophila melanogaster OX=7227 GN=Coq9 PE=2 SV=1
g6761	200.7	0.1005	0.112	0.9375	
g8935	307.9	0.3325	0.285	0.7025	sp|Q8RWF4|NIPA8_ARATH Probable magnesium transporter NIPA8 OS=Arabidopsis thaliana OX=3702 GN=At3g26670 PE=2 SV=1
g14501	193.6	0.0854	-0.167	0.8877	
g13165	203.8	0.1078	0.231	0.8127	
g6528	254.5	0.2183	-0.477	0.3965	sp|P19205|ACPH_PIG Acylamino-acid-releasing enzyme OS=Sus scrofa OX=9823 GN=APEH PE=1 SV=2
g15868	380.1	0.4906	-0.187	0.8824	sp|Q9AYU0|QR2_TRIVS Quinone-oxidoreductase QR2 OS=Triphysaria versicolor OX=64093 PE=1 SV=1
g1997	252.5	0.2141	-0.349	0.6818	sp|Q3ZCI1|TM14C_BOVIN Transmembrane protein 14C OS=Bos taurus OX=9913 GN=TMEM14C PE=1 SV=1
g15138	252.0	0.2131	0.132	0.9199	sp|F1RQM2|AGM1_PIG Phosphoacetylglucosamine mutase OS=Sus scrofa OX=9823 GN=PGM3 PE=1 SV=2
g9886	304.2	0.3262	-0.518	0.5219	sp|Q9BXU1|STK31_HUMAN Serine/threonine-protein kinase 31 OS=Homo sapiens OX=9606 GN=STK31 PE=1 SV=2
g13999	260.3	0.2311	0.300	0.6786	sp|Q1LVZ2|MARH2_DANRE E3 ubiquitin-protein ligase MARCHF2 OS=Danio rerio OX=7955 GN=marchf2 PE=2 SV=1
g14845	312.7	0.3451	-0.729	0.0999	sp|Q12094|TSR3_YEAST 18S rRNA aminocarboxypropyltransferase OS=Saccharomyces cerevisiae (strain ATCC 204508 / S288c) OX=559292 GN=TSR3 PE=1 SV=1
g4837	353.7	0.4345	0.507	0.4942	
g14550	232.8	0.1730	0.004	0.9974	sp|Q9VHH9|JHD1_DROME JmjC domain-containing histone demethylation protein 1 OS=Drosophila melanogaster OX=7227 GN=Kdm2 PE=1 SV=2
g3897	249.7	0.2099	0.472	0.4559	
g12805	353.4	0.4356	-0.309	0.6613	sp|O97399|TRYP_PHACE Trypsin OS=Phaedon cochleariae OX=80249 PE=2 SV=1
g14633	348.9	0.4259	-0.202	0.8441	sp|P11117|PPAL_HUMAN Lysosomal acid phosphatase OS=Homo sapiens OX=9606 GN=ACP2 PE=1 SV=3
g11323	212.4	0.1289	0.125	0.9301	sp|A2QPL8|YME2_ASPNC Mitochondrial escape protein 2 OS=Aspergillus niger (strain ATCC MYA-4892 / CBS 513.88 / FGSC A1513) OX=425011 GN=yme2 PE=3 SV=1
g3744	288.3	0.2943	0.154	0.9165	sp|Q09755|AROF_SCHPO Putative phospho-2-dehydro-3-deoxyheptonate aldolase OS=Schizosaccharomyces pombe (strain 972 / ATCC 24843) OX=284812 GN=SPAC24H6.10c PE=3 SV=1
g7704	236.9	0.1826	0.067	0.9614	sp|A0JMD2|LST2_DANRE Lateral signaling target protein 2 homolog OS=Danio rerio OX=7955 GN=zfyve28 PE=2 SV=1
g2071	299.8	0.3196	0.683	0.1766	sp|A6QLU1|GPDM_BOVIN Glycerol-3-phosphate dehydrogenase, mitochondrial OS=Bos taurus OX=9913 GN=GPD2 PE=2 SV=1
g11306	254.4	0.2209	-0.160	0.9210	sp|Q9UQM7|KCC2A_HUMAN Calcium/calmodulin-dependent protein kinase type II subunit alpha OS=Homo sapiens OX=9606 GN=CAMK2A PE=1 SV=2
g10281	323.1	0.3705	0.816	0.0600	sp|Q68ED3|PAPD5_MOUSE Terminal nucleotidyltransferase 4B OS=Mus musculus OX=10090 GN=Tent4b PE=1 SV=2
g6804	208.7	0.1217	0.227	0.8271	sp|O59801|SKI2_SCHPO Putative ATP-dependent RNA helicase C550.03c OS=Schizosaccharomyces pombe (strain 972 / ATCC 24843) OX=284812 GN=SPCC550.03c PE=3 SV=1
g4132	234.0	0.1772	-0.316	0.7150	
g245	313.5	0.3514	0.460	0.3134	sp|A0A509AQE6|CDPK5_PLABA Calcium-dependent protein kinase 5 OS=Plasmodium berghei (strain Anka) OX=5823 GN=CDPK5 PE=1 SV=1
g15524	168.9	0.0360	-0.080	0.9570	sp|Q7T105|MIER1_XENLA Mesoderm induction early response protein 1 OS=Xenopus laevis OX=8355 GN=mier1 PE=2 SV=1
g5830	229.5	0.1685	-0.242	0.7886	sp|Q9Y4L5|RN115_HUMAN E3 ubiquitin-protein ligase RNF115 OS=Homo sapiens OX=9606 GN=RNF115 PE=1 SV=2
g10008	195.9	0.0950	0.094	0.9482	sp|Q94KD3|VP52A_ARATH Vacuolar protein sorting-associated protein 52 A OS=Arabidopsis thaliana OX=3702 GN=VPS52 PE=1 SV=1
g13473	254.8	0.2241	-0.541	0.2291	
g1658	231.5	0.1734	-0.172	0.8912	
g2981	270.9	0.2596	0.088	0.9479	sp|F1QXM5|LDHD_DANRE D-lactate dehydrogenase, mitochondrial OS=Danio rerio OX=7955 GN=ldhd PE=1 SV=1
g8429	206.0	0.1176	0.273	0.7552	sp|O94481|TFC5_SCHPO Transcription factor TFIIIB component B'' OS=Schizosaccharomyces pombe (strain 972 / ATCC 24843) OX=284812 GN=bdp1 PE=3 SV=2
g2507	364.7	0.4656	0.564	0.4928	
g3516	213.7	0.1352	0.260	0.7829	
g6566	227.6	0.1658	0.145	0.9177	
g10123	262.1	0.2415	-0.613	0.1262	
g9101	248.9	0.2130	-0.155	0.9055	
g13017	221.3	0.1532	0.032	0.9842	sp|Q9FX01|HSDD1_ARATH 3beta-hydroxysteroid-dehydrogenase/decarboxylase isoform 1 OS=Arabidopsis thaliana OX=3702 GN=3BETAHSD/D1 PE=1 SV=1
g14040	252.8	0.2225	0.182	0.8703	
g1296	243.6	0.2023	-0.395	0.6254	
g12754	175.4	0.0525	0.077	0.9600	sp|Q9XF67|PDPK1_ARATH 3-phosphoinositide-dependent protein kinase 1 OS=Arabidopsis thaliana OX=3702 GN=PDPK1 PE=1 SV=1
g10570	234.1	0.1817	-0.301	0.7257	sp|P54672|AP2M_DICDI AP-2 complex subunit mu OS=Dictyostelium discoideum OX=44689 GN=apm2 PE=2 SV=2
g9023	332.3	0.3978	0.030	0.9827	
g1939	266.5	0.2531	0.453	0.5793	sp|Q5R9R1|EDRF1_PONAB Erythroid differentiation-related factor 1 OS=Pongo abelii OX=9601 GN=EDRF1 PE=2 SV=1
g1397	234.2	0.1821	-0.214	0.8352	sp|E9Q5F9|SETD2_MOUSE Histone-lysine N-methyltransferase SETD2 OS=Mus musculus OX=10090 GN=Setd2 PE=1 SV=1
g1681	269.0	0.2587	-0.653	0.0908	sp|P40984|UBC9_SCHPO SUMO-conjugating enzyme ubc9 OS=Schizosaccharomyces pombe (strain 972 / ATCC 24843) OX=284812 GN=hus5 PE=1 SV=1
g14573	211.6	0.1324	0.105	0.9370	sp|Q09751|LGUL_SCHPO Lactoylglutathione lyase OS=Schizosaccharomyces pombe (strain 972 / ATCC 24843) OX=284812 GN=glo1 PE=1 SV=1
g6596	219.7	0.1503	-0.050	0.9740	
g6678	304.1	0.3364	-0.026	0.9848	sp|Q9U2X0|ANM1_CAEEL Protein arginine N-methyltransferase 1 OS=Caenorhabditis elegans OX=6239 GN=prmt-1 PE=1 SV=1
g632	229.5	0.1730	-0.371	0.5622	
g12466	246.1	0.2101	0.032	0.9848	sp|E7FAG6|AMR1A_DANRE Activating molecule in BECN1-regulated autophagy protein 1A OS=Danio rerio OX=7955 GN=ambra1a PE=2 SV=2
g10048	262.1	0.2456	0.130	0.9242	sp|C1G2D1|UTP25_PARBD U3 small nucleolar RNA-associated protein 25 OS=Paracoccidioides brasiliensis (strain Pb18) OX=502780 GN=UTP25 PE=3 SV=1
g9616	273.9	0.2720	0.324	0.7581	
g7547	204.1	0.1178	0.184	0.8778	sp|P52187|KCJ12_MOUSE ATP-sensitive inward rectifier potassium channel 12 OS=Mus musculus OX=10090 GN=Kcnj12 PE=2 SV=2
g9491	186.6	0.0791	-0.186	0.8657	
g5420	206.4	0.1230	0.293	0.7165	sp|Q8N960|CE120_HUMAN Centrosomal protein of 120 kDa OS=Homo sapiens OX=9606 GN=CEP120 PE=1 SV=2
g6895	184.4	0.0744	-0.026	0.9849	
g11683	206.5	0.1233	0.180	0.8822	sp|Q8RXE7|AGD14_ARATH Probable ADP-ribosylation factor GTPase-activating protein AGD14 OS=Arabidopsis thaliana OX=3702 GN=AGD14 PE=1 SV=2
g869	201.0	0.1111	0.244	0.7865	sp|A1EC95|HEAT6_RAT HEAT repeat-containing protein 6 OS=Rattus norvegicus OX=10116 GN=Heatr6 PE=1 SV=1
g2350	236.6	0.1901	-0.111	0.9482	sp|Q9HBH5|RDH14_HUMAN Retinol dehydrogenase 14 OS=Homo sapiens OX=9606 GN=RDH14 PE=1 SV=1
g4346	219.0	0.1512	0.246	0.7996	sp|P71369|Y1104_HAEIN Putative metabolite transport protein HI_1104 OS=Haemophilus influenzae (strain ATCC 51907 / DSM 11121 / KW20 / Rd) OX=71421 GN=HI_1104 PE=3 SV=1
g4805	237.3	0.1917	0.368	0.6254	sp|Q13277|STX3_HUMAN Syntaxin-3 OS=Homo sapiens OX=9606 GN=STX3 PE=1 SV=3
g4523	221.7	0.1574	0.316	0.6896	
g5015	195.2	0.0987	-0.074	0.9609	
g5241	217.6	0.1484	0.299	0.7374	sp|A5PJL1|PXMP4_BOVIN Peroxisomal membrane protein 4 OS=Bos taurus OX=9913 GN=PXMP4 PE=2 SV=1
g15154	223.7	0.1619	0.124	0.9323	sp|P34135|HMDH1_DICDI 3-hydroxy-3-methylglutaryl-coenzyme A reductase 1 OS=Dictyostelium discoideum OX=44689 GN=hmgA PE=2 SV=1
g142	252.9	0.2271	-0.466	0.4374	sp|O27572|TRUD_METTH Probable tRNA pseudouridine synthase D OS=Methanothermobacter thermautotrophicus (strain ATCC 29096 / DSM 1053 / JCM 10044 / NBRC 100330 / Delta H) OX=187420 GN=truD PE=3 SV=1
g3096	237.9	0.1946	0.305	0.6719	
g14070	195.9	0.1015	-0.096	0.9450	sp|Q8W1X2|PDXK_ARATH Pyridoxal kinase OS=Arabidopsis thaliana OX=3702 GN=PK PE=1 SV=2
g15545	233.4	0.1850	0.406	0.5196	
g14150	205.4	0.1240	0.262	0.7548	sp|Q8W489|RAD4_ARATH DNA repair protein RAD4 OS=Arabidopsis thaliana OX=3702 GN=RAD4 PE=1 SV=1
g7622	268.1	0.2635	-0.033	0.9823	
g14442	323.4	0.3867	-0.008	0.9946	
g6287	266.1	0.2591	-0.244	0.7964	sp|Q54PF1|CK2B_DICDI Casein kinase II subunit beta OS=Dictyostelium discoideum OX=44689 GN=csnk2b PE=3 SV=1
g12275	250.9	0.2255	0.056	0.9666	sp|P29144|TPP2_HUMAN Tripeptidyl-peptidase 2 OS=Homo sapiens OX=9606 GN=TPP2 PE=1 SV=4
g10394	193.9	0.0992	0.173	0.8809	
g14033	232.2	0.1846	-0.281	0.7382	
g9720	422.8	0.6101	-0.807	0.2304	sp|F4J3R7|SPD1_ARATH Protein SEEDLING PLASTID DEVELOPMENT 1 OS=Arabidopsis thaliana OX=3702 GN=SPD1 PE=2 SV=1
g7747	268.2	0.2652	-0.144	0.9001	sp|Q9FV52|MAP1B_ARATH Methionine aminopeptidase 1B, chloroplastic OS=Arabidopsis thaliana OX=3702 GN=MAP1B PE=2 SV=2
g12285	205.8	0.1267	-0.116	0.9322	sp|Q797A7|MTRTR_BACSU Methylthioribose transporter OS=Bacillus subtilis (strain 168) OX=224308 GN=mtrA PE=3 SV=1
g13842	191.8	0.0957	0.145	0.9104	
g2616	292.9	0.3222	0.254	0.7821	sp|Q0P4S0|LST2_XENTR Lateral signaling target protein 2 homolog OS=Xenopus tropicalis OX=8364 GN=zfyve28 PE=2 SV=1
g2553	275.9	0.2848	-0.463	0.5988	
g14979	199.6	0.1137	0.133	0.9155	sp|F1NPQ2|MINP1_CHICK Multiple inositol polyphosphate phosphatase 1 OS=Gallus gallus OX=9031 GN=MINPP1 PE=1 SV=3
g15541	231.1	0.1844	0.227	0.8625	sp|P43793|DHE4_HAEIN NADP-specific glutamate dehydrogenase OS=Haemophilus influenzae (strain ATCC 51907 / DSM 11121 / KW20 / Rd) OX=71421 GN=gdhA PE=3 SV=1
g15899	191.5	0.0960	0.054	0.9713	sp|Q6K1C4|CAX3_ORYSJ Vacuolar cation/proton exchanger 3 OS=Oryza sativa subsp. japonica OX=39947 GN=CAX3 PE=2 SV=2
g12921	199.0	0.1129	-0.198	0.8585	
g4316	250.8	0.2293	0.040	0.9803	sp|F4IDY5|BTSL1_ARATH Zinc finger protein BRUTUS-like At1g18910 OS=Arabidopsis thaliana OX=3702 GN=At1g18910 PE=2 SV=1
g15916	267.8	0.2676	-0.148	0.8969	sp|P40747|YUXG_BACSU Uncharacterized oxidoreductase YuxG OS=Bacillus subtilis (strain 168) OX=224308 GN=yuxG PE=3 SV=2
g9519	253.9	0.2366	-0.329	0.6441	sp|Q6P011|EMC4_DANRE ER membrane protein complex subunit 4 OS=Danio rerio OX=7955 GN=emc4 PE=2 SV=1
g5571	257.5	0.2452	0.681	0.0819	sp|F4JKK0|SUD1_ARATH Probable E3 ubiquitin ligase SUD1 OS=Arabidopsis thaliana OX=3702 GN=SUD1 PE=1 SV=1
g7854	290.4	0.3191	-0.735	0.0586	
g8863	257.1	0.2444	0.251	0.7886	
g11279	271.8	0.2774	0.070	0.9666	sp|O34812|YFMJ_BACSU Putative NADP-dependent oxidoreductase YfmJ OS=Bacillus subtilis (strain 168) OX=224308 GN=yfmJ PE=2 SV=1
g5379	200.6	0.1179	0.160	0.9072	sp|F4JRR1|COG2_ARATH Conserved oligomeric Golgi complex subunit 2 OS=Arabidopsis thaliana OX=3702 GN=COG2 PE=1 SV=1
g14502	289.8	0.3185	0.371	0.6961	
g11313	334.0	0.4181	0.513	0.3772	sp|Q96PN6|ADCYA_HUMAN Adenylate cyclase type 10 OS=Homo sapiens OX=9606 GN=ADCY10 PE=1 SV=3
g1000	229.0	0.1821	-0.338	0.6923	sp|P29315|RINI_RAT Ribonuclease inhibitor OS=Rattus norvegicus OX=10116 GN=Rnh1 PE=1 SV=2
g10286	248.4	0.2257	0.336	0.7387	sp|Q9XIP2|OTU6_ARATH OVARIAN TUMOR DOMAIN-containing deubiquitinating enzyme 6 OS=Arabidopsis thaliana OX=3702 GN=OTU6 PE=1 SV=2
g11621	257.3	0.2460	0.287	0.7811	
g890	189.7	0.0939	0.176	0.8761	
g7894	369.9	0.5015	-0.573	0.1552	sp|Q54KZ0|TM2D3_DICDI TM2 domain-containing protein DDB_G0287015 OS=Dictyostelium discoideum OX=44689 GN=DDB_G0287015 PE=3 SV=1
g4502	214.9	0.1517	-0.291	0.7262	
g15218	207.3	0.1348	0.069	0.9614	
g5608	241.1	0.2112	-0.150	0.8948	sp|Q9UTQ0|CCA1_SCHPO tRNA nucleotidyltransferase cca1 OS=Schizosaccharomyces pombe (strain 972 / ATCC 24843) OX=284812 GN=cca1 PE=1 SV=2
g11857	240.7	0.2105	0.152	0.8976	sp|Q9Y664|KPTN_HUMAN KICSTOR complex protein kaptin OS=Homo sapiens OX=9606 GN=KPTN PE=1 SV=2
g4706	205.3	0.1308	0.071	0.9614	sp|D5LXJ0|CIP73_LOTJA Ubiquitin-like domain-containing protein CIP73 OS=Lotus japonicus OX=34305 GN=CIP73 PE=1 SV=1
g14581	202.3	0.1243	-0.305	0.7010	sp|Q9URW6|YIE2_SCHPO SH3 domain-containing protein PJ696.02 OS=Schizosaccharomyces pombe (strain 972 / ATCC 24843) OX=284812 GN=SPAPJ696.02 PE=1 SV=1
g9394	204.9	0.1302	-0.102	0.9450	sp|O13861|TCD_SCHPO tRNA threonylcarbamoyladenosine dehydratase OS=Schizosaccharomyces pombe (strain 972 / ATCC 24843) OX=284812 GN=tcd1 PE=1 SV=2
g15186	219.4	0.1631	-0.124	0.9275	
g12066	251.4	0.2356	-0.685	0.0785	sp|O94387|YGSA_SCHPO Uncharacterized ATP-dependent helicase C29A10.10c OS=Schizosaccharomyces pombe (strain 972 / ATCC 24843) OX=284812 GN=SPBC29A10.10c PE=3 SV=1
g9460	192.5	0.1024	-0.006	0.9964	
g5604	207.4	0.1362	0.193	0.8585	sp|P40371|PP2C1_SCHPO Protein phosphatase 2C homolog 1 OS=Schizosaccharomyces pombe (strain 972 / ATCC 24843) OX=284812 GN=ptc1 PE=1 SV=1
g7079	225.2	0.1766	0.437	0.4629	sp|Q55GK8|KIL1_DICDI Membrane-associated sulfotransferase kil1 OS=Dictyostelium discoideum OX=44689 GN=kil1 PE=3 SV=1
g13155	207.6	0.1369	-0.254	0.7916	sp|Q9V3C5|RIC1_DROME Guanine nucleotide exchange factor subunit Rich OS=Drosophila melanogaster OX=7227 GN=Rich PE=1 SV=1
g766	224.1	0.1744	0.380	0.5975	sp|Q8IY18|SMC5_HUMAN Structural maintenance of chromosomes protein 5 OS=Homo sapiens OX=9606 GN=SMC5 PE=1 SV=2
g1736	184.7	0.0855	0.058	0.9685	sp|Q9P2K8|E2AK4_HUMAN eIF-2-alpha kinase GCN2 OS=Homo sapiens OX=9606 GN=EIF2AK4 PE=1 SV=3
g4897	358.4	0.4796	0.556	0.2896	
g14069	185.8	0.0882	0.131	0.9230	sp|A5JYX5|DHS3_CAEEL Protein dhs-3 OS=Caenorhabditis elegans OX=6239 GN=dhs-3 PE=1 SV=1
g5814	218.9	0.1635	-0.069	0.9614	
g1369	345.5	0.4511	0.166	0.9041	
g7320	220.6	0.1677	0.189	0.8893	
g11931	234.6	0.1999	-0.150	0.9256	sp|Q75EC0|SDS23_EREGS Protein SDS23 OS=Eremothecium gossypii (strain ATCC 10895 / CBS 109.51 / FGSC 9923 / NRRL Y-1056) OX=284811 GN=SDS23 PE=3 SV=1
g10243	217.2	0.1605	0.261	0.7696	sp|P11605|NIA1_TOBAC Nitrate reductase [NADH] 1 OS=Nicotiana tabacum OX=4097 GN=NIA1 PE=3 SV=1
g4181	299.2	0.3471	0.410	0.5457	
g11038	240.9	0.2146	-0.481	0.4606	sp|Q9XVZ8|ELOF1_CAEEL Transcription elongation factor 1 homolog OS=Caenorhabditis elegans OX=6239 GN=elof-1 PE=3 SV=1
g5273	225.0	0.1785	-0.432	0.4889	sp|Q1EBV4|DDI1_ARATH Protein DNA-DAMAGE INDUCIBLE 1 OS=Arabidopsis thaliana OX=3702 GN=DDI1 PE=1 SV=1
g659	197.5	0.1160	-0.029	0.9848	
g15093	320.1	0.3954	-0.751	0.1554	
g1835	229.4	0.1890	0.198	0.8414	sp|Q0DWA9|SIPL4_ORYSJ Signal peptide peptidase-like 4 OS=Oryza sativa subsp. japonica OX=39947 GN=SPPL4 PE=2 SV=1
g15187	256.1	0.2501	-0.120	0.9433	
g4242	310.6	0.3746	-0.255	0.7984	sp|P42593|FADH_ECOLI 2,4-dienoyl-CoA reductase [(2E)-enoyl-CoA-producing] OS=Escherichia coli (strain K12) OX=83333 GN=fadH PE=1 SV=3
g14862	299.8	0.3503	0.652	0.0847	sp|P39484|DHG3_PRIMG Glucose 1-dehydrogenase 3 OS=Priestia megaterium OX=1404 GN=gdhIII PE=1 SV=1
g10646	291.6	0.3318	0.230	0.8152	sp|Q8GYS4|AVT1D_ARATH Amino acid transporter AVT1D OS=Arabidopsis thaliana OX=3702 GN=AVT1D PE=2 SV=1
g11388	234.0	0.2007	-0.151	0.8910	sp|O80585|MTHR2_ARATH Methylenetetrahydrofolate reductase (NADH) 2 OS=Arabidopsis thaliana OX=3702 GN=MTHFR2 PE=1 SV=2
g1211	231.9	0.1959	-0.182	0.8996	sp|F4KDA5|MIP_ARATH Mitochondrial intermediate peptidase, mitochondrial OS=Arabidopsis thaliana OX=3702 GN=OCT1 PE=3 SV=1
g9732	246.7	0.2296	0.283	0.8249	
g5890	201.4	0.1269	0.101	0.9473	
g324	250.2	0.2383	0.392	0.5252	
g2779	228.0	0.1877	0.145	0.9264	sp|A8CVX7|TTLL6_DANRE Tubulin polyglutamylase ttll6 OS=Danio rerio OX=7955 GN=ttll6 PE=2 SV=1
g10198	221.8	0.1736	-0.158	0.9124	sp|Q54YW8|RPAB3_DICDI DNA-directed RNA polymerases I, II, and III subunit rpabc3 OS=Dictyostelium discoideum OX=44689 GN=polr2h PE=3 SV=1
g1194	285.3	0.3196	-0.134	0.9063	sp|Q9LRN8|RK3B_ARATH Large ribosomal subunit protein uL3m OS=Arabidopsis thaliana OX=3702 GN=RPL3B PE=1 SV=1
g6542	165.2	0.0448	-0.023	0.9856	sp|Q8W4D0|CPY71_ARATH Peptidyl-prolyl cis-trans isomerase CYP71 OS=Arabidopsis thaliana OX=3702 GN=CYP71 PE=1 SV=1
g10447	263.3	0.2694	0.472	0.3347	
g6514	247.1	0.2339	0.546	0.3520	
g996	210.4	0.1497	-0.239	0.8101	sp|P49020|TMED2_CRIGR Transmembrane emp24 domain-containing protein 2 (Fragment) OS=Cricetulus griseus OX=10029 GN=TMED2 PE=1 SV=1
g9116	243.0	0.2246	0.521	0.3802	sp|Q54DY7|SCPL1_DICDI Serine carboxypeptidase S10 family member 1 OS=Dictyostelium discoideum OX=44689 GN=DDB_G0291912 PE=3 SV=1
g11581	173.0	0.0640	-0.109	0.9417	sp|Q6P632|NAA20_XENTR N-alpha-acetyltransferase 20 OS=Xenopus tropicalis OX=8364 GN=naa20 PE=2 SV=1
g7509	377.2	0.5333	-0.474	0.6140	
g3301	319.7	0.4022	0.359	0.5059	
g14213	253.7	0.2508	0.278	0.7016	
g7048	250.9	0.2448	-0.472	0.5604	
g9928	224.7	0.1849	-0.183	0.8567	
g10837	209.8	0.1508	-0.099	0.9439	sp|Q5ZKR7|ACBG2_CHICK Long-chain-fatty-acid--CoA ligase ACSBG2 OS=Gallus gallus OX=9031 GN=ACSBG2 PE=2 SV=2
g3968	234.6	0.2083	0.236	0.7916	sp|Q0P5W1|VPS8_MOUSE Vacuolar protein sorting-associated protein 8 homolog OS=Mus musculus OX=10090 GN=Vps8 PE=1 SV=1
g13991	258.3	0.2631	0.218	0.8335	sp|O26715|OGT_METTH Methylated-DNA--protein-cysteine methyltransferase OS=Methanothermobacter thermautotrophicus (strain ATCC 29096 / DSM 1053 / JCM 10044 / NBRC 100330 / Delta H) OX=187420 GN=ogt PE=3 SV=1
g3092	186.9	0.0984	0.226	0.8162	
g8715	642.6	1.1512	2.466	0.0517	sp|O80763|NRX1_ARATH Probable nucleoredoxin 1 OS=Arabidopsis thaliana OX=3702 GN=At1g60420 PE=1 SV=1
g5302	303.5	0.3682	-0.496	0.5904	
g909	222.7	0.1815	0.378	0.6105	sp|O15530|PDPK1_HUMAN 3-phosphoinositide-dependent protein kinase 1 OS=Homo sapiens OX=9606 GN=PDPK1 PE=1 SV=1
g11239	323.9	0.4160	-0.919	0.0535	sp|P06876|MYB_MOUSE Transcriptional activator Myb OS=Mus musculus OX=10090 GN=Myb PE=1 SV=2
g8711	266.6	0.2834	0.298	0.7263	
g4463	193.2	0.1136	0.126	0.9322	sp|Q75UQ2|CFDP1_RAT Heterochromatin-stabilizing protein CFDP1 OS=Rattus norvegicus OX=10116 GN=Cfdp1 PE=1 SV=1
g2891	192.1	0.1110	0.040	0.9809	sp|Q8LA32|LUL4_ARATH Probable E3 ubiquitin-protein ligase LUL4 OS=Arabidopsis thaliana OX=3702 GN=LUL4 PE=2 SV=1
g5632	271.8	0.2955	-0.419	0.4232	
g9384	225.2	0.1877	0.192	0.8519	sp|Q9NX74|DUS2_HUMAN tRNA-dihydrouridine(20) synthase [NAD(P)+]-like OS=Homo sapiens OX=9606 GN=DUS2 PE=1 SV=1
g2953	334.1	0.4399	0.810	0.1022	
g9085	198.1	0.1254	0.026	0.9849	sp|Q8NI08|NCOA7_HUMAN Nuclear receptor coactivator 7 OS=Homo sapiens OX=9606 GN=NCOA7 PE=1 SV=2
g4804	176.8	0.0761	0.189	0.8641	sp|P57760|STK16_RAT Serine/threonine-protein kinase 16 OS=Rattus norvegicus OX=10116 GN=Stk16 PE=2 SV=2
g6965	266.1	0.2830	0.282	0.7874	
g7072	260.6	0.2703	0.524	0.2384	sp|Q5Z922|S40A1_ORYSJ Solute carrier family 40 member 1 OS=Oryza sativa subsp. japonica OX=39947 GN=Os06g0560000 PE=2 SV=1
g14301	198.5	0.1267	0.178	0.8801	sp|O60499|STX10_HUMAN Syntaxin-10 OS=Homo sapiens OX=9606 GN=STX10 PE=1 SV=1
g4610	218.8	0.1737	0.326	0.6545	sp|Q32LJ2|ARFRP_BOVIN ADP-ribosylation factor-related protein 1 OS=Bos taurus OX=9913 GN=ARFRP1 PE=2 SV=1
g13953	216.7	0.1691	0.063	0.9666	sp|Q8LGU6|CD27B_ARATH Cell division cycle protein 27 homolog B OS=Arabidopsis thaliana OX=3702 GN=CDC27B PE=1 SV=1
g14806	219.1	0.1747	0.009	0.9944	sp|Q6H7J5|RFA2B_ORYSJ Replication protein A 32 kDa subunit B OS=Oryza sativa subsp. japonica OX=39947 GN=RPA2B PE=1 SV=1
g13755	265.9	0.2833	-0.276	0.8030	
g10439	269.6	0.2922	0.436	0.4844	
g4684	211.7	0.1578	0.013	0.9926	sp|Q9U9A3|PPP6_DICDI Serine/threonine-protein phosphatase 6 catalytic subunit OS=Dictyostelium discoideum OX=44689 GN=ppp6c PE=2 SV=2
g11395	221.7	0.1813	-0.298	0.6963	sp|P61962|DCAF7_HUMAN DDB1- and CUL4-associated factor 7 OS=Homo sapiens OX=9606 GN=DCAF7 PE=1 SV=1
g12607	246.5	0.2390	-0.553	0.2866	sp|B2GUS6|KDM8_XENTR Lysine-specific demethylase 8 OS=Xenopus tropicalis OX=8364 GN=kdm8 PE=2 SV=1
g15015	193.1	0.1151	-0.096	0.9453	sp|B0UBD4|GPMA_METS4 2,3-bisphosphoglycerate-dependent phosphoglycerate mutase OS=Methylobacterium sp. (strain 4-46) OX=426117 GN=gpmA PE=3 SV=1
g9710	184.9	0.0965	0.034	0.9831	
g4186	199.6	0.1306	-0.250	0.8036	sp|B9DG24|TAF7_ARATH Transcription initiation factor TFIID subunit 7 OS=Arabidopsis thaliana OX=3702 GN=TAF7 PE=1 SV=1
g5318	258.2	0.2669	0.157	0.9184	sp|Q552W5|CCHL_DICDI Probable holocytochrome-c-type synthase OS=Dictyostelium discoideum OX=44689 GN=cchl PE=3 SV=1
g3330	197.2	0.1253	0.173	0.8758	sp|Q7TP52|CMBL_RAT Carboxymethylenebutenolidase homolog OS=Rattus norvegicus OX=10116 GN=Cmbl PE=2 SV=1
g3862	209.1	0.1531	-0.387	0.5701	
g5628	165.0	0.0507	0.025	0.9849	sp|P54168|YPGQ_BACSU Uncharacterized protein YpgQ OS=Bacillus subtilis (strain 168) OX=224308 GN=ypgQ PE=4 SV=1
g13296	394.3	0.5846	0.664	0.2232	
g2557	165.8	0.0528	0.128	0.9264	
g6672	409.3	0.6197	0.593	0.2776	
g6867	209.5	0.1545	-0.295	0.7031	sp|Q557M8|T2EA_DICDI General transcription factor IIE subunit 1 OS=Dictyostelium discoideum OX=44689 GN=gtf2e1-1 PE=3 SV=1
g12224	232.3	0.2082	-0.002	0.9978	sp|Q9YHB5|CND3_XENLA Condensin complex subunit 3 OS=Xenopus laevis OX=8355 GN=ncapg PE=1 SV=1
g14076	193.0	0.1169	-0.272	0.7470	sp|Q8VZL6|SWC4_ARATH SWR1-complex protein 4 OS=Arabidopsis thaliana OX=3702 GN=SWC4 PE=1 SV=1
g12936	353.1	0.4904	0.409	0.7378	sp|F4I507|MYO3_ARATH Myosin-3 OS=Arabidopsis thaliana OX=3702 GN=VIII-A PE=2 SV=1
g1116	203.0	0.1407	-0.306	0.7255	sp|Q9BT23|LIMD2_HUMAN LIM domain-containing protein 2 OS=Homo sapiens OX=9606 GN=LIMD2 PE=1 SV=1
g14517	301.8	0.3716	0.598	0.4406	
g13369	202.8	0.1410	0.269	0.7500	sp|Q6F3I7|DAP4_PSEMX Dipeptidyl aminopeptidase 4 OS=Pseudoxanthomonas mexicana OX=128785 GN=dap4 PE=1 SV=1
g14895	216.9	0.1744	-0.037	0.9827	
g11294	221.8	0.1870	-0.116	0.9439	
g10858	211.5	0.1629	0.040	0.9788	
g13248	238.3	0.2260	-0.544	0.2705	sp|A0A125YS62|IF4E_TOXGM Eukaryotic initiation factor eIF4E1 OS=Toxoplasma gondii (strain ATCC 50611 / Me49) OX=508771 GN=EIF4E1 PE=1 SV=1
g1080	212.0	0.1643	-0.194	0.8623	
g15301	214.5	0.1704	0.208	0.8360	sp|F4KBM7|AVT6B_ARATH Amino acid transporter AVT6B OS=Arabidopsis thaliana OX=3702 GN=AVT6B PE=3 SV=1
g12467	204.6	0.1478	-0.306	0.7265	sp|P41214|EIF2D_HUMAN Eukaryotic translation initiation factor 2D OS=Homo sapiens OX=9606 GN=EIF2D PE=1 SV=3
g13048	295.9	0.3623	0.141	0.9093	sp|Q23571|ODB2_CAEEL Lipoamide acyltransferase component of branched-chain alpha-keto acid dehydrogenase complex, mitochondrial OS=Caenorhabditis elegans OX=6239 GN=dbt-1 PE=2 SV=1
g6572	187.1	0.1066	0.069	0.9614	sp|Q9HC58|NCKX3_HUMAN Sodium/potassium/calcium exchanger 3 OS=Homo sapiens OX=9606 GN=SLC24A3 PE=1 SV=4
g13459	362.1	0.5182	0.694	0.1954	
g13637	232.5	0.2146	-0.108	0.9370	sp|A9UZS7|BOP1_MONBE Ribosome biogenesis protein BOP1 homolog OS=Monosiga brevicollis OX=81824 GN=37129 PE=3 SV=1
g4454	229.6	0.2076	-0.096	0.9446	sp|Q561R2|ADAT3_RAT tRNA-specific adenosine-34 deaminase regulatory subunit ADAT3 OS=Rattus norvegicus OX=10116 GN=Adat3 PE=2 SV=1
g10601	272.2	0.3083	-0.790	0.0561	
g1694	171.2	0.0704	-0.001	0.9993	sp|O81884|GALDH_ARATH L-galactose dehydrogenase OS=Arabidopsis thaliana OX=3702 GN=LGALDH PE=1 SV=1
g14549	197.6	0.1332	0.272	0.7495	
g4750	182.9	0.0991	-0.104	0.9439	sp|Q8HXM1|CSTF2_BOVIN Cleavage stimulation factor subunit 2 OS=Bos taurus OX=9913 GN=CSTF2 PE=2 SV=1
g13650	259.3	0.2798	0.075	0.9614	
g13592	227.8	0.2052	-0.094	0.9457	sp|Q9SK39|SBP3_ARATH Probable steroid-binding protein 3 OS=Arabidopsis thaliana OX=3702 GN=MP3 PE=1 SV=1
g2626	272.8	0.3118	0.631	0.2837	sp|Q9AWZ8|PANB1_ORYSJ 3-methyl-2-oxobutanoate hydroxymethyltransferase 1, mitochondrial OS=Oryza sativa subsp. japonica OX=39947 GN=KPHMT1 PE=2 SV=1
g925	209.1	0.1617	-0.037	0.9831	sp|Q6BF16|DGOA_ECOLI 2-dehydro-3-deoxy-6-phosphogalactonate aldolase OS=Escherichia coli (strain K12) OX=83333 GN=dgoA PE=1 SV=1
g14061	193.4	0.1247	-0.052	0.9713	
g1782	215.3	0.1765	0.167	0.8890	sp|A7Z056|UBP20_BOVIN Ubiquitin carboxyl-terminal hydrolase 20 OS=Bos taurus OX=9913 GN=USP20 PE=2 SV=1
g4010	202.9	0.1475	0.209	0.8585	
g7277	438.6	0.7065	0.671	0.2997	sp|P34205|PHR_CARAU Deoxyribodipyrimidine photo-lyase OS=Carassius auratus OX=7957 GN=phr PE=2 SV=1
g9424	230.2	0.2124	0.450	0.4526	sp|Q6P8I6|COX11_MOUSE Cytochrome c oxidase assembly protein COX11, mitochondrial OS=Mus musculus OX=10090 GN=Cox11 PE=1 SV=1
g8697	187.9	0.1123	-0.237	0.8017	
g3427	200.1	0.1416	-0.109	0.9362	sp|Q59XV0|SET2_CANAL Histone-lysine N-methyltransferase, H3 lysine-36 specific OS=Candida albicans (strain SC5314 / ATCC MYA-2876) OX=237561 GN=SET2 PE=3 SV=1
g14223	264.6	0.2950	0.338	0.7262	sp|O57175|RIR2_VACCA Ribonucleoside-diphosphate reductase small chain OS=Vaccinia virus (strain Ankara) OX=126794 GN=OPG048 PE=2 SV=1
g3848	213.9	0.1747	-0.373	0.6224	
g194	236.2	0.2280	0.613	0.1480	sp|Q8VZ10|SOQ1_ARATH Protein SUPPRESSOR OF QUENCHING 1, chloroplastic OS=Arabidopsis thaliana OX=3702 GN=SOQ1 PE=1 SV=1
g5478	218.6	0.1862	-0.266	0.7804	
g11535	231.7	0.2180	-0.287	0.7433	sp|Q7YXD4|P80_DICDI Protein P80 OS=Dictyostelium discoideum OX=44689 GN=p80 PE=2 SV=1
g2185	205.8	0.1565	-0.399	0.5613	
g1692	247.4	0.2556	0.262	0.7391	
g10568	224.8	0.2019	-0.051	0.9713	sp|Q5HZ38|GRIK2_ARATH Serine/threonine-protein kinase GRIK2 OS=Arabidopsis thaliana OX=3702 GN=GRIK2 PE=1 SV=1
g10663	162.3	0.0537	0.005	0.9974	sp|P40692|MLH1_HUMAN DNA mismatch repair protein Mlh1 OS=Homo sapiens OX=9606 GN=MLH1 PE=1 SV=1
g8891	233.6	0.2237	-0.524	0.3809	sp|Q7T291|ADPRM_DANRE Manganese-dependent ADP-ribose/CDP-alcohol diphosphatase OS=Danio rerio OX=7955 GN=adprm PE=1 SV=1
g4695	209.4	0.1662	-0.074	0.9570	
g1213	228.2	0.2114	-0.104	0.9432	
g6274	306.3	0.3979	0.783	0.0878	sp|Q9QZU7|BODG_RAT Gamma-butyrobetaine dioxygenase OS=Rattus norvegicus OX=10116 GN=Bbox1 PE=1 SV=1
g9777	168.5	0.0695	0.094	0.9487	sp|Q058N4|MRS2B_ARATH Magnesium transporter MRS2-11, chloroplastic OS=Arabidopsis thaliana OX=3702 GN=MRS2-11 PE=1 SV=1
g8103	237.1	0.2335	-0.642	0.1474	
g611	223.1	0.2000	0.284	0.7773	sp|Q9FG93|MNS4_ARATH Alpha-mannosidase I MNS4 OS=Arabidopsis thaliana OX=3702 GN=MNS4 PE=1 SV=1
g10899	214.0	0.1784	-0.197	0.8478	sp|A2A259|PK2L1_MOUSE Polycystin-2-like protein 1 OS=Mus musculus OX=10090 GN=Pkd2l1 PE=1 SV=1
g5094	264.1	0.2984	-0.795	0.1182	sp|Q8N0N9|ODH_HALDH Opine dehydrogenase OS=Haliotis discus hannai OX=42344 GN=tadh PE=2 SV=1
g8439	183.0	0.1044	0.124	0.9264	
g362	182.6	0.1038	0.132	0.9177	
g4600	238.0	0.2366	-0.176	0.9004	sp|Q9Y6D6|BIG1_HUMAN Brefeldin A-inhibited guanine nucleotide-exchange protein 1 OS=Homo sapiens OX=9606 GN=ARFGEF1 PE=1 SV=2
g15859	423.4	0.6805	0.024	0.9851	sp|P50567|H2A_CHLRE Histone H2A OS=Chlamydomonas reinhardtii OX=3055 GN=H2A-II PE=3 SV=1
g13141	230.3	0.2187	0.050	0.9692	sp|P28266|NODL_RHIME Nodulation protein L OS=Rhizobium meliloti (strain 1021) OX=266834 GN=nodL PE=3 SV=1
g8470	224.1	0.2038	-0.335	0.7408	sp|P55809|SCOT1_HUMAN Succinyl-CoA:3-ketoacid coenzyme A transferase 1, mitochondrial OS=Homo sapiens OX=9606 GN=OXCT1 PE=1 SV=1
g7562	295.2	0.3745	-0.114	0.9558	sp|Q9SR52|UREA_ARATH Urease OS=Arabidopsis thaliana OX=3702 GN=URE PE=1 SV=1
g4294	209.5	0.1694	0.070	0.9621	sp|O88387|FGD4_RAT FYVE, RhoGEF and PH domain-containing protein 4 OS=Rattus norvegicus OX=10116 GN=Fgd4 PE=1 SV=1
g2948	228.1	0.2139	-0.413	0.5701	sp|O76054|S14L2_HUMAN SEC14-like protein 2 OS=Homo sapiens OX=9606 GN=SEC14L2 PE=1 SV=1
g4903	272.6	0.3209	-0.342	0.5901	sp|Q50568|FDHC_METTF Probable formate transporter OS=Methanothermobacter thermautotrophicus OX=145262 GN=fdhC PE=3 SV=1
g15882	182.5	0.1046	-0.226	0.8249	sp|A0A8I3S724|AURKA_CANLF Aurora kinase A OS=Canis lupus familiaris OX=9615 GN=AURKA PE=1 SV=1
g7120	328.3	0.4547	0.414	0.4556	sp|F4JYJ3|SFH11_ARATH Phosphatidylinositol/phosphatidylcholine transfer protein SFH11 OS=Arabidopsis thaliana OX=3702 GN=SFH11 PE=3 SV=1
g13099	478.1	0.8145	1.189	0.1829	
g5857	221.9	0.1997	0.365	0.6469	sp|P40986|CDC1_YEAST Cell division control protein 1 OS=Saccharomyces cerevisiae (strain ATCC 204508 / S288c) OX=559292 GN=CDC1 PE=1 SV=2
g5640	237.8	0.2380	0.323	0.6532	sp|Q8ESX3|RHAM_OCEIH L-rhamnose mutarotase OS=Oceanobacillus iheyensis (strain DSM 14371 / CIP 107618 / JCM 11309 / KCTC 3954 / HTE831) OX=221109 GN=rhaM PE=3 SV=1
g9359	203.3	0.1554	0.147	0.9151	sp|Q54YS0|Y8111_DICDI DNA-binding protein DDB_G0278111 OS=Dictyostelium discoideum OX=44689 GN=DDB_G0278111 PE=3 SV=2
g7089	229.2	0.2179	-0.513	0.2854	sp|Q6NRM7|CHMP3_XENLA Charged multivesicular body protein 3 OS=Xenopus laevis OX=8355 GN=chmp3 PE=2 SV=3
g6959	279.2	0.3385	0.610	0.1775	sp|S6F527|EAT17_CAEEL Rab GTPase-activating protein eat-17 OS=Caenorhabditis elegans OX=6239 GN=eat-17 PE=1 SV=1
g7066	192.8	0.1310	0.144	0.9135	sp|A3KN22|UBC12_BOVIN NEDD8-conjugating enzyme Ubc12 OS=Bos taurus OX=9913 GN=UBE2M PE=2 SV=1
g7070	209.2	0.1707	0.262	0.7811	
g14592	219.0	0.1950	0.137	0.9151	sp|Q56X76|RH39_ARATH DEAD-box ATP-dependent RNA helicase 39 OS=Arabidopsis thaliana OX=3702 GN=RH39 PE=2 SV=2
g7090	215.0	0.1853	0.004	0.9974	
g13580	246.3	0.2609	0.441	0.5083	sp|P54677|PI4K_DICDI Phosphatidylinositol 4-kinase OS=Dictyostelium discoideum OX=44689 GN=pikD PE=3 SV=3
g13572	231.4	0.2250	-0.137	0.9114	sp|Q9LZE4|FAD1_ARATH Bifunctional cytosolic FAD synthase/FAD diphosphatase-like OS=Arabidopsis thaliana OX=3702 GN=FADS1 PE=1 SV=1
g9971	263.6	0.3040	0.340	0.6879	sp|P15705|STI1_YEAST Heat shock protein STI1 OS=Saccharomyces cerevisiae (strain ATCC 204508 / S288c) OX=559292 GN=STI1 PE=1 SV=1
g3870	200.2	0.1513	-0.248	0.7916	sp|O13793|FSF1_SCHPO Sideroflexin fsf1 OS=Schizosaccharomyces pombe (strain 972 / ATCC 24843) OX=284812 GN=fsf1 PE=3 SV=2
g5684	220.2	0.1996	-0.106	0.9390	sp|Q9ZUN8|HTD1_ARATH Protein HEAT STRESS TOLERANT DWD 1 OS=Arabidopsis thaliana OX=3702 GN=HTD1 PE=1 SV=1
g6371	384.1	0.5964	-0.589	0.2384	sp|P14646|PDE4B_RAT 3',5'-cyclic-AMP phosphodiesterase 4B OS=Rattus norvegicus OX=10116 GN=Pde4b PE=1 SV=4
g3185	187.2	0.1199	0.047	0.9740	
g3423	189.8	0.1266	0.075	0.9623	sp|Q683D5|PUB37_ARATH U-box domain-containing protein 37 OS=Arabidopsis thaliana OX=3702 GN=PUB37 PE=2 SV=1
g13225	178.5	0.0992	0.026	0.9849	sp|Q8VCX2|S35H1_MOUSE Solute carrier family 35 member H1 OS=Mus musculus OX=10090 GN=Slc35h1 PE=1 SV=1
g14440	226.3	0.2152	0.254	0.8162	sp|Q9WZ31|CORA_THEMA Cobalt/magnesium transport protein CorA OS=Thermotoga maritima (strain ATCC 43589 / DSM 3109 / JCM 10099 / NBRC 100826 / MSB8) OX=243274 GN=corA PE=1 SV=1
g12677	236.1	0.2392	-0.668	0.1138	
g2941	252.1	0.2782	0.328	0.6531	sp|Q9WVF7|DPOE1_MOUSE DNA polymerase epsilon catalytic subunit A OS=Mus musculus OX=10090 GN=Pole PE=1 SV=3
g1208	214.1	0.1864	0.492	0.3531	sp|Q9W133|ADCK_DROME AarF domain-containing kinase 1 OS=Drosophila melanogaster OX=7227 GN=Adck1 PE=1 SV=2
g6151	300.1	0.3956	0.223	0.8949	sp|A0A0A1GKA2|CRTD_HALJT Carotenoid 3,4-desaturase OS=Haloarcula japonica (strain ATCC 49778 / DSM 6131 / JCM 7785 / NBRC 101032 / NCIMB 13157 / TR-1) OX=1227453 GN=crtD PE=1 SV=1
g10209	228.6	0.2221	0.315	0.6566	sp|Q6P4S2|SHIP1_XENLA Phosphatidylinositol 3,4,5-trisphosphate 5-phosphatase 1 OS=Xenopus laevis OX=8355 GN=inpp5d PE=2 SV=1
g3335	223.6	0.2100	0.109	0.9457	sp|P38166|SFT2_YEAST Protein transport protein SFT2 OS=Saccharomyces cerevisiae (strain ATCC 204508 / S288c) OX=559292 GN=SFT2 PE=1 SV=1
g9349	235.8	0.2400	-0.522	0.4670	
g4637	192.7	0.1352	-0.330	0.6652	sp|B8AVX5|IPK1_ORYSI Inositol-pentakisphosphate 2-kinase IPK1 OS=Oryza sativa subsp. indica OX=39946 GN=IPK1 PE=3 SV=1
g4239	208.1	0.1730	-0.029	0.9848	
g4434	183.3	0.1129	-0.146	0.9135	sp|Q10L01|ZDHC9_ORYSJ Protein S-acyltransferase DHHC9 OS=Oryza sativa subsp. japonica OX=39947 GN=DHHC9 PE=1 SV=1
g9161	180.9	0.1072	-0.130	0.9293	
g6421	235.4	0.2400	0.649	0.1657	
g4508	275.9	0.3390	0.636	0.1852	sp|P80035|LIPF_CANLF Gastric triacylglycerol lipase OS=Canis lupus familiaris OX=9615 GN=LIPF PE=1 SV=2
g595	220.9	0.2049	-0.534	0.3019	sp|G0RYR3|MRE11_THET3 Double-strand break repair protein MRE11 OS=Thermochaetoides thermophila (strain DSM 1495 / CBS 144.50 / DAOM 24625 / IMI 039719) OX=759272 GN=MRE11 PE=1 SV=1
g1669	296.7	0.3897	0.640	0.3271	sp|Q9LI83|ALA10_ARATH Phospholipid-transporting ATPase 10 OS=Arabidopsis thaliana OX=3702 GN=ALA10 PE=3 SV=1
g3997	273.7	0.3337	-0.060	0.9689	
g11311	189.3	0.1287	0.291	0.7361	sp|Q8I4V8|FKB35_PLAF7 Peptidyl-prolyl cis-trans isomerase FKBP35 OS=Plasmodium falciparum (isolate 3D7) OX=36329 GN=FKBP35 PE=1 SV=1
g11918	197.2	0.1480	-0.045	0.9742	sp|Q2H102|BST1_CHAGB GPI inositol-deacylase OS=Chaetomium globosum (strain ATCC 6205 / CBS 148.51 / DSM 1962 / NBRC 6347 / NRRL 1970) OX=306901 GN=BST1 PE=3 SV=2
g11785	157.0	0.0501	0.091	0.9509	sp|Q6Z4T5|POLIA_ORYSJ DNA polymerase I A, chloroplastic OS=Oryza sativa subsp. japonica OX=39947 GN=Os08g0175300 PE=2 SV=1
g10472	220.0	0.2043	-0.420	0.5014	sp|Q2YDE3|GOT1B_BOVIN Vesicle transport protein GOT1B OS=Bos taurus OX=9913 GN=GOLT1B PE=2 SV=1
g1784	191.3	0.1343	0.226	0.8237	
g15234	190.0	0.1314	-0.025	0.9851	sp|Q9NP79|VTA1_HUMAN Vacuolar protein sorting-associated protein VTA1 homolog OS=Homo sapiens OX=9606 GN=VTA1 PE=1 SV=1
g11895	157.8	0.0529	-0.012	0.9926	sp|Q28J44|S39AB_XENTR Zinc transporter ZIP11 OS=Xenopus tropicalis OX=8364 GN=slc39a11 PE=2 SV=1
g488	165.9	0.0733	0.090	0.9526	sp|P0CM96|CWC22_CRYD1 Pre-mRNA-splicing factor CWC22 OS=Cryptococcus deneoformans (strain JEC21 / ATCC MYA-565) OX=214684 GN=CWC22 PE=3 SV=1
g3047	187.5	0.1269	0.147	0.9179	sp|A0A3A6N9T6|SQWD_ACHSX Sulfoacetaldehyde dehydrogenase OS=Acholeplasma sp. OX=33015 GN=sqwD PE=1 SV=1
g6083	181.6	0.1127	-0.053	0.9713	
g5511	231.6	0.2358	-0.124	0.9359	
g6223	204.5	0.1694	0.434	0.5039	sp|O58403|RACD_PYRHO Aspartate racemase OS=Pyrococcus horikoshii (strain ATCC 700860 / DSM 12428 / JCM 9974 / NBRC 100139 / OT-3) OX=70601 GN=PH0670 PE=1 SV=1
g2918	172.6	0.0911	0.140	0.9165	
g14714	591.6	1.1218	1.119	0.1840	sp|Q9C6M2|LHTL6_ARATH Lysine histidine transporter-like 6 OS=Arabidopsis thaliana OX=3702 GN=At1g25530 PE=2 SV=1
g374	279.2	0.3535	0.637	0.3447	
g6789	283.1	0.3635	0.852	0.0950	
g4538	198.2	0.1548	0.195	0.8585	sp|Q9LRZ5|PLDZ1_ARATH Phospholipase D zeta 1 OS=Arabidopsis thaliana OX=3702 GN=PLDZETA1 PE=1 SV=1
g1031	183.6	0.1192	-0.033	0.9848	sp|Q9Y256|FACE2_HUMAN CAAX prenyl protease 2 OS=Homo sapiens OX=9606 GN=RCE1 PE=1 SV=1
g6553	189.3	0.1333	-0.152	0.9114	sp|Q54DW2|ERGI3_DICDI Probable endoplasmic reticulum-Golgi intermediate compartment protein 3 OS=Dictyostelium discoideum OX=44689 GN=ergic3 PE=3 SV=1
g2770	210.8	0.1862	0.297	0.7025	
g11579	193.8	0.1445	-0.023	0.9880	sp|Q9P7E8|APP1_SCHPO Protein app1 OS=Schizosaccharomyces pombe (strain 972 / ATCC 24843) OX=284812 GN=app1 PE=2 SV=1
g15128	237.8	0.2529	-0.266	0.8552	
g1833	211.8	0.1893	-0.405	0.5858	
g1219	246.0	0.2737	0.002	0.9982	
g381	184.7	0.1225	0.306	0.7105	
g5396	197.4	0.1541	0.289	0.7694	sp|Q54EY2|EI2BB_DICDI Translation initiation factor eIF2B subunit beta OS=Dictyostelium discoideum OX=44689 GN=eif2b2 PE=3 SV=1
g2093	219.3	0.2087	0.258	0.7920	
g8600	535.9	0.9913	0.854	0.3962	
g12978	241.3	0.2635	0.142	0.9135	sp|A8NEP3|TRP_COPC7 Tryptophan synthase OS=Coprinopsis cinerea (strain Okayama-7 / 130 / ATCC MYA-4618 / FGSC 9003) OX=240176 GN=TRP-1 PE=3 SV=2
g10066	174.2	0.0976	0.202	0.8563	sp|Q54SW3|GRLF_DICDI Metabotropic glutamate receptor-like protein F OS=Dictyostelium discoideum OX=44689 GN=grlF PE=2 SV=1
g14604	197.9	0.1564	0.186	0.8666	sp|Q2W7M7|DER_PARM1 GTPase Der OS=Paramagnetospirillum magneticum (strain ATCC 700264 / AMB-1) OX=342108 GN=der PE=3 SV=1
g11020	164.1	0.0730	0.126	0.9299	sp|Q9VDE6|EXOC6_DROME Exocyst complex component 6 OS=Drosophila melanogaster OX=7227 GN=Sec15 PE=1 SV=1
g12717	208.9	0.1841	-0.072	0.9666	sp|Q55GQ6|UPP_DICDI Uracil phosphoribosyltransferase OS=Dictyostelium discoideum OX=44689 GN=uprt PE=3 SV=1
g4766	183.1	0.1204	0.266	0.7716	sp|O60308|CE104_HUMAN Centrosomal protein of 104 kDa OS=Homo sapiens OX=9606 GN=CEP104 PE=1 SV=1
g2933	246.4	0.2778	-0.619	0.2611	sp|Q899I8|KPRS_CLOTE Ribose-phosphate pyrophosphokinase OS=Clostridium tetani (strain Massachusetts / E88) OX=212717 GN=prs PE=3 SV=1
g1083	188.8	0.1348	0.012	0.9923	
g9176	183.5	0.1219	0.037	0.9816	sp|Q6DFV1|CNDG2_MOUSE Condensin-2 complex subunit G2 OS=Mus musculus OX=10090 GN=Ncapg2 PE=1 SV=2
g3991	192.4	0.1441	-0.122	0.9293	
g13143	207.7	0.1823	0.291	0.7150	sp|Q9VAD6|COG7_DROME Conserved oligomeric Golgi complex subunit 7 OS=Drosophila melanogaster OX=7227 GN=Cog7 PE=2 SV=2
g8425	234.7	0.2494	-0.191	0.8895	
g7560	195.5	0.1523	0.028	0.9848	
g12002	252.1	0.2927	0.065	0.9649	
g4721	360.1	0.5616	-0.384	0.5844	
g13596	225.5	0.2270	-0.396	0.6242	sp|Q9ZUM2|TOM3_ARATH Tobamovirus multiplication protein 3 OS=Arabidopsis thaliana OX=3702 GN=TOM3 PE=1 SV=2
g15979	218.9	0.2109	0.107	0.9439	
g15505	183.2	0.1226	-0.164	0.9015	sp|Q68UI8|CCD61_CHLRE Variable flagella 3 OS=Chlamydomonas reinhardtii OX=3055 GN=VFL3 PE=1 SV=1
g4882	233.1	0.2467	-0.074	0.9609	sp|B8G643|PANC_CHLAD Pantothenate synthetase OS=Chloroflexus aggregans (strain MD-66 / DSM 9485) OX=326427 GN=panC PE=3 SV=1
g9258	470.3	0.8371	0.652	0.3051	sp|P23586|STP1_ARATH Sugar transport protein 1 OS=Arabidopsis thaliana OX=3702 GN=STP1 PE=1 SV=2
g7396	198.4	0.1606	0.257	0.7803	
g541	291.8	0.3939	-0.810	0.1663	sp|Q1JPH6|IF4H_BOVIN Eukaryotic translation initiation factor 4H OS=Bos taurus OX=9913 GN=EIF4H PE=2 SV=1
g11126	168.4	0.0863	0.049	0.9740	
g14194	209.5	0.1891	0.452	0.4399	sp|Q9M8Z7|U80A2_ARATH Sterol 3-beta-glucosyltransferase UGT80A2 OS=Arabidopsis thaliana OX=3702 GN=UGT80A2 PE=1 SV=1
g11090	163.5	0.0743	0.081	0.9580	
g4818	211.9	0.1954	-0.289	0.7105	
g10520	195.2	0.1539	-0.026	0.9851	sp|Q0WQQ1|AGD15_ARATH Probable ADP-ribosylation factor GTPase-activating protein AGD15 OS=Arabidopsis thaliana OX=3702 GN=AGD15 PE=2 SV=1
g9787	194.1	0.1513	0.210	0.8525	sp|Q969N2|PIGT_HUMAN GPI-anchor transamidase component PIGT OS=Homo sapiens OX=9606 GN=PIGT PE=1 SV=1
g6323	202.9	0.1733	0.201	0.8809	sp|Q556J2|KDSR_DICDI 3-ketodihydrosphingosine reductase OS=Dictyostelium discoideum OX=44689 GN=ksrA-1 PE=3 SV=1
g6927	208.5	0.1875	-0.131	0.9349	sp|Q67XQ0|Y4424_ARATH DUF21 domain-containing protein At4g14240 OS=Arabidopsis thaliana OX=3702 GN=CBSDUF1 PE=1 SV=1
g6865	190.6	0.1430	0.035	0.9823	sp|Q95ZG3|SPC97_DICDI Spindle pole body component 97 OS=Dictyostelium discoideum OX=44689 GN=spc97 PE=2 SV=2
g3538	216.4	0.2079	-0.448	0.4674	sp|Q869T9|EKIA_DICDI Probable ethanolamine kinase A OS=Dictyostelium discoideum OX=44689 GN=etnkA PE=3 SV=1
g15591	201.1	0.1699	0.227	0.8391	sp|Q7K237|C1GLT_DROME Glycoprotein-N-acetylgalactosamine 3-beta-galactosyltransferase 1 OS=Drosophila melanogaster OX=7227 GN=C1GalTA PE=1 SV=1
g4581	217.7	0.2112	-0.127	0.9179	sp|O42940|PHO88_SCHPO SRP-independent targeting protein 3 homolog OS=Schizosaccharomyces pombe (strain 972 / ATCC 24843) OX=284812 GN=pho88 PE=3 SV=2
g1598	196.2	0.1578	0.042	0.9811	sp|A0A0K2JKU1|AHBM_STRCM 3-amino-4-hydroxybenzoate 2-monooxygenase OS=Streptomyces cremeus OX=66881 GN=creL PE=1 SV=1
g6936	207.5	0.1862	0.319	0.6936	
g12925	196.5	0.1587	0.110	0.9359	
g11155	205.7	0.1823	-0.338	0.6402	sp|P0AG14|SOHB_ECOLI Probable protease SohB OS=Escherichia coli (strain K12) OX=83333 GN=sohB PE=1 SV=1
g12699	199.5	0.1667	-0.218	0.8585	sp|Q2RAP0|GLDH1_ORYSJ L-galactono-1,4-lactone dehydrogenase 1, mitochondrial OS=Oryza sativa subsp. japonica OX=39947 GN=GLDH1 PE=2 SV=1
g13806	186.4	0.1341	0.279	0.7603	sp|Q2R2P7|KN7L_ORYSJ Kinesin-like protein KIN-7L OS=Oryza sativa subsp. japonica OX=39947 GN=KIN7L PE=2 SV=1
g8801	339.5	0.5184	0.638	0.0929	
g5143	197.1	0.1611	0.316	0.7314	sp|F4JNY0|APE2_ARATH DNA-(apurinic or apyrimidinic site) endonuclease 2 OS=Arabidopsis thaliana OX=3702 GN=APE2 PE=1 SV=1
g7312	289.7	0.3938	0.285	0.7603	sp|A4L691|PINX1_RAT PIN2/TERF1-interacting telomerase inhibitor 1 OS=Rattus norvegicus OX=10116 GN=Pinx1 PE=1 SV=1
g1056	193.1	0.1514	0.126	0.9210	sp|Q8H1U4|APC5_ARATH Anaphase-promoting complex subunit 5 OS=Arabidopsis thaliana OX=3702 GN=APC5 PE=1 SV=1
g8771	220.9	0.2212	0.161	0.8888	sp|Q9FNB2|RRL_ARATH Protein RETARDED ROOT GROWTH-LIKE OS=Arabidopsis thaliana OX=3702 GN=RRL PE=2 SV=1
g16078	294.9	0.4070	-0.142	0.9482	sp|Q9UUZ6|RLA2_ASPFU Large ribosomal subunit protein P2 OS=Aspergillus fumigatus (strain ATCC MYA-4609 / CBS 101355 / FGSC A1100 / Af293) OX=330879 GN=AFUA_2G10100 PE=1 SV=2
g13448	213.0	0.2014	0.117	0.9349	
g13254	190.3	0.1447	0.059	0.9673	
g4972	208.1	0.1894	-0.412	0.5303	
g15871	178.7	0.1158	-0.001	0.9993	sp|Q9VXB0|NECAP_DROME NECAP-like protein CG9132 OS=Drosophila melanogaster OX=7227 GN=CG9132 PE=2 SV=1
g4909	175.1	0.1068	0.249	0.7976	sp|Q3EBR6|PLA16_ARATH Phospholipase A1-Igamma2, chloroplastic OS=Arabidopsis thaliana OX=3702 GN=DALL3 PE=1 SV=2
g4470	206.3	0.1852	-0.032	0.9848	sp|Q6DG99|KCTD6_DANRE BTB/POZ domain-containing protein KCTD6 OS=Danio rerio OX=7955 GN=kctd6 PE=2 SV=1
g8579	190.6	0.1459	-0.103	0.9439	sp|Q9HCN4|GPN1_HUMAN GPN-loop GTPase 1 OS=Homo sapiens OX=9606 GN=GPN1 PE=1 SV=1
g14304	261.3	0.3237	-0.559	0.2471	sp|Q55DP8|ACY1_DICDI Aminoacylase-1 OS=Dictyostelium discoideum OX=44689 GN=acy1 PE=2 SV=1
g3095	185.8	0.1343	-0.307	0.7008	sp|O74549|UBC12_SCHPO NEDD8-conjugating enzyme ubc12 OS=Schizosaccharomyces pombe (strain 972 / ATCC 24843) OX=284812 GN=ubc12 PE=3 SV=1
g8681	233.6	0.2550	0.061	0.9665	sp|Q6NYL3|ECHP_DANRE Peroxisomal bifunctional enzyme OS=Danio rerio OX=7955 GN=ehhadh PE=2 SV=1
g806	386.6	0.6405	0.556	0.5130	sp|Q9WVL3|S12A7_MOUSE Solute carrier family 12 member 7 OS=Mus musculus OX=10090 GN=Slc12a7 PE=1 SV=1
g9781	216.7	0.2132	0.044	0.9766	sp|Q8GX78|ANTR2_ARATH Ascorbate transporter, chloroplastic OS=Arabidopsis thaliana OX=3702 GN=PHT4;4 PE=1 SV=1
g4579	216.6	0.2128	0.435	0.4651	
g7664	195.9	0.1606	0.307	0.7401	
g778	210.1	0.1972	-0.420	0.4758	sp|Q9YE02|SPEE_AERPE Polyamine aminopropyltransferase OS=Aeropyrum pernix (strain ATCC 700893 / DSM 11879 / JCM 9820 / NBRC 100138 / K1) OX=272557 GN=speE PE=3 SV=2
g3214	213.8	0.2064	0.002	0.9986	
g1635	222.2	0.2278	0.380	0.6075	
g11410	297.9	0.4191	0.391	0.6317	
g6383	305.3	0.4379	0.781	0.0924	
g9589	162.3	0.0767	0.098	0.9482	
g5738	307.0	0.4423	0.702	0.1917	sp|Q28009|FUS_BOVIN RNA-binding protein FUS OS=Bos taurus OX=9913 GN=FUS PE=2 SV=2
g9997	180.8	0.1238	0.117	0.9404	sp|P52624|UPP1_MOUSE Uridine phosphorylase 1 OS=Mus musculus OX=10090 GN=Upp1 PE=1 SV=2
g4613	186.4	0.1386	0.286	0.7622	sp|Q9HGK9|CENPT_SCHPO Inner kinetochore subunit cnp20 OS=Schizosaccharomyces pombe (strain 972 / ATCC 24843) OX=284812 GN=cnp20 PE=3 SV=1
g7780	263.6	0.3343	-0.735	0.0999	sp|G2XBQ9|AROC_VERDV Chorismate synthase ARO2 OS=Verticillium dahliae (strain VdLs.17 / ATCC MYA-4575 / FGSC 10137) OX=498257 GN=ARO2 PE=2 SV=1
g8136	264.1	0.3354	-0.318	0.6305	
g12574	273.3	0.3591	0.647	0.1042	sp|O14032|YEMB_SCHPO UPF0664 stress-induced protein C29B12.11c OS=Schizosaccharomyces pombe (strain 972 / ATCC 24843) OX=284812 GN=SPAC29B12.11c PE=2 SV=1
g13190	175.1	0.1104	0.159	0.9094	sp|Q7ZWN0|LMF2_XENLA Lipase maturation factor 2 OS=Xenopus laevis OX=8355 GN=lmf2 PE=2 SV=1
g11377	195.8	0.1629	0.036	0.9831	
g11482	225.1	0.2374	0.377	0.6572	sp|B4L2J8|NCBP1_DROMO Nuclear cap-binding protein subunit 1 OS=Drosophila mojavensis OX=7230 GN=Cbp80 PE=3 SV=1
g894	166.8	0.0896	-0.004	0.9974	
g14689	767.0	1.6121	0.212	0.9667	
g1917	241.3	0.2790	-0.380	0.5423	sp|Q94C49|ZDH18_ARATH Probable protein S-acyltransferase 13 OS=Arabidopsis thaliana OX=3702 GN=PAT13 PE=2 SV=1
g4829	190.7	0.1507	-0.014	0.9921	sp|Q92359|YDHE_SCHPO Pumilio domain-containing protein C6G9.14 OS=Schizosaccharomyces pombe (strain 972 / ATCC 24843) OX=284812 GN=SPAC6G9.14 PE=4 SV=1
g5236	188.3	0.1449	-0.209	0.8364	
g5489	226.4	0.2418	0.580	0.2220	sp|A0JMW2|DAAF5_XENLA Dynein axonemal assembly factor 5 OS=Xenopus laevis OX=8355 GN=dnaaf5 PE=2 SV=1
g15675	202.7	0.1819	0.072	0.9614	
g2853	218.9	0.2236	0.092	0.9509	sp|P9WLC6|Y2307_MYCTO Uncharacterized protein MT2364 OS=Mycobacterium tuberculosis (strain CDC 1551 / Oshkosh) OX=83331 GN=MT2364 PE=4 SV=1
g6429	207.3	0.1942	0.395	0.5507	
g8748	197.6	0.1696	0.164	0.9135	sp|C3K4R1|PLSB_PSEFS Glycerol-3-phosphate acyltransferase OS=Pseudomonas fluorescens (strain SBW25) OX=216595 GN=plsB PE=3 SV=1
g14513	170.2	0.0999	-0.262	0.7804	
g10443	166.8	0.0915	0.248	0.7981	
g11264	301.2	0.4343	0.492	0.4712	
g11862	190.4	0.1520	0.207	0.8627	sp|Q6BN11|MCH1_DEBHA Probable transporter MCH1 OS=Debaryomyces hansenii (strain ATCC 36239 / CBS 767 / BCRC 21394 / JCM 1990 / NBRC 0083 / IGC 2968) OX=284592 GN=MCH1 PE=3 SV=2
g4595	160.9	0.0770	-0.060	0.9689	sp|Q9FPS4|UBP23_ARATH Ubiquitin carboxyl-terminal hydrolase 23 OS=Arabidopsis thaliana OX=3702 GN=UBP23 PE=2 SV=2
g14670	240.0	0.2793	-0.632	0.1300	
g8229	241.9	0.2844	-0.573	0.2717	sp|G7I4F4|GLB32_MEDTR Group 2 truncated hemoglobin 3-2 OS=Medicago truncatula OX=3880 GN=GLB3-2 PE=2 SV=2
g14598	146.1	0.0398	0.023	0.9862	sp|Q8BS95|GPHR_MOUSE Golgi pH regulator OS=Mus musculus OX=10090 GN=Gphr PE=1 SV=2
g13107	174.0	0.1110	-0.026	0.9849	sp|Q2QY04|TAP46_ORYSJ PP2A regulatory subunit TAP46 OS=Oryza sativa subsp. japonica OX=39947 GN=TAP46 PE=2 SV=1
g8830	187.9	0.1472	-0.154	0.9135	
g2317	273.3	0.3657	0.561	0.3210	sp|Q6PBY3|EDF1_DANRE Endothelial differentiation-related factor 1 homolog OS=Danio rerio OX=7955 GN=edf1 PE=2 SV=1
g7387	164.8	0.0889	0.157	0.9103	
g13444	224.5	0.2425	-0.225	0.8217	sp|P0DX96|EFGA_METEP Formaldehyde-sensing protein EfgA OS=Methylorubrum extorquens (strain PA1) OX=419610 GN=efgA PE=1 SV=1
g13356	235.0	0.2694	0.023	0.9856	sp|A0A0R4IBK5|R213A_DANRE E3 ubiquitin-protein ligase rnf213-alpha OS=Danio rerio OX=7955 GN=rnf213a PE=3 SV=1
g1518	171.8	0.1073	0.095	0.9474	sp|Q6PFM0|JMJD6_DANRE Bifunctional arginine demethylase and lysyl-hydroxylase JMJD6 OS=Danio rerio OX=7955 GN=jmjd6 PE=2 SV=2
g15475	228.4	0.2527	0.429	0.4395	sp|Q7SZK7|OFD1_DANRE Centriole and centriolar satellite protein ofd1 OS=Danio rerio OX=7955 GN=ofd1 PE=2 SV=1
g7607	185.8	0.1433	0.343	0.6609	sp|Q9M8Y0|SEC_ARATH Probable UDP-N-acetylglucosamine--peptide N-acetylglucosaminyltransferase SEC OS=Arabidopsis thaliana OX=3702 GN=SEC PE=1 SV=1
g328	224.4	0.2427	-0.598	0.2669	sp|C5D4T6|DEOC_GEOSW Deoxyribose-phosphate aldolase OS=Geobacillus sp. (strain WCH70) OX=471223 GN=deoC PE=3 SV=1
g10992	220.4	0.2328	0.160	0.9119	sp|Q9SR62|RLPH2_ARATH Tyrosine-protein phosphatase RLPH2 OS=Arabidopsis thaliana OX=3702 GN=RLPH2 PE=1 SV=1
g4564	164.0	0.0880	0.043	0.9790	
g4707	194.8	0.1670	-0.243	0.8282	sp|Q6GKV1|GET4_ARATH Protein GET4 OS=Arabidopsis thaliana OX=3702 GN=MDC12.19 PE=1 SV=1
g8874	252.2	0.3147	-0.741	0.1916	
g3503	183.1	0.1372	-0.022	0.9881	
g8916	322.7	0.4960	0.630	0.2421	
g8945	205.5	0.1951	-0.269	0.7537	sp|G5EFI8|PLCE1_CAEEL 1-phosphatidylinositol 4,5-bisphosphate phosphodiesterase epsilon-1 OS=Caenorhabditis elegans OX=6239 GN=plc-1 PE=1 SV=1
g6045	157.3	0.0715	0.172	0.8910	sp|P58742|AAAS_MOUSE Aladin OS=Mus musculus OX=10090 GN=Aaas PE=1 SV=1
g1905	255.7	0.3246	-0.121	0.9370	sp|Q9SZ45|MICU_ARATH Calcium uptake protein, mitochondrial OS=Arabidopsis thaliana OX=3702 GN=MICU PE=2 SV=1
g4524	249.7	0.3096	-0.838	0.0592	
g2700	200.9	0.1838	0.499	0.3651	
g6314	225.1	0.2463	-0.601	0.1800	sp|Q5R8D8|DNJC7_PONAB DnaJ homolog subfamily C member 7 OS=Pongo abelii OX=9601 GN=DNAJC7 PE=2 SV=1
g220	182.5	0.1369	-0.068	0.9635	sp|Q8RB30|Y995_CALS4 Macro domain-containing protein TTE0995 OS=Caldanaerobacter subterraneus subsp. tengcongensis (strain DSM 15242 / JCM 11007 / NBRC 100824 / MB4) OX=273068 GN=TTE0995 PE=3 SV=1
g15679	182.6	0.1371	-0.008	0.9944	sp|Q8L7L1|SPHK1_ARATH Sphingosine kinase 1 OS=Arabidopsis thaliana OX=3702 GN=SPHK1 PE=1 SV=1
g4291	217.4	0.2270	0.068	0.9614	sp|Q8IU85|KCC1D_HUMAN Calcium/calmodulin-dependent protein kinase type 1D OS=Homo sapiens OX=9606 GN=CAMK1D PE=1 SV=1
g5864	177.0	0.1230	-0.118	0.9362	sp|Q9P4S5|CCA1_CANGA CCA tRNA nucleotidyltransferase, mitochondrial OS=Candida glabrata (strain ATCC 2001 / BCRC 20586 / JCM 3761 / NBRC 0622 / NRRL Y-65 / CBS 138) OX=284593 GN=CCA1 PE=1 SV=2
g1546	207.6	0.2026	-0.110	0.9433	sp|Q54K99|UBIA1_DICDI UbiA prenyltransferase domain-containing protein 1 OS=Dictyostelium discoideum OX=44689 GN=ubiad1 PE=3 SV=1
g11160	177.6	0.1256	0.168	0.8966	sp|P58684|SPCS2_ARATH Signal peptidase complex subunit 2 OS=Arabidopsis thaliana OX=3702 GN=At2g39960 PE=2 SV=1
g10521	293.8	0.4259	0.272	0.7105	sp|Q9FN03|UVR8_ARATH Ultraviolet-B receptor UVR8 OS=Arabidopsis thaliana OX=3702 GN=UVR8 PE=1 SV=1
g11508	242.7	0.2940	-0.504	0.3734	sp|O93257|XRCC6_CHICK DNA repair protein Ku70 OS=Gallus gallus OX=9031 GN=XRCC6 PE=2 SV=1
g2802	212.3	0.2154	-0.077	0.9577	sp|Q6E7K9|JAMA_MOOP1 Medium-chain-fatty-acid--[acyl-carrier-protein] ligase JamA OS=Moorena producens (strain JHB) OX=1454205 GN=jamA PE=1 SV=1
g11385	202.1	0.1889	0.033	0.9832	sp|P38918|ARK73_RAT Aldo-keto reductase family 7 member A3 OS=Rattus norvegicus OX=10116 GN=Akr7a3 PE=1 SV=2
g11651	170.8	0.1081	0.010	0.9944	
g2237	274.4	0.3761	-0.428	0.5914	sp|P36049|EBP2_YEAST rRNA-processing protein EBP2 OS=Saccharomyces cerevisiae (strain ATCC 204508 / S288c) OX=559292 GN=EBP2 PE=1 SV=1
g14146	197.7	0.1779	0.051	0.9713	
g6894	330.5	0.5213	0.529	0.3615	sp|Q7QHW5|ARM_ANOGA Armadillo segment polarity protein OS=Anopheles gambiae OX=7165 GN=arm PE=3 SV=5
g10441	180.2	0.1327	-0.061	0.9673	
g2041	284.1	0.4020	0.798	0.1868	sp|Q9JTP5|GPH_NEIMA Phosphoglycolate phosphatase OS=Neisseria meningitidis serogroup A / serotype 4A (strain DSM 15465 / Z2491) OX=122587 GN=gph PE=3 SV=1
g14640	193.4	0.1675	0.149	0.9094	sp|O55767|VF179_IIV6 Uncharacterized protein 179R OS=Invertebrate iridescent virus 6 OX=176652 GN=IIV6-179R PE=4 SV=1
g8717	182.2	0.1383	0.273	0.7733	sp|Q99714|HCD2_HUMAN 3-hydroxyacyl-CoA dehydrogenase type-2 OS=Homo sapiens OX=9606 GN=HSD17B10 PE=1 SV=3
g10716	239.1	0.2857	0.298	0.7470	sp|Q9NYV6|RRN3_HUMAN RNA polymerase I-specific transcription initiation factor RRN3 OS=Homo sapiens OX=9606 GN=RRN3 PE=1 SV=1
g3806	242.9	0.2956	0.557	0.2793	
g8475	149.9	0.0550	-0.057	0.9696	sp|Q8GW48|HSBP_ARATH Heat shock factor-binding protein OS=Arabidopsis thaliana OX=3702 GN=HSBP PE=1 SV=1
g1346	231.0	0.2660	0.357	0.5985	sp|Q54BW6|TTC27_DICDI Tetratricopeptide repeat protein 27 homolog OS=Dictyostelium discoideum OX=44689 GN=ttc27 PE=3 SV=1
g10678	221.3	0.2415	0.391	0.6000	
g15793	229.1	0.2616	0.037	0.9823	sp|Q63625|PHRF1_RAT PHD and RING finger domain-containing protein 1 OS=Rattus norvegicus OX=10116 GN=Phrf1 PE=1 SV=2
g9348	242.1	0.2956	0.419	0.6469	sp|Q0III6|DNJB6_BOVIN DnaJ homolog subfamily B member 6 OS=Bos taurus OX=9913 GN=DNAJB6 PE=2 SV=1
g11351	179.0	0.1318	0.160	0.9126	sp|A2ZN77|SUT2_ORYSI Sucrose transport protein SUT2 OS=Oryza sativa subsp. indica OX=39946 GN=SUT2 PE=2 SV=2
g8419	169.5	0.1071	-0.065	0.9666	
g11709	199.3	0.1848	0.474	0.4265	sp|Q539E5|APX1_HYDVD Putative ascorbate peroxidase OS=Hydra viridissima OX=6082 GN=APX1 PE=2 SV=1
g10876	178.8	0.1314	-0.009	0.9946	
g4896	188.0	0.1556	0.355	0.6229	sp|Q5QIT3|2AB2B_ARATH Serine/threonine protein phosphatase 2A regulatory subunit B''beta OS=Arabidopsis thaliana OX=3702 GN=B''BETA PE=1 SV=1
g11233	167.0	0.1010	-0.201	0.8611	
g8299	226.3	0.2560	-0.645	0.2384	sp|P46392|ACCA3_MYCLE Biotin-dependent acyl-coenzyme A carboxylase alpha3 subunit OS=Mycobacterium leprae (strain TN) OX=272631 GN=bccA PE=3 SV=2
g1466	198.9	0.1847	-0.094	0.9474	sp|A9VE54|ITPA_MONBE Inosine triphosphate pyrophosphatase OS=Monosiga brevicollis OX=81824 GN=13033 PE=3 SV=1
g3626	242.4	0.2984	-0.313	0.7916	
g7206	216.4	0.2306	-0.240	0.8162	
g14939	232.3	0.2721	-0.348	0.7673	
g11153	222.1	0.2456	0.289	0.7217	sp|Q67WM9|OS9_ORYSJ Protein OS-9 homolog OS=Oryza sativa subsp. japonica OX=39947 GN=OS9 PE=2 SV=1
g625	189.4	0.1610	-0.129	0.9343	
g959	203.0	0.1968	0.060	0.9733	sp|B0G180|SPCS3_DICDI Signal peptidase complex subunit 3 OS=Dictyostelium discoideum OX=44689 GN=spcs3 PE=3 SV=1
g15938	167.4	0.1040	-0.143	0.9177	
g8456	166.8	0.1024	0.176	0.8944	
g15129	192.0	0.1684	0.076	0.9585	
g2631	165.3	0.0989	-0.065	0.9673	
g10228	186.3	0.1542	-0.231	0.8162	sp|O14118|EFM3_SCHPO Protein-lysine N-methyltransferase efm3 OS=Schizosaccharomyces pombe (strain 972 / ATCC 24843) OX=284812 GN=SPAC3A11.03 PE=3 SV=3
g15947	279.2	0.3973	-0.296	0.7106	sp|Q86CZ2|DHKK_DICDI Hybrid signal transduction histidine kinase K OS=Dictyostelium discoideum OX=44689 GN=dhkK PE=1 SV=1
g12946	210.1	0.2175	-0.192	0.8713	
g3812	181.0	0.1419	-0.094	0.9481	sp|B8B7X6|D2HDH_ORYSI Probable D-2-hydroxyglutarate dehydrogenase, mitochondrial OS=Oryza sativa subsp. indica OX=39946 GN=D2HGDH PE=3 SV=1
g8721	162.6	0.0935	0.015	0.9921	
g15980	170.3	0.1140	-0.028	0.9849	sp|Q8WVJ2|NUDC2_HUMAN NudC domain-containing protein 2 OS=Homo sapiens OX=9606 GN=NUDCD2 PE=1 SV=1
g3009	167.7	0.1073	0.220	0.8337	
g2830	153.4	0.0698	0.007	0.9955	sp|Q9D4F8|GCP4_MOUSE Gamma-tubulin complex component 4 OS=Mus musculus OX=10090 GN=Tubgcp4 PE=1 SV=2
g812	180.8	0.1420	-0.305	0.7127	sp|Q96361|ARF1_BRARP ADP-ribosylation factor 1 OS=Brassica rapa subsp. pekinensis OX=51351 GN=ARF1 PE=2 SV=3
g10987	169.6	0.1129	0.098	0.9509	
g12081	250.8	0.3268	-0.910	0.0503	sp|Q9LKW9|NHX7_ARATH Sodium/hydrogen exchanger 7 OS=Arabidopsis thaliana OX=3702 GN=NHX7 PE=1 SV=1
g7713	184.0	0.1515	0.137	0.9151	
g10206	191.9	0.1725	0.153	0.9099	sp|Q91WG5|AAKG2_MOUSE 5'-AMP-activated protein kinase subunit gamma-2 OS=Mus musculus OX=10090 GN=Prkag2 PE=1 SV=2
g3391	166.4	0.1056	-0.033	0.9848	
g9172	214.3	0.2325	0.296	0.6997	sp|Q08954|NBR9_YEAST Endonuclease NBR9 OS=Saccharomyces cerevisiae (strain ATCC 204508 / S288c) OX=559292 GN=NBR9 PE=1 SV=1
g14356	211.1	0.2245	0.432	0.4651	
g1367	316.3	0.5024	-0.425	0.6229	sp|P10775|RINI_PIG Ribonuclease inhibitor OS=Sus scrofa OX=9823 GN=RNH1 PE=1 SV=1
g15504	169.2	0.1137	-0.059	0.9689	sp|A7MB47|CNOT9_BOVIN CCR4-NOT transcription complex subunit 9 OS=Bos taurus OX=9913 GN=CNOT9 PE=2 SV=1
g9979	191.1	0.1719	0.199	0.8809	
g8703	233.6	0.2845	-0.464	0.5519	sp|Q7ZWC3|8ODP_DANRE Oxidized purine nucleoside triphosphate hydrolase OS=Danio rerio OX=7955 GN=nudt1 PE=1 SV=1
g10689	193.7	0.1792	0.089	0.9517	sp|Q9FN03|UVR8_ARATH Ultraviolet-B receptor UVR8 OS=Arabidopsis thaliana OX=3702 GN=UVR8 PE=1 SV=1
g1545	334.6	0.5526	-0.607	0.3435	sp|P12695|ODP2_YEAST Dihydrolipoyllysine-residue acetyltransferase component of pyruvate dehydrogenase complex, mitochondrial OS=Saccharomyces cerevisiae (strain ATCC 204508 / S288c) OX=559292 GN=LAT1 PE=1 SV=1
g2895	247.0	0.3207	0.086	0.9488	sp|Q6PFD6|KI18B_MOUSE Kinesin-like protein KIF18B OS=Mus musculus OX=10090 GN=Kif18b PE=2 SV=2
g648	176.6	0.1345	0.272	0.7581	sp|Q0WN69|KN14P_ARATH Kinesin-like protein KIN-14P OS=Arabidopsis thaliana OX=3702 GN=KIN14P PE=2 SV=1
g15083	188.3	0.1655	0.094	0.9534	sp|Q72NN2|MSRB_LEPIC Peptide methionine sulfoxide reductase MsrB OS=Leptospira interrogans serogroup Icterohaemorrhagiae serovar copenhageni (strain Fiocruz L1-130) OX=267671 GN=msrB PE=3 SV=3
g8788	233.4	0.2851	0.495	0.4464	sp|I1RPD9|FGL1_GIBZE Secreted mono- and diacylglycerol lipase 1 OS=Gibberella zeae (strain ATCC MYA-4620 / CBS 123657 / FGSC 9075 / NRRL 31084 / PH-1) OX=229533 GN=FGL1 PE=1 SV=1
g3339	185.7	0.1588	-0.363	0.6428	
g14096	210.5	0.2247	-0.058	0.9689	sp|Q9LD47|CCS_ARATH Copper chaperone for superoxide dismutase, chloroplastic/cytosolic OS=Arabidopsis thaliana OX=3702 GN=CCS PE=1 SV=1
g4916	194.0	0.1814	-0.006	0.9963	sp|Q62824|EXOC4_RAT Exocyst complex component 4 OS=Rattus norvegicus OX=10116 GN=Exoc4 PE=1 SV=1
g5953	213.1	0.2327	0.300	0.7685	
g9050	173.9	0.1287	-0.189	0.8871	sp|Q9DB29|IAH1_MOUSE Isoamyl acetate-hydrolyzing esterase 1 homolog OS=Mus musculus OX=10090 GN=Iah1 PE=1 SV=1
g3577	237.9	0.2991	0.127	0.9242	sp|Q9CY21|BUD23_MOUSE 18S rRNA (guanine-N(7))-methyltransferase OS=Mus musculus OX=10090 GN=Bud23 PE=1 SV=1
g8221	239.6	0.3043	-0.266	0.7815	sp|Q9H8Y5|ANKZ1_HUMAN tRNA endonuclease ANKZF1 OS=Homo sapiens OX=9606 GN=ANKZF1 PE=1 SV=1
g6943	173.7	0.1292	0.303	0.7320	sp|Q55GJ3|NCA2_DICDI Nuclear control of ATPase protein 2 OS=Dictyostelium discoideum OX=44689 GN=nca2 PE=3 SV=1
g5476	180.4	0.1473	0.024	0.9866	sp|Q28C44|C19L2_XENTR CWF19-like protein 2 OS=Xenopus tropicalis OX=8364 GN=cwf19l2 PE=2 SV=1
g5297	205.0	0.2128	0.332	0.7135	sp|O04354|CYB5_BOROF Cytochrome b5 OS=Borago officinalis OX=13363 PE=2 SV=1
g2708	240.7	0.3081	-0.437	0.4465	sp|D4GW05|FOLCP_HALVD Probable bifunctional folylpolyglutamate synthase/dihydropteroate synthase OS=Haloferax volcanii (strain ATCC 29605 / DSM 3757 / JCM 8879 / NBRC 14742 / NCIMB 2012 / VKM B-1768 / DS2) OX=309800 GN=folCP PE=3 SV=1
g5577	185.8	0.1620	0.350	0.6366	sp|Q9C9U5|SIS8_ARATH Probable serine/threonine-protein kinase SIS8 OS=Arabidopsis thaliana OX=3702 GN=SIS8 PE=1 SV=1
g3344	219.0	0.2511	-0.435	0.5620	
g3871	197.3	0.1944	0.038	0.9831	sp|Q54CV5|BUB1_DICDI Probable inactive serine/threonine-protein kinase bub1 OS=Dictyostelium discoideum OX=44689 GN=bub1 PE=3 SV=1
g2643	164.2	0.1061	-0.116	0.9432	
g776	276.5	0.4068	-0.064	0.9614	sp|Q9NKW1|MFEA_DICDI Peroxisomal multifunctional enzyme A OS=Dictyostelium discoideum OX=44689 GN=mfeA PE=2 SV=1
g9352	229.2	0.2804	-0.191	0.8555	sp|P93736|SYVM1_ARATH Valine--tRNA ligase, mitochondrial 1 OS=Arabidopsis thaliana OX=3702 GN=TWN2 PE=1 SV=2
g645	202.9	0.2103	0.470	0.4148	sp|Q6Z9U7|MCES1_ORYSJ mRNA cap guanine-N(7) methyltransferase 1 OS=Oryza sativa subsp. japonica OX=39947 GN=Os08g0180000 PE=2 SV=1
g14170	158.1	0.0905	-0.132	0.9242	sp|Q62384|ZPR1_MOUSE Zinc finger protein ZPR1 OS=Mus musculus OX=10090 GN=Zpr1 PE=1 SV=1
g11492	250.5	0.3389	-0.716	0.0603	sp|P32865|GPRK1_DROME G protein-coupled receptor kinase 1 OS=Drosophila melanogaster OX=7227 GN=Gprk1 PE=2 SV=2
g8400	156.4	0.0865	0.032	0.9848	sp|Q5XXB5|MSH2_CHLAE DNA mismatch repair protein Msh2 OS=Chlorocebus aethiops OX=9534 GN=MSH2 PE=2 SV=1
g10303	310.5	0.5001	0.693	0.2113	sp|O59786|HEMH_SCHPO Ferrochelatase, mitochondrial OS=Schizosaccharomyces pombe (strain 972 / ATCC 24843) OX=284812 GN=hem15 PE=3 SV=2
g13928	253.2	0.3469	0.256	0.7902	sp|Q9SL78|ATL12_ARATH Putative RING-H2 finger protein ATL12 OS=Arabidopsis thaliana OX=3702 GN=ATL12 PE=3 SV=1
g10628	231.9	0.2898	-0.299	0.7135	sp|Q8TQR1|DNAJ_METAC Chaperone protein DnaJ OS=Methanosarcina acetivorans (strain ATCC 35395 / DSM 2834 / JCM 12185 / C2A) OX=188937 GN=dnaJ PE=3 SV=1
g9441	154.5	0.0819	0.094	0.9499	sp|C1BK83|SEH1_OSMMO Nucleoporin SEH1 OS=Osmerus mordax OX=8014 GN=seh1l PE=2 SV=1
g6792	176.3	0.1407	0.256	0.7921	
g4208	180.6	0.1524	0.219	0.8585	sp|D3Z7P3|GLSK_MOUSE Glutaminase kidney isoform, mitochondrial OS=Mus musculus OX=10090 GN=Gls PE=1 SV=1
g11610	233.5	0.2950	-0.831	0.0540	
g14958	169.0	0.1216	0.190	0.8802	sp|Q9UBK8|MTRR_HUMAN Methionine synthase reductase OS=Homo sapiens OX=9606 GN=MTRR PE=1 SV=4
g11582	184.2	0.1627	-0.152	0.9093	sp|P26357|TBP_SOLTU TATA-box-binding protein OS=Solanum tuberosum OX=4113 GN=TBP PE=2 SV=1
g14749	251.0	0.3425	0.603	0.3395	sp|Q28689|MRP2_RABIT ATP-binding cassette sub-family C member 2 OS=Oryctolagus cuniculus OX=9986 GN=ABCC2 PE=1 SV=1
g6305	160.8	0.0996	0.250	0.7996	sp|P0ABB9|ATMA_ECO57 Magnesium-transporting ATPase, P-type 1 OS=Escherichia coli O157:H7 OX=83334 GN=mgtA PE=3 SV=1
g13150	236.9	0.3052	0.149	0.8948	sp|Q31U23|TRMA_SHIBS tRNA/tmRNA (uracil-C(5))-methyltransferase OS=Shigella boydii serotype 4 (strain Sb227) OX=300268 GN=trmA PE=3 SV=1
g1734	436.6	0.8439	-0.571	0.3358	
g11578	222.7	0.2678	0.111	0.9351	sp|Q9S156|MHPD_COMTE 2-keto-4-pentenoate hydratase OS=Comamonas testosteroni OX=285 GN=mhpD PE=1 SV=2
g8522	188.2	0.1747	-0.262	0.7790	sp|Q970S6|SUA5_SULTO Threonylcarbamoyl-AMP synthase OS=Sulfurisphaera tokodaii (strain DSM 16993 / JCM 10545 / NBRC 100140 / 7) OX=273063 GN=sua5 PE=1 SV=1
g10153	168.8	0.1226	-0.162	0.9112	
g8984	158.6	0.0953	0.079	0.9611	sp|Q9FF81|VPS36_ARATH Vacuolar protein sorting-associated protein 36 OS=Arabidopsis thaliana OX=3702 GN=VPS36 PE=1 SV=1
g1775	169.4	0.1247	0.068	0.9680	
g10148	146.7	0.0634	-0.062	0.9686	sp|O94903|PLPHP_HUMAN Pyridoxal phosphate homeostasis protein OS=Homo sapiens OX=9606 GN=PLPBP PE=1 SV=1
g1258	177.2	0.1461	0.282	0.7500	sp|Q54PN3|MED6_DICDI Putative mediator of RNA polymerase II transcription subunit 6 OS=Dictyostelium discoideum OX=44689 GN=med6 PE=3 SV=1
g12600	214.8	0.2485	0.096	0.9450	sp|A4FV84|MRT4_BOVIN mRNA turnover protein 4 homolog OS=Bos taurus OX=9913 GN=MRTO4 PE=2 SV=1
g8834	201.1	0.2115	0.467	0.5221	
g11291	193.4	0.1906	-0.179	0.8991	sp|P06876|MYB_MOUSE Transcriptional activator Myb OS=Mus musculus OX=10090 GN=Myb PE=1 SV=2
g12959	325.3	0.5482	-0.726	0.0555	
g10809	169.6	0.1262	-0.151	0.9103	sp|Q8VCM3|ZFY21_MOUSE Zinc finger FYVE domain-containing protein 21 OS=Mus musculus OX=10090 GN=Zfyve21 PE=1 SV=2
g4719	150.8	0.0754	0.160	0.9058	
g4476	238.5	0.3142	-0.316	0.7040	sp|Q2SN12|UBIE_HAHCH Ubiquinone/menaquinone biosynthesis C-methyltransferase UbiE OS=Hahella chejuensis (strain KCTC 2396) OX=349521 GN=ubiE PE=3 SV=1
g15375	202.2	0.2159	0.205	0.8428	sp|Q9SMX1|SUV3M_ARATH DExH-box ATP-dependent RNA helicase DExH16, mitochondrial OS=Arabidopsis thaliana OX=3702 GN=SUV3 PE=1 SV=1
g7045	198.1	0.2050	0.054	0.9740	sp|Q60714|S27A1_MOUSE Long-chain fatty acid transport protein 1 OS=Mus musculus OX=10090 GN=Slc27a1 PE=1 SV=1
g13638	197.9	0.2045	0.072	0.9614	
g14382	187.1	0.1756	-0.108	0.9439	sp|O14435|GBB_CRYPA Guanine nucleotide-binding protein subunit beta OS=Cryphonectria parasitica OX=5116 GN=GB-1 PE=3 SV=1
g7181	188.4	0.1792	0.495	0.4004	sp|Q239Y2|FER2_TETTS Ferlin 2 OS=Tetrahymena thermophila (strain SB210) OX=312017 GN=TTHERM_00886960 PE=3 SV=2
g2322	194.4	0.1954	0.489	0.4091	
g7321	196.7	0.2020	0.336	0.6938	sp|P20409|TRPG_PHYBL Multifunctional tryptophan biosynthesis protein OS=Phycomyces blakesleeanus OX=4837 GN=trp1 PE=3 SV=1
g7650	222.4	0.2722	0.360	0.6271	sp|P77836|PDP_GEOSE Pyrimidine-nucleoside phosphorylase OS=Geobacillus stearothermophilus OX=1422 GN=pdp PE=1 SV=1
g11054	210.9	0.2415	0.562	0.3734	sp|A2QK68|KTND_ASPNC FAD-binding monooxygenase ktnD OS=Aspergillus niger (strain ATCC MYA-4892 / CBS 513.88 / FGSC A1513) OX=425011 GN=ktnD PE=3 SV=1
g14237	179.3	0.1557	-0.241	0.8066	sp|Q5ZKU5|RAB14_CHICK Ras-related protein Rab-14 OS=Gallus gallus OX=9031 GN=RAB14 PE=2 SV=3
g3429	255.7	0.3640	0.590	0.2691	sp|P58058|NADK_MOUSE NAD kinase OS=Mus musculus OX=10090 GN=Nadk PE=1 SV=2
g12445	205.2	0.2265	-0.219	0.8553	sp|Q9P7X8|RPA2_SCHPO Probable DNA-directed RNA polymerase I subunit RPA2 OS=Schizosaccharomyces pombe (strain 972 / ATCC 24843) OX=284812 GN=rpa2 PE=1 SV=2
g10387	253.2	0.3578	-0.809	0.1451	
g1964	305.0	0.4996	0.535	0.4676	
g2081	177.0	0.1502	-0.017	0.9904	
g11615	181.1	0.1617	-0.056	0.9718	sp|Q54U75|CRLA_DICDI Cyclic AMP receptor-like protein A OS=Dictyostelium discoideum OX=44689 GN=crlA PE=2 SV=1
g6525	225.8	0.2839	0.469	0.4027	sp|B9FAF3|KN14E_ORYSJ Kinesin-like protein KIN-14E OS=Oryza sativa subsp. japonica OX=39947 GN=KIN14E PE=2 SV=1
g12861	486.9	0.9982	0.858	0.3803	
g7041	197.3	0.2063	0.503	0.4126	sp|Q8R0F6|ILKAP_MOUSE Integrin-linked kinase-associated serine/threonine phosphatase 2C OS=Mus musculus OX=10090 GN=Ilkap PE=1 SV=1
g5258	205.1	0.2277	0.058	0.9685	
g13443	161.6	0.1088	0.160	0.9041	sp|A8KBL5|S38AB_DANRE Putative sodium-coupled neutral amino acid transporter 11 OS=Danio rerio OX=7955 GN=slc38a11 PE=2 SV=2
g3791	194.4	0.1990	-0.003	0.9978	
g11619	157.2	0.0973	0.079	0.9609	
g8029	214.6	0.2544	-0.226	0.8352	sp|Q869Q0|ZNG1_DICDI Zinc-regulated GTPase metalloprotein activator 1 OS=Dictyostelium discoideum OX=44689 GN=DDB_G0274527 PE=3 SV=1
g2000	176.8	0.1512	-0.075	0.9614	sp|Q99J47|PEXRP_MOUSE Peroxisomal reductase activating PPAR-gamma OS=Mus musculus OX=10090 GN=Dhrs7b PE=1 SV=1
g10762	164.5	0.1176	0.070	0.9621	
g12500	154.5	0.0905	-0.190	0.8742	sp|Q8LCQ3|SPT41_ARATH Transcription elongation factor SPT4 homolog 1 OS=Arabidopsis thaliana OX=3702 GN=At5g08565 PE=3 SV=3
g9106	197.0	0.2073	0.113	0.9370	sp|P0AGG3|TESB_ECO57 Acyl-CoA thioesterase 2 OS=Escherichia coli O157:H7 OX=83334 GN=tesB PE=3 SV=2
g4751	165.4	0.1205	-0.014	0.9923	sp|Q5R372|RBG1L_HUMAN Rab GTPase-activating protein 1-like OS=Homo sapiens OX=9606 GN=RABGAP1L PE=1 SV=1
g15692	180.2	0.1612	0.172	0.9083	
g11607	168.9	0.1302	-0.113	0.9429	sp|O65421|VP281_ARATH Vacuolar protein sorting-associated protein 28 homolog 1 OS=Arabidopsis thaliana OX=3702 GN=VPS28-1 PE=1 SV=1
g5491	212.7	0.2506	0.116	0.9432	
g1871	302.8	0.4982	-0.041	0.9780	
g15528	225.0	0.2849	-0.765	0.1073	
g5695	158.8	0.1035	-0.114	0.9404	sp|A1A4L4|MINY4_BOVIN Probable ubiquitin carboxyl-terminal hydrolase MINDY-4 OS=Bos taurus OX=9913 GN=MINDY4 PE=2 SV=1
g955	174.9	0.1477	-0.047	0.9759	sp|C3YZ51|UBA5_BRAFL Ubiquitin-like modifier-activating enzyme 5 OS=Branchiostoma floridae OX=7739 GN=BRAFLDRAFT_113714 PE=3 SV=1
g7163	201.7	0.2219	-0.071	0.9689	sp|Q70Z18|NAP1B_TOBAC Nucleosome assembly protein 1;2 OS=Nicotiana tabacum OX=4097 GN=NAP1;2 PE=1 SV=1
g7416	242.8	0.3352	0.536	0.3589	sp|O23372|ATXR3_ARATH Histone-lysine N-methyltransferase ATXR3 OS=Arabidopsis thaliana OX=3702 GN=ATXR3 PE=2 SV=2
g10068	220.3	0.2734	0.481	0.4721	
g12631	194.4	0.2021	0.528	0.3818	sp|Q8TDN7|ACER1_HUMAN Alkaline ceramidase 1 OS=Homo sapiens OX=9606 GN=ACER1 PE=1 SV=1
g10586	275.8	0.4270	-0.228	0.7848	sp|A1D9I5|TOF1_ASPF1 Topoisomerase 1-associated factor 1 OS=Aspergillus fischeri (strain ATCC 1020 / DSM 3700 / CBS 544.65 / FGSC A1164 / JCM 1740 / NRRL 181 / WB 181) OX=331117 GN=tof1 PE=3 SV=1
g4394	149.5	0.0793	0.136	0.9225	sp|Q4VBW0|MTX3_DANRE Metaxin-3 OS=Danio rerio OX=7955 GN=mtx3 PE=2 SV=2
g4821	221.9	0.2793	0.247	0.7733	sp|Q9NP78|ABCB9_HUMAN ABC-type oligopeptide transporter ABCB9 OS=Homo sapiens OX=9606 GN=ABCB9 PE=1 SV=1
g8731	259.1	0.3821	0.008	0.9950	
g9561	183.2	0.1727	0.028	0.9848	
g2566	150.6	0.0827	0.083	0.9609	sp|Q9LK27|GTE8_ARATH Transcription factor GTE8 OS=Arabidopsis thaliana OX=3702 GN=GTE8 PE=2 SV=2
g15548	180.1	0.1643	0.118	0.9418	sp|Q54Q05|ELOC_DICDI Elongin-C OS=Dictyostelium discoideum OX=44689 GN=tceb1 PE=3 SV=1
g13825	187.4	0.1850	-0.169	0.8857	sp|Q9Y3B9|RRP15_HUMAN RRP15-like protein OS=Homo sapiens OX=9606 GN=RRP15 PE=1 SV=2
g1812	185.1	0.1784	-0.142	0.9164	sp|Q9JLH5|CK5P2_RAT CDK5 regulatory subunit-associated protein 2 OS=Rattus norvegicus OX=10116 GN=Cdk5rap2 PE=1 SV=2
g10508	189.2	0.1901	0.124	0.9370	sp|Q8IUZ0|LRC49_HUMAN Leucine-rich repeat-containing protein 49 OS=Homo sapiens OX=9606 GN=LRRC49 PE=1 SV=2
g4428	161.4	0.1134	-0.027	0.9849	
g3093	151.1	0.0851	-0.153	0.9138	sp|P49354|FNTA_HUMAN Protein farnesyltransferase/geranylgeranyltransferase type-1 subunit alpha OS=Homo sapiens OX=9606 GN=FNTA PE=1 SV=1
g6390	168.8	0.1340	0.229	0.8246	
g12116	207.8	0.2424	-0.641	0.2279	
g7432	194.2	0.2048	-0.071	0.9614	
g2897	242.0	0.3377	-0.729	0.1985	
g13410	235.2	0.3188	0.504	0.4126	sp|Q96AT9|RPE_HUMAN Ribulose-phosphate 3-epimerase OS=Homo sapiens OX=9606 GN=RPE PE=1 SV=1
g2893	170.8	0.1406	-0.313	0.7168	sp|Q2YDD9|ADT4_BOVIN ADP/ATP translocase 4 OS=Bos taurus OX=9913 GN=SLC25A31 PE=2 SV=1
g13977	167.0	0.1305	-0.287	0.7685	sp|P45432|CSN1_ARATH COP9 signalosome complex subunit 1 OS=Arabidopsis thaliana OX=3702 GN=CSN1 PE=1 SV=2
g6978	176.1	0.1557	0.188	0.8890	
g10940	159.2	0.1090	-0.141	0.9200	sp|Q72ZF3|COAE_BACC1 Dephospho-CoA kinase OS=Bacillus cereus (strain ATCC 10987 / NRS 248) OX=222523 GN=coaE PE=3 SV=1
g13905	145.9	0.0720	-0.095	0.9509	
g7537	156.9	0.1027	-0.011	0.9938	sp|Q8CE96|TRM6_MOUSE tRNA (adenine(58)-N(1))-methyltransferase non-catalytic subunit TRM6 OS=Mus musculus OX=10090 GN=Trmt6 PE=1 SV=1
g7703	285.3	0.4594	0.129	0.9473	sp|Q5RDU4|PARP6_PONAB Protein mono-ADP-ribosyltransferase PARP6 OS=Pongo abelii OX=9601 GN=PARP6 PE=2 SV=1
g6609	206.6	0.2420	0.331	0.6979	
g15442	159.4	0.1107	-0.276	0.7736	sp|Q9S7U9|M2K2_ARATH Mitogen-activated protein kinase kinase 2 OS=Arabidopsis thaliana OX=3702 GN=MKK2 PE=1 SV=2
g13030	194.8	0.2092	-0.282	0.7851	sp|O96099|FAD5B_DICDI Acyl-lipid (8-3)-desaturase B OS=Dictyostelium discoideum OX=44689 GN=fadB PE=1 SV=1
g10871	195.5	0.2125	0.436	0.5076	
g7152	160.3	0.1144	0.028	0.9849	
g8422	154.3	0.0977	0.186	0.8822	
g11465	205.7	0.2415	-0.188	0.8890	sp|O43051|NOP14_SCHPO Probable nucleolar complex protein 14 OS=Schizosaccharomyces pombe (strain 972 / ATCC 24843) OX=284812 GN=nop14 PE=1 SV=1
g2883	275.5	0.4374	-0.664	0.0808	sp|Q02PG5|GAP2_PSEAB Glyceraldehyde-3-phosphate dehydrogenase-like protein OS=Pseudomonas aeruginosa (strain UCBPP-PA14) OX=208963 GN=gap2 PE=1 SV=1
g16049	154.3	0.0984	-0.063	0.9685	
g10551	172.9	0.1506	-0.072	0.9628	sp|P50336|PPOX_HUMAN Protoporphyrinogen oxidase OS=Homo sapiens OX=9606 GN=PPOX PE=1 SV=1
g3446	242.0	0.3443	0.397	0.5562	
g3986	191.5	0.2030	-0.193	0.8585	
g8433	166.3	0.1325	-0.029	0.9849	sp|Q9CR98|TIMCC_MOUSE TIM double twin CX3C motif protein OS=Mus musculus OX=10090 GN=Timcc PE=1 SV=1
g7392	195.0	0.2128	0.305	0.7433	sp|Q8VEH8|ERLEC_MOUSE Endoplasmic reticulum lectin 1 OS=Mus musculus OX=10090 GN=Erlec1 PE=1 SV=1
g11231	166.5	0.1331	-0.107	0.9450	
g14696	191.1	0.2024	-0.365	0.6049	sp|A9HS05|RL28_GLUDA Large ribosomal subunit protein bL28 OS=Gluconacetobacter diazotrophicus (strain ATCC 49037 / DSM 5601 / CCUG 37298 / CIP 103539 / LMG 7603 / PAl5) OX=272568 GN=rpmB PE=3 SV=1
g5829	197.4	0.2200	0.604	0.2558	
g7556	194.1	0.2109	0.361	0.6317	sp|Q5XI97|AASD1_RAT Alanyl-tRNA editing protein Aarsd1 OS=Rattus norvegicus OX=10116 GN=Aarsd1 PE=1 SV=1
g5835	175.5	0.1590	-0.025	0.9855	
g15810	148.3	0.0827	0.136	0.9250	
g5757	178.0	0.1662	-0.386	0.6140	
g10630	251.7	0.3729	-0.358	0.5985	sp|Q8BNV1|TRM2A_MOUSE tRNA (uracil-5-)-methyltransferase homolog A OS=Mus musculus OX=10090 GN=Trmt2a PE=1 SV=2
g4335	190.2	0.2007	0.219	0.8338	
g12419	289.9	0.4808	-0.892	0.2220	
g7784	397.7	0.7843	-0.171	0.9126	sp|P62785|H41_WHEAT Histone H4 variant TH011 OS=Triticum aestivum OX=4565 PE=3 SV=2
g15153	180.8	0.1749	-0.408	0.5896	sp|Q9SLG0|NFYB1_ARATH Nuclear transcription factor Y subunit B-1 OS=Arabidopsis thaliana OX=3702 GN=NFYB1 PE=1 SV=2
g11442	199.5	0.2276	-0.493	0.3779	
g1862	218.0	0.2798	0.139	0.9323	sp|Q6BNU7|XRN2_DEBHA 5'-3' exoribonuclease 2 OS=Debaryomyces hansenii (strain ATCC 36239 / CBS 767 / BCRC 21394 / JCM 1990 / NBRC 0083 / IGC 2968) OX=284592 GN=RAT1 PE=3 SV=4
g13119	157.2	0.1089	-0.194	0.8704	
g6075	159.6	0.1162	0.133	0.9323	sp|Q4R8D2|GNL1_MACFA Guanine nucleotide-binding protein-like 1 OS=Macaca fascicularis OX=9541 GN=GNL1 PE=2 SV=1
g1274	160.6	0.1191	-0.250	0.8152	
g6410	173.3	0.1551	0.178	0.8916	sp|D9J041|MERA_LYSSH Mercuric reductase OS=Lysinibacillus sphaericus OX=1421 GN=merA PE=1 SV=2
g12714	261.8	0.4048	0.458	0.6158	
g2383	191.7	0.2072	0.380	0.6440	sp|Q40784|AAPC_CENCI Putative glucose-6-phosphate 1-epimerase OS=Cenchrus ciliaris OX=35872 PE=2 SV=1
g12817	170.2	0.1477	0.112	0.9433	
g1329	166.7	0.1377	0.301	0.7354	
g9317	155.9	0.1071	0.038	0.9831	sp|Q6P1M0|S27A4_HUMAN Long-chain fatty acid transport protein 4 OS=Homo sapiens OX=9606 GN=SLC27A4 PE=1 SV=1
g13279	137.5	0.0555	0.022	0.9881	
g4575	186.2	0.1936	-0.219	0.8449	
g2474	236.8	0.3368	-0.679	0.1092	
g7092	221.6	0.2940	-0.814	0.0986	
g7767	172.6	0.1553	-0.053	0.9718	
g13039	171.2	0.1514	0.418	0.5303	sp|Q5SV77|GGNB2_MOUSE Gametogenetin-binding protein 2 OS=Mus musculus OX=10090 GN=Ggnbp2 PE=1 SV=1
g9117	176.5	0.1664	-0.015	0.9923	sp|Q6AXQ4|MTM1_RAT Myotubularin OS=Rattus norvegicus OX=10116 GN=Mtm1 PE=2 SV=2
g10285	161.2	0.1233	-0.308	0.7197	
g4157	326.3	0.5910	0.482	0.7057	
g14946	192.9	0.2134	0.236	0.8585	sp|F4IF36|FGT1_ARATH Protein FORGETTER 1 OS=Arabidopsis thaliana OX=3702 GN=FGT1 PE=1 SV=1
g12686	174.5	0.1613	-0.359	0.6602	sp|Q8LEA0|LPXK_ARATH Probable tetraacyldisaccharide 4'-kinase, mitochondrial OS=Arabidopsis thaliana OX=3702 GN=LPXK PE=2 SV=1
g15700	221.9	0.2960	0.291	0.7011	
g9691	212.8	0.2703	-0.333	0.7851	
g10785	275.6	0.4491	0.314	0.7173	
g5053	309.5	0.5453	-0.782	0.0993	sp|F4IUG9|MYO13_ARATH Myosin-13 OS=Arabidopsis thaliana OX=3702 GN=XI-G PE=3 SV=1
g276	156.8	0.1118	-0.059	0.9689	sp|Q9FKI4|NAA10_ARATH N-terminal acetyltransferase A complex catalytic subunit NAA10 OS=Arabidopsis thaliana OX=3702 GN=NAA10 PE=1 SV=1
g10452	143.8	0.0753	0.204	0.8641	
g6252	378.8	0.7429	-0.141	0.9093	
g2673	325.8	0.5925	0.712	0.1941	sp|P41352|TBB_TETTH Tubulin beta chain OS=Tetrahymena thermophila OX=5911 GN=BTU1 PE=1 SV=1
g11434	170.1	0.1501	-0.347	0.6543	sp|P52046|CRT_CLOAB Short-chain-enoyl-CoA hydratase OS=Clostridium acetobutylicum (strain ATCC 824 / DSM 792 / JCM 1419 / IAM 19013 / LMG 5710 / NBRC 13948 / NRRL B-527 / VKM B-1787 / 2291 / W) OX=272562 GN=crt PE=1 SV=1
g4173	164.5	0.1342	0.285	0.7534	sp|P28178|PK2_DICDI Protein kinase 2 OS=Dictyostelium discoideum OX=44689 GN=pkgB PE=1 SV=2
g1683	149.7	0.0924	0.053	0.9735	
g4989	203.3	0.2450	0.072	0.9628	
g14481	157.4	0.1145	0.274	0.7825	sp|Q07130|UGPA_BOVIN UTP--glucose-1-phosphate uridylyltransferase OS=Bos taurus OX=9913 GN=UGP2 PE=1 SV=2
g12184	146.0	0.0826	0.068	0.9666	sp|P45315|SOHB_HAEIN Probable protease SohB OS=Haemophilus influenzae (strain ATCC 51907 / DSM 11121 / KW20 / Rd) OX=71421 GN=sohB PE=3 SV=1
g1860	200.5	0.2377	0.387	0.6162	sp|Q9V242|CSD_PYRAB Probable cysteine desulfurase OS=Pyrococcus abyssi (strain GE5 / Orsay) OX=272844 GN=csd PE=3 SV=1
g8988	201.7	0.2414	0.438	0.5691	sp|Q84WV9|QPCT_ARATH Glutaminyl-peptide cyclotransferase OS=Arabidopsis thaliana OX=3702 GN=QCT PE=1 SV=1
g10956	176.6	0.1704	-0.008	0.9949	
g9033	209.7	0.2650	0.475	0.4773	
g11557	167.4	0.1442	0.147	0.9180	sp|Q94JV5|NILP2_ARATH Deaminated glutathione amidase, chloroplastic/cytosolic OS=Arabidopsis thaliana OX=3702 GN=NLP2 PE=1 SV=1
g10377	291.0	0.4977	-0.464	0.7841	
g2728	185.2	0.1958	-0.181	0.8976	sp|A2VEI2|MICU1_DROME Calcium uptake protein 1 homolog, mitochondrial OS=Drosophila melanogaster OX=7227 GN=MICU1 PE=2 SV=1
g7343	248.0	0.3752	0.509	0.3690	
g15928	197.7	0.2316	0.060	0.9673	sp|Q6ZQL4|WDR43_MOUSE WD repeat-containing protein 43 OS=Mus musculus OX=10090 GN=Wdr43 PE=1 SV=2
g8545	534.2	1.1940	0.138	0.9225	sp|Q4G1G8|CH25H_PIG Cholesterol 25-hydroxylase OS=Sus scrofa OX=9823 GN=CH25H PE=2 SV=1
g13614	208.7	0.2635	-0.414	0.6961	
g1039	167.7	0.1462	-0.328	0.7025	sp|Q5TJF5|DHB8_CANLF (3R)-3-hydroxyacyl-CoA dehydrogenase OS=Canis lupus familiaris OX=9615 GN=HSD17B8 PE=3 SV=1
g13786	201.9	0.2442	0.699	0.0993	
g15682	302.4	0.5325	0.737	0.1038	sp|Q9SBJ1|PDK_ARATH [Pyruvate dehydrogenase (acetyl-transferring)] kinase, mitochondrial OS=Arabidopsis thaliana OX=3702 GN=PDK PE=1 SV=1
g6620	245.8	0.3709	-0.960	0.0799	
g5677	173.3	0.1633	-0.176	0.8809	sp|Q54SN4|RPAC1_DICDI DNA-directed RNA polymerases I and III subunit rpac1 OS=Dictyostelium discoideum OX=44689 GN=polr1c PE=3 SV=1
g4985	149.1	0.0940	0.026	0.9852	sp|Q42479|CDPK3_ARATH Calcium-dependent protein kinase 3 OS=Arabidopsis thaliana OX=3702 GN=CPK3 PE=1 SV=1
g14545	190.7	0.2133	0.194	0.8703	
g2149	162.8	0.1335	0.101	0.9509	sp|O94983|CMTA2_HUMAN Calmodulin-binding transcription activator 2 OS=Homo sapiens OX=9606 GN=CAMTA2 PE=1 SV=3
g13927	174.8	0.1682	0.302	0.7395	sp|Q54QG5|Y3893_DICDI Probable E3 ubiquitin-protein ligase DDB_G0283893 OS=Dictyostelium discoideum OX=44689 GN=DDB_G0283893 PE=3 SV=2
g15669	185.3	0.1983	-0.153	0.9036	sp|Q5XI31|PIGS_RAT GPI-anchor transamidase component PIGS OS=Rattus norvegicus OX=10116 GN=Pigs PE=2 SV=3
g15167	149.3	0.0951	0.045	0.9773	
g5494	174.1	0.1663	0.029	0.9848	sp|O80505|ALG8_ARATH Dolichyl pyrophosphate Glc1Man9GlcNAc2 alpha-1,3-glucosyltransferase OS=Arabidopsis thaliana OX=3702 GN=At2g44660 PE=2 SV=3
g5309	218.4	0.2942	-0.339	0.7168	sp|Q6DE73|OGFD1_XENLA Prolyl 3-hydroxylase OGFOD1 OS=Xenopus laevis OX=8355 GN=ogfod1 PE=2 SV=1
g8656	199.9	0.2411	-0.051	0.9713	sp|A0L3J9|SYA_MAGMM Alanine--tRNA ligase OS=Magnetococcus marinus (strain ATCC BAA-1437 / JCM 17883 / MC-1) OX=156889 GN=alaS PE=3 SV=1
g2556	146.3	0.0875	-0.227	0.8372	sp|Q9USH5|YJQ5_SCHPO PWI domain-containing protein C825.05c OS=Schizosaccharomyces pombe (strain 972 / ATCC 24843) OX=284812 GN=SPCC825.05c PE=1 SV=1
g3895	298.0	0.5239	-0.750	0.3023	sp|Q8BZ20|PAR12_MOUSE Protein mono-ADP-ribosyltransferase PARP12 OS=Mus musculus OX=10090 GN=Parp12 PE=1 SV=3
g9131	166.7	0.1465	0.026	0.9851	sp|Q5BBV4|EAF3_EMENI Chromatin modification-related protein eaf3 OS=Emericella nidulans (strain FGSC A4 / ATCC 38163 / CBS 112.46 / NRRL 194 / M139) OX=227321 GN=eaf3 PE=3 SV=1
g2352	212.9	0.2794	0.681	0.2153	sp|Q9ERI6|RDH14_MOUSE Retinol dehydrogenase 14 OS=Mus musculus OX=10090 GN=Rdh14 PE=1 SV=1
g2195	192.7	0.2212	0.037	0.9848	sp|Q8VY13|FRO8_ARATH Ferric reduction oxidase 8, mitochondrial OS=Arabidopsis thaliana OX=3702 GN=FRO8 PE=1 SV=1
g5419	177.3	0.1777	0.452	0.4633	
g13653	145.8	0.0873	-0.043	0.9796	sp|Q9FKG6|PUB52_ARATH U-box domain-containing protein 52 OS=Arabidopsis thaliana OX=3702 GN=PUB52 PE=2 SV=1
g6851	183.5	0.1962	-0.451	0.4648	sp|P25631|YCU1_YEAST Ankyrin repeat-containing protein YCR051W OS=Saccharomyces cerevisiae (strain ATCC 204508 / S288c) OX=559292 GN=YCR051W PE=1 SV=1
g13877	205.2	0.2590	0.349	0.6767	sp|A9M8Q9|ODO1_BRUC2 2-oxoglutarate dehydrogenase E1 component OS=Brucella canis (strain ATCC 23365 / NCTC 10854 / RM-666) OX=483179 GN=sucA PE=3 SV=1
g3236	195.4	0.2307	0.013	0.9921	sp|Q9P4X3|UTP7_SCHPO Probable U3 small nucleolar RNA-associated protein 7 OS=Schizosaccharomyces pombe (strain 972 / ATCC 24843) OX=284812 GN=utp7 PE=3 SV=1
g3903	174.6	0.1707	0.116	0.9349	
g10016	351.9	0.6828	0.711	0.3044	
g1815	259.5	0.4174	-0.395	0.8111	
g2498	241.5	0.3655	-0.205	0.8802	sp|Q54BM3|MCFG_DICDI Mitochondrial substrate carrier family protein G OS=Dictyostelium discoideum OX=44689 GN=mcfG PE=2 SV=1
g5580	159.5	0.1285	0.019	0.9898	
g2234	184.2	0.2002	0.378	0.6549	sp|O88831|KKCC2_RAT Calcium/calmodulin-dependent protein kinase kinase 2 OS=Rattus norvegicus OX=10116 GN=Camkk2 PE=1 SV=1
g15536	171.9	0.1649	-0.134	0.9237	sp|Q15029|U5S1_HUMAN 116 kDa U5 small nuclear ribonucleoprotein component OS=Homo sapiens OX=9606 GN=EFTUD2 PE=1 SV=1
g9517	256.9	0.4119	0.000	0.9996	sp|Q9JI93|A4GAT_RAT Lactosylceramide 4-alpha-galactosyltransferase OS=Rattus norvegicus OX=10116 GN=A4galt PE=1 SV=1
g14092	178.1	0.1834	0.354	0.6478	
g9602	195.6	0.2343	0.508	0.4688	
g3636	180.5	0.1906	-0.476	0.4674	
g9245	179.6	0.1881	-0.115	0.9433	sp|F4J7S8|SFH9_ARATH Phosphatidylinositol/phosphatidylcholine transfer protein SFH9 OS=Arabidopsis thaliana OX=3702 GN=SFH9 PE=2 SV=1
g13932	165.0	0.1459	0.068	0.9685	sp|Q9FFL1|RMV1_ARATH Polyamine transporter RMV1 OS=Arabidopsis thaliana OX=3702 GN=RMV1 PE=1 SV=1
g1597	189.4	0.2169	-0.089	0.9509	sp|Q55774|Y182_SYNY3 Uncharacterized ABC transporter ATP-binding protein sll0182 OS=Synechocystis sp. (strain ATCC 27184 / PCC 6803 / Kazusa) OX=1111708 GN=sll0182 PE=3 SV=1
g12676	157.8	0.1252	0.050	0.9755	sp|Q39DH2|PDXH_BURL3 Pyridoxine/pyridoxamine 5'-phosphate oxidase OS=Burkholderia lata (strain ATCC 17760 / DSM 23089 / LMG 22485 / NCIMB 9086 / R18194 / 383) OX=482957 GN=pdxH PE=3 SV=1
g3437	174.2	0.1738	0.216	0.8424	sp|Q49619|MMPLA_MYCLE Probable transport protein MmpL10 OS=Mycobacterium leprae (strain TN) OX=272631 GN=mmpL10 PE=3 SV=1
g1793	209.0	0.2753	0.690	0.2001	
g10696	138.9	0.0713	0.178	0.8941	sp|Q64343|ABCG1_MOUSE ATP-binding cassette sub-family G member 1 OS=Mus musculus OX=10090 GN=Abcg1 PE=1 SV=1
g9035	179.1	0.1887	-0.082	0.9570	sp|Q6P7N1|MAK16_XENTR Protein MAK16 homolog OS=Xenopus tropicalis OX=8364 GN=mak16 PE=2 SV=1
g8910	157.8	0.1267	0.010	0.9943	sp|Q9WYJ1|TSAL_THEMA L-threonine ammonia-lyase OS=Thermotoga maritima (strain ATCC 43589 / DSM 3109 / JCM 10099 / NBRC 100826 / MSB8) OX=243274 GN=TM_0356 PE=1 SV=1
g3267	156.4	0.1227	-0.015	0.9921	sp|P09661|RU2A_HUMAN U2 small nuclear ribonucleoprotein A' OS=Homo sapiens OX=9606 GN=SNRPA1 PE=1 SV=2
g15865	242.4	0.3738	-0.131	0.9171	sp|Q9AYU0|QR2_TRIVS Quinone-oxidoreductase QR2 OS=Triphysaria versicolor OX=64093 PE=1 SV=1
g12773	186.1	0.2096	0.435	0.4852	sp|F4JKI3|DGK6_ARATH Diacylglycerol kinase 6 OS=Arabidopsis thaliana OX=3702 GN=DGK6 PE=3 SV=1
g2718	150.6	0.1061	0.016	0.9920	
g10416	185.9	0.2095	0.144	0.9138	sp|Q5FV41|FBT2_ARATH Probable folate-biopterin transporter 2 OS=Arabidopsis thaliana OX=3702 GN=At5g25050 PE=2 SV=1
g3853	200.5	0.2528	0.169	0.8895	sp|Q5I0I8|NOC4L_RAT Nucleolar complex protein 4 homolog OS=Rattus norvegicus OX=10116 GN=Noc4l PE=2 SV=1
g11481	176.0	0.1815	-0.206	0.8786	
g2822	196.8	0.2424	-0.221	0.8347	sp|Q93VI4|PABN1_ARATH Polyadenylate-binding protein 1 OS=Arabidopsis thaliana OX=3702 GN=PABN1 PE=1 SV=1
g8446	202.9	0.2603	0.148	0.9112	sp|Q9FFN7|DGK2_ARATH Diacylglycerol kinase 2 OS=Arabidopsis thaliana OX=3702 GN=DGK2 PE=1 SV=1
g14134	160.5	0.1365	-0.104	0.9474	sp|Q0AQU7|SFSA_MARMM Sugar fermentation stimulation protein homolog OS=Maricaulis maris (strain MCS10) OX=394221 GN=sfsA PE=3 SV=1
g11778	130.4	0.0486	0.005	0.9974	sp|Q640S2|CRBN_XENTR Protein cereblon OS=Xenopus tropicalis OX=8364 GN=crbn PE=2 SV=1
g3722	216.3	0.3000	0.772	0.1487	sp|P0DXY5|THSA_ARCFU Thermosome subunit alpha OS=Archaeoglobus fulgidus (strain ATCC 49558 / DSM 4304 / JCM 9628 / NBRC 100126 / VC-16) OX=224325 GN=thsA PE=3 SV=1
g2318	226.3	0.3297	-0.328	0.6418	
g4357	143.5	0.0873	0.032	0.9848	
g15553	211.9	0.2878	-0.181	0.9041	
g2697	197.0	0.2441	0.154	0.9099	sp|Q9JKV2|CILK1_MOUSE Serine/threonine-protein kinase ICK OS=Mus musculus OX=10090 GN=Cilk1 PE=1 SV=2
g11618	145.3	0.0926	-0.239	0.8249	sp|Q9C6T1|PMK_ARATH Phosphomevalonate kinase, peroxisomal OS=Arabidopsis thaliana OX=3702 GN=PMK PE=1 SV=1
g13762	162.3	0.1426	0.312	0.7265	sp|O14981|BTAF1_HUMAN TATA-binding protein-associated factor 172 OS=Homo sapiens OX=9606 GN=BTAF1 PE=1 SV=2
g15879	192.9	0.2328	0.407	0.5691	
g839	177.2	0.1866	0.381	0.6265	sp|P9WEL4|AVAM_ASPVE Ava biosynthesis cluster protein M OS=Aspergillus versicolor OX=46472 GN=avaM PE=3 SV=1
g14597	138.5	0.0732	0.032	0.9848	
g14520	141.9	0.0832	-0.026	0.9856	
g4606	191.7	0.2295	-0.274	0.8146	sp|Q8CRJ7|ZDH1_STAES Zinc-type alcohol dehydrogenase-like protein SE_1777 OS=Staphylococcus epidermidis (strain ATCC 12228 / FDA PCI 1200) OX=176280 GN=SE_1777 PE=3 SV=1
g9404	164.7	0.1503	0.341	0.6823	sp|Q8CB19|PHTF2_MOUSE Protein PHTF2 OS=Mus musculus OX=10090 GN=Phtf2 PE=1 SV=2
g8884	222.7	0.3207	-0.443	0.4742	
g7335	253.0	0.4102	-0.207	0.8347	sp|Q7M9T3|DNAJ_WOLSU Chaperone protein DnaJ OS=Wolinella succinogenes (strain ATCC 29543 / DSM 1740 / CCUG 13145 / JCM 31913 / LMG 7466 / NCTC 11488 / FDC 602W) OX=273121 GN=dnaJ PE=3 SV=1
g6171	143.6	0.0888	0.197	0.8753	
g3111	144.5	0.0913	0.137	0.9284	sp|P87149|MRS2_SCHPO Mitochondrial inner membrane magnesium transporter mrs2 OS=Schizosaccharomyces pombe (strain 972 / ATCC 24843) OX=284812 GN=mrs2 PE=3 SV=1
g4399	238.6	0.3682	-0.583	0.3030	sp|Q6Q873|SIRT_LEPMC Thioredoxin reductase sirT OS=Leptosphaeria maculans OX=5022 GN=sirT PE=2 SV=1
g5213	169.9	0.1664	0.288	0.7495	sp|Q8GWT4|ANM15_ARATH Protein arginine N-methyltransferase 1.5 OS=Arabidopsis thaliana OX=3702 GN=PMRT15 PE=1 SV=2
g11149	157.2	0.1292	0.299	0.7407	sp|Q12767|TMM94_HUMAN Transmembrane protein 94 OS=Homo sapiens OX=9606 GN=TMEM94 PE=1 SV=1
g9851	145.0	0.0935	-0.092	0.9526	sp|S0ENH1|FUS7_GIBF5 Putative aldehyde dehydrogenase FUS7 OS=Gibberella fujikuroi (strain CBS 195.34 / IMI 58289 / NRRL A-6831) OX=1279085 GN=FUS7 PE=2 SV=1
g5247	173.6	0.1778	0.310	0.7313	sp|Q5YDB5|CPL2_ARATH RNA polymerase II C-terminal domain phosphatase-like 2 OS=Arabidopsis thaliana OX=3702 GN=CPL2 PE=1 SV=3
g15152	175.4	0.1837	-0.169	0.9165	sp|Q08D57|SET1B_XENTR Histone-lysine N-methyltransferase SETD1B OS=Xenopus tropicalis OX=8364 GN=setd1b PE=2 SV=1
g13607	158.0	0.1324	0.194	0.8810	
g15982	156.7	0.1289	0.030	0.9848	sp|Q5RHI5|DTL_DANRE Denticleless protein homolog OS=Danio rerio OX=7955 GN=dtl PE=2 SV=1
g6098	369.5	0.7568	0.707	0.4261	sp|Q6ZZY0|CRY1_SYLBO Cryptochrome-1 OS=Sylvia borin OX=73324 GN=CRY1 PE=2 SV=1
g3200	149.0	0.1064	-0.052	0.9740	
g5440	168.5	0.1641	-0.074	0.9625	sp|Q4VFY5|OLSC_RHITR Ornithine lipid ester-linked acyl 2-hydroxylase OS=Rhizobium tropici OX=398 GN=olsC PE=1 SV=1
g646	139.9	0.0799	0.174	0.9004	
g14255	195.9	0.2456	0.657	0.1426	sp|Q5ZIW1|PEO1_CHICK Twinkle mtDNA helicase OS=Gallus gallus OX=9031 GN=TWNK PE=2 SV=1
g4419	214.9	0.3022	-0.457	0.4465	sp|Q7RXA6|PPIL2_NEUCR Peptidyl-prolyl cis-trans isomerase-like 2 OS=Neurospora crassa (strain ATCC 24698 / 74-OR23-1A / CBS 708.71 / DSM 1257 / FGSC 987) OX=367110 GN=ppi-2 PE=3 SV=1
g2399	232.1	0.3531	-0.214	0.9126	sp|O13752|YF22_SCHPO Uncharacterized TLC domain-containing protein C17A2.02c OS=Schizosaccharomyces pombe (strain 972 / ATCC 24843) OX=284812 GN=SPAC17A2.02c PE=4 SV=1
g6982	189.7	0.2279	0.605	0.2344	
g1796	184.8	0.2136	0.072	0.9689	sp|Q0JL75|P2C07_ORYSJ Probable protein phosphatase 2C 7 OS=Oryza sativa subsp. japonica OX=39947 GN=Os01g0618200 PE=2 SV=2
g3738	166.4	0.1596	-0.166	0.9127	sp|Q9N5U5|CDC73_CAEEL Cell division cycle protein 73 OS=Caenorhabditis elegans OX=6239 GN=cdc-73 PE=3 SV=4
g8893	184.2	0.2121	0.016	0.9910	sp|Q28HN4|CC124_XENTR Coiled-coil domain-containing protein 124 OS=Xenopus tropicalis OX=8364 GN=ccdc124 PE=2 SV=1
g5502	195.5	0.2458	0.351	0.7518	sp|P19182|IFRD1_MOUSE Interferon-related developmental regulator 1 OS=Mus musculus OX=10090 GN=Ifrd1 PE=1 SV=2
g9804	149.6	0.1101	0.124	0.9362	sp|Q9PJJ8|UHPT_CHLMU Probable hexose phosphate transport protein OS=Chlamydia muridarum (strain MoPn / Nigg) OX=243161 GN=TC_0831 PE=3 SV=1
g9640	156.8	0.1317	0.356	0.6548	sp|Q62784|INP4A_RAT Inositol polyphosphate-4-phosphatase type I A OS=Rattus norvegicus OX=10116 GN=Inpp4a PE=1 SV=1
g270	161.6	0.1460	-0.108	0.9443	sp|Q12063|UPPS_YEAST Dehydrodolichyl diphosphate synthase complex subunit NUS1 OS=Saccharomyces cerevisiae (strain ATCC 204508 / S288c) OX=559292 GN=NUS1 PE=1 SV=1
g15903	233.9	0.3608	-0.010	0.9944	sp|C0SPA5|ADHA_BACSU Probable formaldehyde dehydrogenase AdhA OS=Bacillus subtilis (strain 168) OX=224308 GN=adhA PE=2 SV=1
g9200	141.0	0.0852	0.148	0.9195	
g12323	205.0	0.2756	-0.011	0.9938	sp|Q9UWX2|SYP_SACS2 Proline--tRNA ligase OS=Saccharolobus solfataricus (strain ATCC 35092 / DSM 1617 / JCM 11322 / P2) OX=273057 GN=proS PE=3 SV=1
g7710	160.7	0.1443	0.288	0.7514	sp|Q2KXZ0|TRUB_BORA1 tRNA pseudouridine synthase B OS=Bordetella avium (strain 197N) OX=360910 GN=truB PE=3 SV=1
g10041	185.9	0.2195	-0.222	0.8297	sp|Q7ZYC4|ACBG2_XENLA Long-chain-fatty-acid--CoA ligase ACSBG2 OS=Xenopus laevis OX=8355 GN=acsbg2 PE=2 SV=1
g16056	183.5	0.2126	0.386	0.6132	sp|Q9FG93|MNS4_ARATH Alpha-mannosidase I MNS4 OS=Arabidopsis thaliana OX=3702 GN=MNS4 PE=1 SV=1
g11928	144.9	0.0977	0.060	0.9689	
g3719	180.8	0.2046	0.282	0.7551	
g1753	155.1	0.1283	-0.255	0.7984	sp|Q8RXE7|AGD14_ARATH Probable ADP-ribosylation factor GTPase-activating protein AGD14 OS=Arabidopsis thaliana OX=3702 GN=AGD14 PE=1 SV=2
g15596	257.9	0.4341	-0.643	0.2232	sp|Q39202|RLK1_ARATH G-type lectin S-receptor-like serine/threonine-protein kinase RLK1 OS=Arabidopsis thaliana OX=3702 GN=RLK1 PE=2 SV=2
g10720	231.4	0.3556	0.314	0.7447	sp|Q3B5A5|METXA_CHLL3 Homoserine O-acetyltransferase OS=Chlorobium luteolum (strain DSM 273 / BCRC 81028 / 2530) OX=319225 GN=metXA PE=3 SV=1
g15543	207.9	0.2860	0.207	0.8703	sp|Q7S300|RM51_NEUCR Large ribosomal subunit protein mL43 OS=Neurospora crassa (strain ATCC 24698 / 74-OR23-1A / CBS 708.71 / DSM 1257 / FGSC 987) OX=367110 GN=mrpl51 PE=1 SV=1
g1262	274.1	0.4831	0.065	0.9623	
g6862	152.8	0.1220	-0.274	0.7839	sp|P25338|MPO1_YEAST 2-hydroxy-palmitic acid dioxygenase MPO1 OS=Saccharomyces cerevisiae (strain ATCC 204508 / S288c) OX=559292 GN=MPO1 PE=1 SV=2
g9681	145.0	0.0989	0.070	0.9666	sp|Q500Z2|ZDH20_ARATH Probable protein S-acyltransferase 15 OS=Arabidopsis thaliana OX=3702 GN=PAT15 PE=2 SV=1
g9812	162.8	0.1517	-0.252	0.8282	
g7149	177.8	0.1967	0.236	0.8437	
g7026	200.3	0.2637	0.030	0.9849	
g2476	239.9	0.3821	-0.680	0.2981	
g901	177.0	0.1948	-0.103	0.9454	sp|Q607A6|DNAJ_METCA Chaperone protein DnaJ OS=Methylococcus capsulatus (strain ATCC 33009 / NCIMB 11132 / Bath) OX=243233 GN=dnaJ PE=3 SV=1
g5560	163.0	0.1534	0.145	0.9300	sp|Q5ZJN4|UBP10_CHICK Ubiquitin carboxyl-terminal hydrolase 10 OS=Gallus gallus OX=9031 GN=USP10 PE=2 SV=1
g10787	191.4	0.2381	-0.235	0.8519	
g4627	154.2	0.1274	-0.010	0.9944	sp|P44471|IOJAP_HAEIN Ribosomal silencing factor RsfS OS=Haemophilus influenzae (strain ATCC 51907 / DSM 11121 / KW20 / Rd) OX=71421 GN=rsfS PE=3 SV=1
g15321	157.9	0.1387	0.211	0.8742	sp|O70023|TYLN_STRFR O-mycaminosyltylonolide 6-deoxyallosyltransferase OS=Streptomyces fradiae OX=1906 GN=tylN PE=1 SV=2
g4703	210.7	0.2967	0.495	0.4167	sp|Q9SBJ1|PDK_ARATH [Pyruvate dehydrogenase (acetyl-transferring)] kinase, mitochondrial OS=Arabidopsis thaliana OX=3702 GN=PDK PE=1 SV=1
g426	149.7	0.1145	0.093	0.9534	sp|O95400|CD2B2_HUMAN CD2 antigen cytoplasmic tail-binding protein 2 OS=Homo sapiens OX=9606 GN=CD2BP2 PE=1 SV=1
g1654	176.2	0.1937	-0.215	0.8352	sp|Q16829|DUS7_HUMAN Dual specificity protein phosphatase 7 OS=Homo sapiens OX=9606 GN=DUSP7 PE=1 SV=4
g13590	191.3	0.2393	0.531	0.4536	sp|Q11067|PDIA6_CAEEL Protein disulfide-isomerase A6 homolog OS=Caenorhabditis elegans OX=6239 GN=pdi-6 PE=3 SV=1
g15230	160.2	0.1462	0.278	0.7778	sp|Q9D534|ZC21B_MOUSE Zinc finger C2HC domain-containing protein 1B OS=Mus musculus OX=10090 GN=Zc2hc1b PE=2 SV=1
g12749	151.0	0.1186	-0.047	0.9763	
g9218	138.4	0.0811	-0.029	0.9848	
g9357	243.9	0.3973	0.047	0.9848	
g3479	170.4	0.1772	0.378	0.6342	
g680	194.4	0.2493	-0.237	0.8352	sp|Q8BG17|NOL12_MOUSE Nucleolar protein 12 OS=Mus musculus OX=10090 GN=Nol12 PE=1 SV=1
g4963	154.2	0.1287	-0.125	0.9349	sp|Q5D1E8|ZC12A_HUMAN Endoribonuclease ZC3H12A OS=Homo sapiens OX=9606 GN=ZC3H12A PE=1 SV=1
g2026	213.1	0.3069	-0.708	0.2254	
g12334	162.0	0.1535	0.260	0.7963	
g15094	167.9	0.1714	0.294	0.7693	sp|Q8RWU6|NHX6_ARATH Sodium/hydrogen exchanger 6 OS=Arabidopsis thaliana OX=3702 GN=NHX6 PE=1 SV=3
g11093	158.0	0.1419	0.357	0.6602	
g15363	181.0	0.2116	-0.118	0.9470	
g13622	211.9	0.3046	0.062	0.9666	sp|Q9D0D4|DIM1_MOUSE Dimethyladenosine transferase OS=Mus musculus OX=10090 GN=Dimt1 PE=2 SV=1
g3929	178.3	0.2036	-0.501	0.4594	sp|A6LJM7|MTNA_THEM4 Methylthioribose-1-phosphate isomerase OS=Thermosipho melanesiensis (strain DSM 12029 / CIP 104789 / BI429) OX=391009 GN=mtnA PE=3 SV=1
g13776	178.1	0.2031	0.425	0.5751	sp|P9WMU2|GLPQ1_MYCTO Probable glycerophosphodiester phosphodiesterase 1 OS=Mycobacterium tuberculosis (strain CDC 1551 / Oshkosh) OX=83331 GN=glpQ1 PE=3 SV=1
g4593	198.3	0.2641	-0.704	0.1117	
g6684	179.3	0.2072	0.226	0.8333	sp|A6ZY34|UBP4_YEAS7 Ubiquitin carboxyl-terminal hydrolase 4 OS=Saccharomyces cerevisiae (strain YJM789) OX=307796 GN=DOA4 PE=3 SV=1
g15236	163.5	0.1593	0.258	0.8127	sp|Q9C658|DCP5_ARATH Protein decapping 5 OS=Arabidopsis thaliana OX=3702 GN=DCP5 PE=1 SV=1
g3206	160.2	0.1500	0.004	0.9974	sp|A5PJI7|EI2BG_BOVIN Translation initiation factor eIF2B subunit gamma OS=Bos taurus OX=9913 GN=EIF2B3 PE=2 SV=1
g7340	169.3	0.1778	0.069	0.9665	sp|Q9UT28|EFM7_SCHPO Protein N-terminal and lysine N-methyltransferase efm7 OS=Schizosaccharomyces pombe (strain 972 / ATCC 24843) OX=284812 GN=nnt1 PE=3 SV=1
g2699	162.3	0.1573	0.291	0.7674	sp|Q7PRH1|AKTIP_ANOGA Protein crossbronx homolog OS=Anopheles gambiae OX=7165 GN=AGAP010478 PE=3 SV=3
g10083	180.8	0.2131	0.579	0.2897	
g9575	144.5	0.1035	0.173	0.9027	
g10918	151.8	0.1256	-0.055	0.9718	sp|P0C1I7|CYP5_RHIO9 Peptidyl-prolyl cis-trans isomerase cyp5 OS=Rhizopus delemar (strain RA 99-880 / ATCC MYA-4621 / FGSC 9543 / NRRL 43880) OX=246409 GN=cyp5 PE=3 SV=1
g3916	143.1	0.0996	-0.219	0.8519	sp|Q54YG5|TPPC5_DICDI Trafficking protein particle complex subunit 5 OS=Dictyostelium discoideum OX=44689 GN=trappc5 PE=3 SV=1
g4002	165.9	0.1686	0.359	0.6644	sp|Q2HJE4|UBP15_BOVIN Ubiquitin carboxyl-terminal hydrolase 15 OS=Bos taurus OX=9913 GN=USP15 PE=2 SV=1
g1839	185.8	0.2290	0.300	0.7548	sp|Q9EQV8|CBPN_RAT Carboxypeptidase N catalytic chain OS=Rattus norvegicus OX=10116 GN=Cpn1 PE=2 SV=1
g10313	181.1	0.2148	0.217	0.8507	sp|O14360|NAF1_SCHPO H/ACA ribonucleoprotein complex non-core subunit NAF1 OS=Schizosaccharomyces pombe (strain 972 / ATCC 24843) OX=284812 GN=naf1 PE=1 SV=1
g2268	159.3	0.1491	0.036	0.9848	sp|Q1ZXH4|EMC6_DICDI ER membrane protein complex subunit 6 OS=Dictyostelium discoideum OX=44689 GN=emc6 PE=3 SV=1
g10683	195.7	0.2597	-0.115	0.9349	sp|P67868|CSK2B_BOVIN Casein kinase II subunit beta OS=Bos taurus OX=9913 GN=CSNK2B PE=1 SV=1
g10296	205.8	0.2904	-0.238	0.8135	sp|Q9ZT94|POLR2_ARATH Retrovirus-related Pol polyprotein from transposon RE2 OS=Arabidopsis thaliana OX=3702 GN=RE2 PE=4 SV=1
g13378	195.4	0.2590	0.511	0.3795	
g14308	138.0	0.0854	0.160	0.9112	sp|P19485|CYA1_RHIME Adenylate cyclase 1 OS=Rhizobium meliloti (strain 1021) OX=266834 GN=cya1 PE=3 SV=2
g2801	212.3	0.3111	0.027	0.9856	sp|Q8T1C6|GNT1_DICDI [Skp1-protein]-hydroxyproline N-acetylglucosaminyltransferase OS=Dictyostelium discoideum OX=44689 GN=gnt1 PE=1 SV=2
g9089	384.8	0.8354	1.098	0.0711	sp|F4J2K4|KN7O_ARATH Kinesin-like protein KIN-7O OS=Arabidopsis thaliana OX=3702 GN=KIN7O PE=3 SV=1
g8755	237.8	0.3890	0.495	0.3821	
g152	149.9	0.1219	-0.179	0.9004	sp|Q1ZXQ1|FAAA_DICDI Fumarylacetoacetase OS=Dictyostelium discoideum OX=44689 GN=fah PE=3 SV=1
g15929	216.9	0.3258	0.257	0.7685	sp|Q54FE6|MCFS_DICDI Mitochondrial substrate carrier family protein S OS=Dictyostelium discoideum OX=44689 GN=mcfS PE=3 SV=1
g4656	227.6	0.3583	0.616	0.1956	
g5781	190.9	0.2469	-0.631	0.3020	sp|C0R1Z9|RL32_BRAHW Large ribosomal subunit protein bL32 OS=Brachyspira hyodysenteriae (strain ATCC 49526 / WA1) OX=565034 GN=rpmF PE=3 SV=1
g3556	143.1	0.1017	0.091	0.9537	
g3869	195.8	0.2620	-0.574	0.2467	
g4715	180.7	0.2165	-0.290	0.7848	sp|Q32L78|TPC6B_BOVIN Trafficking protein particle complex subunit 6B OS=Bos taurus OX=9913 GN=TRAPPC6B PE=2 SV=1
g12796	167.2	0.1757	0.227	0.8393	sp|Q90627|TRY1_CHICK Trypsin I-P1 OS=Gallus gallus OX=9031 PE=2 SV=1
g9326	190.1	0.2453	0.141	0.9264	sp|Q4V3B8|SIPL3_ARATH Signal peptide peptidase-like 3 OS=Arabidopsis thaliana OX=3702 GN=SPPL3 PE=2 SV=1
g11334	175.3	0.2006	-0.027	0.9853	sp|B2GUZ1|UBP4_RAT Ubiquitin carboxyl-terminal hydrolase 4 OS=Rattus norvegicus OX=10116 GN=Usp4 PE=1 SV=1
g6168	221.2	0.3411	0.528	0.4215	sp|Q3E7A4|COXM2_YEAST COX assembly mitochondrial protein 2 OS=Saccharomyces cerevisiae (strain ATCC 204508 / S288c) OX=559292 GN=CMC2 PE=1 SV=1
g6509	167.4	0.1771	0.012	0.9926	
g14626	157.4	0.1476	0.315	0.7262	
g11739	156.6	0.1452	0.350	0.6687	sp|A0A0P0VG31|DJC16_ORYSJ DnaJ protein P58IPK homolog A OS=Oryza sativa subsp. japonica OX=39947 GN=P58A PE=1 SV=1
g14139	236.2	0.3891	-0.357	0.6089	sp|Q9XVT0|RRS1_CAEEL Ribosome biogenesis regulatory protein homolog OS=Caenorhabditis elegans OX=6239 GN=rrsr-1 PE=3 SV=1
g6127	166.8	0.1771	0.268	0.7956	sp|Q5E6F9|PANP_ALIF1 Aspartate 1-decarboxylase OS=Aliivibrio fischeri (strain ATCC 700601 / ES114) OX=312309 GN=panP PE=1 SV=1
g16027	144.1	0.1084	0.085	0.9611	sp|A3KMW7|MAP10_BOVIN Microtubule-associated protein 10 OS=Bos taurus OX=9913 GN=MAP10 PE=2 SV=1
g6050	223.9	0.3531	-0.238	0.8825	
g9002	156.5	0.1468	-0.252	0.8150	
g13408	272.1	0.5016	0.210	0.9001	sp|O74507|YJD4_SCHPO Uncharacterized protein C594.04c OS=Schizosaccharomyces pombe (strain 972 / ATCC 24843) OX=284812 GN=SPCC594.04c PE=3 SV=2
g3320	166.5	0.1780	0.493	0.4252	sp|Q9FN03|UVR8_ARATH Ultraviolet-B receptor UVR8 OS=Arabidopsis thaliana OX=3702 GN=UVR8 PE=1 SV=1
g10668	160.2	0.1587	0.225	0.8374	sp|P12677|BIOA_SALTY Adenosylmethionine-8-amino-7-oxononanoate aminotransferase OS=Salmonella typhimurium (strain LT2 / SGSC1412 / ATCC 700720) OX=99287 GN=bioA PE=3 SV=2
g15049	217.2	0.3339	-0.401	0.6458	sp|F4J8K6|RRP5_ARATH rRNA biogenesis protein RRP5 OS=Arabidopsis thaliana OX=3702 GN=RRP5 PE=2 SV=2
g7050	225.3	0.3586	-0.923	0.0772	
g7199	148.5	0.1230	-0.198	0.8742	sp|Q58543|MSMJL_METJA Large-conductance mechanosensitive channel MscMJLR OS=Methanocaldococcus jannaschii (strain ATCC 43067 / DSM 2661 / JAL-1 / JCM 10045 / NBRC 100440) OX=243232 GN=MJ1143 PE=1 SV=1
g8726	131.0	0.0696	0.173	0.9036	sp|Q9C9Y1|TOL8_ARATH TOM1-like protein 8 OS=Arabidopsis thaliana OX=3702 GN=TOL8 PE=2 SV=1
g10542	143.2	0.1074	-0.072	0.9665	
g1349	222.9	0.3527	0.637	0.1839	sp|P18754|RCC1_HUMAN Regulator of chromosome condensation OS=Homo sapiens OX=9606 GN=RCC1 PE=1 SV=1
g1626	184.2	0.2338	-0.612	0.2104	sp|Q564K3|CND2_ARATH Condensin complex subunit 2 OS=Arabidopsis thaliana OX=3702 GN=CAPH PE=1 SV=1
g8428	155.1	0.1448	-0.046	0.9796	
g15973	210.7	0.3170	-0.675	0.1679	
g8497	187.2	0.2448	-0.038	0.9827	sp|Q0IHY4|TBC12_XENTR TBC1 domain family member 12 OS=Xenopus tropicalis OX=8364 GN=tbc1d12 PE=2 SV=1
g5122	326.4	0.6748	-0.663	0.3395	sp|Q60SZ2|MPV17_CAEBR Mitochondrial inner membrane protein Mpv17 (Fragment) OS=Caenorhabditis briggsae OX=6238 GN=CBG20693 PE=3 SV=2
g2348	185.6	0.2403	-0.161	0.8941	sp|Q940M4|OCT7_ARATH Organic cation/carnitine transporter 7 OS=Arabidopsis thaliana OX=3702 GN=OCT7 PE=2 SV=1
g13339	139.1	0.0967	-0.102	0.9479	
g10675	153.1	0.1400	0.308	0.7387	sp|Q9LT31|VPS9A_ARATH Vacuolar protein sorting-associated protein 9A OS=Arabidopsis thaliana OX=3702 GN=VPS9A PE=1 SV=1
g1400	213.0	0.3268	0.353	0.6896	
g13807	136.0	0.0881	-0.096	0.9509	sp|Q6GL10|AB17C_XENTR Alpha/beta hydrolase domain-containing protein 17C OS=Xenopus tropicalis OX=8364 GN=abhd17c PE=2 SV=1
g13964	143.0	0.1101	0.164	0.9082	sp|P9WI52|DPRP_MYCTO Decaprenylphosphoryl-5-phosphoribose phosphatase OS=Mycobacterium tuberculosis (strain CDC 1551 / Oshkosh) OX=83331 GN=MT3914 PE=3 SV=2
g4988	178.2	0.2193	0.221	0.8337	
g15089	162.3	0.1705	0.411	0.5515	sp|Q39054|CNX1_ARATH Molybdopterin biosynthesis protein CNX1 OS=Arabidopsis thaliana OX=3702 GN=CNX1 PE=1 SV=2
g3142	166.6	0.1839	-0.324	0.7033	sp|F4KF65|IMPA9_ARATH Importin subunit alpha-9 OS=Arabidopsis thaliana OX=3702 GN=IMPA9 PE=3 SV=1
g2043	209.4	0.3187	0.122	0.9450	sp|B8N195|XYL1_ASPFN Probable NAD(P)H-dependent D-xylose reductase xyrA OS=Aspergillus flavus (strain ATCC 200026 / FGSC A1120 / IAM 13836 / NRRL 3357 / JCM 12722 / SRRC 167) OX=332952 GN=xyrA PE=3 SV=1
g8852	169.0	0.1930	-0.293	0.7778	sp|Q99J08|S14L2_MOUSE SEC14-like protein 2 OS=Mus musculus OX=10090 GN=Sec14l2 PE=1 SV=1
g3435	184.7	0.2421	-0.062	0.9683	
g5348	179.8	0.2268	0.071	0.9666	sp|P94063|HAL3B_ARATH Probable phosphopantothenoylcysteine decarboxylase OS=Arabidopsis thaliana OX=3702 GN=HAL3B PE=2 SV=2
g5189	163.7	0.1771	-0.429	0.5519	
g8919	154.3	0.1477	-0.235	0.8550	
g3706	152.6	0.1424	-0.102	0.9482	sp|Q9SII8|DSK2B_ARATH Ubiquitin domain-containing protein DSK2b OS=Arabidopsis thaliana OX=3702 GN=DSK2B PE=1 SV=1
g11050	206.2	0.3099	0.259	0.8058	sp|O49289|RH29_ARATH Putative DEAD-box ATP-dependent RNA helicase 29 OS=Arabidopsis thaliana OX=3702 GN=RH29 PE=3 SV=1
g9457	143.7	0.1151	0.182	0.8961	
g10648	162.0	0.1728	0.006	0.9962	sp|Q9UT08|2AAA_SCHPO Protein phosphatase PP2A regulatory subunit A OS=Schizosaccharomyces pombe (strain 972 / ATCC 24843) OX=284812 GN=paa1 PE=1 SV=1
g102	152.9	0.1455	0.038	0.9823	
g12525	138.1	0.0992	0.052	0.9740	sp|Q4P4N1|ATG18_MYCMD Autophagy-related protein 18 OS=Mycosarcoma maydis OX=5270 GN=ATG18 PE=3 SV=1
g5710	185.5	0.2483	-0.475	0.4442	sp|Q5ZHS3|C1D_CHICK Nuclear nucleic acid-binding protein C1D OS=Gallus gallus OX=9031 GN=C1D PE=2 SV=1
g14695	196.5	0.2829	-0.315	0.7593	sp|Q54MQ7|DHYS_DICDI Probable deoxyhypusine synthase OS=Dictyostelium discoideum OX=44689 GN=dhps PE=3 SV=1
g14649	165.4	0.1854	0.238	0.8625	sp|Q9XYL0|CTDS_DICDI Probable C-terminal domain small phosphatase OS=Dictyostelium discoideum OX=44689 GN=fcpA PE=3 SV=1
g15925	139.1	0.1032	-0.093	0.9553	
g9046	183.4	0.2419	0.502	0.3982	
g4192	165.2	0.1850	0.058	0.9693	sp|Q8BUR4|DOCK1_MOUSE Dedicator of cytokinesis protein 1 OS=Mus musculus OX=10090 GN=Dock1 PE=1 SV=3
g13153	144.2	0.1191	0.063	0.9685	sp|Q6GM29|SAC1_XENLA Phosphatidylinositol-3-phosphatase SAC1 OS=Xenopus laevis OX=8355 GN=sacm1l PE=2 SV=1
g1122	151.7	0.1428	-0.270	0.8045	
g12876	148.2	0.1319	0.010	0.9944	sp|F4K4J0|THO5B_ARATH THO complex subunit 5B OS=Arabidopsis thaliana OX=3702 GN=THO5B PE=1 SV=1
g6916	154.0	0.1506	0.069	0.9666	sp|Q5A761|CCR4_CANAL CCR4-Not complex 3'-5'-exoribonuclease subunit Ccr4 OS=Candida albicans (strain SC5314 / ATCC MYA-2876) OX=237561 GN=CCR4 PE=3 SV=2
g5955	163.2	0.1795	0.094	0.9509	sp|D3ZGS3|OCRL_RAT Inositol polyphosphate 5-phosphatase OCRL OS=Rattus norvegicus OX=10116 GN=Ocrl PE=1 SV=1
g10618	150.7	0.1402	0.058	0.9718	
g5593	154.8	0.1537	-0.295	0.7716	
g1226	164.6	0.1848	-0.474	0.4741	
g1141	137.9	0.1011	-0.157	0.9126	
g5743	198.9	0.2932	0.343	0.6624	sp|Q9BY12|SCAPE_HUMAN S phase cyclin A-associated protein in the endoplasmic reticulum OS=Homo sapiens OX=9606 GN=SCAPER PE=1 SV=2
g10006	170.7	0.2044	-0.264	0.8152	sp|Q54DA8|STIP1_DICDI Protein STIP1 homolog OS=Dictyostelium discoideum OX=44689 GN=sti1 PE=3 SV=1
g10145	142.5	0.1157	-0.219	0.8532	sp|Q969G6|RIFK_HUMAN Riboflavin kinase OS=Homo sapiens OX=9606 GN=RFK PE=1 SV=2
g4060	193.2	0.2756	-0.248	0.8162	
g11177	162.7	0.1798	0.091	0.9534	sp|Q4FZQ6|PR38A_XENLA Pre-mRNA-splicing factor 38A OS=Xenopus laevis OX=8355 GN=prpf38a PE=2 SV=1
g3915	148.0	0.1339	0.346	0.6959	sp|Q54S12|S38AC_DICDI Putative sodium-coupled neutral amino acid transporter 12 OS=Dictyostelium discoideum OX=44689 GN=tmem104 PE=3 SV=1
g13511	199.0	0.2956	0.187	0.8800	sp|Q00341|VIGLN_HUMAN Vigilin OS=Homo sapiens OX=9606 GN=HDLBP PE=1 SV=3
g6610	160.4	0.1740	0.161	0.9177	
g8269	177.3	0.2273	-0.645	0.1766	
g2380	178.4	0.2311	-0.205	0.8976	sp|Q55DE7|ATX2_DICDI Ataxin-2 homolog OS=Dictyostelium discoideum OX=44689 GN=atxn2 PE=3 SV=1
g3922	181.5	0.2413	-0.482	0.5436	
g5708	142.0	0.1163	-0.074	0.9666	sp|P94695|DNAK_DEIPM Chaperone protein DnaK OS=Deinococcus proteolyticus (strain ATCC 35074 / DSM 20540 / JCM 6276 / NBRC 101906 / NCIMB 13154 / VKM Ac-1939 / CCM 2703 / MRP) OX=693977 GN=dnaK PE=3 SV=2
g10136	253.8	0.4703	-0.149	0.9076	
g13440	197.2	0.2909	0.573	0.2685	sp|Q8BUZ1|ABRA_MOUSE Actin-binding Rho-activating protein OS=Mus musculus OX=10090 GN=Abra PE=1 SV=1
g14677	136.0	0.0973	-0.018	0.9904	sp|Q9UBD5|ORC3_HUMAN Origin recognition complex subunit 3 OS=Homo sapiens OX=9606 GN=ORC3 PE=1 SV=1
g9511	158.4	0.1682	-0.360	0.6835	sp|F4JI46|RGAP2_ARATH Rho GTPase-activating protein 2 OS=Arabidopsis thaliana OX=3702 GN=ROPGAP2 PE=1 SV=1
g15969	144.4	0.1244	-0.169	0.9021	sp|Q9NK57|NIF3L_DROME NIF3-like protein 1 OS=Drosophila melanogaster OX=7227 GN=anon-35F/36A PE=1 SV=3
g14367	146.6	0.1314	-0.104	0.9509	
g9241	207.4	0.3246	-0.342	0.6831	
g14230	152.3	0.1502	-0.219	0.8713	sp|Q9P1Y5|CAMP3_HUMAN Calmodulin-regulated spectrin-associated protein 3 OS=Homo sapiens OX=9606 GN=CAMSAP3 PE=1 SV=2
g3293	187.3	0.2615	0.124	0.9264	sp|O13920|MDM28_SCHPO LETM1 domain-containing protein mdm28, mitochondrial OS=Schizosaccharomyces pombe (strain 972 / ATCC 24843) OX=284812 GN=mdm28 PE=2 SV=4
g13274	165.3	0.1915	-0.155	0.9275	sp|Q0QLF5|HMGD_EUBBA 2-(hydroxymethyl)glutarate dehydrogenase OS=Eubacterium barkeri OX=1528 GN=Hgd PE=1 SV=1
g13631	179.5	0.2374	0.055	0.9765	
g14610	153.8	0.1567	-0.167	0.9023	
g6608	206.6	0.3248	0.568	0.3531	sp|Q9NVI7|ATD3A_HUMAN ATPase family AAA domain-containing protein 3A OS=Homo sapiens OX=9606 GN=ATAD3A PE=1 SV=3
g15064	183.6	0.2520	0.224	0.8449	sp|F4IJK6|KN14R_ARATH Kinesin-like protein KIN-14R OS=Arabidopsis thaliana OX=3702 GN=KIN14R PE=3 SV=1
g6790	235.3	0.4171	0.791	0.1819	
g14159	140.4	0.1150	-0.264	0.8009	sp|P76093|YNBD_ECOLI Uncharacterized protein YnbD OS=Escherichia coli (strain K12) OX=83333 GN=ynbD PE=1 SV=1
g223	190.8	0.2771	0.070	0.9659	sp|Q9P6P2|RRP36_SCHPO rRNA biogenesis protein rrp36 OS=Schizosaccharomyces pombe (strain 972 / ATCC 24843) OX=284812 GN=rrp36 PE=1 SV=4
g1118	209.5	0.3368	-0.198	0.8878	sp|Q6GL69|MK67I_XENTR MKI67 FHA domain-interacting nucleolar phosphoprotein-like OS=Xenopus tropicalis OX=8364 GN=nifk PE=2 SV=1
g9432	188.8	0.2706	0.403	0.5465	
g15518	153.7	0.1587	-0.019	0.9899	sp|Q9LH39|PHSD_ARATH Probable polyamine transporter At3g19553 OS=Arabidopsis thaliana OX=3702 GN=At3g19553 PE=3 SV=1
g9878	181.6	0.2484	-0.415	0.5457	sp|Q94465|GCH1_DICDI GTP cyclohydrolase 1 OS=Dictyostelium discoideum OX=44689 GN=gchA PE=1 SV=2
g1934	140.8	0.1180	0.004	0.9974	sp|P32866|GPRK2_DROME G protein-coupled receptor kinase 2 OS=Drosophila melanogaster OX=7227 GN=Gprk2 PE=1 SV=3
g10912	232.4	0.4118	0.531	0.4104	sp|P54927|IMP2_SOLLC Inositol monophosphatase 2 OS=Solanum lycopersicum OX=4081 GN=IMP2 PE=1 SV=1
g4953	152.6	0.1560	-0.124	0.9439	
g7706	169.6	0.2107	0.060	0.9683	
g10818	201.8	0.3139	-0.291	0.7593	sp|P42126|ECI1_HUMAN Enoyl-CoA delta isomerase 1, mitochondrial OS=Homo sapiens OX=9606 GN=ECI1 PE=1 SV=1
g13325	167.6	0.2046	-0.218	0.8703	
g13843	309.3	0.6593	0.359	0.5513	sp|P22304|IDS_HUMAN Iduronate 2-sulfatase OS=Homo sapiens OX=9606 GN=IDS PE=1 SV=1
g3467	262.1	0.5084	0.441	0.4464	
g12523	161.2	0.1845	0.302	0.7512	
g10329	183.0	0.2546	-0.671	0.1510	sp|Q4G0X4|KCD21_HUMAN BTB/POZ domain-containing protein KCTD21 OS=Homo sapiens OX=9606 GN=KCTD21 PE=1 SV=1
g12618	203.1	0.3196	0.386	0.5964	
g8365	175.4	0.2307	-0.015	0.9910	
g14017	178.0	0.2392	-0.259	0.8003	
g8581	238.8	0.4349	0.637	0.1299	sp|P31060|MODF_ECOLI ABC transporter ATP-binding protein ModF OS=Escherichia coli (strain K12) OX=83333 GN=modF PE=2 SV=2
g11030	141.7	0.1227	-0.026	0.9853	sp|P49018|GPI8_YEAST GPI-anchor transamidase OS=Saccharomyces cerevisiae (strain ATCC 204508 / S288c) OX=559292 GN=GPI8 PE=1 SV=1
g1454	188.0	0.2719	0.125	0.9433	sp|Q803X4|DCA13_DANRE DDB1- and CUL4-associated factor 13 OS=Danio rerio OX=7955 GN=dcaf13 PE=2 SV=1
g15245	150.4	0.1510	0.004	0.9974	sp|Q8TF05|PP4R1_HUMAN Serine/threonine-protein phosphatase 4 regulatory subunit 1 OS=Homo sapiens OX=9606 GN=PPP4R1 PE=1 SV=1
g10142	139.5	0.1164	-0.110	0.9450	sp|Q9FG01|ATO_ARATH Splicing factor SF3a60 homolog OS=Arabidopsis thaliana OX=3702 GN=ATO PE=1 SV=1
g6726	153.0	0.1599	0.157	0.9165	sp|P38994|ITS3_YEAST Phosphatidylinositol 4-phosphate 5-kinase MSS4 OS=Saccharomyces cerevisiae (strain ATCC 204508 / S288c) OX=559292 GN=MSS4 PE=1 SV=2
g14768	261.0	0.5080	0.529	0.3640	
g9650	182.7	0.2559	0.653	0.1892	sp|Q9FNP1|PEX1_ARATH Peroxisomal ATPase PEX1 OS=Arabidopsis thaliana OX=3702 GN=PEX1 PE=1 SV=2
g436	187.2	0.2705	-0.150	0.9075	sp|Q23680|VATF_CAEEL Probable V-type proton ATPase subunit F OS=Caenorhabditis elegans OX=6239 GN=vha-9 PE=3 SV=1
g4125	171.5	0.2202	-0.245	0.8249	sp|Q63186|EI2BD_RAT Translation initiation factor eIF2B subunit delta OS=Rattus norvegicus OX=10116 GN=Eif2b4 PE=2 SV=1
g8881	193.2	0.2905	-0.445	0.5175	
g13043	159.1	0.1805	-0.082	0.9611	
g14014	134.8	0.1021	-0.077	0.9633	sp|B4PVH6|CARM1_DROYA Histone-arginine methyltransferase CARMER OS=Drosophila yakuba OX=7245 GN=Art4 PE=3 SV=1
g3367	208.7	0.3410	0.840	0.0551	sp|Q96DN5|TBC31_HUMAN TBC1 domain family member 31 OS=Homo sapiens OX=9606 GN=TBC1D31 PE=1 SV=2
g12580	159.3	0.1829	0.478	0.4777	sp|Q7M3S9|RNGB_DICDI RING finger protein B OS=Dictyostelium discoideum OX=44689 GN=rngB PE=2 SV=2
g10418	189.3	0.2807	0.195	0.8627	
g11228	167.8	0.2114	-0.135	0.9349	sp|Q7TMR0|PCP_MOUSE Lysosomal Pro-X carboxypeptidase OS=Mus musculus OX=10090 GN=Prcp PE=1 SV=2
g6871	139.3	0.1192	-0.121	0.9417	sp|D0NKK0|GUF1_PHYIT Translation factor GUF1 homolog, mitochondrial OS=Phytophthora infestans (strain T30-4) OX=403677 GN=PITG_12454 PE=3 SV=1
g4546	163.9	0.1993	-0.560	0.3177	sp|Q5E9R3|EHD1_BOVIN EH domain-containing protein 1 OS=Bos taurus OX=9913 GN=EHD1 PE=1 SV=1
g4048	181.4	0.2573	-0.194	0.8742	
g7787	243.1	0.4584	-0.708	0.0744	sp|Q05497|YD338_YEAST Uncharacterized transporter YDR338C OS=Saccharomyces cerevisiae (strain ATCC 204508 / S288c) OX=559292 GN=YDR338C PE=1 SV=1
g14290	115.9	0.0442	-0.016	0.9921	
g10018	170.2	0.2218	-0.282	0.7752	sp|O17606|YK4P_CAEEL MYG1 protein C27H6.8 OS=Caenorhabditis elegans OX=6239 GN=C27H6.8 PE=3 SV=2
g14114	220.0	0.3841	-0.502	0.3763	sp|P18773|EST_ACIVR Esterase OS=Acinetobacter venetianus (strain ATCC 31012 / DSM 23050 / BCRC 14357 / CCUG 45561 / CIP 110063 / KCTC 2702 / LMG 19082 / RAG-1) OX=1191460 GN=est PE=3 SV=2
g13960	154.1	0.1696	0.112	0.9439	
g4228	195.1	0.3037	0.038	0.9848	sp|Q8VZ48|RBL6_ARATH RHOMBOID-like protein 6, mitochondrial OS=Arabidopsis thaliana OX=3702 GN=RBL6 PE=2 SV=1
g8487	180.0	0.2548	0.243	0.8352	
g1202	156.9	0.1793	-0.159	0.9138	sp|Q8K2I1|FNTB_MOUSE Protein farnesyltransferase subunit beta OS=Mus musculus OX=10090 GN=Fntb PE=1 SV=1
g1956	130.8	0.0942	-0.118	0.9443	sp|Q94AS5|ICME_ARATH Isoprenylcysteine alpha-carbonyl methylesterase ICME OS=Arabidopsis thaliana OX=3702 GN=ICME PE=1 SV=1
g8824	139.7	0.1236	-0.167	0.9110	sp|Q5E9Z8|LSM1_BOVIN U6 snRNA-associated Sm-like protein LSm1 OS=Bos taurus OX=9913 GN=LSM1 PE=2 SV=1
g12591	130.4	0.0937	-0.131	0.9354	
g8362	149.1	0.1551	0.108	0.9482	
g13962	176.2	0.2443	-0.477	0.5461	sp|Q9ZUL5|CHR19_ARATH Protein CHROMATIN REMODELING 19 OS=Arabidopsis thaliana OX=3702 GN=ETL1 PE=1 SV=1
g15815	147.6	0.1508	-0.170	0.9135	sp|Q7ZWS1|DUS3L_XENLA tRNA-dihydrouridine(47) synthase [NAD(P)(+)]-like OS=Xenopus laevis OX=8355 GN=dus3l PE=2 SV=1
g310	136.7	0.1150	-0.100	0.9526	
g12216	251.5	0.4918	0.513	0.3429	
g12685	208.4	0.3504	0.284	0.7965	sp|F4HPZ9|LIG6_ARATH DNA ligase 6 OS=Arabidopsis thaliana OX=3702 GN=LIG6 PE=2 SV=1
g1936	153.4	0.1703	-0.199	0.8890	sp|Q9BXW9|FACD2_HUMAN Fanconi anemia group D2 protein OS=Homo sapiens OX=9606 GN=FANCD2 PE=1 SV=2
g13076	195.8	0.3095	0.820	0.0594	sp|O43502|RA51C_HUMAN DNA repair protein RAD51 homolog 3 OS=Homo sapiens OX=9606 GN=RAD51C PE=1 SV=1
g11698	145.2	0.1434	-0.123	0.9393	
g4827	186.3	0.2787	-0.606	0.3899	sp|Q7ZXV8|ZN207_XENLA BUB3-interacting and GLEBS motif-containing protein ZNF207 OS=Xenopus laevis OX=8355 GN=znf207 PE=1 SV=1
g7139	140.1	0.1272	-0.265	0.8146	sp|Q5R654|RBBP7_PONAB Histone-binding protein RBBP7 OS=Pongo abelii OX=9601 GN=RBBP7 PE=3 SV=1
g10489	176.9	0.2480	0.304	0.7571	sp|P43351|RAD52_HUMAN DNA repair protein RAD52 homolog OS=Homo sapiens OX=9606 GN=RAD52 PE=1 SV=1
g11052	211.3	0.3615	-0.649	0.1541	
g814	137.9	0.1204	0.216	0.8703	
g14704	251.4	0.4943	0.535	0.2637	sp|O04059|DHBK_SOLLC Putative 3,4-dihydroxy-2-butanone kinase OS=Solanum lycopersicum OX=4081 GN=DHBK PE=2 SV=1
g12667	171.9	0.2331	-0.623	0.2358	sp|A0A0B6VQ48|PAR1_ROSHC Phenylacetaldehyde reductase OS=Rosa hybrid cultivar OX=128735 GN=PAR PE=1 SV=1
g13951	263.8	0.5365	0.130	0.9413	
g86	202.7	0.3352	-0.282	0.7514	
g15265	108.7	0.0255	-0.053	0.9755	
g9753	250.0	0.4916	0.209	0.8188	sp|Q5HQ75|ODPB_STAEQ Pyruvate dehydrogenase E1 component subunit beta OS=Staphylococcus epidermidis (strain ATCC 35984 / DSM 28319 / BCRC 17069 / CCUG 31568 / BM 3577 / RP62A) OX=176279 GN=pdhB PE=3 SV=1
g5114	190.4	0.2948	0.129	0.9322	sp|Q94CF0|EHD1_ARATH EH domain-containing protein 1 OS=Arabidopsis thaliana OX=3702 GN=EHD1 PE=1 SV=1
g10397	222.0	0.3992	0.530	0.6037	
g8932	142.3	0.1363	-0.120	0.9379	sp|Q3EBF7|SLD2_ARATH Delta(8)-fatty-acid desaturase 2 OS=Arabidopsis thaliana OX=3702 GN=SLD2 PE=1 SV=1
g15160	229.9	0.4261	0.442	0.6922	sp|Q55BF2|NMD3_DICDI 60S ribosomal export protein NMD3 OS=Dictyostelium discoideum OX=44689 GN=nmd3 PE=3 SV=1
g13530	132.8	0.1062	0.114	0.9457	sp|Q5HN90|Y1382_STAEQ UPF0754 membrane protein SERP1382 OS=Staphylococcus epidermidis (strain ATCC 35984 / DSM 28319 / BCRC 17069 / CCUG 31568 / BM 3577 / RP62A) OX=176279 GN=SERP1382 PE=3 SV=1
g6258	164.5	0.2113	0.529	0.3528	
g12605	139.9	0.1296	-0.191	0.8912	sp|Q9XG54|OPR1_SOLLC 12-oxophytodienoate reductase 1 OS=Solanum lycopersicum OX=4081 GN=OPR1 PE=1 SV=1
g5615	160.4	0.1977	0.376	0.6224	
g14748	145.7	0.1490	0.093	0.9534	
g9722	131.9	0.1037	0.205	0.8713	sp|Q63472|KCNH1_RAT Voltage-gated delayed rectifier potassium channel KCNH1 OS=Rattus norvegicus OX=10116 GN=Kcnh1 PE=1 SV=1
g1012	212.1	0.3703	0.473	0.5907	sp|Q71VM4|IMA1A_ORYSJ Importin subunit alpha-1a OS=Oryza sativa subsp. japonica OX=39947 GN=Os01g0253300 PE=1 SV=2
g6394	196.7	0.3193	0.239	0.8478	sp|Q9SE51|SURF1_ARATH Surfeit locus protein 1 OS=Arabidopsis thaliana OX=3702 GN=SURF1 PE=2 SV=1
g8036	196.8	0.3203	-0.428	0.6938	sp|Q54PR7|Y4367_DICDI PA-phosphatase related-family protein DDB_G0284367 OS=Dictyostelium discoideum OX=44689 GN=DDB_G0284367 PE=3 SV=1
g14544	149.7	0.1643	0.217	0.8585	
g8679	161.4	0.2033	-0.445	0.5885	
g11031	186.4	0.2868	-0.038	0.9831	sp|Q8C3P7|MTA70_MOUSE N(6)-adenosine-methyltransferase catalytic subunit METTL3 OS=Mus musculus OX=10090 GN=Mettl3 PE=1 SV=2
g4151	269.7	0.5641	-0.008	0.9946	
g12244	175.2	0.2498	-0.333	0.7178	
g3216	142.6	0.1416	-0.340	0.7060	
g3113	167.6	0.2251	-0.201	0.8630	sp|Q08647|PUS7_YEAST Multisubstrate pseudouridine synthase 7 OS=Saccharomyces cerevisiae (strain ATCC 204508 / S288c) OX=559292 GN=PUS7 PE=1 SV=1
g15217	127.8	0.0928	0.043	0.9817	sp|Q4KLI2|TM10A_RAT tRNA methyltransferase 10 homolog A OS=Rattus norvegicus OX=10116 GN=Trmt10a PE=1 SV=1
g13655	156.1	0.1875	0.130	0.9359	sp|Q7JW12|TMX2_DROME Thioredoxin-related transmembrane protein 2 homolog OS=Drosophila melanogaster OX=7227 GN=CG11007 PE=2 SV=1
g14625	223.1	0.4127	0.695	0.1284	sp|O95239|KIF4A_HUMAN Chromosome-associated kinesin KIF4A OS=Homo sapiens OX=9606 GN=KIF4A PE=1 SV=3
g6415	157.6	0.1941	-0.216	0.8890	sp|Q5U317|FIP1_RAT Pre-mRNA 3'-end-processing factor FIP1 OS=Rattus norvegicus OX=10116 GN=Fip1l1 PE=1 SV=1
g8532	152.5	0.1776	-0.273	0.8103	
g11583	143.6	0.1477	-0.015	0.9923	sp|Q6I5Y0|CDKC1_ORYSJ Cyclin-dependent kinase C-1 OS=Oryza sativa subsp. japonica OX=39947 GN=CDKC-1 PE=2 SV=1
g3181	154.8	0.1853	0.025	0.9852	sp|A0A0B6VQ48|PAR1_ROSHC Phenylacetaldehyde reductase OS=Rosa hybrid cultivar OX=128735 GN=PAR PE=1 SV=1
g862	135.7	0.1216	-0.190	0.8949	sp|Q54PX7|PCID2_DICDI PCI domain-containing protein 2 homolog OS=Dictyostelium discoideum OX=44689 GN=pcid2 PE=3 SV=1
g6979	147.0	0.1592	0.005	0.9974	
g6367	149.6	0.1682	0.113	0.9433	sp|P53332|COAD_YEAST Phosphopantetheine adenylyltransferase OS=Saccharomyces cerevisiae (strain ATCC 204508 / S288c) OX=559292 GN=CAB4 PE=1 SV=1
g7231	188.5	0.2986	0.767	0.1506	sp|Q2KIT4|DNJB4_BOVIN DnaJ homolog subfamily B member 4 OS=Bos taurus OX=9913 GN=DNAJB4 PE=2 SV=1
g1150	190.6	0.3056	-0.536	0.3134	
g3656	136.7	0.1249	-0.089	0.9543	sp|Q2TBV1|RFC3_BOVIN Replication factor C subunit 3 OS=Bos taurus OX=9913 GN=RFC3 PE=2 SV=1
g12452	140.3	0.1372	-0.046	0.9788	sp|B2SC50|UBIE_BRUA1 Ubiquinone/menaquinone biosynthesis C-methyltransferase UbiE OS=Brucella abortus (strain S19) OX=430066 GN=ubiE PE=3 SV=1
g1085	181.8	0.2764	0.569	0.2626	sp|C5PFX0|LIS1_COCP7 Nuclear distribution protein PAC1 OS=Coccidioides posadasii (strain C735) OX=222929 GN=PAC1 PE=3 SV=2
g1354	169.0	0.2337	0.026	0.9849	sp|O59667|HIS2_SCHPO Histidine biosynthesis bifunctional protein his7 OS=Schizosaccharomyces pombe (strain 972 / ATCC 24843) OX=284812 GN=his7 PE=3 SV=1
g7233	158.4	0.1980	0.238	0.8349	
g2162	131.0	0.1067	0.046	0.9788	
g853	168.6	0.2333	-0.508	0.5544	
g11502	131.6	0.1091	0.196	0.8877	sp|Q59022|Y1628_METJA Uncharacterized protein MJ1628 OS=Methanocaldococcus jannaschii (strain ATCC 43067 / DSM 2661 / JAL-1 / JCM 10045 / NBRC 100440) OX=243232 GN=MJ1628 PE=4 SV=1
g11917	189.8	0.3051	0.157	0.9439	sp|P17478|RLA4_SCHPO Large ribosomal subunit protein P2B OS=Schizosaccharomyces pombe (strain 972 / ATCC 24843) OX=284812 GN=rpp202 PE=1 SV=1
g13884	150.9	0.1741	-0.246	0.8577	
g2947	124.3	0.0847	-0.038	0.9840	sp|Q80XQ2|TBCD5_MOUSE TBC1 domain family member 5 OS=Mus musculus OX=10090 GN=Tbc1d5 PE=1 SV=2
g8413	202.6	0.3487	0.105	0.9409	sp|Q32PX9|AFG1L_RAT AFG1-like ATPase OS=Rattus norvegicus OX=10116 GN=Afg1l PE=2 SV=1
g14934	142.7	0.1473	0.332	0.7198	sp|A7RK30|QORL2_NEMVE Protein Cryzl2 OS=Nematostella vectensis OX=45351 GN=CRYZL2 PE=3 SV=1
g11198	184.7	0.2889	0.056	0.9785	
g3087	189.3	0.3045	-0.492	0.5224	sp|Q9MAY3|PCNA_POPNI DNA sliding clamp PCNA OS=Populus nigra OX=3691 GN=PCNA PE=2 SV=1
g14882	147.2	0.1629	-0.363	0.6813	
g13577	150.2	0.1732	0.393	0.6574	
g3184	176.0	0.2604	0.262	0.8394	
g3803	214.4	0.3902	0.748	0.2443	
g9186	171.2	0.2446	0.332	0.6830	
g5280	170.2	0.2415	-0.232	0.8282	
g8494	165.2	0.2251	-0.277	0.7996	sp|P38698|PPX1_YEAST Polyphosphatase OS=Saccharomyces cerevisiae (strain ATCC 204508 / S288c) OX=559292 GN=PPX1 PE=1 SV=1
g2238	176.4	0.2629	-0.649	0.2256	sp|Q52109|MERA_ACICA Mercuric reductase OS=Acinetobacter calcoaceticus OX=471 GN=merA PE=3 SV=1
g8389	174.8	0.2573	0.578	0.2649	sp|Q9ATY5|UVH3_ARATH DNA repair protein UVH3 OS=Arabidopsis thaliana OX=3702 GN=UVH3 PE=2 SV=1
g3972	149.6	0.1725	0.321	0.7150	
g1207	142.8	0.1494	-0.325	0.7360	
g8877	203.8	0.3557	0.697	0.1375	sp|Q9M9E8|JMJ21_ARATH Lysine-specific demethylase JMJ21 OS=Arabidopsis thaliana OX=3702 GN=JMJ21 PE=2 SV=3
g808	161.9	0.2143	-0.358	0.7287	sp|Q54PF3|CSN5_DICDI COP9 signalosome complex subunit 5 OS=Dictyostelium discoideum OX=44689 GN=csn5 PE=1 SV=1
g1903	179.0	0.2723	0.384	0.6613	sp|P96877|COATR_MYCTU Probable fatty acyl-CoA transferase Rv3272 OS=Mycobacterium tuberculosis (strain ATCC 25618 / H37Rv) OX=83332 GN=Rv3272 PE=1 SV=1
g5254	124.8	0.0889	-0.250	0.8282	sp|Q8GUN2|HINT1_ARATH Adenylylsulfatase HINT1 OS=Arabidopsis thaliana OX=3702 GN=HINT1 PE=1 SV=1
g7015	151.7	0.1799	0.301	0.7811	sp|Q9HBH5|RDH14_HUMAN Retinol dehydrogenase 14 OS=Homo sapiens OX=9606 GN=RDH14 PE=1 SV=1
g9413	192.9	0.3193	-0.166	0.9165	sp|O05209|VAT_THEAC VCP-like ATPase OS=Thermoplasma acidophilum (strain ATCC 25905 / DSM 1728 / JCM 9062 / NBRC 15155 / AMRC-C165) OX=273075 GN=vat PE=1 SV=1
g3977	166.7	0.2310	0.283	0.7581	
g5402	371.4	0.9242	-0.333	0.7789	sp|O14435|GBB_CRYPA Guanine nucleotide-binding protein subunit beta OS=Cryphonectria parasitica OX=5116 GN=GB-1 PE=3 SV=1
g5982	174.3	0.2567	-0.358	0.7536	sp|Q6BNL6|YNG2_DEBHA Chromatin modification-related protein YNG2 OS=Debaryomyces hansenii (strain ATCC 36239 / CBS 767 / BCRC 21394 / JCM 1990 / NBRC 0083 / IGC 2968) OX=284592 GN=YNG2 PE=3 SV=1
g4599	154.9	0.1911	0.173	0.8936	sp|Q86I06|NEK3_DICDI Probable serine/threonine-protein kinase nek3 OS=Dictyostelium discoideum OX=44689 GN=nek3 PE=3 SV=1
g10117	148.8	0.1707	-0.370	0.6602	sp|Q54IV7|RFT1_DICDI Man(5)GlcNAc(2)-PP-dolichol translocation protein RFT1 OS=Dictyostelium discoideum OX=44689 GN=rft1 PE=3 SV=1
g2083	147.5	0.1666	0.002	0.9982	sp|P87294|TCP4_SCHPO Putative RNA polymerase II transcriptional coactivator OS=Schizosaccharomyces pombe (strain 972 / ATCC 24843) OX=284812 GN=SPAC16A10.02 PE=1 SV=1
g6586	125.3	0.0913	0.079	0.9621	
g4527	377.5	0.9461	-0.291	0.7552	
g6338	129.8	0.1068	0.177	0.9004	sp|Q09815|PPK5_SCHPO Serine/threonine-protein kinase ppk5 OS=Schizosaccharomyces pombe (strain 972 / ATCC 24843) OX=284812 GN=ppk5 PE=1 SV=1
g11343	154.2	0.1897	0.244	0.8337	sp|Q5IFP1|3BHS_CANLF 3 beta-hydroxysteroid dehydrogenase/Delta 5-->4-isomerase OS=Canis lupus familiaris OX=9615 GN=HSD3B PE=2 SV=3
g5170	216.1	0.3999	0.001	0.9993	
g4925	126.6	0.0961	-0.099	0.9509	sp|Q5UNS8|YR665_MIMIV Uncharacterized protein R665 OS=Acanthamoeba polyphaga mimivirus OX=212035 GN=MIMI_R665 PE=4 SV=1
g8485	191.7	0.3177	0.235	0.8174	sp|Q9WUR2|ECI2_MOUSE Enoyl-CoA delta isomerase 2 OS=Mus musculus OX=10090 GN=Eci2 PE=1 SV=2
g5508	149.5	0.1743	0.008	0.9946	sp|Q08448|LPL1_YEAST Lipid droplet phospholipase 1 OS=Saccharomyces cerevisiae (strain ATCC 204508 / S288c) OX=559292 GN=LPL1 PE=1 SV=1
g2611	149.3	0.1736	-0.349	0.6966	sp|Q9Y388|RBMX2_HUMAN RNA-binding motif protein, X-linked 2 OS=Homo sapiens OX=9606 GN=RBMX2 PE=1 SV=2
g1884	182.3	0.2857	-0.358	0.6756	
g8992	132.7	0.1173	0.222	0.8658	sp|P38160|TTL_PIG Tubulin--tyrosine ligase OS=Sus scrofa OX=9823 GN=TTL PE=1 SV=1
g14482	140.4	0.1434	-0.173	0.9004	sp|Q5ZLN0|LRC40_CHICK Leucine-rich repeat-containing protein 40 OS=Gallus gallus OX=9031 GN=LRRC40 PE=2 SV=1
g3524	137.7	0.1350	0.298	0.7685	sp|Q4PIP8|PNS1_MYCMD Protein PNS1 OS=Mycosarcoma maydis OX=5270 GN=PNS1 PE=3 SV=2
g2896	183.9	0.2922	-0.017	0.9920	sp|A7MB11|TGFA1_BOVIN Transforming growth factor-beta receptor-associated protein 1 OS=Bos taurus OX=9913 GN=TGFBRAP1 PE=2 SV=1
g12512	121.7	0.0807	-0.079	0.9623	
g7074	130.9	0.1120	-0.188	0.8948	
g9591	247.6	0.5097	-0.337	0.9041	
g10722	145.7	0.1628	0.239	0.8519	sp|Q5SW19|CLU_MOUSE Clustered mitochondria protein homolog OS=Mus musculus OX=10090 GN=Cluh PE=1 SV=2
g4739	113.0	0.0515	-0.031	0.9849	sp|P46279|RPB7_SOYBN DNA-directed RNA polymerase II subunit RPB7 OS=Glycine max OX=3847 PE=2 SV=1
g3464	143.5	0.1556	-0.304	0.7623	sp|Q32P85|DLRB2_BOVIN Dynein light chain roadblock-type 2 OS=Bos taurus OX=9913 GN=DYNLRB2 PE=1 SV=1
g4511	163.7	0.2250	-0.639	0.2187	sp|Q3SX41|LC7L3_BOVIN Luc7-like protein 3 OS=Bos taurus OX=9913 GN=LUC7L3 PE=2 SV=1
g15072	189.3	0.3124	-0.638	0.1803	sp|B6J3B1|APAH_COXB2 Bis(5'-nucleosyl)-tetraphosphatase, symmetrical OS=Coxiella burnetii (strain CbuG_Q212) OX=434923 GN=apaH PE=3 SV=1
g7671	139.9	0.1442	0.054	0.9760	sp|B2UNA9|PNP_AKKM8 Polyribonucleotide nucleotidyltransferase OS=Akkermansia muciniphila (strain ATCC BAA-835 / DSM 22959 / JCM 33894 / BCRC 81048 / CCUG 64013 / CIP 107961 / Muc) OX=349741 GN=pnp PE=3 SV=1
g3529	140.0	0.1446	-0.087	0.9609	
g12781	137.4	0.1358	0.190	0.8910	
g620	221.8	0.4244	0.652	0.1666	sp|O80513|CCU41_ARATH Cyclin-U4-1 OS=Arabidopsis thaliana OX=3702 GN=CYCU4-1 PE=1 SV=1
g8683	170.2	0.2484	0.107	0.9486	sp|Q32PD0|FCF1_BOVIN rRNA-processing protein FCF1 homolog OS=Bos taurus OX=9913 GN=FCF1 PE=2 SV=1
g4324	141.1	0.1491	-0.324	0.7480	sp|Q17CA7|MOCS3_AEDAE Adenylyltransferase and sulfurtransferase MOCS3 OS=Aedes aegypti OX=7159 GN=AAEL004607 PE=3 SV=1
g2351	166.8	0.2373	-0.459	0.5303	sp|Q9HBH5|RDH14_HUMAN Retinol dehydrogenase 14 OS=Homo sapiens OX=9606 GN=RDH14 PE=1 SV=1
g2401	154.8	0.1966	-0.279	0.8326	sp|Q54CN8|TAF13_DICDI Transcription initiation factor TFIID subunit 13 OS=Dictyostelium discoideum OX=44689 GN=taf13 PE=3 SV=1
g11781	153.9	0.1933	-0.146	0.9205	sp|Q91XQ5|CHSTF_MOUSE Carbohydrate sulfotransferase 15 OS=Mus musculus OX=10090 GN=Chst15 PE=2 SV=1
g10469	140.5	0.1478	-0.127	0.9343	sp|A0A0R4J5R0|ODD23_SOYBN Homoarginine-6-hydroxylase 2-ODD-C23 OS=Glycine max OX=3847 GN=2ODDC23 PE=1 SV=1
g13032	121.4	0.0824	-0.032	0.9848	sp|Q93ZC9|GLAK1_ARATH Glucuronokinase 1 OS=Arabidopsis thaliana OX=3702 GN=GLCAK1 PE=1 SV=1
g2433	177.1	0.2733	0.612	0.2302	sp|Q803G5|SAM5A_DANRE Sorting and assembly machinery component 50 homolog A OS=Danio rerio OX=7955 GN=samm50a PE=2 SV=1
g2652	225.4	0.4390	0.651	0.2736	
g1592	184.6	0.2993	0.183	0.9055	sp|O15381|NVL_HUMAN Nuclear valosin-containing protein-like OS=Homo sapiens OX=9606 GN=NVL PE=1 SV=1
g1851	188.9	0.3140	-0.140	0.9450	
g2546	233.5	0.4677	-0.188	0.9398	
g13894	142.4	0.1551	-0.084	0.9626	sp|Q9LZ82|BTR1_ARATH Protein BTR1 OS=Arabidopsis thaliana OX=3702 GN=BTR1 PE=1 SV=1
g15328	198.0	0.3460	0.824	0.0594	sp|A3AWA4|HMA5_ORYSJ Copper-transporting ATPase HMA5 OS=Oryza sativa subsp. japonica OX=39947 GN=HMA5 PE=2 SV=1
g2794	156.2	0.2027	-0.482	0.4825	
g4939	174.5	0.2658	-0.094	0.9509	sp|Q0JJS8|HF101_ORYSJ Fe-S cluster assembly factor HCF101, chloroplastic OS=Oryza sativa subsp. japonica OX=39947 GN=HCF101 PE=3 SV=3
g1201	143.7	0.1601	0.240	0.8508	sp|Q9SJV0|UFD1B_ARATH Ubiquitin fusion degradation protein 1 B OS=Arabidopsis thaliana OX=3702 GN=UFD1B PE=1 SV=3
g4997	197.8	0.3465	0.103	0.9474	
g1647	170.8	0.2539	-0.446	0.5384	sp|Q21568|NH2L1_CAEEL Small nuclear ribonucleoprotein associated homolog 13 OS=Caenorhabditis elegans OX=6239 GN=snu-13 PE=3 SV=1
g14360	123.8	0.0923	-0.046	0.9791	
g4355	210.0	0.3890	0.810	0.0634	
g8214	261.3	0.5659	-0.772	0.0535	sp|O13752|YF22_SCHPO Uncharacterized TLC domain-containing protein C17A2.02c OS=Schizosaccharomyces pombe (strain 972 / ATCC 24843) OX=284812 GN=SPAC17A2.02c PE=4 SV=1
g13405	156.8	0.2064	-0.245	0.8127	sp|P29068|CBPT_THEVU Carboxypeptidase T OS=Thermoactinomyces vulgaris OX=2026 GN=cpt PE=1 SV=1
g15919	150.3	0.1842	0.357	0.7067	
g4238	161.8	0.2239	0.399	0.6246	
g3252	119.2	0.0776	0.114	0.9461	sp|P05100|3MG1_ECOLI DNA-3-methyladenine glycosylase 1 OS=Escherichia coli (strain K12) OX=83333 GN=tag PE=1 SV=1
g3777	195.8	0.3415	-0.704	0.2754	
g6052	165.3	0.2367	-0.575	0.4194	
g11826	163.6	0.2310	0.284	0.7589	
g1192	197.4	0.3478	-0.146	0.9114	sp|Q2K8Y6|EFTS_RHIEC Elongation factor Ts OS=Rhizobium etli (strain ATCC 51251 / DSM 11541 / JCM 21823 / NBRC 15573 / CFN 42) OX=347834 GN=tsf PE=3 SV=1
g6206	147.2	0.1745	-0.190	0.8965	
g9409	134.6	0.1315	0.048	0.9785	sp|Q54I57|MYCBP_DICDI c-Myc-binding protein homolog OS=Dictyostelium discoideum OX=44689 GN=mycbp PE=3 SV=1
g13666	176.7	0.2770	-0.266	0.7775	sp|Q9FLL1|NOB1_ARATH RNA-binding NOB1-like protein OS=Arabidopsis thaliana OX=3702 GN=NOB1 PE=1 SV=1
g1984	148.0	0.1778	-0.201	0.8660	sp|Q5ATG5|APDG_EMENI Acyl-CoA dehydrogenase apdG OS=Emericella nidulans (strain FGSC A4 / ATCC 38163 / CBS 112.46 / NRRL 194 / M139) OX=227321 GN=apdG PE=2 SV=1
g6643	207.6	0.3839	0.065	0.9689	sp|Q54B20|SDHF2_DICDI Succinate dehydrogenase assembly factor 2, mitochondrial OS=Dictyostelium discoideum OX=44689 GN=DDB_G0293946 PE=3 SV=1
g11475	156.1	0.2063	-0.080	0.9666	sp|Q4A1L3|BECN1_XENTR Beclin-1 OS=Xenopus tropicalis OX=8364 GN=becn1 PE=2 SV=1
g6993	186.0	0.3101	0.289	0.7901	sp|P56902|FABF_RHIME 3-oxoacyl-[acyl-carrier-protein] synthase 2 OS=Rhizobium meliloti (strain 1021) OX=266834 GN=fabF PE=3 SV=2
g7467	159.9	0.2201	0.035	0.9831	sp|P54644|KRAC_DICDI RAC family serine/threonine-protein kinase homolog OS=Dictyostelium discoideum OX=44689 GN=pkbA PE=1 SV=1
g14124	228.2	0.4564	0.178	0.9103	sp|P81898|PNAA_PRUDU Peptide-N4-(N-acetyl-beta-glucosaminyl)asparagine amidase A OS=Prunus dulcis OX=3755 PE=1 SV=2
g9391	221.8	0.4347	0.142	0.9138	sp|Q25861|TRXR_PLAF5 Thioredoxin reductase OS=Plasmodium falciparum (isolate FCH-5) OX=132416 GN=TRXR PE=1 SV=1
g12856	178.5	0.2847	0.268	0.7851	
g11119	173.2	0.2664	0.156	0.9270	sp|Q9VVW5|DUSK3_DROME Dual specificity protein phosphatase Mpk3 OS=Drosophila melanogaster OX=7227 GN=Mkp3 PE=1 SV=2
g2760	143.8	0.1659	0.152	0.9168	sp|Q84WK5|GID8_ARATH Protein GID8 homolog OS=Arabidopsis thaliana OX=3702 GN=GID8 PE=1 SV=1
g4778	234.4	0.4802	-0.687	0.1502	
g5559	142.0	0.1598	-0.223	0.8581	sp|Q7XJN0|RH17_ARATH DEAD-box ATP-dependent RNA helicase 17 OS=Arabidopsis thaliana OX=3702 GN=RH17 PE=2 SV=1
g2005	151.9	0.1945	0.467	0.5098	
g15725	173.4	0.2693	-0.295	0.7746	sp|P58875|S14L2_BOVIN SEC14-like protein 2 OS=Bos taurus OX=9913 GN=SEC14L2 PE=1 SV=2
g9726	185.0	0.3108	-0.261	0.8058	
g8564	152.9	0.1991	-0.235	0.8585	sp|Q58CT4|S68A1_BOVIN Solute carrier family 68 member 1 OS=Bos taurus OX=9913 GN=SLC68A1 PE=2 SV=1
g454	162.8	0.2342	-0.419	0.6049	
g4929	139.2	0.1521	0.019	0.9903	
g15354	153.0	0.2002	0.054	0.9765	sp|Q54PV7|EIF2A_DICDI Eukaryotic translation initiation factor 2A OS=Dictyostelium discoideum OX=44689 GN=eif2a PE=3 SV=1
g1707	144.6	0.1714	-0.210	0.8797	
g6906	120.4	0.0874	-0.178	0.9027	
g2505	128.4	0.1155	0.091	0.9596	sp|O74480|YQJ7_SCHPO Uncharacterized protein C1840.07c OS=Schizosaccharomyces pombe (strain 972 / ATCC 24843) OX=284812 GN=SPCC1840.07c PE=3 SV=1
g13517	162.6	0.2351	-0.465	0.4748	
g1423	152.5	0.2007	-0.320	0.7870	
g11018	325.9	0.8077	-0.440	0.6264	sp|G1ESZ9|KARG_AMPFA Arginine kinase Oct f 2 OS=Amphioctopus fangsiao OX=515817 PE=1 SV=1
g11111	141.6	0.1626	-0.378	0.6652	sp|Q9C0Y8|YKM6_SCHPO UPF0613 protein PB24D3.06c OS=Schizosaccharomyces pombe (strain 972 / ATCC 24843) OX=284812 GN=SPAPB24D3.06c PE=3 SV=1
g1938	170.7	0.2645	0.054	0.9752	sp|Q9ZWT3|PHT16_ARATH Probable inorganic phosphate transporter 1-6 OS=Arabidopsis thaliana OX=3702 GN=PHT1-6 PE=1 SV=1
g12202	177.1	0.2869	0.433	0.5683	sp|O86365|Y584_MYCTU Uncharacterized glycosidase Rv0584 OS=Mycobacterium tuberculosis (strain ATCC 25618 / H37Rv) OX=83332 GN=Rv0584 PE=3 SV=1
g2136	141.5	0.1634	0.255	0.8364	sp|P25323|MYLKA_DICDI Myosin light chain kinase A OS=Dictyostelium discoideum OX=44689 GN=mlkA PE=1 SV=2
g14756	153.0	0.2041	-0.036	0.9848	sp|Q9I4V0|NQRED_PSEAE NADH:quinone reductase OS=Pseudomonas aeruginosa (strain ATCC 15692 / DSM 22644 / CIP 104116 / JCM 14847 / LMG 12228 / 1C / PRS 101 / PAO1) OX=208964 GN=PA1024 PE=1 SV=1
g15101	126.4	0.1110	-0.155	0.9165	sp|A0A0B6VQ48|PAR1_ROSHC Phenylacetaldehyde reductase OS=Rosa hybrid cultivar OX=128735 GN=PAR PE=1 SV=1
g5945	186.0	0.3206	0.548	0.4026	sp|P13686|PPA5_HUMAN Tartrate-resistant acid phosphatase type 5 OS=Homo sapiens OX=9606 GN=ACP5 PE=1 SV=3
g15373	156.6	0.2172	-0.288	0.8196	sp|Q9USK1|YJ2B_SCHPO Uncharacterized bolA-like protein C4B3.11c OS=Schizosaccharomyces pombe (strain 972 / ATCC 24843) OX=284812 GN=SPCC4B3.11c PE=3 SV=1
g2231	213.1	0.4158	0.737	0.1693	
g9856	144.0	0.1732	0.473	0.4898	sp|Q2KHZ9|GCDH_BOVIN Glutaryl-CoA dehydrogenase, mitochondrial OS=Bos taurus OX=9913 GN=GCDH PE=2 SV=1
g637	127.9	0.1165	-0.142	0.9322	sp|Q5ATG5|APDG_EMENI Acyl-CoA dehydrogenase apdG OS=Emericella nidulans (strain FGSC A4 / ATCC 38163 / CBS 112.46 / NRRL 194 / M139) OX=227321 GN=apdG PE=2 SV=1
g2842	134.8	0.1411	-0.151	0.9165	
g203	164.0	0.2439	-0.033	0.9848	
g487	163.0	0.2403	0.201	0.8888	sp|Q3KPT3|EIPR1_XENLA EARP-interacting protein homolog OS=Xenopus laevis OX=8355 GN=eipr1 PE=2 SV=1
g649	125.8	0.1096	0.007	0.9963	
g12713	121.9	0.0964	0.095	0.9543	sp|P40997|MCE1_SCHPO mRNA-capping enzyme subunit alpha OS=Schizosaccharomyces pombe (strain 972 / ATCC 24843) OX=284812 GN=ceg1 PE=1 SV=1
g5146	148.2	0.1891	-0.300	0.7495	sp|Q6C0U0|GMT_YARLI GDP-mannose transporter OS=Yarrowia lipolytica (strain CLIB 122 / E 150) OX=284591 GN=VRG4 PE=3 SV=1
g1273	124.9	0.1069	-0.251	0.8333	sp|Q9QZD4|XPF_MOUSE DNA repair endonuclease XPF OS=Mus musculus OX=10090 GN=Ercc4 PE=1 SV=3
g10897	132.3	0.1330	0.125	0.9433	
g2	349.1	0.8984	-0.643	0.1380	
g12766	180.9	0.3051	-0.360	0.7135	sp|Q9Z2C5|MTM1_MOUSE Myotubularin OS=Mus musculus OX=10090 GN=Mtm1 PE=1 SV=2
g5838	123.4	0.1023	0.177	0.9041	sp|Q9YGP6|SLBP2_XENLA Oocyte-specific histone RNA stem-loop-binding protein 2 OS=Xenopus laevis OX=8355 GN=slbp2 PE=2 SV=1
g219	164.4	0.2472	0.558	0.3775	sp|Q9C999|PILS2_ARATH Protein PIN-LIKES 2 OS=Arabidopsis thaliana OX=3702 GN=PILS2 PE=2 SV=1
g13990	146.6	0.1846	-0.461	0.4946	sp|Q91858|TAF12_XENLA Transcription initiation factor TFIID subunit 12 OS=Xenopus laevis OX=8355 GN=taf12 PE=2 SV=1
g9676	176.7	0.2912	0.545	0.4720	sp|Q9FY46|SUT41_ARATH Sulfate transporter 4.1, chloroplastic OS=Arabidopsis thaliana OX=3702 GN=SULTR4;1 PE=1 SV=1
g13911	187.3	0.3290	0.179	0.8847	
g4390	133.7	0.1394	-0.326	0.7329	sp|Q9W5N0|COA7_DROME Cytochrome c oxidase assembly factor 7 homolog OS=Drosophila melanogaster OX=7227 GN=Coa7 PE=2 SV=1
g16009	122.7	0.1005	-0.046	0.9788	
g15011	186.3	0.3257	-0.661	0.1458	
g14325	153.6	0.2108	0.262	0.7976	
g5338	138.0	0.1557	-0.325	0.7383	sp|Q5ZJ17|RBG1L_CHICK Rab GTPase-activating protein 1-like OS=Gallus gallus OX=9031 GN=RABGAP1L PE=2 SV=1
g14129	154.4	0.2144	-0.131	0.9317	sp|B5DFA1|TBD2A_RAT TBC1 domain family member 2A OS=Rattus norvegicus OX=10116 GN=Tbc1d2 PE=2 SV=1
g14877	204.4	0.3918	-0.244	0.8229	sp|E9Q5C9|NOLC1_MOUSE Nucleolar and coiled-body phosphoprotein 1 OS=Mus musculus OX=10090 GN=Nolc1 PE=1 SV=1
g77	123.7	0.1058	0.143	0.9324	
g687	148.8	0.1950	-0.366	0.6591	sp|Q5SLM3|CBP1_THET8 Thermostable carboxypeptidase 1 OS=Thermus thermophilus (strain ATCC 27634 / DSM 579 / HB8) OX=300852 GN=TTHA0270 PE=1 SV=1
g1818	148.7	0.1948	-0.231	0.8585	sp|Q92685|ALG3_HUMAN Dol-P-Man:Man(5)GlcNAc(2)-PP-Dol alpha-1,3-mannosyltransferase OS=Homo sapiens OX=9606 GN=ALG3 PE=1 SV=1
g13044	155.2	0.2178	-0.080	0.9616	sp|Q6UX04|CWC27_HUMAN Spliceosome-associated protein CWC27 homolog OS=Homo sapiens OX=9606 GN=CWC27 PE=1 SV=1
g12536	162.5	0.2444	-0.601	0.3319	
g14394	235.9	0.5057	0.171	0.8961	
g12923	214.0	0.4281	0.483	0.5076	sp|B4M5T5|PTC71_DROVI Protein phosphatase PTC7 homolog fig OS=Drosophila virilis OX=7244 GN=fig PE=3 SV=1
g9549	129.6	0.1278	-0.265	0.8144	sp|O75762|TRPA1_HUMAN Transient receptor potential cation channel subfamily A member 1 OS=Homo sapiens OX=9606 GN=TRPA1 PE=1 SV=3
g6875	145.1	0.1833	-0.362	0.6859	sp|Q54Z24|PITH1_DICDI PITH domain-containing protein 1 OS=Dictyostelium discoideum OX=44689 GN=DDB_G0277951 PE=3 SV=1
g298	120.1	0.0944	-0.082	0.9614	
g1374	149.6	0.1995	-0.072	0.9689	
g2232	178.5	0.3026	0.027	0.9854	sp|Q08759|MYB_XENLA Transcriptional activator Myb OS=Xenopus laevis OX=8355 GN=myb PE=2 SV=1
g4549	157.1	0.2270	0.068	0.9696	
g9004	136.7	0.1544	-0.257	0.8153	
g11847	188.9	0.3407	-0.198	0.8627	sp|Q9SF33|TI142_ARATH Mitochondrial import inner membrane translocase subunit TIM14-2 OS=Arabidopsis thaliana OX=3702 GN=TIM14-2 PE=3 SV=1
g11240	159.8	0.2375	0.273	0.8061	
g1130	166.3	0.2606	0.686	0.2169	
g4415	162.8	0.2482	-0.460	0.6007	sp|A9QM73|SMG7_ARATH Nonsense-mediated mRNA decay factor SMG7 OS=Arabidopsis thaliana OX=3702 GN=SMG7 PE=1 SV=1
g309	157.6	0.2297	0.635	0.2213	
g15294	155.2	0.2215	0.247	0.8249	sp|Q6E7K9|JAMA_MOOP1 Medium-chain-fatty-acid--[acyl-carrier-protein] ligase JamA OS=Moorena producens (strain JHB) OX=1454205 GN=jamA PE=1 SV=1
g11694	163.8	0.2521	-0.050	0.9740	
g5299	204.4	0.3975	-0.874	0.1271	
g2954	138.7	0.1627	-0.289	0.8119	
g6063	191.8	0.3535	-0.414	0.7733	
g14916	196.1	0.3691	0.011	0.9936	
g136	198.2	0.3771	-0.256	0.7870	sp|Q94K73|SYFM_ARATH Phenylalanine--tRNA ligase, chloroplastic/mitochondrial OS=Arabidopsis thaliana OX=3702 GN=At3g58140 PE=1 SV=1
g14083	110.2	0.0618	0.020	0.9904	
g10791	132.6	0.1424	-0.269	0.8152	
g6419	126.4	0.1204	0.084	0.9611	sp|O08796|EF2K_MOUSE Eukaryotic elongation factor 2 kinase OS=Mus musculus OX=10090 GN=Eef2k PE=1 SV=1
g3351	162.1	0.2495	0.351	0.6563	
g5253	111.5	0.0674	-0.076	0.9666	
g4956	199.6	0.3846	0.238	0.7916	sp|Q9V410|LZTR1_DROME Leucine-zipper-like transcriptional regulator 1 homolog OS=Drosophila melanogaster OX=7227 GN=Lztr1 PE=1 SV=1
g13003	140.1	0.1713	0.243	0.8562	sp|P58137|ACOT8_MOUSE Acyl-coenzyme A thioesterase 8 OS=Mus musculus OX=10090 GN=Acot8 PE=1 SV=1
g10253	258.3	0.5973	0.838	0.1263	sp|Q8K3A0|HSC20_MOUSE Iron-sulfur cluster co-chaperone protein HscB OS=Mus musculus OX=10090 GN=Hscb PE=1 SV=2
g2800	142.8	0.1814	0.273	0.7851	sp|Q14542|S29A2_HUMAN Equilibrative nucleoside transporter 2 OS=Homo sapiens OX=9606 GN=SLC29A2 PE=1 SV=3
g2704	127.7	0.1273	0.152	0.9180	sp|Q6NS59|F135A_MOUSE Protein FAM135A OS=Mus musculus OX=10090 GN=Fam135a PE=1 SV=2
g5159	148.8	0.2031	0.100	0.9474	sp|Q6ZPR4|KCNT1_MOUSE Potassium channel subfamily T member 1 OS=Mus musculus OX=10090 GN=Kcnt1 PE=1 SV=2
g2987	172.2	0.2886	-0.305	0.7262	sp|Q6CC39|PUS1_YARLI tRNA pseudouridine synthase 1 OS=Yarrowia lipolytica (strain CLIB 122 / E 150) OX=284591 GN=PUS1 PE=3 SV=1
g13130	169.5	0.2792	-0.620	0.3210	
g2739	206.2	0.4118	0.948	0.2168	sp|P41247|PLPL4_HUMAN Patatin-like phospholipase domain-containing protein 4 OS=Homo sapiens OX=9606 GN=PNPLA4 PE=1 SV=3
g13269	170.0	0.2813	0.546	0.4811	
g11499	161.1	0.2495	0.096	0.9614	sp|O74507|YJD4_SCHPO Uncharacterized protein C594.04c OS=Schizosaccharomyces pombe (strain 972 / ATCC 24843) OX=284812 GN=SPCC594.04c PE=3 SV=2
g5794	145.9	0.1943	0.137	0.9305	sp|Q6BZW3|BTN1_YARLI Protein BTN1 OS=Yarrowia lipolytica (strain CLIB 122 / E 150) OX=284591 GN=BTN1 PE=3 SV=1
g11340	144.7	0.1909	-0.165	0.9135	
g12595	143.5	0.1867	-0.467	0.4934	sp|Q9YGP6|SLBP2_XENLA Oocyte-specific histone RNA stem-loop-binding protein 2 OS=Xenopus laevis OX=8355 GN=slbp2 PE=2 SV=1
g4993	227.0	0.4896	-0.235	0.8441	sp|P9WM35|Y1290_MYCTU Uncharacterized protein Rv1290c OS=Mycobacterium tuberculosis (strain ATCC 25618 / H37Rv) OX=83332 GN=Rv1290c PE=1 SV=1
g3106	127.7	0.1296	-0.293	0.7746	sp|Q8GY96|PGM_ARATH Phosphoglycerate mutase-like protein OS=Arabidopsis thaliana OX=3702 GN=PGM PE=2 SV=1
g1293	154.6	0.2276	-0.316	0.7219	
g15051	143.5	0.1875	0.034	0.9848	sp|Q9SEL6|VTI11_ARATH Vesicle transport v-SNARE 11 OS=Arabidopsis thaliana OX=3702 GN=VTI11 PE=1 SV=2
g15659	143.9	0.1893	0.494	0.4655	sp|Q8VCF1|CANT1_MOUSE Soluble calcium-activated nucleotidase 1 OS=Mus musculus OX=10090 GN=Cant1 PE=2 SV=1
g8709	214.2	0.4448	-0.182	0.9323	sp|Q9BY84|DUS16_HUMAN Dual specificity protein phosphatase 16 OS=Homo sapiens OX=9606 GN=DUSP16 PE=1 SV=1
g3880	175.6	0.3050	0.324	0.8162	sp|A8C750|THADA_CANLF tRNA (32-2'-O)-methyltransferase regulator THADA OS=Canis lupus familiaris OX=9615 GN=THADA PE=2 SV=1
g7142	135.5	0.1594	0.158	0.9254	
g10707	167.8	0.2769	-0.269	0.7966	
g9291	205.9	0.4161	-1.025	0.1078	
g14514	146.8	0.2012	0.419	0.5907	
g10960	139.0	0.1728	-0.126	0.9414	sp|Q8VY00|ESP3_ARATH Pre-mRNA-splicing factor ATP-dependent RNA helicase DEAH1 OS=Arabidopsis thaliana OX=3702 GN=ESP3 PE=1 SV=1
g3708	143.3	0.1890	-0.008	0.9955	sp|Q8WWX8|SC5AB_HUMAN Sodium/myo-inositol cotransporter 2 OS=Homo sapiens OX=9606 GN=SLC5A11 PE=1 SV=1
g14915	192.7	0.3693	0.168	0.9110	sp|A7RPT4|NNRE_NEMVE NAD(P)H-hydrate epimerase OS=Nematostella vectensis OX=45351 GN=v1g228490 PE=3 SV=1
g6879	205.2	0.4151	-0.280	0.7844	sp|Q5XGY1|TSR1_XENLA Pre-rRNA-processing protein TSR1 homolog OS=Xenopus laevis OX=8355 GN=tsr1 PE=2 SV=1
g7208	123.1	0.1159	0.111	0.9482	sp|Q93VQ0|VCL1_ARATH Protein VACUOLELESS1 OS=Arabidopsis thaliana OX=3702 GN=VCL1 PE=1 SV=1
g2072	133.4	0.1536	-0.292	0.7878	sp|A8WIP6|CDK20_DANRE Cyclin-dependent kinase 20 OS=Danio rerio OX=7955 GN=cdk20 PE=2 SV=1
g1979	133.2	0.1527	0.041	0.9818	
g4360	116.7	0.0927	-0.112	0.9482	
g11005	261.0	0.6196	0.319	0.8391	sp|Q64343|ABCG1_MOUSE ATP-binding cassette sub-family G member 1 OS=Mus musculus OX=10090 GN=Abcg1 PE=1 SV=1
g4203	123.8	0.1187	0.050	0.9781	sp|Q6PFE3|RA54B_MOUSE DNA repair and recombination protein RAD54B OS=Mus musculus OX=10090 GN=Rad54b PE=2 SV=1
g3945	121.4	0.1101	-0.231	0.8543	
g5887	183.0	0.3355	-0.308	0.7359	sp|Q5A761|CCR4_CANAL CCR4-Not complex 3'-5'-exoribonuclease subunit Ccr4 OS=Candida albicans (strain SC5314 / ATCC MYA-2876) OX=237561 GN=CCR4 PE=3 SV=2
g1203	145.4	0.1984	0.141	0.9275	sp|A0A0G2JDV3|GBP6_MOUSE Guanylate-binding protein 6 OS=Mus musculus OX=10090 GN=Gbp6 PE=2 SV=2
g11493	151.6	0.2208	-0.303	0.7694	sp|Q8VZS0|PNC2_ARATH Peroxisomal adenine nucleotide carrier 2 OS=Arabidopsis thaliana OX=3702 GN=PNC2 PE=1 SV=1
g11428	131.9	0.1490	0.262	0.8297	sp|Q28IV3|RPAP3_XENTR RNA polymerase II-associated protein 3 OS=Xenopus tropicalis OX=8364 GN=rpap3 PE=2 SV=1
g15033	174.3	0.3041	0.571	0.2793	sp|A7WM73|HEXO1_ARATH Beta-hexosaminidase 1 OS=Arabidopsis thaliana OX=3702 GN=HEXO1 PE=1 SV=1
g13848	159.4	0.2494	0.526	0.4009	sp|P12000|DNLI1_SCHPO DNA ligase 1 OS=Schizosaccharomyces pombe (strain 972 / ATCC 24843) OX=284812 GN=cdc17 PE=3 SV=1
g6522	239.0	0.5418	0.646	0.2273	sp|O26156|IDSA_METTH Short chain isoprenyl diphosphate synthase OS=Methanothermobacter thermautotrophicus (strain ATCC 29096 / DSM 1053 / JCM 10044 / NBRC 100330 / Delta H) OX=187420 GN=idsA PE=3 SV=1
g13682	120.9	0.1093	0.048	0.9788	
g15384	145.3	0.1990	-0.424	0.5664	sp|P40761|YUXK_BACSU Uncharacterized protein YuxK OS=Bacillus subtilis (strain 168) OX=224308 GN=yuxK PE=3 SV=1
g15825	248.0	0.5751	0.215	0.9099	
g11399	204.4	0.4162	0.614	0.3035	sp|Q9UBN7|HDAC6_HUMAN Protein deacetylase HDAC6 OS=Homo sapiens OX=9606 GN=HDAC6 PE=1 SV=2
g4512	137.4	0.1704	0.304	0.7895	sp|Q6PFM0|JMJD6_DANRE Bifunctional arginine demethylase and lysyl-hydroxylase JMJD6 OS=Danio rerio OX=7955 GN=jmjd6 PE=2 SV=2
g15838	127.4	0.1341	0.160	0.9212	sp|Q6ZKV8|BIODA_ORYSJ Bifunctional dethiobiotin synthetase/7,8-diamino-pelargonic acid aminotransferase, mitochondrial OS=Oryza sativa subsp. japonica OX=39947 GN=BIO3-BIO1 PE=2 SV=1
g961	167.2	0.2798	0.680	0.2072	
g5996	126.2	0.1299	-0.293	0.7841	sp|Q54HF6|LSM7_DICDI Probable U6 snRNA-associated Sm-like protein LSm7 OS=Dictyostelium discoideum OX=44689 GN=lsm7 PE=3 SV=1
g1618	177.1	0.3169	0.097	0.9482	
g15220	116.2	0.0939	-0.118	0.9444	
g10600	148.1	0.2112	0.094	0.9614	
g3872	129.4	0.1427	-0.285	0.7901	sp|Q5BH89|DOT1_EMENI Histone-lysine N-methyltransferase, H3 lysine-79 specific OS=Emericella nidulans (strain FGSC A4 / ATCC 38163 / CBS 112.46 / NRRL 194 / M139) OX=227321 GN=dot1 PE=3 SV=1
g182	150.6	0.2210	-0.274	0.8162	sp|Q5ZKI4|CCD93_CHICK Coiled-coil domain-containing protein 93 OS=Gallus gallus OX=9031 GN=CCDC93 PE=2 SV=1
g14091	147.0	0.2084	0.222	0.8797	sp|Q55DV9|CGL_DICDI Cystathionine gamma-lyase OS=Dictyostelium discoideum OX=44689 GN=cysA PE=1 SV=1
g9987	149.4	0.2177	0.064	0.9683	sp|B0F9L4|GOGC6_ARATH Golgin candidate 6 OS=Arabidopsis thaliana OX=3702 GN=GC6 PE=1 SV=2
g4468	152.3	0.2285	-0.280	0.7804	sp|Q76PD2|HEL2_SCHPO E3 ubiquitin-protein ligase hel2 OS=Schizosaccharomyces pombe (strain 972 / ATCC 24843) OX=284812 GN=SPCC1223.01 PE=1 SV=2
g2964	154.0	0.2346	-0.400	0.6246	sp|Q9V3D2|HEM6_DROME Oxygen-dependent coproporphyrinogen-III oxidase OS=Drosophila melanogaster OX=7227 GN=Coprox PE=2 SV=1
g8793	168.0	0.2867	0.106	0.9509	sp|O60188|UTP6_SCHPO U3 small nucleolar RNA-associated protein 6 OS=Schizosaccharomyces pombe (strain 972 / ATCC 24843) OX=284812 GN=utp6 PE=3 SV=1
g6713	161.0	0.2609	0.397	0.5952	
g8776	148.1	0.2132	0.233	0.8352	sp|Q5BLD8|MT21A_DANRE Protein N-lysine methyltransferase METTL21A OS=Danio rerio OX=7955 GN=mettl21a PE=2 SV=1
g13091	153.6	0.2339	-0.569	0.3196	sp|Q9VMD6|RETM_DROME Protein real-time OS=Drosophila melanogaster OX=7227 GN=retm PE=1 SV=2
g8361	136.3	0.1700	0.261	0.8226	sp|A2XDG4|UBP26_ORYSI Ubiquitin carboxyl-terminal hydrolase 26 OS=Oryza sativa subsp. indica OX=39946 GN=UBP26 PE=3 SV=1
g6500	142.6	0.1936	0.460	0.5498	
g1976	114.6	0.0904	-0.114	0.9470	
g6078	128.5	0.1416	-0.138	0.9323	sp|Q8K4C0|FMO5_RAT Flavin-containing monooxygenase 5 OS=Rattus norvegicus OX=10116 GN=Fmo5 PE=1 SV=3
g11091	113.0	0.0846	-0.008	0.9956	sp|Q9SA42|MD22A_ARATH Mediator of RNA polymerase II transcription subunit 22a OS=Arabidopsis thaliana OX=3702 GN=MED22A PE=1 SV=1
g7035	140.2	0.1851	0.456	0.5447	
g2174	112.2	0.0816	0.149	0.9262	sp|B8MKZ6|TSTM_TALSN Hydrolase phiM OS=Talaromyces stipitatus (strain ATCC 10500 / CBS 375.48 / QM 6759 / NRRL 1006) OX=441959 GN=tstM PE=1 SV=1
g3428	141.9	0.1921	0.057	0.9759	
g5950	138.6	0.1800	0.386	0.6756	
g12678	209.9	0.4446	-0.469	0.4889	
g15466	164.9	0.2784	-0.209	0.8621	sp|Q5A4N5|RAD18_CANAL Postreplication repair E3 ubiquitin-protein ligase RAD18 OS=Candida albicans (strain SC5314 / ATCC MYA-2876) OX=237561 GN=RAD18 PE=3 SV=2
g12842	181.3	0.3396	-0.097	0.9457	
g8716	237.5	0.5485	0.782	0.1147	
g8550	202.0	0.4169	-0.733	0.1224	sp|B8VIW9|FP_ACRMI Fibronectin type III domain-containing protein OS=Acropora millepora OX=45264 PE=1 SV=1
g2587	176.4	0.3220	-0.115	0.9486	
g8366	124.2	0.1279	0.270	0.8162	sp|Q9C801|MOS2_ARATH Protein MOS2 OS=Arabidopsis thaliana OX=3702 GN=MOS2 PE=2 SV=1
g8914	130.9	0.1532	-0.023	0.9879	sp|Q6JQN1|ACD10_HUMAN Acyl-CoA dehydrogenase family member 10 OS=Homo sapiens OX=9606 GN=ACAD10 PE=1 SV=1
g5596	123.0	0.1239	0.151	0.9274	sp|D3YY23|LONF1_MOUSE LON peptidase N-terminal domain and RING finger protein 1 OS=Mus musculus OX=10090 GN=Lonrf1 PE=1 SV=2
g2797	235.3	0.5418	0.821	0.1144	
g4478	234.2	0.5390	0.566	0.5150	sp|Q5Z8T3|MIOX_ORYSJ Probable inositol oxygenase OS=Oryza sativa subsp. japonica OX=39947 GN=Os06g0561000 PE=2 SV=1
g3387	147.6	0.2163	-0.534	0.4448	sp|P36993|PPM1B_MOUSE Protein phosphatase 1B OS=Mus musculus OX=10090 GN=Ppm1b PE=1 SV=1
g3784	165.4	0.2825	-0.535	0.4928	sp|O60671|RAD1_HUMAN Cell cycle checkpoint protein RAD1 OS=Homo sapiens OX=9606 GN=RAD1 PE=1 SV=1
g6086	190.3	0.3754	-0.921	0.0674	
g3604	134.5	0.1677	0.186	0.9113	
g15808	137.7	0.1797	-0.277	0.8236	sp|P31230|AIMP1_MOUSE Aminoacyl tRNA synthase complex-interacting multifunctional protein 1 OS=Mus musculus OX=10090 GN=Aimp1 PE=1 SV=2
g5711	125.9	0.1360	-0.178	0.9093	sp|A4IHW6|GNPI2_XENTR Glucosamine-6-phosphate deaminase 2 OS=Xenopus tropicalis OX=8364 GN=gnpda2 PE=2 SV=1
g11178	290.8	0.7511	0.479	0.7320	sp|Q4KML2|CRYD_DANRE Cryptochrome DASH OS=Danio rerio OX=7955 GN=cry-dash PE=2 SV=2
g7332	165.7	0.2849	0.011	0.9936	
g11522	170.0	0.3008	0.012	0.9925	sp|P96831|ACD2_MYCTU Probable acyl-CoA dehydrogenase FadE2 OS=Mycobacterium tuberculosis (strain ATCC 25618 / H37Rv) OX=83332 GN=fadE2 PE=1 SV=4
g8340	175.0	0.3201	-0.847	0.1107	
g3911	141.3	0.1942	-0.405	0.6246	sp|A0A517FNC7|94D18_PARPY Cytochrome P450 CYP94D108 OS=Paris polyphylla OX=49666 GN=CYP94D108 PE=1 SV=1
g8789	153.1	0.2385	0.170	0.9007	sp|P33750|DCA13_YEAST Protein SOF1 OS=Saccharomyces cerevisiae (strain ATCC 204508 / S288c) OX=559292 GN=SOF1 PE=1 SV=1
g14834	155.7	0.2482	-0.221	0.8655	
g3726	157.6	0.2552	-0.551	0.3429	sp|Q8BHN0|PPM1L_MOUSE Protein phosphatase 1L OS=Mus musculus OX=10090 GN=Ppm1l PE=1 SV=1
g9844	182.4	0.3481	-0.167	0.8910	
g7457	155.1	0.2461	0.011	0.9943	sp|Q0P594|PP2AB_BOVIN Serine/threonine-protein phosphatase 2A catalytic subunit beta isoform OS=Bos taurus OX=9913 GN=PPP2CB PE=1 SV=1
g1253	129.5	0.1508	-0.167	0.9103	sp|Q2KIA6|PRPF3_BOVIN U4/U6 small nuclear ribonucleoprotein Prp3 OS=Bos taurus OX=9913 GN=PRPF3 PE=2 SV=1
g15209	154.9	0.2457	-0.523	0.4029	
g15581	347.7	0.9672	0.967	0.2345	
g10994	142.1	0.1981	-0.121	0.9369	sp|Q803A8|WWOX_DANRE WW domain-containing oxidoreductase OS=Danio rerio OX=7955 GN=wwox PE=2 SV=1
g8638	189.5	0.3757	-0.108	0.9609	
g12775	151.5	0.2339	0.131	0.9433	
g14576	155.6	0.2492	-0.437	0.5219	
g6820	122.4	0.1251	-0.069	0.9673	sp|O75845|SC5D_HUMAN Lathosterol oxidase OS=Homo sapiens OX=9606 GN=SC5D PE=1 SV=2
g8559	157.2	0.2555	-0.680	0.1816	sp|Q554J3|FKBP1_DICDI FK506-binding protein 1 OS=Dictyostelium discoideum OX=44689 GN=fkbp1 PE=3 SV=1
g3980	126.1	0.1392	-0.084	0.9614	sp|Q8WZA1|PMGT1_HUMAN Protein O-linked-mannose beta-1,2-N-acetylglucosaminyltransferase 1 OS=Homo sapiens OX=9606 GN=POMGNT1 PE=1 SV=2
g13500	162.4	0.2753	0.508	0.5257	sp|O14530|TXND9_HUMAN Thioredoxin domain-containing protein 9 OS=Homo sapiens OX=9606 GN=TXNDC9 PE=1 SV=2
g553	120.3	0.1175	-0.057	0.9740	sp|Q3M3Q5|TRMB_TRIV2 tRNA (guanine-N(7)-)-methyltransferase OS=Trichormus variabilis (strain ATCC 29413 / PCC 7937) OX=240292 GN=trmB PE=3 SV=1
g751	157.8	0.2582	0.039	0.9811	sp|Q95QQ2|TPC13_CAEEL Probable trafficking protein particle complex subunit 13 homolog OS=Caenorhabditis elegans OX=6239 GN=C56C10.7 PE=3 SV=1
g15014	136.6	0.1789	0.329	0.7344	sp|Q8BZF2|NIPA4_MOUSE Magnesium transporter NIPA4 OS=Mus musculus OX=10090 GN=Nipal4 PE=1 SV=1
g11641	122.4	0.1257	-0.005	0.9974	
g10402	131.2	0.1591	-0.252	0.8333	sp|A4IHW6|GNPI2_XENTR Glucosamine-6-phosphate deaminase 2 OS=Xenopus tropicalis OX=8364 GN=gnpda2 PE=2 SV=1
g6351	150.1	0.2301	0.369	0.6966	sp|A0QYL8|MFSEP_MYCS2 MFS-type efflux pump MSMEG_3705 OS=Mycolicibacterium smegmatis (strain ATCC 700084 / mc(2)155) OX=246196 GN=MSMEG_3705 PE=3 SV=1
g3306	155.4	0.2504	-0.694	0.1798	sp|Q10274|TEB1_SCHPO Telobox protein 1 OS=Schizosaccharomyces pombe (strain 972 / ATCC 24843) OX=284812 GN=teb1 PE=1 SV=1
g10093	145.7	0.2143	-0.413	0.6770	sp|O28578|PANE_ARCFU 2-dehydropantoate 2-reductase OS=Archaeoglobus fulgidus (strain ATCC 49558 / DSM 4304 / JCM 9628 / NBRC 100126 / VC-16) OX=224325 GN=AF_1695 PE=3 SV=1
g4199	104.6	0.0599	0.085	0.9614	sp|Q21IS0|MTAD_SACD2 5-methylthioadenosine/S-adenosylhomocysteine deaminase OS=Saccharophagus degradans (strain 2-40 / ATCC 43961 / DSM 17024) OX=203122 GN=mtaD PE=3 SV=1
g4620	223.9	0.5088	-0.757	0.1193	sp|Q54J66|SYTC1_DICDI Probable threonine--tRNA ligase 1, cytoplasmic OS=Dictyostelium discoideum OX=44689 GN=thrS1 PE=3 SV=1
g8393	113.9	0.0955	-0.053	0.9763	sp|H2KZK4|DESI1_CAEEL Desumoylating isopeptidase 1 homolog OS=Caenorhabditis elegans OX=6239 GN=F36D4.5 PE=2 SV=1
g8423	111.6	0.0876	-0.107	0.9509	
g11505	183.6	0.3594	-0.582	0.3640	sp|D0ZVG2|SSPH1_SALT1 E3 ubiquitin-protein ligase SspH1 OS=Salmonella typhimurium (strain 14028s / SGSC 2262) OX=588858 GN=sspH1 PE=1 SV=1
g2473	154.9	0.2515	0.550	0.3517	
g8292	135.4	0.1779	-0.258	0.8412	
g3837	142.7	0.2054	-0.262	0.8027	sp|Q08DT6|RM47_BOVIN Large ribosomal subunit protein uL29m OS=Bos taurus OX=9913 GN=MRPL47 PE=2 SV=1
g11624	136.8	0.1832	-0.115	0.9450	
g531	250.3	0.6123	0.166	0.9474	
g2186	122.7	0.1305	0.115	0.9450	sp|Q5BK18|CIAO3_RAT Cytosolic iron-sulfur assembly component 3 OS=Rattus norvegicus OX=10116 GN=Ciao3 PE=2 SV=1
g15796	130.6	0.1614	0.183	0.9004	sp|Q54LT8|STRAP_DICDI Serine-threonine kinase receptor-associated protein OS=Dictyostelium discoideum OX=44689 GN=strap PE=3 SV=1
g9709	127.9	0.1515	-0.240	0.8527	sp|Q5W915|USP_PEA UDP-sugar pyrophospharylase OS=Pisum sativum OX=3888 GN=USP PE=1 SV=1
g530	141.0	0.2010	0.316	0.7500	sp|Q60417|SCRB1_CRIGR Scavenger receptor class B member 1 OS=Cricetulus griseus OX=10029 GN=SCARB1 PE=2 SV=1
g12180	162.4	0.2825	0.076	0.9614	sp|E2RTQ2|KIN13_GIAIC Kinesin-like protein KIN-13 OS=Giardia intestinalis (strain ATCC 50803 / WB clone C6) OX=184922 GN=kin-13 PE=1 SV=1
g2669	161.4	0.2791	0.087	0.9623	sp|P14913|4CL2_PETCR 4-coumarate--CoA ligase 2 OS=Petroselinum crispum OX=4043 GN=4CL2 PE=2 SV=1
g931	124.6	0.1395	0.058	0.9728	sp|Q9VHH7|ADAL_DROME Adenosine deaminase-like protein OS=Drosophila melanogaster OX=7227 GN=Ada PE=2 SV=1
g4947	130.9	0.1633	-0.264	0.8249	
g9451	153.0	0.2472	0.523	0.5182	
g11175	178.2	0.3432	-0.234	0.9058	
g9188	167.2	0.3017	0.300	0.7901	
g4867	128.7	0.1554	-0.076	0.9623	
g10058	144.5	0.2155	-0.559	0.3877	sp|Q680U9|TFB2_ARATH General transcription and DNA repair factor IIH subunit TFB2 OS=Arabidopsis thaliana OX=3702 GN=TFB2 PE=2 SV=1
g1499	126.4	0.1467	0.341	0.7137	sp|Q9HD40|SPCS_HUMAN O-phosphoseryl-tRNA(Sec) selenium transferase OS=Homo sapiens OX=9606 GN=SEPSECS PE=1 SV=2
g13673	194.6	0.4061	-0.125	0.9433	sp|Q7F830|CCA11_ORYSJ Cyclin-A1-1 OS=Oryza sativa subsp. japonica OX=39947 GN=CYCA1-1 PE=2 SV=1
g8274	155.2	0.2567	-0.558	0.3951	
g12587	143.8	0.2132	0.116	0.9433	sp|Q9C6B6|HRD3B_ARATH ERAD-associated E3 ubiquitin-protein ligase component HRD3B OS=Arabidopsis thaliana OX=3702 GN=HRD3B PE=3 SV=1
g6488	147.7	0.2280	-0.020	0.9892	
g4738	146.3	0.2228	-0.299	0.7538	
g13903	159.2	0.2720	0.060	0.9718	
g4948	158.4	0.2692	-0.079	0.9636	sp|Q8A2H2|GALSF_BACTN N-acetylgalactosamine-6-O-sulfatase OS=Bacteroides thetaiotaomicron (strain ATCC 29148 / DSM 2079 / JCM 5827 / CCUG 10774 / NCTC 10582 / VPI-5482 / E50) OX=226186 GN=BT_3333 PE=1 SV=1
g1593	149.7	0.2362	-0.155	0.9362	
g15059	133.3	0.1741	-0.361	0.6966	sp|C0PBF8|OXDA_MAIZE D-amino-acid oxidase OS=Zea mays OX=4577 GN=DAO PE=1 SV=1
g7183	125.5	0.1445	-0.013	0.9926	
g8642	142.1	0.2080	0.375	0.6652	
g11552	187.3	0.3802	0.324	0.7733	
g11079	128.4	0.1565	0.011	0.9942	sp|A1CCL9|BXLB_ASPCL Probable exo-1,4-beta-xylosidase bxlB OS=Aspergillus clavatus (strain ATCC 1007 / CBS 513.65 / DSM 816 / NCTC 3887 / NRRL 1 / QM 1276 / 107) OX=344612 GN=bxlB PE=3 SV=2
g15850	152.1	0.2473	0.277	0.8059	sp|Q2TBP8|MET17_BOVIN Ribosome assembly protein METTL17, mitochondrial OS=Bos taurus OX=9913 GN=METTL17 PE=2 SV=1
g13106	111.2	0.0909	0.137	0.9349	sp|Q15427|SF3B4_HUMAN Splicing factor 3B subunit 4 OS=Homo sapiens OX=9606 GN=SF3B4 PE=1 SV=1
g12303	102.0	0.0561	0.097	0.9558	
g7965	160.1	0.2778	-0.806	0.0752	sp|A7SCH8|KYNU_NEMVE Kynureninase OS=Nematostella vectensis OX=45351 GN=kynu PE=3 SV=1
g8538	125.8	0.1472	0.378	0.6714	sp|Q8R2Y8|PTH2_MOUSE Peptidyl-tRNA hydrolase 2, mitochondrial OS=Mus musculus OX=10090 GN=Ptrh2 PE=1 SV=1
g9648	137.2	0.1907	0.432	0.5938	sp|B3DNN5|CDC16_ARATH Anaphase-promoting complex subunit 6 OS=Arabidopsis thaliana OX=3702 GN=APC6 PE=2 SV=1
g6665	209.8	0.4682	-0.466	0.6650	sp|E1BPK6|MYO6_BOVIN Unconventional myosin-VI OS=Bos taurus OX=9913 GN=MYO6 PE=1 SV=4
g4103	179.4	0.3522	-0.616	0.2083	
g1541	122.4	0.1346	-0.326	0.7532	sp|Q6UK63|PIRA_DICDI Protein pirA OS=Dictyostelium discoideum OX=44689 GN=pirA PE=1 SV=1
g364	124.1	0.1410	0.074	0.9665	sp|Q55BF4|UCPA_DICDI Mitochondrial substrate carrier family protein ucpA OS=Dictyostelium discoideum OX=44689 GN=ucpA PE=3 SV=1
g1738	149.8	0.2393	-0.270	0.8082	
g11071	176.8	0.3427	0.517	0.5126	sp|P0C8M8|CCR1_MAIZE Probable serine/threonine-protein kinase CCRP1 OS=Zea mays OX=4577 GN=CCRP1 PE=1 SV=1
g3284	125.0	0.1449	-0.004	0.9978	sp|O13983|HRQ1_SCHPO ATP-dependent helicase hrq1 OS=Schizosaccharomyces pombe (strain 972 / ATCC 24843) OX=284812 GN=hrq1 PE=1 SV=4
g2100	131.3	0.1689	-0.171	0.9078	sp|Q987T6|FOLD2_RHILO Bifunctional protein FolD 2 OS=Mesorhizobium japonicum (strain LMG 29417 / CECT 9101 / MAFF 303099) OX=266835 GN=folD2 PE=3 SV=1
g3334	118.3	0.1194	0.138	0.9349	
g13435	142.7	0.2130	-0.161	0.9138	sp|Q54PP7|LVSF_DICDI BEACH domain-containing protein lvsF OS=Dictyostelium discoideum OX=44689 GN=lvsF PE=4 SV=1
g1995	125.6	0.1478	-0.132	0.9435	
g7385	180.8	0.3595	-0.027	0.9849	sp|Q6L5F5|IMCE_ORYSJ Probable isoprenylcysteine alpha-carbonyl methylesterase ICME OS=Oryza sativa subsp. japonica OX=39947 GN=IMCE PE=2 SV=1
g5877	122.5	0.1360	0.119	0.9450	sp|Q9NZ71|RTEL1_HUMAN Regulator of telomere elongation helicase 1 OS=Homo sapiens OX=9606 GN=RTEL1 PE=1 SV=2
g3004	137.7	0.1946	0.519	0.4288	sp|Q8VC42|RMC1_MOUSE Regulator of MON1-CCZ1 complex OS=Mus musculus OX=10090 GN=Rmc1 PE=2 SV=1
g4389	132.9	0.1770	0.240	0.8623	sp|Q54J42|ALG5_DICDI Dolichyl-phosphate beta-glucosyltransferase OS=Dictyostelium discoideum OX=44689 GN=alg5 PE=2 SV=1
g7957	161.2	0.2855	-0.797	0.1169	
g10380	345.7	0.9947	-0.740	0.4825	
g12308	125.2	0.1478	0.030	0.9851	
g7239	132.2	0.1750	-0.073	0.9666	
g13263	147.8	0.2350	-0.339	0.7060	sp|Q96GG9|DCNL1_HUMAN DCN1-like protein 1 OS=Homo sapiens OX=9606 GN=DCUN1D1 PE=1 SV=1
g14318	133.8	0.1814	0.395	0.6448	
g10636	135.2	0.1870	-0.462	0.5461	sp|Q6GPB8|DBR1A_XENLA Lariat debranching enzyme A OS=Xenopus laevis OX=8355 GN=dbr1-a PE=2 SV=1
g7627	187.6	0.3887	-0.016	0.9904	sp|B5X3B2|APMAP_SALSA Adipocyte plasma membrane-associated protein OS=Salmo salar OX=8030 GN=apmap PE=2 SV=1
g197	206.3	0.4609	-0.653	0.1635	sp|Q0WPU1|MYO15_ARATH Myosin-15 OS=Arabidopsis thaliana OX=3702 GN=XI-I PE=1 SV=1
g5737	189.6	0.3970	-0.554	0.2932	
g3029	147.0	0.2329	-0.039	0.9848	
g3600	180.5	0.3624	-0.177	0.8913	sp|Q7T6X2|YR826_MIMIV Putative serine/threonine-protein kinase/receptor R826 OS=Acanthamoeba polyphaga mimivirus OX=212035 GN=MIMI_R826 PE=3 SV=2
g9447	135.6	0.1896	0.277	0.7980	sp|B4XMC6|DCDA_HELPX Diaminopimelate decarboxylase OS=Helicobacter pylori OX=210 GN=lysA PE=1 SV=1
g9026	160.4	0.2863	0.783	0.0845	sp|P53980|YNB1_YEAST Uncharacterized protein YNL011C OS=Saccharomyces cerevisiae (strain ATCC 204508 / S288c) OX=559292 GN=YNL011C PE=1 SV=1
g3709	230.5	0.5570	0.642	0.4228	sp|O13752|YF22_SCHPO Uncharacterized TLC domain-containing protein C17A2.02c OS=Schizosaccharomyces pombe (strain 972 / ATCC 24843) OX=284812 GN=SPAC17A2.02c PE=4 SV=1
g3583	156.4	0.2709	-0.491	0.4889	sp|P0CH36|ADHC1_MYCS2 NADP-dependent alcohol dehydrogenase C 1 OS=Mycolicibacterium smegmatis (strain ATCC 700084 / mc(2)155) OX=246196 GN=adhc1 PE=1 SV=1
g2285	109.5	0.0898	0.008	0.9955	sp|Q2KID6|PLRG1_BOVIN Pleiotropic regulator 1 OS=Bos taurus OX=9913 GN=PLRG1 PE=2 SV=1
g3049	137.5	0.1983	0.223	0.8585	sp|K4BW79|ENOX_SOLLC 2-methylene-furan-3-one reductase OS=Solanum lycopersicum OX=4081 GN=EO PE=1 SV=1
g6195	156.4	0.2713	0.461	0.5133	sp|Q5M974|RN181_XENTR E3 ubiquitin-protein ligase RNF181 OS=Xenopus tropicalis OX=8364 GN=rnf181 PE=2 SV=1
g153	164.7	0.3037	-0.654	0.1876	sp|O35254|GORS1_RAT Golgi reassembly-stacking protein 1 OS=Rattus norvegicus OX=10116 GN=Gorasp1 PE=1 SV=4
g6911	210.2	0.4800	-0.163	0.9433	
g14894	149.7	0.2462	-0.032	0.9848	sp|Q5E950|NHP2_BOVIN H/ACA ribonucleoprotein complex subunit 2 OS=Bos taurus OX=9913 GN=NHP2 PE=2 SV=1
g14257	117.9	0.1232	-0.094	0.9571	
g3748	120.6	0.1339	-0.173	0.9135	sp|Q54NW7|VAM7A_DICDI Vesicle-associated membrane protein 7A OS=Dictyostelium discoideum OX=44689 GN=vamp7A PE=1 SV=1
g7276	147.5	0.2383	0.608	0.3392	sp|Q802V6|ABH2A_DANRE Monoacylglycerol lipase ABHD2 OS=Danio rerio OX=7955 GN=abhd2a PE=2 SV=1
g2123	123.2	0.1439	0.051	0.9769	sp|Q11HA9|RL11_CHESB Large ribosomal subunit protein uL11 OS=Chelativorans sp. (strain BNC1) OX=266779 GN=rplK PE=3 SV=1
g1801	144.3	0.2262	-0.416	0.6269	sp|Q8T8P3|ABCD2_DICDI ABC transporter D family member 2 OS=Dictyostelium discoideum OX=44689 GN=abcD2 PE=3 SV=1
g2208	151.1	0.2525	0.345	0.7852	
g2209	154.8	0.2673	0.133	0.9345	sp|O60140|YNS9_SCHPO Uncharacterized protein C18H10.09 OS=Schizosaccharomyces pombe (strain 972 / ATCC 24843) OX=284812 GN=SPBC18H10.09 PE=4 SV=2
g13550	114.3	0.1105	0.034	0.9848	sp|P19485|CYA1_RHIME Adenylate cyclase 1 OS=Rhizobium meliloti (strain 1021) OX=266834 GN=cya1 PE=3 SV=2
g1304	239.4	0.5960	0.479	0.6441	sp|O59672|YB89_SCHPO Uncharacterized ABC transporter ATP-binding protein C29A3.09c OS=Schizosaccharomyces pombe (strain 972 / ATCC 24843) OX=284812 GN=SPBC29A3.09c PE=3 SV=1
g4092	123.8	0.1473	-0.111	0.9459	sp|P29054|TF2B_XENLA Transcription initiation factor IIB OS=Xenopus laevis OX=8355 GN=gtf2b PE=2 SV=1
g8999	127.3	0.1618	0.294	0.8127	sp|Q9QYJ3|DNJB1_MOUSE DnaJ homolog subfamily B member 1 OS=Mus musculus OX=10090 GN=Dnajb1 PE=1 SV=3
g6963	120.7	0.1365	0.247	0.8352	sp|P49104|RAB2B_MAIZE Ras-related protein Rab-2-B OS=Zea mays OX=4577 GN=RAB2B PE=2 SV=1
g14264	168.7	0.3235	0.187	0.9113	sp|Q63472|KCNH1_RAT Voltage-gated delayed rectifier potassium channel KCNH1 OS=Rattus norvegicus OX=10116 GN=Kcnh1 PE=1 SV=1
g1408	154.9	0.2701	-0.232	0.8693	sp|P23258|TBG1_HUMAN Tubulin gamma-1 chain OS=Homo sapiens OX=9606 GN=TUBG1 PE=1 SV=2
g6161	136.4	0.1984	-0.244	0.8352	sp|Q2FT79|RIBL_METHJ FAD synthase OS=Methanospirillum hungatei JF-1 (strain ATCC 27890 / DSM 864 / NBRC 100397 / JF-1) OX=323259 GN=ribL PE=3 SV=1
g12529	182.7	0.3788	0.158	0.9049	sp|O59751|KLP6_SCHPO Kinesin-like protein 6 OS=Schizosaccharomyces pombe (strain 972 / ATCC 24843) OX=284812 GN=klp6 PE=1 SV=1
g14478	116.9	0.1226	0.069	0.9689	sp|Q0WQ57|AUXI2_ARATH Auxilin-related protein 2 OS=Arabidopsis thaliana OX=3702 GN=At4g12770 PE=1 SV=1
g13482	143.3	0.2260	0.502	0.4746	
g13363	115.9	0.1195	0.149	0.9225	sp|O23299|ECI2_ARATH Enoyl-CoA delta isomerase 2, peroxisomal OS=Arabidopsis thaliana OX=3702 GN=ECI2 PE=1 SV=1
g9888	122.7	0.1462	0.112	0.9499	sp|Q9LMP7|GOS11_ARATH Golgi SNAP receptor complex member 1-1 OS=Arabidopsis thaliana OX=3702 GN=GOS11 PE=2 SV=1
g8649	137.2	0.2029	-0.074	0.9666	sp|B1WSK6|SYL_CROS5 Leucine--tRNA ligase OS=Crocosphaera subtropica (strain ATCC 51142 / BH68) OX=43989 GN=leuS PE=3 SV=1
g6753	194.6	0.4274	0.828	0.0734	sp|Q43207|FKB70_WHEAT 70 kDa peptidyl-prolyl isomerase OS=Triticum aestivum OX=4565 GN=FKBP70 PE=1 SV=1
g12784	119.2	0.1326	0.280	0.8009	sp|P16006|DCTD_BPT4 Deoxycytidylate deaminase OS=Enterobacteria phage T4 OX=10665 GN=CD PE=1 SV=1
g6878	127.3	0.1645	0.335	0.7551	
g3764	121.6	0.1424	0.033	0.9848	sp|Q49SH1|NCKX5_DANRE Sodium/potassium/calcium exchanger 5 OS=Danio rerio OX=7955 GN=slc24a5 PE=2 SV=1
g3602	131.7	0.1820	0.505	0.4708	sp|Q04924|GLU2B_YEAST Glucosidase 2 subunit beta OS=Saccharomyces cerevisiae (strain ATCC 204508 / S288c) OX=559292 GN=GTB1 PE=1 SV=1
g8584	111.3	0.1023	-0.055	0.9749	
g11327	262.5	0.6941	0.163	0.9124	sp|P18652|KS6AA_CHICK Ribosomal protein S6 kinase 2 alpha OS=Gallus gallus OX=9031 GN=RPS6KA PE=2 SV=1
g8289	401.2	1.2377	-0.301	0.8630	sp|P41352|TBB_TETTH Tubulin beta chain OS=Tetrahymena thermophila OX=5911 GN=BTU1 PE=1 SV=1
g1411	127.0	0.1643	-0.223	0.8766	sp|Q6K9A2|CCR1_ORYSJ Cinnamoyl-CoA reductase 1 OS=Oryza sativa subsp. japonica OX=39947 GN=CCR1 PE=1 SV=1
g6813	146.2	0.2396	-0.157	0.9251	sp|Q8QHA5|DNA2_XENLA DNA replication ATP-dependent helicase/nuclease DNA2 OS=Xenopus laevis OX=8355 GN=dna2 PE=1 SV=1
g2890	138.7	0.2106	-0.007	0.9961	sp|Q64411|PEPC_CAVPO Gastricsin OS=Cavia porcellus OX=10141 GN=PGC PE=2 SV=1
g9148	171.4	0.3388	0.292	0.7752	sp|A3DC75|RSGI3_ACET2 Anti-sigma-I factor RsgI3 OS=Acetivibrio thermocellus (strain ATCC 27405 / DSM 1237 / JCM 9322 / NBRC 103400 / NCIMB 10682 / NRRL B-4536 / VPI 7372) OX=203119 GN=rsgI3 PE=1 SV=1
g11243	121.0	0.1414	0.127	0.9387	sp|Q9M0V0|MFDX1_ARATH Adrenodoxin-like protein 1, mitochondrial OS=Arabidopsis thaliana OX=3702 GN=MFDX1 PE=1 SV=1
g3488	113.5	0.1124	-0.111	0.9482	
g8397	159.7	0.2936	-0.541	0.4096	
g11420	97.0	0.0478	0.010	0.9946	
g2321	140.3	0.2182	0.387	0.6836	
g16025	104.7	0.0782	0.014	0.9923	
g3392	112.9	0.1109	0.256	0.8374	sp|P87126|CWC2_SCHPO Pre-mRNA-splicing factor cwf2 OS=Schizosaccharomyces pombe (strain 972 / ATCC 24843) OX=284812 GN=cwf2 PE=1 SV=2
g12340	123.0	0.1504	0.140	0.9350	
g4834	132.3	0.1874	0.250	0.8226	sp|P48410|ABCD1_MOUSE ATP-binding cassette sub-family D member 1 OS=Mus musculus OX=10090 GN=Abcd1 PE=1 SV=1
g14869	139.5	0.2159	0.177	0.9103	
g2316	233.8	0.5877	0.287	0.8188	sp|P19881|PGP_YEAST Phosphoglycolate phosphatase OS=Saccharomyces cerevisiae (strain ATCC 204508 / S288c) OX=559292 GN=PHO13 PE=1 SV=2
g15750	156.1	0.2818	-0.647	0.2035	sp|Q05AM4|FAH2B_DANRE Fatty-acid amide hydrolase 2-B OS=Danio rerio OX=7955 GN=faah2b PE=2 SV=1
g13604	142.6	0.2291	0.255	0.8624	
g14967	119.9	0.1394	0.324	0.7536	sp|Q9FNY7|OGG1_ARATH N-glycosylase/DNA lyase OGG1 OS=Arabidopsis thaliana OX=3702 GN=OGG1 PE=1 SV=1
g7532	146.4	0.2441	0.443	0.5532	
g12586	105.3	0.0823	-0.186	0.9046	
g8971	119.2	0.1370	-0.184	0.9099	
g5156	157.6	0.2887	0.336	0.7033	sp|Q5AVF0|AMPP1_EMENI Probable Xaa-Pro aminopeptidase P OS=Emericella nidulans (strain FGSC A4 / ATCC 38163 / CBS 112.46 / NRRL 194 / M139) OX=227321 GN=ampp PE=3 SV=2
g2404	137.5	0.2096	0.071	0.9666	sp|Q9D379|HYEP_MOUSE Epoxide hydrolase 1 OS=Mus musculus OX=10090 GN=Ephx1 PE=1 SV=2
g9458	154.5	0.2769	-0.331	0.7746	
g3506	125.8	0.1634	-0.309	0.7882	sp|Q3ZBE6|TM135_BOVIN Transmembrane protein 135 OS=Bos taurus OX=9913 GN=TMEM135 PE=2 SV=1
g1044	127.8	0.1719	-0.094	0.9562	
g7437	115.0	0.1214	0.187	0.8965	
g4662	124.4	0.1587	-0.043	0.9831	sp|Q06816|HYEP_STIAD Putative epoxide hydrolase OS=Stigmatella aurantiaca (strain DW4/3-1) OX=378806 GN=STAUR_4299 PE=3 SV=2
g15714	115.1	0.1221	-0.105	0.9534	sp|Q6ZKM2|CSN6_ORYSJ COP9 signalosome complex subunit 6 OS=Oryza sativa subsp. japonica OX=39947 GN=CSN6 PE=1 SV=1
g3554	168.5	0.3335	0.234	0.8625	sp|A8DYY5|RPAP2_DROME Putative RNA polymerase II subunit B1 CTD phosphatase RPAP2 homolog OS=Drosophila melanogaster OX=7227 GN=CG34183 PE=2 SV=1
g15079	123.5	0.1558	0.175	0.9165	sp|D4GU71|AGL14_HALVD Probable low-salt glycan biosynthesis reductase Agl14 OS=Haloferax volcanii (strain ATCC 29605 / DSM 3757 / JCM 8879 / NBRC 14742 / NCIMB 2012 / VKM B-1768 / DS2) OX=309800 GN=agl14 PE=3 SV=1
g5395	200.4	0.4602	0.513	0.4550	sp|Q96MD7|CI085_HUMAN Uncharacterized protein C9orf85 OS=Homo sapiens OX=9606 GN=C9orf85 PE=1 SV=1
g6315	118.0	0.1341	-0.232	0.8564	sp|Q5RI43|KERA_DANRE Keratocan OS=Danio rerio OX=7955 GN=kera PE=1 SV=1
g4757	132.8	0.1926	-0.506	0.4688	
g3343	164.4	0.3185	-0.393	0.7262	
g7156	131.9	0.1900	-0.372	0.6756	sp|Q9FHB6|DTX16_ARATH Protein DETOXIFICATION 16 OS=Arabidopsis thaliana OX=3702 GN=DTX16 PE=2 SV=1
g6859	120.9	0.1462	0.099	0.9545	sp|Q9Y4R8|TELO2_HUMAN Telomere length regulation protein TEL2 homolog OS=Homo sapiens OX=9606 GN=TELO2 PE=1 SV=2
g13589	122.0	0.1510	0.071	0.9680	sp|Q02151|YMEB_LACLA Uncharacterized ABC transporter ATP-binding protein YmeB OS=Lactococcus lactis subsp. lactis (strain IL1403) OX=272623 GN=ymeB PE=3 SV=2
g10919	125.8	0.1662	-0.176	0.9126	
g13906	133.4	0.1967	-0.192	0.8949	
g11590	108.1	0.0964	0.018	0.9910	sp|Q54BF3|FAHD2_DICDI Fumarylacetoacetate hydrolase domain-containing protein 2 homolog OS=Dictyostelium discoideum OX=44689 GN=fahd2 PE=3 SV=1
g2585	154.8	0.2818	-0.078	0.9627	
g15495	140.0	0.2241	0.092	0.9600	sp|Q8LAD0|PDX2_ARATH Probable pyridoxal 5'-phosphate synthase subunit PDX2 OS=Arabidopsis thaliana OX=3702 GN=PDX2 PE=1 SV=1
g10816	137.4	0.2142	-0.054	0.9788	sp|Q7XMK8|RH6_ORYSJ DEAD-box ATP-dependent RNA helicase 6 OS=Oryza sativa subsp. japonica OX=39947 GN=Os04g0533000 PE=2 SV=1
g16077	172.6	0.3547	-0.182	0.8853	sp|Q9I4V0|NQRED_PSEAE NADH:quinone reductase OS=Pseudomonas aeruginosa (strain ATCC 15692 / DSM 22644 / CIP 104116 / JCM 14847 / LMG 12228 / 1C / PRS 101 / PAO1) OX=208964 GN=PA1024 PE=1 SV=1
g6721	115.5	0.1271	-0.028	0.9856	
g2785	173.7	0.3595	0.155	0.9177	sp|Q9Y3A4|RRP7A_HUMAN Ribosomal RNA-processing protein 7 homolog A OS=Homo sapiens OX=9606 GN=RRP7A PE=1 SV=2
g9472	215.2	0.5250	0.908	0.0662	
g6989	217.4	0.5341	0.520	0.5901	sp|Q9LZ98|AB20I_ARATH ABC transporter I family member 20 OS=Arabidopsis thaliana OX=3702 GN=ABCI20 PE=2 SV=1
g15378	108.0	0.0977	0.168	0.9165	sp|P33696|EXON_RHIME UTP--glucose-1-phosphate uridylyltransferase OS=Rhizobium meliloti (strain 1021) OX=266834 GN=exoN PE=3 SV=2
g4368	165.1	0.3258	0.060	0.9700	sp|Q751P0|PXR1_EREGS Protein PXR1 OS=Eremothecium gossypii (strain ATCC 10895 / CBS 109.51 / FGSC 9923 / NRRL Y-1056) OX=284811 GN=PXR1 PE=3 SV=1
g2628	103.6	0.0806	0.146	0.9322	sp|Q0IIS3|EPHX3_XENTR Epoxide hydrolase 3 OS=Xenopus tropicalis OX=8364 GN=ephx3 PE=2 SV=1
g13160	228.8	0.5813	0.076	0.9689	sp|Q8WXX0|DYH7_HUMAN Dynein axonemal heavy chain 7 OS=Homo sapiens OX=9606 GN=DNAH7 PE=1 SV=2
g3115	135.5	0.2082	0.291	0.7901	
g3836	144.1	0.2432	0.365	0.6756	
g4447	144.9	0.2470	0.129	0.9349	
g2187	115.0	0.1275	-0.257	0.8302	sp|Q65WT0|BD31B_ORYSJ Protein BUD31 homolog 2 OS=Oryza sativa subsp. japonica OX=39947 GN=Os05g0446300 PE=2 SV=1
g14320	125.7	0.1706	0.451	0.5655	
g2296	109.0	0.1037	0.256	0.8352	
g12463	414.1	1.3282	2.668	0.1138	sp|P21158|CSGA_MYXXA C-signal OS=Myxococcus xanthus OX=34 GN=csgA PE=1 SV=1
g6605	177.2	0.3776	0.233	0.8564	sp|Q8R5K4|NOL6_MOUSE Nucleolar protein 6 OS=Mus musculus OX=10090 GN=Nol6 PE=2 SV=2
g3974	113.4	0.1219	-0.168	0.9165	
g15526	157.1	0.2973	0.095	0.9581	sp|Q9AWM9|RPF2_ORYSJ Ribosome production factor 2 homolog OS=Oryza sativa subsp. japonica OX=39947 GN=Os01g0513800 PE=2 SV=1
g2158	135.8	0.2121	0.311	0.7454	
g198	122.1	0.1570	-0.230	0.8674	
g15605	108.9	0.1042	0.070	0.9689	sp|Q54S83|NDUF7_DICDI Protein arginine methyltransferase NDUFAF7 homolog, mitochondrial OS=Dictyostelium discoideum OX=44689 GN=midA PE=1 SV=1
g10385	146.6	0.2560	0.244	0.8282	sp|P33237|MX1_SHEEP Interferon-induced GTP-binding protein Mx1 OS=Ovis aries OX=9940 GN=MX1 PE=1 SV=1
g8489	196.8	0.4581	0.296	0.8713	
g4780	144.0	0.2463	-0.453	0.5380	sp|Q94490|UBCB_DICDI Ubiquitin conjugating enzyme E2 B OS=Dictyostelium discoideum OX=44689 GN=ubcB PE=1 SV=1
g15362	102.8	0.0805	-0.149	0.9293	
g8358	118.9	0.1454	0.163	0.9238	sp|Q22004|AMERL_CAEEL Uncharacterized protein R166.3 OS=Caenorhabditis elegans OX=6239 GN=R166.3 PE=4 SV=1
g7476	229.1	0.5893	-0.458	0.5083	
g7483	238.1	0.6258	0.933	0.1588	
g7197	111.5	0.1159	-0.125	0.9439	
g1359	142.1	0.2395	-0.375	0.6461	sp|Q2W2K2|RL24_PARM1 Large ribosomal subunit protein uL24 OS=Paramagnetospirillum magneticum (strain ATCC 700264 / AMB-1) OX=342108 GN=rplX PE=3 SV=1
g7822	181.4	0.3978	-0.409	0.6264	sp|Q9SZD1|TCX5_ARATH Protein tesmin/TSO1-like CXC 5 OS=Arabidopsis thaliana OX=3702 GN=TCX5 PE=1 SV=1
g7282	144.2	0.2483	-0.310	0.7459	sp|O95562|SFT2B_HUMAN Vesicle transport protein SFT2B OS=Homo sapiens OX=9606 GN=SFT2D2 PE=1 SV=1
g9471	222.3	0.5634	0.393	0.5814	sp|P44679|YBGC_HAEIN Acyl-CoA thioesterase YbgC OS=Haemophilus influenzae (strain ATCC 51907 / DSM 11121 / KW20 / Rd) OX=71421 GN=ybgC PE=1 SV=1
g14406	130.0	0.1912	-0.155	0.9293	sp|Q8PKQ5|ZUPT_XANC3 Zinc transporter ZupT OS=Xanthomonas citri pv. citri (strain 306) OX=190486 GN=zupT PE=3 SV=1
g14041	160.5	0.3150	0.234	0.8681	
g3048	184.8	0.4135	-0.283	0.7593	sp|Q9HCS2|CP4FC_HUMAN Cytochrome P450 4F12 OS=Homo sapiens OX=9606 GN=CYP4F12 PE=1 SV=3
g9195	116.7	0.1385	0.117	0.9474	sp|P87131|CYSKL_SCHPO Cysteine synthase 2 OS=Schizosaccharomyces pombe (strain 972 / ATCC 24843) OX=284812 GN=cys12 PE=3 SV=1
g5537	191.3	0.4407	1.070	0.0726	
g11333	138.6	0.2275	-0.201	0.8989	sp|Q92609|TBCD5_HUMAN TBC1 domain family member 5 OS=Homo sapiens OX=9606 GN=TBC1D5 PE=1 SV=1
g10488	164.0	0.3312	-0.775	0.0993	sp|Q55A09|Y9963_DICDI Probable serine/threonine-protein kinase DDB_G0272254 OS=Dictyostelium discoideum OX=44689 GN=DDB_G0272254 PE=3 SV=1
g6447	108.1	0.1046	0.255	0.8418	
g13229	128.4	0.1871	0.089	0.9614	
g13108	150.2	0.2758	0.358	0.7014	sp|Q9T096|YIPL6_ARATH Protein yippee-like At4g27745 OS=Arabidopsis thaliana OX=3702 GN=At4g27745 PE=3 SV=2
g11451	148.5	0.2688	-0.111	0.9534	
g2748	122.7	0.1649	-0.137	0.9393	
g14995	129.3	0.1918	-0.544	0.4126	
g11817	105.0	0.0936	-0.133	0.9409	
g8766	134.8	0.2147	0.220	0.8585	sp|Q8IQ05|CTF18_DROME Chromosome transmission fidelity protein 18 homolog OS=Drosophila melanogaster OX=7227 GN=cutlet PE=2 SV=2
g5646	135.4	0.2171	0.453	0.5999	sp|Q6Q0N1|CNDP2_RAT Cytosolic non-specific dipeptidase OS=Rattus norvegicus OX=10116 GN=Cndp2 PE=1 SV=1
g8870	169.1	0.3544	-0.694	0.2910	sp|P0DP43|CTSRE_MOUSE Cation channel sperm-associated auxiliary subunit epsilon OS=Mus musculus OX=10090 GN=Catspere PE=1 SV=1
g10820	158.3	0.3106	-0.046	0.9766	sp|A6V3Q8|TPMT_PSEP7 Thiopurine S-methyltransferase OS=Pseudomonas paraeruginosa (strain DSM 24068 / PA7) OX=381754 GN=tpm PE=3 SV=1
g11074	109.5	0.1125	-0.140	0.9349	
g11208	121.3	0.1613	-0.088	0.9592	
g5728	116.1	0.1409	-0.023	0.9899	sp|Q9S7E6|SMD3A_ARATH Small nuclear ribonucleoprotein SmD3a OS=Arabidopsis thaliana OX=3702 GN=SMD3A PE=2 SV=1
g9756	131.3	0.2031	0.001	0.9993	sp|Q6ZFH6|RCN11_ORYSJ Beta-1,2-xylosyltransferase RCN11 OS=Oryza sativa subsp. japonica OX=39947 GN=RCN11 PE=1 SV=1
g357	108.1	0.1083	0.264	0.8297	sp|Q9STS3|CDC23_ARATH Anaphase-promoting complex subunit 8 OS=Arabidopsis thaliana OX=3702 GN=APC8 PE=1 SV=1
g3032	135.5	0.2208	-0.511	0.4748	
g6477	171.4	0.3677	0.750	0.1147	
g13062	157.5	0.3116	0.543	0.5067	
g10150	222.8	0.5794	-0.571	0.3434	sp|Q9LLY4|LPAT1_BRANA 1-acyl-sn-glycerol-3-phosphate acyltransferase BAT2, chloroplastic OS=Brassica napus OX=3708 GN=BAT2 PE=1 SV=2
g10442	121.6	0.1647	-0.253	0.8519	
g6904	142.9	0.2525	0.275	0.8009	sp|E9PV86|MCTP1_MOUSE Multiple C2 and transmembrane domain-containing protein 1 OS=Mus musculus OX=10090 GN=Mctp1 PE=1 SV=1
g13902	193.2	0.4587	-0.818	0.1458	
g11736	113.2	0.1311	0.066	0.9704	
g1792	122.9	0.1712	0.186	0.9138	sp|Q9C9M7|CDKD2_ARATH Cyclin-dependent kinase D-2 OS=Arabidopsis thaliana OX=3702 GN=CDKD-2 PE=1 SV=1
g12427	144.1	0.2582	-0.461	0.5073	
g2806	103.1	0.0904	0.061	0.9716	sp|P27398|CAND_DROME Calpain-D OS=Drosophila melanogaster OX=7227 GN=sol PE=1 SV=2
g9368	121.5	0.1659	-0.172	0.9076	sp|B0D6H2|ARO1_LACBS Pentafunctional AROM polypeptide OS=Laccaria bicolor (strain S238N-H82 / ATCC MYA-4686) OX=486041 GN=LACBIDRAFT_233717 PE=3 SV=1
g9298	160.3	0.3253	-0.083	0.9614	
g3450	150.4	0.2852	-0.437	0.5381	sp|Q9V3B6|CWC15_DROME Protein CWC15 homolog OS=Drosophila melanogaster OX=7227 GN=c12.1 PE=2 SV=1
g160	147.6	0.2744	-0.249	0.8249	sp|Q74FU2|COAE_GEOSL Dephospho-CoA kinase OS=Geobacter sulfurreducens (strain ATCC 51573 / DSM 12127 / PCA) OX=243231 GN=coaE PE=3 SV=1
g7460	110.3	0.1212	-0.104	0.9529	sp|O34896|UXUB_BACSU Uncharacterized oxidoreductase UxuB OS=Bacillus subtilis (strain 168) OX=224308 GN=uxuB PE=2 SV=1
g3445	117.2	0.1499	-0.278	0.8291	
g1415	126.8	0.1896	0.034	0.9849	sp|Q7ZVR1|WDR75_DANRE WD repeat-containing protein 75 OS=Danio rerio OX=7955 GN=wdr75 PE=2 SV=2
g4127	180.4	0.4105	0.202	0.8589	sp|Q9C107|MCL1_SCHPO Minichromosome loss protein 1 OS=Schizosaccharomyces pombe (strain 972 / ATCC 24843) OX=284812 GN=mcl1 PE=1 SV=1
g6350	137.2	0.2328	-0.460	0.6272	
g7947	163.9	0.3429	-0.837	0.0988	sp|Q8TEQ8|PIGO_HUMAN GPI ethanolamine phosphate transferase 3, catalytic subunit OS=Homo sapiens OX=9606 GN=PIGO PE=1 SV=3
g15785	112.9	0.1329	-0.024	0.9883	
g9634	136.5	0.2306	-0.604	0.3624	sp|P9WGP8|SADH_MYCTO Putative oxidoreductase SadH OS=Mycobacterium tuberculosis (strain CDC 1551 / Oshkosh) OX=83331 GN=sadH PE=3 SV=1
g1286	114.3	0.1386	0.284	0.7980	sp|Q9VYF2|IMPA3_DROME Putative inositol monophosphatase 3 OS=Drosophila melanogaster OX=7227 GN=CG15743 PE=2 SV=1
g101	104.9	0.1002	0.141	0.9343	
g1001	142.6	0.2562	-0.609	0.2826	
g8875	162.6	0.3389	0.210	0.8585	sp|P0C1J3|FKBP1_RHIO9 FK506-binding protein 1 OS=Rhizopus delemar (strain RA 99-880 / ATCC MYA-4621 / FGSC 9543 / NRRL 43880) OX=246409 GN=FKBP1 PE=3 SV=1
g4461	117.8	0.1536	0.031	0.9848	
g11006	110.0	0.1214	-0.149	0.9264	sp|P96831|ACD2_MYCTU Probable acyl-CoA dehydrogenase FadE2 OS=Mycobacterium tuberculosis (strain ATCC 25618 / H37Rv) OX=83332 GN=fadE2 PE=1 SV=4
g796	121.7	0.1699	-0.161	0.9165	sp|Q6IVV8|PKD2_DANRE Polycystin-2 OS=Danio rerio OX=7955 GN=pkd2 PE=1 SV=1
g9943	132.0	0.2127	-0.346	0.7138	sp|P34148|RACB_DICDI Rho-related protein racB OS=Dictyostelium discoideum OX=44689 GN=racB PE=1 SV=1
g10546	131.7	0.2117	-0.025	0.9866	
g1366	114.9	0.1422	-0.186	0.9099	
g6111	183.0	0.4250	-0.467	0.5122	sp|Q14684|RRP1B_HUMAN Ribosomal RNA processing protein 1 homolog B OS=Homo sapiens OX=9606 GN=RRP1B PE=1 SV=3
g1973	187.4	0.4433	1.075	0.0704	sp|Q54SE2|PRDXL_DICDI 1-Cys peroxiredoxin OS=Dictyostelium discoideum OX=44689 GN=DDB_G0282517 PE=3 SV=1
g10179	160.7	0.3328	-0.467	0.4889	sp|Q2T9S3|RPC6_BOVIN DNA-directed RNA polymerase III subunit RPC6 OS=Bos taurus OX=9913 GN=POLR3F PE=2 SV=1
g3919	100.4	0.0828	-0.049	0.9788	
g6577	145.0	0.2682	0.291	0.7703	
g2936	108.2	0.1159	-0.122	0.9450	
g4287	127.3	0.1952	0.075	0.9666	
g4325	134.6	0.2258	-0.317	0.7692	sp|Q66JD1|ATPF1_XENTR ATP synthase mitochondrial F1 complex assembly factor 1 OS=Xenopus tropicalis OX=8364 GN=atpaf1 PE=2 SV=1
g10682	149.5	0.2881	-0.070	0.9673	sp|Q39238|TSL_ARATH Serine/threonine-protein kinase TOUSLED OS=Arabidopsis thaliana OX=3702 GN=TOUSLED PE=1 SV=1
g15358	117.0	0.1538	0.176	0.9058	sp|Q8T3L6|FABD_DROME Probable malonyl-CoA-acyl carrier protein transacylase, mitochondrial OS=Drosophila melanogaster OX=7227 GN=beg PE=2 SV=2
g4566	154.0	0.3078	-0.075	0.9614	sp|Q8T293|DIAC2_DICDI Probable di-N-acetylchitobiase 2 OS=Dictyostelium discoideum OX=44689 GN=ctbs2 PE=3 SV=1
g11137	217.7	0.5733	0.879	0.4594	sp|Q9FY46|SUT41_ARATH Sulfate transporter 4.1, chloroplastic OS=Arabidopsis thaliana OX=3702 GN=SULTR4;1 PE=1 SV=1
g11237	105.2	0.1050	-0.030	0.9849	sp|P02640|VILI_CHICK Villin-1 OS=Gallus gallus OX=9031 GN=VIL1 PE=1 SV=2
g5523	221.7	0.5911	0.072	0.9740	sp|Q08BZ4|MDH1B_DANRE Putative malate dehydrogenase 1B OS=Danio rerio OX=7955 GN=mdh1b PE=2 SV=1
g2007	173.4	0.3897	0.012	0.9936	sp|O34499|6PGL_BACSU 6-phosphogluconolactonase OS=Bacillus subtilis (strain 168) OX=224308 GN=pgl PE=1 SV=1
g11790	116.1	0.1512	0.374	0.6924	sp|Q6INL7|ADCK1_XENLA AarF domain-containing protein kinase 1 OS=Xenopus laevis OX=8355 GN=adck1 PE=2 SV=1
g13824	126.8	0.1959	0.163	0.9180	
g11924	212.4	0.5544	0.778	0.2202	
g3098	109.3	0.1238	-0.066	0.9694	sp|O43290|SNUT1_HUMAN U4/U6.U5 tri-snRNP-associated protein 1 OS=Homo sapiens OX=9606 GN=SART1 PE=1 SV=1
g5704	266.3	0.7804	-0.096	0.9497	sp|Q9MBF8|DYH1B_CHLRE Dynein-1-beta heavy chain, flagellar inner arm I1 complex OS=Chlamydomonas reinhardtii OX=3055 GN=DHC10 PE=1 SV=1
g14948	140.9	0.2559	-0.227	0.8463	
g5139	115.9	0.1516	0.005	0.9974	sp|Q00310|MNT1_CANAL Glycolipid 2-alpha-mannosyltransferase 1 OS=Candida albicans (strain SC5314 / ATCC MYA-2876) OX=237561 GN=MNT1 PE=3 SV=1
g11039	136.9	0.2396	-0.185	0.9109	
g15292	159.5	0.3345	-0.893	0.0503	sp|Q55D99|PAKA_DICDI Serine/threonine-protein kinase pakA OS=Dictyostelium discoideum OX=44689 GN=pakA PE=1 SV=1
g10711	103.4	0.0995	0.229	0.8703	sp|Q9Y140|DHRS7_DROME Dehydrogenase/reductase SDR family protein 7-like OS=Drosophila melanogaster OX=7227 GN=CG7601 PE=2 SV=1
g9940	117.3	0.1577	0.143	0.9275	
g7512	111.2	0.1325	-0.193	0.9039	
g4011	113.4	0.1420	0.216	0.8802	sp|P78524|DEN2B_HUMAN DENN domain-containing protein 2B OS=Homo sapiens OX=9606 GN=DENND2B PE=1 SV=3
g7170	117.2	0.1580	-0.105	0.9522	
g13004	103.6	0.1011	0.158	0.9264	
g10004	122.4	0.1805	0.376	0.6777	sp|Q3UMC0|AFG2A_MOUSE ATPase family gene 2 protein homolog A OS=Mus musculus OX=10090 GN=Afg2a PE=1 SV=2
g3865	132.2	0.2217	0.264	0.8061	sp|Q14181|DPOA2_HUMAN DNA polymerase alpha subunit B OS=Homo sapiens OX=9606 GN=POLA2 PE=1 SV=2
g763	109.1	0.1248	0.042	0.9831	sp|A6H7F7|TPC2L_BOVIN Trafficking protein particle complex subunit 2-like protein OS=Bos taurus OX=9913 GN=TRAPPC2L PE=2 SV=1
g3500	135.1	0.2343	-0.640	0.3144	sp|O65278|ULP1B_ARATH Putative ubiquitin-like-specific protease 1B OS=Arabidopsis thaliana OX=3702 GN=ULP1B PE=5 SV=2
g3222	179.8	0.4222	0.814	0.1435	
g871	121.3	0.1767	-0.395	0.6961	
g14589	147.9	0.2889	0.680	0.2140	
g14058	121.9	0.1797	0.395	0.6888	sp|Q96BI1|S67A1_HUMAN Solute carrier family 67 member A1 OS=Homo sapiens OX=9606 GN=SLC67A1 PE=1 SV=3
g4557	118.0	0.1633	-0.184	0.9126	sp|Q63615|VP33A_RAT Vacuolar protein sorting-associated protein 33A OS=Rattus norvegicus OX=10116 GN=Vps33a PE=1 SV=1
g9724	116.0	0.1550	-0.270	0.8181	
g128	165.6	0.3638	0.030	0.9848	
g4270	125.1	0.1935	-0.048	0.9823	
g7832	155.5	0.3217	-0.856	0.0545	sp|Q9FGF0|PGML1_ARATH Phosphoglycerate mutase-like protein 1 OS=Arabidopsis thaliana OX=3702 GN=At5g64460 PE=2 SV=1
g548	120.0	0.1727	-0.356	0.7178	sp|O04035|AT74H_ARATH Phosphoglycerate mutase-like protein AT74H OS=Arabidopsis thaliana OX=3702 GN=At1g08940 PE=3 SV=2
g6626	388.0	1.3030	-0.202	0.9135	sp|Q7Z0T3|TEMPT_APLCA Temptin OS=Aplysia californica OX=6500 PE=1 SV=1
g15028	138.7	0.2518	-0.703	0.1890	sp|Q9DBP5|KCY_MOUSE UMP-CMP kinase OS=Mus musculus OX=10090 GN=Cmpk1 PE=1 SV=1
g9547	129.1	0.2117	0.397	0.6461	sp|P49731|MCM6_SCHPO DNA replication licensing factor mcm6 OS=Schizosaccharomyces pombe (strain 972 / ATCC 24843) OX=284812 GN=mcm6 PE=1 SV=2
g14800	170.7	0.3874	0.349	0.7976	
g4895	107.3	0.1202	-0.067	0.9713	sp|O22607|MSI4_ARATH WD-40 repeat-containing protein MSI4 OS=Arabidopsis thaliana OX=3702 GN=MSI4 PE=1 SV=3
g4320	122.2	0.1833	-0.121	0.9490	
g2215	132.0	0.2254	-0.195	0.9138	sp|Q91ZT5|FGD4_MOUSE FYVE, RhoGEF and PH domain-containing protein 4 OS=Mus musculus OX=10090 GN=Fgd4 PE=1 SV=1
g1783	101.9	0.0982	0.080	0.9649	
g4795	158.0	0.3357	-0.754	0.1559	
g5196	99.0	0.0860	0.075	0.9682	sp|O59834|FCYS_SCHPO Probable cytosine deaminase OS=Schizosaccharomyces pombe (strain 972 / ATCC 24843) OX=284812 GN=SPCC965.14c PE=3 SV=1
g600	136.1	0.2433	-0.103	0.9509	sp|Q8R2W9|PANK3_MOUSE Pantothenate kinase 3 OS=Mus musculus OX=10090 GN=Pank3 PE=1 SV=1
g2088	116.4	0.1597	-0.123	0.9439	
g13080	141.4	0.2659	-0.320	0.7303	
g6876	136.1	0.2432	-0.550	0.3951	sp|P24941|CDK2_HUMAN Cyclin-dependent kinase 2 OS=Homo sapiens OX=9606 GN=CDK2 PE=1 SV=2
g1271	127.7	0.2081	0.072	0.9683	sp|Q3SZY9|MED6_BOVIN Mediator of RNA polymerase II transcription subunit 6 OS=Bos taurus OX=9913 GN=MED6 PE=2 SV=1
g1245	147.0	0.2905	0.093	0.9509	
g14809	229.0	0.6392	0.553	0.4783	sp|P12769|PHR_METTH Deoxyribodipyrimidine photo-lyase OS=Methanothermobacter thermautotrophicus (strain ATCC 29096 / DSM 1053 / JCM 10044 / NBRC 100330 / Delta H) OX=187420 GN=phr PE=3 SV=2
g1925	136.6	0.2469	0.526	0.4755	sp|Q05AQ3|S2542_XENTR Mitochondrial coenzyme A transporter SLC25A42 OS=Xenopus tropicalis OX=8364 GN=slc25a42 PE=2 SV=1
g6230	133.9	0.2356	0.324	0.7851	sp|E9PV86|MCTP1_MOUSE Multiple C2 and transmembrane domain-containing protein 1 OS=Mus musculus OX=10090 GN=Mctp1 PE=1 SV=1
g6760	124.0	0.1936	-0.159	0.9138	sp|Q18161|YBPT_CAEEL UPF0046 protein C25E10.12 OS=Caenorhabditis elegans OX=6239 GN=C25E10.12 PE=3 SV=1
g5029	131.0	0.2232	0.541	0.4601	
g3921	136.5	0.2466	0.004	0.9974	sp|O13853|ITS3_SCHPO Phosphatidylinositol 4-phosphate 5-kinase its3 OS=Schizosaccharomyces pombe (strain 972 / ATCC 24843) OX=284812 GN=its3 PE=1 SV=3
g12904	112.3	0.1441	0.179	0.9138	
g11813	99.5	0.0898	-0.000	0.9995	
g1536	256.5	0.7585	-0.063	0.9700	sp|O95199|RCBT2_HUMAN RCC1 and BTB domain-containing protein 2 OS=Homo sapiens OX=9606 GN=RCBTB2 PE=1 SV=1
g15858	260.8	0.7765	0.426	0.6084	sp|Q7Z9J4|H2B_AJECA Histone H2B OS=Ajellomyces capsulatus OX=5037 GN=HTB1 PE=3 SV=3
g11424	106.4	0.1204	0.086	0.9614	sp|O60178|NTA1_SCHPO Protein N-terminal amidase OS=Schizosaccharomyces pombe (strain 972 / ATCC 24843) OX=284812 GN=nta1 PE=3 SV=1
g3672	121.6	0.1851	0.471	0.5515	
g7027	123.8	0.1944	0.302	0.7839	sp|O07427|MGLL_MYCTU Monoacylglycerol lipase OS=Mycobacterium tuberculosis (strain ATCC 25618 / H37Rv) OX=83332 GN=Rv0183 PE=1 SV=2
g4640	175.0	0.4131	-0.888	0.0552	
g2188	137.7	0.2542	0.182	0.8910	sp|E9Q368|TARB1_MOUSE tRNA (guanosine(18)-2'-O)-methyltransferase TARBP1 OS=Mus musculus OX=10090 GN=Tarbp1 PE=1 SV=1
g1691	136.2	0.2479	-0.312	0.8041	sp|Q9C8J7|TRO_ARATH Protein TRAUCO OS=Arabidopsis thaliana OX=3702 GN=TRO PE=1 SV=1
g13588	121.7	0.1866	0.309	0.7804	
g9128	172.9	0.4054	-0.326	0.7502	sp|Q6BTS9|NOP12_DEBHA Nucleolar protein 12 OS=Debaryomyces hansenii (strain ATCC 36239 / CBS 767 / BCRC 21394 / JCM 1990 / NBRC 0083 / IGC 2968) OX=284592 GN=NOP12 PE=3 SV=2
g10653	119.7	0.1780	0.269	0.8351	sp|O73787|GCP3_XENLA Gamma-tubulin complex component 3 homolog OS=Xenopus laevis OX=8355 GN=tubgcp3 PE=1 SV=1
g10957	121.0	0.1838	0.308	0.7635	sp|Q8VY08|LCMT1_ARATH Leucine carboxyl methyltransferase 1 homolog OS=Arabidopsis thaliana OX=3702 GN=LCMT1 PE=1 SV=1
g6689	167.8	0.3842	-0.028	0.9880	sp|B4FIJ0|TDPC1_MAIZE Mitochondrial thiamine diphosphate carrier 1 OS=Zea mays OX=4577 GN=GRMZM2G118515 PE=2 SV=1
g8113	163.2	0.3647	-0.743	0.1575	sp|B4NKL1|DDRGK_DROWI DDRGK domain-containing protein 1 OS=Drosophila willistoni OX=7260 GN=Ddrgk1 PE=3 SV=1
g14686	126.9	0.2095	-0.155	0.9165	sp|E9QCD3|ZDH14_DANRE Palmitoyltransferase ZDHHC14 OS=Danio rerio OX=7955 GN=zdhhc14 PE=2 SV=3
g9891	110.2	0.1382	0.091	0.9611	sp|Q39290|RPAB5_BRANA DNA-directed RNA polymerases I, II, and III subunit RPABC5 OS=Brassica napus OX=3708 PE=3 SV=1
g1510	271.6	0.8291	0.794	0.0871	
g13617	156.2	0.3355	-0.956	0.0730	
g13874	122.6	0.1921	0.100	0.9509	sp|O86365|Y584_MYCTU Uncharacterized glycosidase Rv0584 OS=Mycobacterium tuberculosis (strain ATCC 25618 / H37Rv) OX=83332 GN=Rv0584 PE=3 SV=1
g6160	154.8	0.3302	0.322	0.7487	sp|Q6WQJ1|DGLA_MOUSE Diacylglycerol lipase-alpha OS=Mus musculus OX=10090 GN=Dagla PE=1 SV=2
g15910	105.9	0.1209	-0.015	0.9923	sp|Q84M92|ARP4_ARATH Actin-related protein 4 OS=Arabidopsis thaliana OX=3702 GN=ARP4 PE=1 SV=1
g4516	115.3	0.1613	0.156	0.9293	sp|P43332|SNRPA_DROME U1 small nuclear ribonucleoprotein A OS=Drosophila melanogaster OX=7227 GN=snf PE=1 SV=1
g7707	145.2	0.2899	0.360	0.6963	
g1750	104.3	0.1147	0.235	0.8687	sp|Q94KD0|TA15B_ARATH Transcription initiation factor TFIID subunit 15b OS=Arabidopsis thaliana OX=3702 GN=TAF15B PE=1 SV=1
g13639	138.1	0.2600	-0.437	0.5532	sp|P32793|YSC84_YEAST Protein YSC84 OS=Saccharomyces cerevisiae (strain ATCC 204508 / S288c) OX=559292 GN=YSC84 PE=1 SV=2
g12331	116.7	0.1685	-0.199	0.9005	sp|Q5I0K7|ALG13_RAT UDP-N-acetylglucosamine transferase subunit ALG13 OS=Rattus norvegicus OX=10116 GN=Alg13 PE=1 SV=1
g2345	185.0	0.4625	-1.021	0.2322	sp|H2L0G5|PTC3_CAEEL Protein patched homolog 3 OS=Caenorhabditis elegans OX=6239 GN=ptc-3 PE=1 SV=1
g9114	126.1	0.2095	0.108	0.9486	sp|P52431|DPOD1_MOUSE DNA polymerase delta catalytic subunit OS=Mus musculus OX=10090 GN=Pold1 PE=1 SV=2
g2197	117.4	0.1725	0.371	0.7262	sp|O35250|EXOC7_MOUSE Exocyst complex component 7 OS=Mus musculus OX=10090 GN=Exoc7 PE=1 SV=2
g7171	139.8	0.2694	-0.352	0.7067	
g5778	115.7	0.1655	0.192	0.8949	
g13195	144.2	0.2886	0.145	0.9343	sp|P0CH36|ADHC1_MYCS2 NADP-dependent alcohol dehydrogenase C 1 OS=Mycolicibacterium smegmatis (strain ATCC 700084 / mc(2)155) OX=246196 GN=adhc1 PE=1 SV=1
g16058	112.8	0.1534	-0.196	0.8991	
g5762	151.0	0.3182	-0.308	0.7807	
g7677	117.5	0.1739	0.103	0.9534	sp|Q6I5Y0|CDKC1_ORYSJ Cyclin-dependent kinase C-1 OS=Oryza sativa subsp. japonica OX=39947 GN=CDKC-1 PE=2 SV=1
g11483	96.9	0.0857	-0.048	0.9810	sp|Q3B8G7|IR3IP_XENLA Immediate early response 3-interacting protein 1 OS=Xenopus laevis OX=8355 GN=ier3ip1 PE=3 SV=1
g2839	104.0	0.1163	0.303	0.7901	sp|A4FV72|PPIE_BOVIN Peptidyl-prolyl cis-trans isomerase E OS=Bos taurus OX=9913 GN=PPIE PE=2 SV=1
g1644	126.7	0.2151	-0.015	0.9921	sp|Q9Y7Y3|YGR4_SCHPO Uncharacterized RNA-binding protein C365.04c OS=Schizosaccharomyces pombe (strain 972 / ATCC 24843) OX=284812 GN=SPBC365.04c PE=4 SV=1
g7615	142.5	0.2835	-0.439	0.5439	
g1885	90.9	0.0601	0.009	0.9955	sp|Q54RC4|SNF8_DICDI Vacuolar-sorting protein SNF8 OS=Dictyostelium discoideum OX=44689 GN=snf8 PE=3 SV=1
g10194	117.6	0.1765	0.015	0.9923	
g11825	115.2	0.1660	0.018	0.9921	
g4509	201.1	0.5388	-0.338	0.7552	
g7538	99.4	0.0976	0.134	0.9433	sp|Q9FKB0|LSM5_ARATH Sm-like protein LSM5 OS=Arabidopsis thaliana OX=3702 GN=LSM5 PE=1 SV=1
g3286	112.1	0.1530	-0.111	0.9488	
g12191	129.7	0.2298	-0.495	0.4889	sp|Q91ZW6|TMLH_RAT Trimethyllysine dioxygenase, mitochondrial OS=Rattus norvegicus OX=10116 GN=Tmlhe PE=1 SV=2
g7716	125.1	0.2104	-0.262	0.8249	
g11506	110.0	0.1449	-0.088	0.9611	
g15854	127.9	0.2235	-0.382	0.6708	
g10553	118.9	0.1842	-0.030	0.9851	
g12859	113.4	0.1604	0.314	0.7697	sp|B4E2M5|ANR66_HUMAN Ankyrin repeat domain-containing protein 66 OS=Homo sapiens OX=9606 GN=ANKRD66 PE=1 SV=3
g100	259.6	0.7969	1.165	0.1953	
g7419	111.4	0.1520	-0.410	0.6514	
g12748	117.8	0.1797	0.418	0.6331	sp|Q8IZT8|HS3S5_HUMAN Heparan sulfate glucosamine 3-O-sulfotransferase 5 OS=Homo sapiens OX=9606 GN=HS3ST5 PE=1 SV=1
g14745	140.5	0.2790	-0.027	0.9862	sp|Q96G21|IMP4_HUMAN U3 small nucleolar ribonucleoprotein protein IMP4 OS=Homo sapiens OX=9606 GN=IMP4 PE=1 SV=1
g2269	114.3	0.1650	0.074	0.9689	
g7173	115.7	0.1715	0.270	0.8181	sp|Q7SXP0|S22BB_DANRE Vesicle-trafficking protein SEC22b-B OS=Danio rerio OX=7955 GN=sec22bb PE=2 SV=1
g12526	104.5	0.1235	0.219	0.8815	
g10029	179.6	0.4520	-0.805	0.0761	sp|Q43199|APT1_WHEAT Adenine phosphoribosyltransferase 1 OS=Triticum aestivum OX=4565 GN=APT1 PE=2 SV=1
g5500	106.8	0.1338	0.175	0.9165	sp|A0QP18|MMPLB_MYCS2 Mycolic acid-containing lipids exporter MmpL11 OS=Mycolicibacterium smegmatis (strain ATCC 700084 / mc(2)155) OX=246196 GN=mmpL11 PE=3 SV=1
g885	115.1	0.1706	0.134	0.9352	
g14206	115.0	0.1705	-0.238	0.8567	
g6595	116.1	0.1755	-0.385	0.6946	sp|Q13356|PPIL2_HUMAN RING-type E3 ubiquitin-protein ligase PPIL2 OS=Homo sapiens OX=9606 GN=PPIL2 PE=1 SV=1
g8705	117.8	0.1831	-0.085	0.9614	sp|Q9SIK7|PSNB_ARATH Presenilin-like protein At2g29900 OS=Arabidopsis thaliana OX=3702 GN=At2g29900 PE=2 SV=1
g113	103.6	0.1211	0.169	0.9175	
g2820	120.9	0.1970	-0.015	0.9923	sp|Q2TAC2|CCD57_HUMAN Coiled-coil domain-containing protein 57 OS=Homo sapiens OX=9606 GN=CCDC57 PE=1 SV=3
g5516	131.7	0.2446	-0.446	0.5507	sp|Q10124|PQE1_CAEEL Putative RNA exonuclease pqe-1 OS=Caenorhabditis elegans OX=6239 GN=pqe-1 PE=2 SV=2
g13465	134.8	0.2588	0.475	0.5919	
g2655	108.5	0.1434	-0.058	0.9740	
g7097	183.5	0.4735	0.028	0.9910	
g2236	145.7	0.3076	0.379	0.6405	
g3162	148.8	0.3212	-0.334	0.7955	sp|P71394|Y1627_HAEIN RutC family protein HI_1627 OS=Haemophilus influenzae (strain ATCC 51907 / DSM 11121 / KW20 / Rd) OX=71421 GN=HI_1627 PE=3 SV=1
g4731	95.2	0.0854	-0.118	0.9482	sp|C0PBF8|OXDA_MAIZE D-amino-acid oxidase OS=Zea mays OX=4577 GN=DAO PE=1 SV=1
g12887	110.7	0.1538	-0.015	0.9923	
g5047	93.0	0.0759	0.100	0.9581	
g10278	131.5	0.2456	0.199	0.8797	sp|Q52845|NODB_RHILO Chitooligosaccharide deacetylase OS=Mesorhizobium japonicum (strain LMG 29417 / CECT 9101 / MAFF 303099) OX=266835 GN=nodB PE=3 SV=2
g5009	124.0	0.2127	0.166	0.9225	
g14885	138.8	0.2781	0.365	0.7135	
g12350	91.3	0.0691	-0.105	0.9543	sp|Q58EM4|ARMT1_DANRE Damage-control phosphatase 1 OS=Danio rerio OX=7955 GN=dcph1 PE=2 SV=1
g9150	111.3	0.1571	0.257	0.8352	sp|Q3KP44|ANR55_HUMAN Ankyrin repeat domain-containing protein 55 OS=Homo sapiens OX=9606 GN=ANKRD55 PE=1 SV=3
g10028	92.8	0.0755	0.011	0.9944	sp|A0A7U2MMF3|ADHB_ASPFN Zinc-type alcohol dehydrogenase B OS=Aspergillus flavus (strain ATCC 200026 / FGSC A1120 / IAM 13836 / NRRL 3357 / JCM 12722 / SRRC 167) OX=332952 GN=adhB PE=1 SV=1
g4253	166.9	0.4028	-0.476	0.7168	
g14103	157.7	0.3623	0.328	0.8217	
g7006	121.7	0.2038	0.574	0.3768	
g2063	120.6	0.1987	-0.413	0.6382	sp|Q0IIF2|EI2BA_BOVIN Translation initiation factor eIF2B subunit alpha OS=Bos taurus OX=9913 GN=EIF2B1 PE=2 SV=1
g7456	115.7	0.1773	-0.177	0.9165	
g6555	115.7	0.1775	0.095	0.9611	sp|Q9LHT0|TRNHF_ARATH Tropinone reductase homolog At5g06060 OS=Arabidopsis thaliana OX=3702 GN=At5g06060 PE=2 SV=1
g2976	124.7	0.2173	-0.144	0.9322	
g7543	130.8	0.2443	-0.174	0.9055	
g3628	150.8	0.3329	0.264	0.8333	sp|P19515|LIP_RHIMI Lipase OS=Rhizomucor miehei OX=4839 PE=1 SV=2
g9920	102.2	0.1183	-0.170	0.9200	sp|Q7CXU0|SGCOT_AGRFC Succinate--glutarate CoA-transferase OS=Agrobacterium fabrum (strain C58 / ATCC 33970) OX=176299 GN=caiB PE=1 SV=2
g12584	116.2	0.1800	-0.394	0.6731	sp|Q5SKU3|ECH_THET8 Putative enoyl-CoA hydratase OS=Thermus thermophilus (strain ATCC 27634 / DSM 579 / HB8) OX=300852 GN=TTHA0550 PE=1 SV=1
g3388	105.5	0.1332	-0.058	0.9740	
g12274	218.4	0.6331	0.639	0.3936	
g14201	160.5	0.3776	0.167	0.9210	
g14224	95.2	0.0885	0.090	0.9614	
g15742	87.0	0.0523	0.032	0.9849	sp|Q9C6D2|MTK_ARATH Methylthioribose kinase OS=Arabidopsis thaliana OX=3702 GN=MTK PE=1 SV=1
g5248	109.0	0.1501	0.366	0.7168	sp|Q6P798|RCBT2_RAT RCC1 and BTB domain-containing protein 2 OS=Rattus norvegicus OX=10116 GN=Rcbtb2 PE=2 SV=1
g10059	101.4	0.1166	0.300	0.7955	sp|Q9X1S1|GCK_THEMA D-glycerate 2-kinase OS=Thermotoga maritima (strain ATCC 43589 / DSM 3109 / JCM 10099 / NBRC 100826 / MSB8) OX=243274 GN=TM_1585 PE=1 SV=1
g9534	128.6	0.2379	-0.515	0.5839	
g5062	158.8	0.3720	-0.873	0.3111	sp|Q924W5|SMC6_MOUSE Structural maintenance of chromosomes protein 6 OS=Mus musculus OX=10090 GN=Smc6 PE=1 SV=1
g12912	102.0	0.1201	-0.038	0.9848	sp|P46953|3HAO_RAT 3-hydroxyanthranilate 3,4-dioxygenase OS=Rattus norvegicus OX=10116 GN=Haao PE=1 SV=2
g10360	106.1	0.1383	0.292	0.8162	
g15636	109.3	0.1525	0.370	0.7033	sp|A0A1L8H579|C298B_XENLA Cilia- and flagella-associated protein 298-B OS=Xenopus laevis OX=8355 GN=cfap298-b PE=3 SV=1
g848	129.5	0.2427	-0.127	0.9370	
g13560	129.8	0.2447	0.441	0.5904	sp|Q8HXL3|WDR62_PIG WD repeat-containing protein 62 OS=Sus scrofa OX=9823 GN=WDR62 PE=3 SV=1
g4147	141.7	0.2987	-0.003	0.9978	sp|Q9BRS2|RIOK1_HUMAN Serine/threonine-protein kinase RIO1 OS=Homo sapiens OX=9606 GN=RIOK1 PE=1 SV=2
g2178	124.5	0.2224	-0.228	0.8802	sp|Q55B06|SPXS1_DICDI SPX and EXS domain-containing protein 1 OS=Dictyostelium discoideum OX=44689 GN=DDB_G0271664 PE=3 SV=2
g652	96.3	0.0966	0.193	0.9036	sp|Q9JHW4|SELB_MOUSE Selenocysteine-specific elongation factor OS=Mus musculus OX=10090 GN=Eefsec PE=1 SV=2
g6058	137.2	0.2791	-0.573	0.5338	
g9617	131.9	0.2557	0.580	0.3523	sp|A1L1R0|SHQ1_DANRE Protein SHQ1 homolog OS=Danio rerio OX=7955 GN=shq1 PE=1 SV=1
g8462	119.1	0.1988	-0.097	0.9534	
g13136	123.0	0.2163	0.550	0.4389	
g3033	158.3	0.3743	0.481	0.4722	
g4371	130.3	0.2492	0.236	0.8571	sp|Q8BZ36|RINT1_MOUSE RAD50-interacting protein 1 OS=Mus musculus OX=10090 GN=Rint1 PE=1 SV=2
g2207	118.6	0.1970	-0.513	0.4815	
g15851	115.4	0.1830	0.318	0.7874	sp|Q9WUE4|NPRL2_MOUSE GATOR1 complex protein NPRL2 OS=Mus musculus OX=10090 GN=Nprl2 PE=1 SV=1
g619	227.4	0.6840	1.120	0.0737	sp|Q9LJ45|CCU11_ARATH Cyclin-U1-1 OS=Arabidopsis thaliana OX=3702 GN=CYCU1-1 PE=1 SV=1
g8791	140.1	0.2937	-0.127	0.9439	sp|Q0INC5|RH28_ORYSJ DEAD-box ATP-dependent RNA helicase 28 OS=Oryza sativa subsp. japonica OX=39947 GN=Os12g0481100 PE=2 SV=2
g6029	122.9	0.2170	-0.319	0.7603	sp|A2VD82|TTC38_XENLA Tetratricopeptide repeat protein 38 OS=Xenopus laevis OX=8355 GN=ttc38 PE=2 SV=1
g12763	131.3	0.2550	0.381	0.7009	sp|A0A024FA41|VLMA_LECSP Fatty acid hydroxylase vlmA OS=Lecanicillium sp. OX=1756136 GN=vlmA PE=3 SV=1
g14093	121.4	0.2107	0.557	0.4158	sp|B4F6I3|FSP1_XENTR Ferroptosis suppressor protein 1 OS=Xenopus tropicalis OX=8364 GN=aifm2 PE=2 SV=1
g2922	115.3	0.1835	-0.291	0.8297	sp|Q5XW77|CNBA_COMTE Chloronitrobenzene nitroreductase OS=Comamonas testosteroni OX=285 GN=cnbA PE=1 SV=1
g11251	127.8	0.2397	-0.553	0.4063	sp|B7JBP8|SQRD_ACIF2 Sulfide-quinone reductase OS=Acidithiobacillus ferrooxidans (strain ATCC 23270 / DSM 14882 / CIP 104768 / NCIMB 8455) OX=243159 GN=AFE_1792 PE=1 SV=1
g5479	115.7	0.1861	-0.360	0.7303	
g2549	113.2	0.1749	0.265	0.8457	sp|O60721|NCKX1_HUMAN Sodium/potassium/calcium exchanger 1 OS=Homo sapiens OX=9606 GN=SLC24A1 PE=1 SV=1
g11510	173.6	0.4461	0.687	0.1890	
g572	107.4	0.1486	-0.333	0.7581	sp|Q8PHB6|Y3343_XANC3 Macro domain-containing protein XAC3343 OS=Xanthomonas citri pv. citri (strain 306) OX=190486 GN=XAC3343 PE=3 SV=2
g4091	121.2	0.2110	0.059	0.9740	
g12703	107.9	0.1513	-0.058	0.9740	sp|Q94AA1|UN933_ARATH UNC93-like protein 3 OS=Arabidopsis thaliana OX=3702 GN=At3g09470 PE=2 SV=1
g12742	102.0	0.1255	0.089	0.9614	sp|Q9FJL3|FKB65_ARATH Peptidyl-prolyl cis-trans isomerase FKBP65 OS=Arabidopsis thaliana OX=3702 GN=FKBP65 PE=1 SV=1
g5989	168.8	0.4259	0.123	0.9450	sp|O14300|OXA11_SCHPO Mitochondrial inner membrane protein oxa1-1 OS=Schizosaccharomyces pombe (strain 972 / ATCC 24843) OX=284812 GN=oxa101 PE=2 SV=1
g13383	119.1	0.2029	0.354	0.7746	sp|Q58DD9|GPN2_PIG GPN-loop GTPase 2 OS=Sus scrofa OX=9823 GN=GPN2 PE=2 SV=1
g7616	133.3	0.2672	-0.332	0.7173	sp|Q0WKV8|ULP2A_ARATH Probable ubiquitin-like-specific protease 2A OS=Arabidopsis thaliana OX=3702 GN=ULP2A PE=2 SV=2
g4458	112.2	0.1723	-0.177	0.9177	sp|Q9LSP7|UBC32_ARATH Ubiquitin-conjugating enzyme E2 32 OS=Arabidopsis thaliana OX=3702 GN=UBC32 PE=2 SV=1
g12819	126.4	0.2367	-0.274	0.8552	sp|Q3UFM5|NOM1_MOUSE Nucleolar MIF4G domain-containing protein 1 OS=Mus musculus OX=10090 GN=Nom1 PE=1 SV=2
g10400	129.2	0.2494	-0.564	0.4722	
g14460	108.6	0.1569	-0.066	0.9692	
g14408	106.6	0.1478	0.198	0.9064	sp|E1BB03|ZRAB3_BOVIN DNA annealing helicase and endonuclease ZRANB3 OS=Bos taurus OX=9913 GN=ZRANB3 PE=3 SV=3
g7242	131.1	0.2587	-0.603	0.3877	
g5849	121.4	0.2154	-0.202	0.8820	sp|Q46WH0|RL17_CUPPJ Large ribosomal subunit protein bL17 OS=Cupriavidus pinatubonensis (strain JMP 134 / LMG 1197) OX=264198 GN=rplQ PE=3 SV=1
g7729	154.6	0.3655	0.746	0.1437	sp|Q0S7Q1|IPDC_RHOJR (3aS,4S,5R,7aS)-5-hydroxy-7a-methyl-1-oxo-octahydro-1H-indene-4-carboxyl-CoA dehydrogenase OS=Rhodococcus jostii (strain RHA1) OX=101510 GN=ipdC PE=3 SV=1
g7105	101.6	0.1258	0.002	0.9987	sp|Q8LDS5|THO7A_ARATH THO complex subunit 7A OS=Arabidopsis thaliana OX=3702 GN=THO7A PE=1 SV=1
g11901	178.7	0.4749	-0.927	0.0825	
g3338	93.5	0.0897	0.019	0.9910	sp|P53610|PGTB1_RAT Geranylgeranyl transferase type-1 subunit beta OS=Rattus norvegicus OX=10116 GN=Pggt1b PE=1 SV=1
g4525	123.1	0.2237	0.158	0.9207	sp|E9Q368|TARB1_MOUSE tRNA (guanosine(18)-2'-O)-methyltransferase TARBP1 OS=Mus musculus OX=10090 GN=Tarbp1 PE=1 SV=1
g1378	116.3	0.1928	-0.480	0.5780	sp|Q9R111|GUAD_MOUSE Guanine deaminase OS=Mus musculus OX=10090 GN=Gda PE=1 SV=1
g15130	96.0	0.1012	-0.057	0.9755	
g1459	183.0	0.4960	-1.113	0.1132	
g8574	92.1	0.0840	-0.092	0.9614	
g7194	110.2	0.1661	-0.201	0.9058	
g8871	119.1	0.2070	-0.066	0.9689	sp|Q60710|SAMH1_MOUSE Deoxynucleoside triphosphate triphosphohydrolase SAMHD1 OS=Mus musculus OX=10090 GN=Samhd1 PE=1 SV=3
g11167	115.9	0.1926	-0.323	0.7593	sp|P20664|PRI1_MOUSE DNA primase small subunit OS=Mus musculus OX=10090 GN=Prim1 PE=1 SV=1
g14759	133.1	0.2709	0.139	0.9312	sp|Q93YS4|AB22G_ARATH ABC transporter G family member 22 OS=Arabidopsis thaliana OX=3702 GN=ABCG22 PE=1 SV=1
g8350	133.0	0.2704	-0.056	0.9781	sp|Q6PI78|TMM65_HUMAN Transmembrane protein 65 OS=Homo sapiens OX=9606 GN=TMEM65 PE=1 SV=2
g16087	156.2	0.3758	-1.045	0.0535	
g3363	109.0	0.1617	0.396	0.6922	
g4071	136.9	0.2886	-0.006	0.9968	sp|B8BMI1|MCM7_ORYSI DNA replication licensing factor MCM7 OS=Oryza sativa subsp. indica OX=39946 GN=MCM7 PE=3 SV=1
g3245	144.9	0.3248	0.242	0.8483	sp|Q54S38|RCL1_DICDI Probable RNA 3'-terminal phosphate cyclase-like protein OS=Dictyostelium discoideum OX=44689 GN=rcl1 PE=1 SV=2
g12552	105.0	0.1437	0.077	0.9680	
g12545	103.3	0.1362	0.143	0.9370	sp|Q54Y83|SPCS1_DICDI Signal peptidase complex subunit 1 OS=Dictyostelium discoideum OX=44689 GN=spcs1 PE=3 SV=1
g9042	110.2	0.1677	0.273	0.8219	
g1703	149.9	0.3485	-0.368	0.6570	
g5742	111.1	0.1725	0.420	0.6501	
g10680	130.9	0.2628	-0.087	0.9611	
g13681	154.5	0.3702	0.355	0.6602	sp|Q8GWX2|NIPA6_ARATH Probable magnesium transporter NIPA6 OS=Arabidopsis thaliana OX=3702 GN=At2g21120 PE=2 SV=1
g14764	100.1	0.1232	-0.199	0.9036	
g2907	131.0	0.2647	0.162	0.9126	sp|Q8H4D4|TYW23_ORYSJ tRNA wybutosine-synthesizing protein 2/3/4 OS=Oryza sativa subsp. japonica OX=39947 GN=Os07g0515000 PE=2 SV=1
g14762	228.0	0.7076	0.214	0.8703	
g4014	106.1	0.1518	0.207	0.8866	sp|Q8D5Z6|LUXQ_VIBVU Autoinducer 2 sensor kinase/phosphatase LuxQ OS=Vibrio vulnificus (strain CMCP6) OX=216895 GN=luxQ PE=3 SV=1
g9621	115.9	0.1966	0.005	0.9974	sp|Q9I0R8|CDPD3_PSEAE Cyclic di-GMP phosphodiesterase PA2567 OS=Pseudomonas aeruginosa (strain ATCC 15692 / DSM 22644 / CIP 104116 / JCM 14847 / LMG 12228 / 1C / PRS 101 / PAO1) OX=208964 GN=PA2567 PE=1 SV=1
g2052	111.9	0.1787	-0.192	0.9049	sp|Q4U2R1|HERC2_MOUSE E3 ubiquitin-protein ligase HERC2 OS=Mus musculus OX=10090 GN=Herc2 PE=1 SV=3
g1941	98.9	0.1193	-0.220	0.8800	sp|Q6GQE1|T184C_XENLA Transmembrane protein 184C OS=Xenopus laevis OX=8355 GN=tmem184c PE=2 SV=1
g12737	108.8	0.1646	0.385	0.7008	sp|Q9S746|HTH_ARATH Protein HOTHEAD OS=Arabidopsis thaliana OX=3702 GN=HTH PE=1 SV=1
g5850	134.7	0.2838	-0.503	0.4736	
g2015	121.3	0.2223	0.266	0.8333	sp|Q9C6W5|AB14G_ARATH ABC transporter G family member 14 OS=Arabidopsis thaliana OX=3702 GN=ABCG14 PE=1 SV=1
g15730	178.0	0.4826	-0.005	0.9974	sp|P50429|ARSB_MOUSE Arylsulfatase B OS=Mus musculus OX=10090 GN=Arsb PE=1 SV=3
g14572	111.3	0.1768	-0.179	0.9138	
g12661	103.3	0.1406	-0.167	0.9210	sp|Q9LM92|SMD3B_ARATH Small nuclear ribonucleoprotein SmD3b OS=Arabidopsis thaliana OX=3702 GN=SMD3B PE=2 SV=1
g13770	162.2	0.4112	-0.442	0.5159	
g3165	103.3	0.1407	-0.190	0.9036	sp|Q2TA03|UB2J2_BOVIN Ubiquitin-conjugating enzyme E2 J2 OS=Bos taurus OX=9913 GN=UBE2J2 PE=2 SV=1
g12218	131.3	0.2711	0.343	0.7205	sp|Q54MZ8|SYMM_DICDI Probable methionine--tRNA ligase, mitochondrial OS=Dictyostelium discoideum OX=44689 GN=mmetS PE=3 SV=1
g38	137.7	0.3009	0.692	0.2931	sp|Q96CN4|EVI5L_HUMAN EVI5-like protein OS=Homo sapiens OX=9606 GN=EVI5L PE=1 SV=1
g11344	111.0	0.1780	-0.159	0.9334	sp|O22212|PRP4L_ARATH U4/U6 small nuclear ribonucleoprotein PRP4-like protein OS=Arabidopsis thaliana OX=3702 GN=LIS PE=2 SV=1
g7721	104.5	0.1481	0.275	0.8196	sp|Q08CI4|CCYL1_DANRE Cyclin-Y-like protein 1 OS=Danio rerio OX=7955 GN=ccnyl1 PE=2 SV=1
g4083	135.6	0.2918	0.425	0.6432	sp|Q9H773|DCTP1_HUMAN dCTP pyrophosphatase 1 OS=Homo sapiens OX=9606 GN=DCTPP1 PE=1 SV=1
g13703	131.0	0.2708	0.040	0.9845	sp|Q9UKK9|NUDT5_HUMAN ADP-sugar pyrophosphatase OS=Homo sapiens OX=9606 GN=NUDT5 PE=1 SV=1
g3034	112.5	0.1859	0.114	0.9487	sp|Q8NHV4|NEDD1_HUMAN Protein NEDD1 OS=Homo sapiens OX=9606 GN=NEDD1 PE=1 SV=1
g9532	112.1	0.1841	0.142	0.9365	sp|Q6DE00|DPH2_XENLA 2-(3-amino-3-carboxypropyl)histidine synthase subunit 2 OS=Xenopus laevis OX=8355 GN=dph2 PE=2 SV=1
g1159	132.6	0.2784	-0.254	0.8222	
g14019	100.4	0.1302	0.184	0.9126	sp|Q94BX4|PIGA_ARATH Phosphatidylinositol N-acetylglucosaminyltransferase subunit A OS=Arabidopsis thaliana OX=3702 GN=PIGA PE=2 SV=1
g4142	140.7	0.3162	0.306	0.7917	sp|A6H7I3|ANGE2_BOVIN RNA 2',3'-cyclic phosphatase ANGEL2 OS=Bos taurus OX=9913 GN=ANGEL2 PE=2 SV=1
g547	145.1	0.3368	0.107	0.9474	sp|Q9ZQ31|STY13_ARATH Serine/threonine-protein kinase STY13 OS=Arabidopsis thaliana OX=3702 GN=STY13 PE=1 SV=2
g1465	136.1	0.2953	0.101	0.9636	
g3786	142.5	0.3250	0.540	0.3922	
g3097	111.8	0.1837	0.097	0.9562	
g13595	204.3	0.6112	-0.235	0.9289	
g9330	189.8	0.5442	0.648	0.3410	sp|O59672|YB89_SCHPO Uncharacterized ABC transporter ATP-binding protein C29A3.09c OS=Schizosaccharomyces pombe (strain 972 / ATCC 24843) OX=284812 GN=SPBC29A3.09c PE=3 SV=1
g14777	98.5	0.1220	-0.066	0.9715	sp|P48758|CBR1_MOUSE Carbonyl reductase [NADPH] 1 OS=Mus musculus OX=10090 GN=Cbr1 PE=1 SV=3
g7690	127.1	0.2545	-0.577	0.3588	
g5477	109.0	0.1713	-0.302	0.8188	sp|Q9DCM0|ETHE1_MOUSE Persulfide dioxygenase ETHE1, mitochondrial OS=Mus musculus OX=10090 GN=Ethe1 PE=1 SV=2
g9723	127.9	0.2592	0.229	0.8564	sp|O65251|FEN1_ARATH Flap endonuclease 1 OS=Arabidopsis thaliana OX=3702 GN=FEN1 PE=3 SV=2
g449	127.6	0.2582	-0.311	0.8333	sp|Q6CBH3|COQ1_YARLI Probable hexaprenyl pyrophosphate synthase, mitochondrial OS=Yarrowia lipolytica (strain CLIB 122 / E 150) OX=284591 GN=COQ1 PE=3 SV=1
g878	149.1	0.3581	-0.914	0.0705	
g14595	109.0	0.1721	-0.453	0.6150	sp|Q9XVR6|OTUBL_CAEEL Ubiquitin thioesterase otubain-like OS=Caenorhabditis elegans OX=6239 GN=otub-1 PE=1 SV=1
g5521	171.5	0.4628	0.382	0.6226	sp|Q8N5M1|ATPF2_HUMAN ATP synthase mitochondrial F1 complex assembly factor 2 OS=Homo sapiens OX=9606 GN=ATPAF2 PE=1 SV=1
g14221	89.7	0.0833	0.221	0.8824	sp|F4I313|SCY2A_ARATH SCY1-like protein 2 A OS=Arabidopsis thaliana OX=3702 GN=SCYL2A PE=1 SV=1
g143	119.3	0.2203	-0.595	0.3634	
g12812	121.9	0.2329	0.113	0.9482	sp|C1H8W8|NOP9_PARBA Nucleolar protein 9 OS=Paracoccidioides lutzii (strain ATCC MYA-826 / Pb01) OX=502779 GN=NOP9 PE=3 SV=1
g12032	139.4	0.3141	-0.893	0.0848	sp|Q63625|PHRF1_RAT PHD and RING finger domain-containing protein 1 OS=Rattus norvegicus OX=10116 GN=Phrf1 PE=1 SV=2
g5291	122.1	0.2339	-0.602	0.3734	sp|P38389|SC61B_ARATH Protein transport protein Sec61 subunit beta OS=Arabidopsis thaliana OX=3702 GN=At2g45070 PE=1 SV=1
g1665	227.8	0.7263	-0.939	0.1360	
g2857	115.8	0.2053	0.160	0.9262	sp|Q5SNL7|FAN1_ORYSJ Fanconi-associated nuclease 1 homolog OS=Oryza sativa subsp. japonica OX=39947 GN=Os06g0171800 PE=3 SV=1
g929	173.3	0.4734	0.766	0.2292	sp|Q58955|Y1560_METJA Uncharacterized MFS-type transporter MJ1560 OS=Methanocaldococcus jannaschii (strain ATCC 43067 / DSM 2661 / JAL-1 / JCM 10045 / NBRC 100440) OX=243232 GN=MJ1560 PE=3 SV=1
g2685	98.7	0.1263	-0.141	0.9412	sp|Q8WUA2|PPIL4_HUMAN Peptidyl-prolyl cis-trans isomerase-like 4 OS=Homo sapiens OX=9606 GN=PPIL4 PE=1 SV=1
g421	124.5	0.2473	0.434	0.6835	
g9433	88.7	0.0803	0.093	0.9614	sp|Q75E59|AIM6_EREGS Altered inheritance of mitochondria protein 6 OS=Eremothecium gossypii (strain ATCC 10895 / CBS 109.51 / FGSC 9923 / NRRL Y-1056) OX=284811 GN=AIM6 PE=3 SV=1
g13995	116.8	0.2118	0.361	0.7551	sp|B3MQV3|UBE2S_DROAN Ubiquitin-conjugating enzyme E2 S OS=Drosophila ananassae OX=7217 GN=GF21161 PE=3 SV=1
g14978	119.9	0.2265	-0.296	0.8393	
g3547	112.2	0.1912	-0.040	0.9848	sp|Q9VWS2|NUP35_DROME Nucleoporin Nup35 OS=Drosophila melanogaster OX=7227 GN=Nup35 PE=1 SV=1
g9276	100.1	0.1354	-0.010	0.9946	sp|Q9U641|CMFB_DICDI Conditioned medium factor receptor 1 OS=Dictyostelium discoideum OX=44689 GN=cmfB PE=1 SV=1
g5101	95.0	0.1119	-0.015	0.9925	sp|P08621|RU17_HUMAN U1 small nuclear ribonucleoprotein 70 kDa OS=Homo sapiens OX=9606 GN=SNRNP70 PE=1 SV=2
g6739	113.9	0.2008	0.318	0.7911	
g9242	156.4	0.4009	0.069	0.9666	
g11497	177.5	0.5001	0.429	0.5436	
g16004	102.2	0.1470	0.111	0.9509	
g9795	100.4	0.1384	0.128	0.9450	
g9256	135.9	0.3058	0.394	0.6961	sp|P80576|AROF_NEUCR Phospho-2-dehydro-3-deoxyheptonate aldolase OS=Neurospora crassa (strain ATCC 24698 / 74-OR23-1A / CBS 708.71 / DSM 1257 / FGSC 987) OX=367110 GN=aro-8 PE=1 SV=2
g3463	207.1	0.6412	-0.384	0.6652	
g14863	154.0	0.3922	-0.888	0.0568	sp|Q75C43|SNX4_EREGS Sorting nexin-4 OS=Eremothecium gossypii (strain ATCC 10895 / CBS 109.51 / FGSC 9923 / NRRL Y-1056) OX=284811 GN=SNX4 PE=3 SV=1
g4890	96.6	0.1218	0.144	0.9370	sp|Q6P549|SHIP2_MOUSE Phosphatidylinositol 3,4,5-trisphosphate 5-phosphatase 2 OS=Mus musculus OX=10090 GN=Inppl1 PE=1 SV=1
g13934	106.8	0.1702	-0.056	0.9740	sp|Q62896|BET1_RAT BET1 homolog OS=Rattus norvegicus OX=10116 GN=Bet1 PE=1 SV=1
g2047	141.0	0.3313	-0.828	0.0988	sp|Q7KQM6|GGYF1_DROME GIGYF family protein Gyf OS=Drosophila melanogaster OX=7227 GN=Gyf PE=1 SV=2
g8812	118.2	0.2239	0.339	0.7554	sp|D0NLC2|TRM5_PHYIT tRNA (guanine(37)-N(1))-methyltransferase OS=Phytophthora infestans (strain T30-4) OX=403677 GN=PITG_12867 PE=3 SV=1
g3144	92.6	0.1036	0.074	0.9689	sp|Q91ZR4|NEK8_MOUSE Serine/threonine-protein kinase Nek8 OS=Mus musculus OX=10090 GN=Nek8 PE=1 SV=1
g3307	122.4	0.2442	-0.044	0.9832	sp|O82796|SERC_ARATH Phosphoserine phosphatase, chloroplastic OS=Arabidopsis thaliana OX=3702 GN=PSP PE=1 SV=2
g1791	123.3	0.2485	-0.341	0.7581	sp|Q9SE60|MTHR1_ARATH Methylenetetrahydrofolate reductase (NADH) 1 OS=Arabidopsis thaliana OX=3702 GN=MTHFR1 PE=1 SV=1
g960	105.3	0.1636	0.139	0.9433	sp|B1W2E1|Y2476_STRGG Putative NADH dehydrogenase/NAD(P)H nitroreductase SGR_2476 OS=Streptomyces griseus subsp. griseus (strain JCM 4626 / CBS 651.72 / NBRC 13350 / KCC S-0626 / ISP 5235) OX=455632 GN=SGR_2476 PE=3 SV=1
g10706	107.0	0.1715	0.287	0.8264	sp|Q8AYS7|CENPI_CHICK Centromere protein I OS=Gallus gallus OX=9031 GN=CENPI PE=1 SV=1
g3023	124.1	0.2525	0.309	0.7929	sp|A3EWL3|REV1_ARATH Translesion synthesis protein REV1 OS=Arabidopsis thaliana OX=3702 GN=REV1 PE=1 SV=1
g3430	124.2	0.2528	0.495	0.5103	sp|Q99714|HCD2_HUMAN 3-hydroxyacyl-CoA dehydrogenase type-2 OS=Homo sapiens OX=9606 GN=HSD17B10 PE=1 SV=3
g7010	140.7	0.3308	0.630	0.2571	sp|Q96JC1|VPS39_HUMAN Vam6/Vps39-like protein OS=Homo sapiens OX=9606 GN=VPS39 PE=1 SV=2
g12073	133.2	0.2961	-0.857	0.0850	sp|A5IIT4|DNAJ_THEP1 Chaperone protein DnaJ OS=Thermotoga petrophila (strain ATCC BAA-488 / DSM 13995 / JCM 10881 / RKU-1) OX=390874 GN=dnaJ PE=3 SV=1
g3715	153.9	0.3940	-0.793	0.1775	sp|Q8W035|FPGS3_ARATH Folylpolyglutamate synthase OS=Arabidopsis thaliana OX=3702 GN=FPGS3 PE=1 SV=1
g7814	206.9	0.6445	-0.802	0.3738	sp|Q58A42|DD3_DICDI Protein DD3-3 OS=Dictyostelium discoideum OX=44689 GN=DD3-3 PE=2 SV=1
g9826	116.3	0.2162	-0.046	0.9788	sp|Q54RS7|ELMOC_DICDI ELMO domain-containing protein C OS=Dictyostelium discoideum OX=44689 GN=elmoC PE=4 SV=1
g4293	118.7	0.2278	0.173	0.9093	sp|B2RK25|TRMN6_PORG3 tRNA1(Val) (adenine(37)-N6)-methyltransferase OS=Porphyromonas gingivalis (strain ATCC 33277 / DSM 20709 / CIP 103683 / JCM 12257 / NCTC 11834 / 2561) OX=431947 GN=PGN_1201 PE=3 SV=2
g213	112.9	0.2010	0.033	0.9848	sp|P49755|TMEDA_HUMAN Transmembrane emp24 domain-containing protein 10 OS=Homo sapiens OX=9606 GN=TMED10 PE=1 SV=2
g11650	101.4	0.1463	0.097	0.9611	
g2958	99.0	0.1353	-0.132	0.9457	sp|C8V1D1|BIOF_EMENI 8-amino-7-oxononanoate synthase OS=Emericella nidulans (strain FGSC A4 / ATCC 38163 / CBS 112.46 / NRRL 194 / M139) OX=227321 GN=bioF PE=2 SV=1
g14841	125.0	0.2581	-0.021	0.9904	sp|Q10173|NUF2_SCHPO Kinetochore protein nuf2 OS=Schizosaccharomyces pombe (strain 972 / ATCC 24843) OX=284812 GN=nuf2 PE=1 SV=1
g7118	115.0	0.2108	0.279	0.8549	sp|Q6DFE7|S38A7_XENLA Sodium-coupled neutral amino acid transporter 7 OS=Xenopus laevis OX=8355 GN=slc38a7 PE=2 SV=1
g6661	127.1	0.2683	0.414	0.6355	sp|Q0VA82|MFSD8_DANRE Major facilitator superfamily domain-containing protein 8 OS=Danio rerio OX=7955 GN=mfsd8 PE=2 SV=1
g6830	119.2	0.2309	-0.069	0.9689	sp|Q6PGY5|DJC21_DANRE DnaJ homolog subfamily C member 21 OS=Danio rerio OX=7955 GN=dnajc21 PE=2 SV=1
g9099	109.5	0.1849	-0.223	0.8738	
g10205	97.6	0.1289	-0.090	0.9614	sp|Q08BH7|UBE2T_DANRE Ubiquitin-conjugating enzyme E2 T OS=Danio rerio OX=7955 GN=ube2t PE=2 SV=1
g6524	111.8	0.1967	-0.380	0.7307	
g9027	172.5	0.4847	0.324	0.7366	sp|Q9HZ00|Y3240_PSEAE Putative quercetin 2,3-dioxygenase PA3240 OS=Pseudomonas aeruginosa (strain ATCC 15692 / DSM 22644 / CIP 104116 / JCM 14847 / LMG 12228 / 1C / PRS 101 / PAO1) OX=208964 GN=PA3240 PE=3 SV=1
g10245	108.2	0.1796	0.155	0.9305	
g172	103.7	0.1586	-0.226	0.8693	sp|Q87S70|NCPP_VIBPA Inosine/xanthosine triphosphatase OS=Vibrio parahaemolyticus serotype O3:K6 (strain RIMD 2210633) OX=223926 GN=VP0554 PE=3 SV=1
g9510	132.2	0.2938	-0.140	0.9474	sp|P53701|CCHL_HUMAN Holocytochrome c-type synthase OS=Homo sapiens OX=9606 GN=HCCS PE=1 SV=1
g10480	102.0	0.1507	0.234	0.8742	
g7531	191.7	0.5766	-1.359	0.1127	sp|A6H603|NWD1_MOUSE NACHT domain- and WD repeat-containing protein 1 OS=Mus musculus OX=10090 GN=Nwd1 PE=2 SV=2
g15269	116.2	0.2181	0.460	0.5691	sp|Q6DI35|TFP11_DANRE Tuftelin-interacting protein 11 OS=Danio rerio OX=7955 GN=tfip11 PE=1 SV=1
g4915	125.4	0.2618	0.519	0.4648	sp|P0ADP0|YIGB_ECOLI 5-amino-6-(5-phospho-D-ribitylamino)uracil phosphatase YigB OS=Escherichia coli (strain K12) OX=83333 GN=yigB PE=1 SV=1
g12011	126.7	0.2691	0.129	0.9457	
g13074	108.2	0.1815	0.069	0.9689	sp|Q93VB2|AT18A_ARATH Autophagy-related protein 18a OS=Arabidopsis thaliana OX=3702 GN=ATG18A PE=1 SV=1
g11263	171.2	0.4809	0.834	0.1144	
g2625	99.9	0.1423	-0.302	0.7976	sp|Q9ZPR1|CD48B_ARATH Cell division control protein 48 homolog B OS=Arabidopsis thaliana OX=3702 GN=CDC48B PE=2 SV=1
g11620	106.8	0.1752	-0.090	0.9625	sp|P96402|LIPC_MYCTU Esterase LipC OS=Mycobacterium tuberculosis (strain ATCC 25618 / H37Rv) OX=83332 GN=lipC PE=1 SV=1
g6481	199.8	0.6183	0.228	0.8948	
g13134	119.4	0.2355	-0.124	0.9457	
g2244	103.8	0.1616	-0.245	0.8641	sp|Q9H477|RBSK_HUMAN Ribokinase OS=Homo sapiens OX=9606 GN=RBKS PE=1 SV=1
g14908	123.8	0.2576	-0.231	0.8621	sp|B7JZW9|PROB_RIPO1 Glutamate 5-kinase OS=Rippkaea orientalis (strain PCC 8801 / RF-1) OX=41431 GN=proB PE=3 SV=1
g1057	117.3	0.2267	-0.425	0.6705	
g6306	117.3	0.2267	-0.175	0.9165	sp|Q47GC1|MHPC2_DECAR 2-hydroxy-6-oxononadienedioate/2-hydroxy-6-oxononatrienedioate hydrolase 2 OS=Dechloromonas aromatica (strain RCB) OX=159087 GN=mhpC2 PE=3 SV=2
g6874	111.4	0.1992	-0.020	0.9903	sp|D3ZN43|NDUF6_RAT NADH dehydrogenase (ubiquinone) complex I, assembly factor 6 OS=Rattus norvegicus OX=10116 GN=Ndufaf6 PE=3 SV=1
g5428	193.1	0.5899	0.327	0.8418	sp|O49815|BCH1_CAPAN Beta-carotene hydroxylase 1, chloroplastic OS=Capsicum annuum OX=4072 GN=CA1 PE=1 SV=2
g9944	138.3	0.3281	-0.027	0.9876	
g5627	109.7	0.1914	-0.503	0.5327	sp|Q9Z743|GPMA_CHLPN 2,3-bisphosphoglycerate-dependent phosphoglycerate mutase OS=Chlamydia pneumoniae OX=83558 GN=gpmA PE=3 SV=1
g10571	111.7	0.2013	-0.532	0.4996	sp|Q6CN95|HAT1_KLULA Histone acetyltransferase type B catalytic subunit OS=Kluyveromyces lactis (strain ATCC 8585 / CBS 2359 / DSM 70799 / NBRC 1267 / NRRL Y-1140 / WM37) OX=284590 GN=HAT1 PE=3 SV=1
g497	159.6	0.4308	-0.266	0.8153	sp|Q5EA79|GALM_BOVIN Galactose mutarotase OS=Bos taurus OX=9913 GN=GALM PE=2 SV=1
g5283	116.3	0.2234	-0.260	0.8693	sp|Q8CBH5|MFSD6_MOUSE Major facilitator superfamily domain-containing protein 6 OS=Mus musculus OX=10090 GN=Mfsd6 PE=1 SV=1
g7491	153.3	0.4009	-0.491	0.6422	
g6322	119.7	0.2399	-0.183	0.9264	sp|A0A0H3AMJ9|CHEY3_VIBC3 Chemotaxis protein CheY-3 OS=Vibrio cholerae serotype O1 (strain ATCC 39541 / Classical Ogawa 395 / O395) OX=345073 GN=cheY-3 PE=1 SV=1
g3366	114.3	0.2145	-0.131	0.9432	
g12569	137.3	0.3256	0.557	0.4745	
g5765	111.7	0.2025	0.370	0.7500	
g10700	145.2	0.3639	-0.968	0.0510	
g3750	102.1	0.1569	-0.235	0.8654	sp|Q09927|ACA1_SCHPO N-acetyltransferase aca1 OS=Schizosaccharomyces pombe (strain 972 / ATCC 24843) OX=284812 GN=aca1 PE=1 SV=1
g468	101.2	0.1527	-0.184	0.9076	
g4994	195.9	0.6078	-0.617	0.3429	
g7679	107.3	0.1824	0.067	0.9689	sp|O67653|IF3_AQUAE Translation initiation factor IF-3 OS=Aquifex aeolicus (strain VF5) OX=224324 GN=infC PE=3 SV=1
g8432	93.2	0.1147	0.072	0.9692	sp|Q6AZD4|IMP2L_DANRE Mitochondrial inner membrane protease subunit 2 OS=Danio rerio OX=7955 GN=immp2l PE=2 SV=1
g7878	100.3	0.1494	-0.428	0.6465	
g5916	99.1	0.1440	0.333	0.7746	sp|Q9NVG8|TBC13_HUMAN TBC1 domain family member 13 OS=Homo sapiens OX=9606 GN=TBC1D13 PE=1 SV=3
g2437	164.3	0.4579	-0.932	0.0569	sp|P54674|PI3K2_DICDI Phosphatidylinositol 3-kinase 2 OS=Dictyostelium discoideum OX=44689 GN=pikB PE=2 SV=2
g11690	129.7	0.2912	-0.672	0.2816	
g5366	125.7	0.2727	0.345	0.8153	
g9890	113.0	0.2116	-0.005	0.9974	sp|Q84M92|ARP4_ARATH Actin-related protein 4 OS=Arabidopsis thaliana OX=3702 GN=ARP4 PE=1 SV=1
g2886	151.5	0.3974	0.554	0.4576	sp|Q8L727|GSTT2_ARATH Glutathione S-transferase T2 OS=Arabidopsis thaliana OX=3702 GN=GSTT2 PE=2 SV=1
g14981	116.0	0.2262	-0.232	0.8563	sp|Q62348|TSN_MOUSE Translin OS=Mus musculus OX=10090 GN=Tsn PE=1 SV=1
g14432	116.9	0.2309	0.241	0.8713	
g15291	98.0	0.1397	0.030	0.9851	sp|O95861|BPNT1_HUMAN 3'(2'),5'-bisphosphate nucleotidase 1 OS=Homo sapiens OX=9606 GN=BPNT1 PE=1 SV=1
g15261	137.3	0.3299	-0.265	0.8225	sp|Q1HFZ0|NSUN2_MOUSE RNA cytosine C(5)-methyltransferase NSUN2 OS=Mus musculus OX=10090 GN=Nsun2 PE=1 SV=2
g3244	126.9	0.2798	0.482	0.5812	
g8713	99.6	0.1484	-0.207	0.9004	sp|Q6NV04|HACL2_DANRE 2-hydroxyacyl-CoA lyase 2 OS=Danio rerio OX=7955 GN=hacl2 PE=2 SV=1
g3970	94.5	0.1238	-0.057	0.9774	
g14342	109.1	0.1946	0.193	0.9135	
g14116	104.2	0.1709	0.131	0.9444	sp|Q7SYN4|5NT3_DANRE Cytosolic 5'-nucleotidase 3 OS=Danio rerio OX=7955 GN=nt5c3 PE=2 SV=2
g1319	105.0	0.1755	-0.304	0.7977	sp|Q6EPW7|RAR1_ORYSJ Cysteine and histidine-rich domain-containing protein RAR1 OS=Oryza sativa subsp. japonica OX=39947 GN=RAR1 PE=1 SV=2
g3311	121.8	0.2574	0.223	0.8686	
g8780	100.6	0.1551	-0.052	0.9776	sp|P20133|PGTB2_YEAST Geranylgeranyl transferase type-2 subunit beta OS=Saccharomyces cerevisiae (strain ATCC 204508 / S288c) OX=559292 GN=BET2 PE=1 SV=3
g12510	112.8	0.2151	-0.413	0.6922	sp|O55236|MCE1_MOUSE mRNA-capping enzyme OS=Mus musculus OX=10090 GN=Rngtt PE=1 SV=1
g9699	102.7	0.1661	0.125	0.9450	sp|P62312|LSM6_HUMAN U6 snRNA-associated Sm-like protein LSm6 OS=Homo sapiens OX=9606 GN=LSM6 PE=1 SV=1
g2773	110.1	0.2021	-0.351	0.7272	
g7204	109.9	0.2014	0.157	0.9370	sp|Q5T4D3|TMTC4_HUMAN Protein O-mannosyl-transferase TMTC4 OS=Homo sapiens OX=9606 GN=TMTC4 PE=1 SV=2
g4539	112.8	0.2164	-0.569	0.4447	sp|Q2UUT4|CMR1_ASPOR DNA damage-binding protein cmr1 OS=Aspergillus oryzae (strain ATCC 42149 / RIB 40) OX=510516 GN=AO090009000186 PE=3 SV=1
g12284	100.0	0.1542	0.402	0.6818	
g5061	133.0	0.3152	-0.649	0.3877	sp|Q640B4|MUS81_XENTR Structure-specific endonuclease subunit MUS81 OS=Xenopus tropicalis OX=8364 GN=mus81 PE=2 SV=1
g1861	106.6	0.1874	0.156	0.9225	sp|O74542|YCV3_SCHPO Uncharacterized aminotransferase C777.03c OS=Schizosaccharomyces pombe (strain 972 / ATCC 24843) OX=284812 GN=SPCC777.03c PE=3 SV=1
g3734	112.0	0.2143	-0.038	0.9848	sp|Q09758|GUP1_SCHPO Membrane-bound O-acyltransferase gup1 OS=Schizosaccharomyces pombe (strain 972 / ATCC 24843) OX=284812 GN=gup1 PE=3 SV=4
g11222	123.6	0.2709	-0.540	0.5751	
g11598	96.1	0.1369	-0.330	0.7738	sp|Q0P5H2|TDIF2_BOVIN Deoxynucleotidyltransferase terminal-interacting protein 2 OS=Bos taurus OX=9913 GN=DNTTIP2 PE=2 SV=1
g15697	119.0	0.2489	0.655	0.2931	sp|O94654|YGF3_SCHPO Uncharacterized transporter C405.03c OS=Schizosaccharomyces pombe (strain 972 / ATCC 24843) OX=284812 GN=SPBC405.03c PE=3 SV=1
g15023	92.4	0.1197	-0.284	0.8284	sp|O75351|VPS4B_HUMAN Vacuolar protein sorting-associated protein 4B OS=Homo sapiens OX=9606 GN=VPS4B PE=1 SV=2
g4883	128.6	0.2973	0.299	0.7868	sp|Q8LFN9|AGD13_ARATH Probable ADP-ribosylation factor GTPase-activating protein AGD13 OS=Arabidopsis thaliana OX=3702 GN=AGD13 PE=2 SV=1
g11841	133.5	0.3223	0.446	0.6465	
g4079	106.1	0.1875	-0.368	0.7470	sp|B7J476|RS17_ACIF2 Small ribosomal subunit protein uS17 OS=Acidithiobacillus ferrooxidans (strain ATCC 23270 / DSM 14882 / CIP 104768 / NCIMB 8455) OX=243159 GN=rpsQ PE=3 SV=1
g10417	138.1	0.3451	-0.831	0.1426	
g3557	123.7	0.2741	-0.091	0.9580	sp|P82931|RT06_BOVIN Small ribosomal subunit protein bS6m OS=Bos taurus OX=9913 GN=MRPS6 PE=1 SV=4
g10005	180.4	0.5536	0.706	0.5103	sp|Q3B7T1|EDRF1_HUMAN Erythroid differentiation-related factor 1 OS=Homo sapiens OX=9606 GN=EDRF1 PE=1 SV=1
g5638	140.9	0.3599	-0.285	0.7874	sp|O54825|BYST_MOUSE Bystin OS=Mus musculus OX=10090 GN=Bysl PE=1 SV=3
g6438	143.4	0.3721	0.497	0.6465	sp|Q27081|CFB_TACTR Clotting factor B OS=Tachypleus tridentatus OX=6853 PE=1 SV=1
g237	100.4	0.1611	0.224	0.8890	sp|Q9USK3|YJ2D_SCHPO Uncharacterized transporter C4B3.13 OS=Schizosaccharomyces pombe (strain 972 / ATCC 24843) OX=284812 GN=SPCC4B3.13 PE=3 SV=1
g1028	127.4	0.2943	0.476	0.7105	
g7391	118.1	0.2484	-0.111	0.9545	
g6352	130.7	0.3104	-0.026	0.9903	
g14018	82.5	0.0733	0.044	0.9835	
g3598	165.9	0.4845	0.022	0.9893	
g5166	125.5	0.2854	-0.511	0.4732	
g4279	171.9	0.5146	0.801	0.2371	sp|P26882|PPID_BOVIN Peptidyl-prolyl cis-trans isomerase D OS=Bos taurus OX=9913 GN=PPID PE=1 SV=6
g8929	101.4	0.1667	0.296	0.8225	sp|P25407|HSOP_PLAFA Hsp70-Hsp90 organising protein (Fragment) OS=Plasmodium falciparum OX=5833 GN=HOP PE=3 SV=1
g10895	85.9	0.0904	0.048	0.9821	
g9070	98.0	0.1503	-0.124	0.9474	
g4625	101.1	0.1654	0.247	0.8703	sp|O66994|Y812_AQUAE Uncharacterized MscS family protein aq_812 OS=Aquifex aeolicus (strain VF5) OX=224324 GN=aq_812 PE=3 SV=1
g1137	110.1	0.2102	-0.025	0.9884	sp|Q54VI3|GLUD2_DICDI Glutamate dehydrogenase 2 OS=Dictyostelium discoideum OX=44689 GN=glud2 PE=1 SV=2
g14472	93.8	0.1295	0.242	0.8713	sp|A0A125YY17|RB11A_TOXGM Ras-related protein Rab11a OS=Toxoplasma gondii (strain ATCC 50611 / Me49) OX=508771 GN=RAB11A PE=1 SV=1
g8644	124.1	0.2791	-0.490	0.5985	sp|Q54LY5|XRCC5_DICDI X-ray repair cross-complementing protein 5 OS=Dictyostelium discoideum OX=44689 GN=ku80 PE=3 SV=1
g4435	105.2	0.1869	-0.026	0.9874	
g14618	126.2	0.2916	0.661	0.3075	
g14859	317.9	1.2408	-0.350	0.6759	
g4353	134.9	0.3354	-0.921	0.0689	sp|O95714|HERC2_HUMAN E3 ubiquitin-protein ligase HERC2 OS=Homo sapiens OX=9606 GN=HERC2 PE=1 SV=2
g3319	117.3	0.2480	0.072	0.9694	sp|Q949W8|XK2_ARATH Xylulose kinase 2 OS=Arabidopsis thaliana OX=3702 GN=XK2 PE=1 SV=1
g3611	152.9	0.4253	-0.456	0.5453	sp|Q9H0S4|DDX47_HUMAN Probable ATP-dependent RNA helicase DDX47 OS=Homo sapiens OX=9606 GN=DDX47 PE=1 SV=1
g6197	99.9	0.1628	0.217	0.8824	
g1911	129.0	0.3071	0.093	0.9543	
g6925	125.3	0.2889	-0.553	0.4748	
g5339	88.9	0.1086	0.119	0.9486	sp|Q8U1Q1|NPD_PYRFU NAD-dependent protein deacylase OS=Pyrococcus furiosus (strain ATCC 43587 / DSM 3638 / JCM 8422 / Vc1) OX=186497 GN=cobB PE=3 SV=2
g5149	115.2	0.2397	0.102	0.9517	
g3002	92.5	0.1269	-0.108	0.9543	sp|A4FUI2|RUXE_BOVIN Small nuclear ribonucleoprotein E OS=Bos taurus OX=9913 GN=SNRPE PE=3 SV=1
g10881	106.7	0.1977	-0.359	0.7513	sp|A8HRT6|RL27_AZOC5 Large ribosomal subunit protein bL27 OS=Azorhizobium caulinodans (strain ATCC 43989 / DSM 5975 / JCM 20966 / LMG 6465 / NBRC 14845 / NCIMB 13405 / ORS 571) OX=438753 GN=rpmA PE=3 SV=1
g4407	103.7	0.1831	0.188	0.9114	sp|Q6NLQ8|XB32_ARATH E3 ubiquitin-protein ligase XBAT32 OS=Arabidopsis thaliana OX=3702 GN=XBAT32 PE=1 SV=1
g14419	109.1	0.2098	0.047	0.9811	
g11380	101.8	0.1742	0.350	0.7729	
g11192	108.9	0.2099	-0.431	0.6305	sp|O12947|ICMT_XENLA Protein-S-isoprenylcysteine O-methyltransferase OS=Xenopus laevis OX=8355 GN=icmt PE=1 SV=1
g15685	95.5	0.1432	-0.147	0.9362	sp|P20585|MSH3_HUMAN DNA mismatch repair protein Msh3 OS=Homo sapiens OX=9606 GN=MSH3 PE=1 SV=4
g5025	115.9	0.2451	-0.019	0.9921	
g11421	106.2	0.1969	0.144	0.9322	sp|Q8MNV7|SMAL1_CAEEL SNF2 related chromatin remodeling annealing helicase 1 OS=Caenorhabditis elegans OX=6239 GN=smrc-1 PE=3 SV=1
g3794	150.1	0.4158	0.908	0.1275	sp|Q8AWB6|S35B1_CHICK Solute carrier family 35 member B1 OS=Gallus gallus OX=9031 GN=SLC35B1 PE=2 SV=1
g10160	114.5	0.2383	0.219	0.8797	sp|Q0P5J1|FACR2_BOVIN Fatty acyl-CoA reductase 2 OS=Bos taurus OX=9913 GN=FAR2 PE=2 SV=1
g5219	118.4	0.2579	0.030	0.9851	sp|Q64691|CAN3_MOUSE Calpain-3 OS=Mus musculus OX=10090 GN=Capn3 PE=1 SV=2
g6693	94.6	0.1391	-0.091	0.9614	sp|Q86I22|FAHD1_DICDI Oxaloacetate decarboxylase, mitochondrial OS=Dictyostelium discoideum OX=44689 GN=fahd1 PE=3 SV=1
g3653	128.4	0.3080	-0.884	0.1006	sp|Q80Z32|ORC1_RAT Origin recognition complex subunit 1 OS=Rattus norvegicus OX=10116 GN=Orc1 PE=2 SV=1
g14156	89.3	0.1129	-0.147	0.9362	
g1193	97.1	0.1515	0.202	0.8965	
g7182	117.5	0.2539	0.473	0.5940	sp|Q6PIW4|FIGL1_HUMAN Fidgetin-like protein 1 OS=Homo sapiens OX=9606 GN=FIGNL1 PE=1 SV=2
g193	90.4	0.1183	0.024	0.9892	
g2605	148.7	0.4105	0.969	0.0999	
g13151	104.9	0.1914	-0.085	0.9614	sp|D3Z813|S38AB_RAT Putative sodium-coupled neutral amino acid transporter 11 OS=Rattus norvegicus OX=10116 GN=Slc38a11 PE=2 SV=1
g3073	121.2	0.2731	-0.350	0.7459	sp|P20435|RPAB2_YEAST DNA-directed RNA polymerases I, II, and III subunit RPABC2 OS=Saccharomyces cerevisiae (strain ATCC 204508 / S288c) OX=559292 GN=RPO26 PE=1 SV=1
g12294	92.1	0.1277	-0.146	0.9370	sp|Q9CRB3|HIUH_MOUSE 5-hydroxyisourate hydrolase OS=Mus musculus OX=10090 GN=Urah PE=1 SV=1
g6768	131.6	0.3259	-0.117	0.9433	
g6647	108.3	0.2092	0.349	0.7746	sp|Q55FR8|CBPS2_DICDI Probable carboxypeptidase S-like 2 OS=Dictyostelium discoideum OX=44689 GN=DDB_G0267984 PE=3 SV=1
g8354	146.0	0.3982	0.516	0.6511	
g5967	112.1	0.2284	-0.608	0.4237	sp|B0BNA9|CNO11_RAT CCR4-NOT transcription complex subunit 11 OS=Rattus norvegicus OX=10116 GN=Cnot11 PE=2 SV=1
g14743	115.4	0.2452	-0.636	0.3074	sp|P54252|ATX3_HUMAN Ataxin-3 OS=Homo sapiens OX=9606 GN=ATXN3 PE=1 SV=5
g4037	91.9	0.1276	0.160	0.9289	
g3090	112.1	0.2292	0.300	0.7893	sp|Q32PX9|AFG1L_RAT AFG1-like ATPase OS=Rattus norvegicus OX=10116 GN=Afg1l PE=2 SV=1
g5327	143.6	0.3871	-0.266	0.8374	sp|Q8RB46|SYG_CALS4 Glycine--tRNA ligase OS=Caldanaerobacter subterraneus subsp. tengcongensis (strain DSM 15242 / JCM 11007 / NBRC 100824 / MB4) OX=273068 GN=glyQS PE=3 SV=1
g13169	93.6	0.1361	-0.060	0.9740	sp|Q5VV42|CDKAL_HUMAN Threonylcarbamoyladenosine tRNA methylthiotransferase OS=Homo sapiens OX=9606 GN=CDKAL1 PE=1 SV=1
g3795	116.9	0.2539	-0.439	0.7060	
g9728	101.1	0.1749	0.256	0.8457	
g12149	129.9	0.3200	-0.899	0.0616	
g5257	129.8	0.3200	0.580	0.3604	sp|Q8VZD4|DEG15_ARATH Glyoxysomal processing protease, glyoxysomal OS=Arabidopsis thaliana OX=3702 GN=DEG15 PE=1 SV=2
g10723	96.4	0.1519	0.051	0.9821	
g12855	119.6	0.2687	-0.142	0.9361	sp|Q6ZD63|FAS2_ORYSJ Chromatin assembly factor 1 subunit FAS2 homolog OS=Oryza sativa subsp. japonica OX=39947 GN=FAS2 PE=2 SV=1
g8043	164.3	0.4940	-0.114	0.9509	sp|P47970|NPTX2_CAVPO Neuronal pentraxin-2 OS=Cavia porcellus OX=10141 GN=NPTX2 PE=1 SV=1
g11444	106.3	0.2021	-0.136	0.9474	sp|G5EAZ3|CHIB1_EMENI Endochitinase B OS=Emericella nidulans (strain FGSC A4 / ATCC 38163 / CBS 112.46 / NRRL 194 / M139) OX=227321 GN=chiB PE=1 SV=1
g6312	128.2	0.3127	0.545	0.5452	sp|Q6NXE6|ARMC6_HUMAN Armadillo repeat-containing protein 6 OS=Homo sapiens OX=9606 GN=ARMC6 PE=1 SV=2
g8577	90.9	0.1251	0.339	0.7701	sp|Q96S16|JMJD8_HUMAN JmjC domain-containing protein 8 OS=Homo sapiens OX=9606 GN=JMJD8 PE=1 SV=2
g2196	93.4	0.1377	-0.014	0.9936	
g6529	100.1	0.1717	0.098	0.9562	sp|Q9LHH7|FOLD2_ARATH Bifunctional protein FolD 2 OS=Arabidopsis thaliana OX=3702 GN=FOLD2 PE=2 SV=1
g14303	113.8	0.2411	-0.552	0.4773	sp|Q9C6K5|LSM3B_ARATH Sm-like protein LSM3B OS=Arabidopsis thaliana OX=3702 GN=LSM3B PE=1 SV=1
g10323	77.4	0.0576	-0.124	0.9486	
g1168	123.2	0.2888	0.811	0.1369	
g12662	112.0	0.2329	0.271	0.8585	
g15917	108.6	0.2159	-0.436	0.6688	sp|O60870|KIN17_HUMAN DNA/RNA-binding protein KIN17 OS=Homo sapiens OX=9606 GN=KIN PE=1 SV=2
g12420	125.2	0.3004	-0.516	0.6174	
g4155	115.7	0.2526	-0.026	0.9862	sp|Q9SCS3|PGML4_ARATH Phosphoglycerate mutase-like protein 4 OS=Arabidopsis thaliana OX=3702 GN=At3g50520 PE=2 SV=1
g13027	95.6	0.1511	-0.241	0.8630	
g9806	106.1	0.2046	-0.373	0.7283	sp|B0T025|RNH_CAUSK Ribonuclease H OS=Caulobacter sp. (strain K31) OX=366602 GN=rnhA PE=3 SV=1
g3521	110.6	0.2278	0.215	0.8761	
g9957	120.4	0.2776	0.109	0.9486	sp|Q1AYM8|DAO_RUBXD D-amino-acid oxidase OS=Rubrobacter xylanophilus (strain DSM 9941 / JCM 11954 / NBRC 16129 / PRD-1) OX=266117 GN=dao PE=1 SV=1
g1373	115.2	0.2515	0.370	0.7060	sp|Q7ZXK9|NLE1_XENLA Notchless protein homolog 1 OS=Xenopus laevis OX=8355 GN=nle1 PE=2 SV=1
g7672	128.1	0.3172	-0.574	0.4892	sp|Q7XJ53|P2C35_ARATH Probable protein phosphatase 2C 35 OS=Arabidopsis thaliana OX=3702 GN=At3g06270 PE=2 SV=1
g5394	124.1	0.2966	0.208	0.8809	sp|Q8TEX9|IPO4_HUMAN Importin-4 OS=Homo sapiens OX=9606 GN=IPO4 PE=1 SV=2
g15807	119.9	0.2755	-0.539	0.4944	sp|Q9WU45|CLCN2_CAVPO Chloride channel protein 2 OS=Cavia porcellus OX=10141 GN=CLCN2 PE=1 SV=1
g6559	108.7	0.2191	0.335	0.7729	sp|Q10438|TTL_SCHPO Probable tubulin--tyrosine ligase C12B10.04 OS=Schizosaccharomyces pombe (strain 972 / ATCC 24843) OX=284812 GN=SPAC12B10.04 PE=3 SV=1
g5981	107.7	0.2142	0.122	0.9439	
g12841	126.8	0.3113	-0.646	0.2784	sp|A7MWH5|RS5_VIBC1 Small ribosomal subunit protein uS5 OS=Vibrio campbellii (strain ATCC BAA-1116) OX=2902295 GN=rpsE PE=3 SV=1
g1294	118.5	0.2697	-0.742	0.2153	
g9572	83.6	0.0924	-0.040	0.9848	sp|A0A1C7D1B7|ELP3_DEHMC tRNA uridine(34) acetyltransferase OS=Dehalococcoides mccartyi (strain CBDB1) OX=255470 GN=cbdbA595 PE=1 SV=2
g11224	84.1	0.0949	-0.134	0.9451	
g15439	113.8	0.2459	0.545	0.4526	sp|Q9GKT2|FXDC2_MACFA Fatty acid hydroxylase domain-containing protein 2 OS=Macaca fascicularis OX=9541 GN=FAXDC2 PE=2 SV=1
g7680	89.9	0.1242	-0.092	0.9614	
g15683	87.1	0.1103	0.082	0.9673	
g1891	204.7	0.7096	-1.112	0.1868	sp|Q8MVR1|GBPC_DICDI Cyclic GMP-binding protein C OS=Dictyostelium discoideum OX=44689 GN=gbpC PE=1 SV=1
g6892	90.0	0.1250	0.044	0.9831	sp|Q86KI1|AP2A2_DICDI AP-2 complex subunit alpha-2 OS=Dictyostelium discoideum OX=44689 GN=ap2a1-1 PE=3 SV=1
g7466	96.1	0.1564	0.097	0.9609	sp|Q7U3K6|SYDND_PARMW Aspartate--tRNA(Asp/Asn) ligase OS=Parasynechococcus marenigrum (strain WH8102) OX=84588 GN=aspS PE=3 SV=1
g15874	102.3	0.1881	0.046	0.9827	
g873	121.3	0.2850	-0.775	0.2174	sp|Q9VAY7|FAM50_DROME Protein FAM50 homolog OS=Drosophila melanogaster OX=7227 GN=CG12259 PE=2 SV=1
g8496	81.6	0.0840	-0.179	0.9195	sp|Q8UCM8|UNG_AGRFC Uracil-DNA glycosylase OS=Agrobacterium fabrum (strain C58 / ATCC 33970) OX=176299 GN=ung PE=3 SV=1
g5761	124.7	0.3045	-0.257	0.8313	sp|Q6NVM6|NOL10_XENTR Nucleolar protein 10 OS=Xenopus tropicalis OX=8364 GN=nol10 PE=2 SV=1
g10873	97.9	0.1673	0.381	0.7088	sp|P24280|SEC14_YEAST SEC14 cytosolic factor OS=Saccharomyces cerevisiae (strain ATCC 204508 / S288c) OX=559292 GN=SEC14 PE=1 SV=3
g6857	151.2	0.4402	-0.295	0.8152	sp|Q8TD22|SFXN5_HUMAN Sideroflexin-5 OS=Homo sapiens OX=9606 GN=SFXN5 PE=1 SV=1
g9448	108.3	0.2208	0.181	0.9207	sp|Q8S857|H2AV2_ORYSJ Probable histone H2A variant 2 OS=Oryza sativa subsp. japonica OX=39947 GN=Os10g0418000 PE=2 SV=1
g9066	93.6	0.1458	0.259	0.8508	sp|Q8L9J9|CAES_ARATH Probable carbohydrate esterase At4g34215 OS=Arabidopsis thaliana OX=3702 GN=At4g34215 PE=1 SV=2
g957	112.6	0.2431	0.173	0.9126	
g13717	90.5	0.1302	-0.080	0.9666	
g12474	86.7	0.1111	0.040	0.9848	sp|Q869K3|BPNT1_DICDI 3'(2'),5'-bisphosphate nucleotidase 1 OS=Dictyostelium discoideum OX=44689 GN=bpnt1 PE=3 SV=1
g6709	96.0	0.1592	0.455	0.6193	
g14359	92.2	0.1397	-0.153	0.9322	
g863	104.4	0.2025	0.289	0.8070	sp|Q99MN1|SYK_MOUSE Lysine--tRNA ligase OS=Mus musculus OX=10090 GN=Kars1 PE=1 SV=1
g14154	117.2	0.2681	-0.173	0.9119	sp|Q21H65|PNP_SACD2 Polyribonucleotide nucleotidyltransferase OS=Saccharophagus degradans (strain 2-40 / ATCC 43961 / DSM 17024) OX=203122 GN=pnp PE=3 SV=1
g13930	98.3	0.1714	0.185	0.9126	
g320	105.2	0.2073	-0.069	0.9689	
g4258	136.0	0.3656	-0.613	0.5793	
g1205	110.0	0.2321	-0.565	0.4338	sp|Q9FPH3|THA2_ARATH Probable low-specificity L-threonine aldolase 2 OS=Arabidopsis thaliana OX=3702 GN=THA2 PE=1 SV=1
g4350	117.7	0.2718	-0.448	0.6485	sp|Q32L99|PTGR2_BOVIN Prostaglandin reductase 2 OS=Bos taurus OX=9913 GN=PTGR2 PE=2 SV=1
g2660	89.3	0.1264	0.176	0.9177	sp|Q09621|LACT2_CAEEL Beta-lactamase domain-containing protein 2 OS=Caenorhabditis elegans OX=6239 GN=lact-2 PE=4 SV=1
g14997	110.3	0.2344	-0.123	0.9454	
g10337	114.0	0.2533	-0.038	0.9848	sp|P46686|TULP2_MOUSE Tubby-related protein 2 OS=Mus musculus OX=10090 GN=Tulp2 PE=1 SV=3
g14560	110.9	0.2383	-0.172	0.9165	
g7141	88.7	0.1235	0.132	0.9439	
g5221	88.6	0.1235	0.114	0.9509	sp|O15736|TIPD_DICDI Protein tipD OS=Dictyostelium discoideum OX=44689 GN=tipD PE=3 SV=1
g13691	153.9	0.4602	-0.712	0.5039	
g5019	88.7	0.1241	0.104	0.9596	
g1859	118.2	0.2765	0.427	0.7244	
g16034	102.7	0.1965	-0.004	0.9978	sp|Q9H7Z6|KAT8_HUMAN Histone acetyltransferase KAT8 OS=Homo sapiens OX=9606 GN=KAT8 PE=1 SV=2
g7053	100.5	0.1856	0.176	0.9205	
g11899	119.3	0.2827	-0.080	0.9649	sp|Q96PN6|ADCYA_HUMAN Adenylate cyclase type 10 OS=Homo sapiens OX=9606 GN=ADCY10 PE=1 SV=3
g9862	96.2	0.1638	-0.039	0.9848	sp|Q6AXR5|S35A3_RAT UDP-N-acetylglucosamine transporter OS=Rattus norvegicus OX=10116 GN=Slc35a3 PE=2 SV=1
g13005	114.9	0.2608	0.404	0.6831	
g13156	110.6	0.2386	0.627	0.3550	sp|Q8MXQ3|TM260_DICDI Protein O-mannosyl-transferase tmem260 OS=Dictyostelium discoideum OX=44689 GN=DDB_G0275853 PE=3 SV=2
g2245	106.3	0.2165	-0.332	0.7899	
g13446	98.8	0.1777	-0.195	0.9138	sp|Q9BZL4|PP12C_HUMAN Protein phosphatase 1 regulatory subunit 12C OS=Homo sapiens OX=9606 GN=PPP1R12C PE=1 SV=1
g15308	94.7	0.1571	-0.290	0.8375	
g12750	117.2	0.2744	-0.599	0.5098	sp|Q550Q4|RHEB_DICDI GTP-binding protein Rheb homolog OS=Dictyostelium discoideum OX=44689 GN=rheb PE=3 SV=1
g12316	100.0	0.1850	-0.334	0.7911	sp|Q8TEA7|TBCK_HUMAN TBC domain-containing protein kinase-like protein OS=Homo sapiens OX=9606 GN=TBCK PE=1 SV=4
g10655	117.5	0.2759	0.429	0.6366	
g3336	104.7	0.2099	0.343	0.7685	
g3484	99.9	0.1856	0.415	0.6697	sp|B2VG45|TATD_ERWT9 3'-5' ssDNA/RNA exonuclease TatD OS=Erwinia tasmaniensis (strain DSM 17950 / CFBP 7177 / CIP 109463 / NCPPB 4357 / Et1/99) OX=465817 GN=tatD PE=3 SV=1
g14725	120.4	0.2917	0.398	0.7262	sp|O94606|JMJ4_SCHPO JmjC domain-containing protein 4 OS=Schizosaccharomyces pombe (strain 972 / ATCC 24843) OX=284812 GN=jmj4 PE=1 SV=1
g10085	96.0	0.1657	-0.367	0.7391	
g15715	101.5	0.1941	-0.137	0.9474	sp|Q6BP96|TFB3_DEBHA RNA polymerase II transcription factor B subunit 3 OS=Debaryomyces hansenii (strain ATCC 36239 / CBS 767 / BCRC 21394 / JCM 1990 / NBRC 0083 / IGC 2968) OX=284592 GN=TFB3 PE=3 SV=2
g4295	133.6	0.3616	-0.025	0.9862	sp|Q8RWT8|SYSM_ARATH Serine--tRNA ligase, chloroplastic/mitochondrial OS=Arabidopsis thaliana OX=3702 GN=OVA7 PE=2 SV=1
g8375	105.0	0.2128	0.226	0.8690	sp|Q941F1|PLA15_ARATH Phospholipase A1-Igamma1, chloroplastic OS=Arabidopsis thaliana OX=3702 GN=DALL4 PE=1 SV=2
g3608	97.6	0.1744	0.175	0.9189	sp|Q6GPQ3|MFSD8_XENLA Major facilitator superfamily domain-containing protein 8 OS=Xenopus laevis OX=8355 GN=mfsd8 PE=2 SV=1
g10437	92.6	0.1488	-0.229	0.8802	
g14819	103.5	0.2057	-0.165	0.9210	
g8302	116.4	0.2730	-0.733	0.2456	
g13125	111.6	0.2486	-0.398	0.6719	sp|Q58CU4|ZDH16_BOVIN Palmitoyltransferase ZDHHC16 OS=Bos taurus OX=9913 GN=ZDHHC16 PE=2 SV=1
g13467	131.1	0.3506	0.970	0.1167	
g4185	112.8	0.2552	-0.311	0.8127	sp|Q9LSM5|ECD_ARATH Protein ecdysoneless homolog OS=Arabidopsis thaliana OX=3702 GN=At5g65490 PE=1 SV=1
g4856	91.6	0.1448	-0.008	0.9961	sp|P0AGM3|YICG_ECOL6 UPF0126 inner membrane protein YicG OS=Escherichia coli O6:H1 (strain CFT073 / ATCC 700928 / UPEC) OX=199310 GN=yicG PE=3 SV=1
g15521	94.8	0.1615	-0.250	0.8657	
g1822	116.4	0.2750	-0.284	0.8180	
g9790	201.7	0.7207	-0.695	0.1332	
g9774	99.6	0.1874	0.203	0.9022	sp|Q9ESJ0|XPO4_MOUSE Exportin-4 OS=Mus musculus OX=10090 GN=Xpo4 PE=1 SV=2
g2619	102.3	0.2020	-0.203	0.8945	sp|Q9H6Y2|WDR55_HUMAN WD repeat-containing protein 55 OS=Homo sapiens OX=9606 GN=WDR55 PE=1 SV=2
g14983	101.4	0.1979	0.061	0.9740	sp|Q54DW2|ERGI3_DICDI Probable endoplasmic reticulum-Golgi intermediate compartment protein 3 OS=Dictyostelium discoideum OX=44689 GN=ergic3 PE=3 SV=1
g8845	82.2	0.0972	0.061	0.9755	sp|Q86IB5|TF2H3_DICDI General transcription factor IIH subunit 3 OS=Dictyostelium discoideum OX=44689 GN=gtf2h3 PE=3 SV=1
g4815	85.9	0.1172	-0.187	0.9147	sp|Q54RX0|RUXG_DICDI Probable small nuclear ribonucleoprotein G OS=Dictyostelium discoideum OX=44689 GN=snrpG PE=3 SV=1
g2008	97.4	0.1777	0.019	0.9921	sp|A6H7I3|ANGE2_BOVIN RNA 2',3'-cyclic phosphatase ANGEL2 OS=Bos taurus OX=9913 GN=ANGEL2 PE=2 SV=1
g8846	115.6	0.2734	-0.528	0.5171	
g15736	175.0	0.5851	-0.012	0.9942	sp|Q14679|TTLL4_HUMAN Tubulin monoglutamylase TTLL4 OS=Homo sapiens OX=9606 GN=TTLL4 PE=1 SV=2
g4767	123.7	0.3159	-0.323	0.8249	sp|P07061|NYLB_PAEUR 6-aminohexanoate-dimer hydrolase OS=Paenarthrobacter ureafaciens OX=37931 GN=nylB PE=1 SV=1
g13016	107.6	0.2318	-0.179	0.9126	
g14075	91.0	0.1445	-0.028	0.9881	sp|Q9X248|FABG_THEMA 3-oxoacyl-[acyl-carrier-protein] reductase FabG OS=Thermotoga maritima (strain ATCC 43589 / DSM 3109 / JCM 10099 / NBRC 100826 / MSB8) OX=243274 GN=fabG PE=3 SV=1
g1328	110.4	0.2467	0.143	0.9349	
g2979	114.7	0.2693	-0.018	0.9930	sp|Q4D9P2|DOT1B_TRYCC Histone-lysine N-methyltransferase, H3 lysine-79 specific OS=Trypanosoma cruzi (strain CL Brener) OX=353153 GN=DOT1B PE=3 SV=1
g7714	103.4	0.2103	0.121	0.9461	
g2787	123.9	0.3183	0.140	0.9457	
g8240	139.0	0.3987	-0.278	0.8297	sp|Q9FMN2|PAH2_ARATH Phosphatidate phosphatase PAH2 OS=Arabidopsis thaliana OX=3702 GN=PAH2 PE=1 SV=1
g5746	85.6	0.1177	0.102	0.9596	sp|Q9NWT6|HIF1N_HUMAN Hypoxia-inducible factor 1-alpha inhibitor OS=Homo sapiens OX=9606 GN=HIF1AN PE=1 SV=2
g7723	109.2	0.2417	-0.589	0.4121	
g2659	93.2	0.1579	-0.155	0.9349	sp|Q09621|LACT2_CAEEL Beta-lactamase domain-containing protein 2 OS=Caenorhabditis elegans OX=6239 GN=lact-2 PE=4 SV=1
g7812	126.1	0.3310	-0.903	0.0703	sp|Q15650|TRIP4_HUMAN Activating signal cointegrator 1 OS=Homo sapiens OX=9606 GN=TRIP4 PE=1 SV=4
g1278	91.8	0.1508	-0.070	0.9713	sp|Q80VQ0|AL3B1_MOUSE Aldehyde dehydrogenase family 3 member B1 OS=Mus musculus OX=10090 GN=Aldh3b1 PE=1 SV=1
g11732	81.7	0.0975	0.140	0.9433	
g3333	89.2	0.1375	-0.183	0.9178	sp|F4JIP6|LPXD2_ARATH Probable UDP-3-O-acylglucosamine N-acyltransferase 2, mitochondrial OS=Arabidopsis thaliana OX=3702 GN=LPXD2 PE=3 SV=1
g5818	96.8	0.1774	0.381	0.7498	
g13808	103.7	0.2143	0.245	0.8641	
g12636	103.5	0.2141	0.255	0.8742	sp|Q8K2P6|RFESD_MOUSE Rieske domain-containing protein OS=Mus musculus OX=10090 GN=Rfesd PE=1 SV=1
g3793	111.3	0.2554	-0.231	0.8668	sp|Q66IV1|MYRF_XENLA Myelin regulatory factor OS=Xenopus laevis OX=8355 GN=myrf PE=2 SV=1
g15492	96.6	0.1775	-0.026	0.9880	
g6574	123.1	0.3187	-0.175	0.9078	
g9018	102.4	0.2089	0.430	0.6448	sp|B8AJT9|MRS2I_ORYSI Magnesium transporter MRS2-I OS=Oryza sativa subsp. indica OX=39946 GN=MRS2-I PE=3 SV=1
g9507	104.5	0.2201	-0.389	0.6922	
g367	139.1	0.4039	0.301	0.7916	sp|Q5LW13|ENGB_RUEPO Probable GTP-binding protein EngB OS=Ruegeria pomeroyi (strain ATCC 700808 / DSM 15171 / DSS-3) OX=246200 GN=engB PE=3 SV=1
g14497	76.6	0.0723	-0.104	0.9600	
g14172	99.6	0.1947	-0.395	0.7107	
g15665	109.7	0.2484	0.395	0.6836	sp|A6X7E7|RFNT_BRUA4 Riboflavin transporter RfnT OS=Brucella anthropi (strain ATCC 49188 / DSM 6882 / CCUG 24695 / JCM 21032 / LMG 3331 / NBRC 15819 / NCTC 12168 / Alc 37) OX=439375 GN=rfnT PE=1 SV=1
g4981	130.5	0.3587	0.452	0.6756	sp|Q2QM62|KN14R_ORYSJ Kinesin-like protein KIN-14R OS=Oryza sativa subsp. japonica OX=39947 GN=KIN14R PE=2 SV=1
g8478	121.1	0.3090	0.135	0.9423	sp|Q2HJE1|WDR91_BOVIN WD repeat-containing protein 91 OS=Bos taurus OX=9913 GN=WDR91 PE=2 SV=2
g106	114.4	0.2743	-0.280	0.8152	
g8217	133.9	0.3776	-0.900	0.0534	sp|Q6GNV7|DIRC2_XENLA Solute carrier family 49 member 4 homolog OS=Xenopus laevis OX=8355 GN=slc49a4 PE=2 SV=1
g11445	99.4	0.1948	-0.209	0.8893	
g748	97.1	0.1829	0.281	0.8375	sp|Q03829|MME1_YEAST Mitochondrial magnesium exporter 1 OS=Saccharomyces cerevisiae (strain ATCC 204508 / S288c) OX=559292 GN=MME1 PE=1 SV=1
g11418	141.1	0.4170	0.167	0.9114	
g2568	146.2	0.4443	0.121	0.9433	
g8206	137.9	0.4002	-0.633	0.4746	sp|Q38772|CDC2A_ANTMA Cell division control protein 2 homolog A OS=Antirrhinum majus OX=4151 GN=CDC2A PE=2 SV=2
g493	118.6	0.2983	-0.654	0.3091	
g12845	90.3	0.1478	-0.055	0.9779	
g11433	120.6	0.3094	-0.007	0.9963	
g8829	89.0	0.1410	0.068	0.9702	sp|Q9LTV6|DECR2_ARATH Peroxisomal 2,4-dienoyl-CoA reductase [(3E)-enoyl-CoA-producing] OS=Arabidopsis thaliana OX=3702 GN=At3g12800 PE=2 SV=1
g2087	101.4	0.2073	0.316	0.7955	sp|Q6GLK6|ACSF3_XENLA Malonate--CoA ligase ACSF3, mitochondrial OS=Xenopus laevis OX=8355 GN=acsf3 PE=2 SV=1
g15927	102.2	0.2120	-0.307	0.8226	
g9898	109.7	0.2522	0.418	0.7171	
g8307	143.8	0.4344	-0.914	0.1315	sp|A8IR43|WDR12_CHLRE Ribosome biogenesis protein WDR12 homolog OS=Chlamydomonas reinhardtii OX=3055 GN=CHLREDRAFT_128420 PE=3 SV=2
g16016	115.5	0.2835	0.534	0.4815	sp|Q6PD82|TM129_DANRE E3 ubiquitin-protein ligase TM129 OS=Danio rerio OX=7955 GN=tmem129 PE=2 SV=1
g5675	89.7	0.1459	0.051	0.9809	
g7421	112.0	0.2652	-0.034	0.9848	
g13949	110.7	0.2581	-0.462	0.6531	sp|Q0VD59|MARH8_BOVIN E3 ubiquitin-protein ligase MARCHF8 OS=Bos taurus OX=9913 GN=MARCHF8 PE=2 SV=1
g12551	104.0	0.2225	0.026	0.9868	
g13261	88.0	0.1371	-0.101	0.9614	
g14890	101.0	0.2071	0.279	0.8531	
g2588	86.8	0.1310	-0.188	0.9165	
g4646	103.7	0.2217	-0.069	0.9692	sp|Q54QG9|UBA3_DICDI NEDD8-activating enzyme E1 catalytic subunit OS=Dictyostelium discoideum OX=44689 GN=uba3 PE=1 SV=1
g11774	117.0	0.2927	0.423	0.6501	sp|Q55B06|SPXS1_DICDI SPX and EXS domain-containing protein 1 OS=Dictyostelium discoideum OX=44689 GN=DDB_G0271664 PE=3 SV=2
g12502	95.5	0.1783	-0.274	0.8457	sp|Q3Z3N5|LFTR_SHISS Leucyl/phenylalanyl-tRNA--protein transferase OS=Shigella sonnei (strain Ss046) OX=300269 GN=aat PE=3 SV=1
g7388	96.5	0.1837	-0.363	0.7538	sp|Q12962|TAF10_HUMAN Transcription initiation factor TFIID subunit 10 OS=Homo sapiens OX=9606 GN=TAF10 PE=1 SV=1
g6619	101.7	0.2114	-0.339	0.7578	sp|Q9JIG7|CCD22_MOUSE Coiled-coil domain-containing protein 22 OS=Mus musculus OX=10090 GN=Ccdc22 PE=1 SV=1
g4352	111.1	0.2622	0.295	0.8103	
g11430	100.1	0.2036	0.189	0.9058	
g4387	99.4	0.1998	0.079	0.9666	sp|Q9P6L6|DPOZ_SCHPO DNA polymerase zeta catalytic subunit OS=Schizosaccharomyces pombe (strain 972 / ATCC 24843) OX=284812 GN=rev3 PE=3 SV=1
g12163	105.4	0.2324	-0.660	0.3192	
g966	99.0	0.1980	0.186	0.9112	
g3634	98.0	0.1926	0.383	0.7542	
g4615	110.6	0.2609	-0.569	0.4852	sp|D5VRB9|ELP3_METIM tRNA uridine(34) acetyltransferase OS=Methanocaldococcus infernus (strain DSM 11812 / JCM 15783 / ME) OX=573063 GN=Metin_0452 PE=1 SV=1
g6334	102.0	0.2161	-0.003	0.9978	
g12764	89.5	0.1494	-0.186	0.9126	
g6558	142.8	0.4370	0.011	0.9949	
g10822	82.1	0.1097	0.030	0.9862	sp|A3QI29|TPMT_SHELP Thiopurine S-methyltransferase OS=Shewanella loihica (strain ATCC BAA-1088 / PV-4) OX=323850 GN=tpm PE=3 SV=1
g2516	98.1	0.1962	0.179	0.9185	sp|Q8IV04|TB10C_HUMAN Carabin OS=Homo sapiens OX=9606 GN=TBC1D10C PE=1 SV=1
g1410	107.0	0.2448	0.128	0.9534	
g14593	81.8	0.1092	0.042	0.9848	
g10760	92.4	0.1669	0.112	0.9534	sp|Q84WV9|QPCT_ARATH Glutaminyl-peptide cyclotransferase OS=Arabidopsis thaliana OX=3702 GN=QCT PE=1 SV=1
g3697	124.5	0.3406	-0.232	0.8703	sp|C1CXK0|RS18_DEIDV Small ribosomal subunit protein bS18 OS=Deinococcus deserti (strain DSM 17065 / CIP 109153 / LMG 22923 / VCD115) OX=546414 GN=rpsR PE=3 SV=1
g2530	111.2	0.2689	0.690	0.3034	sp|Q9FKY3|AVT3A_ARATH Amino acid transporter AVT3A OS=Arabidopsis thaliana OX=3702 GN=AVT3A PE=1 SV=1
g1105	93.7	0.1746	-0.256	0.8627	
g5789	77.3	0.0862	-0.100	0.9614	
g9343	150.7	0.4846	0.018	0.9903	sp|Q6P6R0|LFG1_RAT Protein lifeguard 1 OS=Rattus norvegicus OX=10116 GN=Grina PE=2 SV=1
g4183	98.9	0.2042	-0.140	0.9399	sp|Q4PA45|BCP1_MYCMD Protein BCP1 OS=Mycosarcoma maydis OX=5270 GN=BCP1 PE=3 SV=1
g12549	89.6	0.1534	0.091	0.9631	sp|Q2KJ96|ARL5A_BOVIN ADP-ribosylation factor-like protein 5A OS=Bos taurus OX=9913 GN=ARL5A PE=2 SV=1
g14962	136.9	0.4109	-0.329	0.7500	sp|P22893|TTP_MOUSE mRNA decay activator protein ZFP36 OS=Mus musculus OX=10090 GN=Zfp36 PE=1 SV=1
g5096	92.7	0.1707	-0.027	0.9862	sp|Q5ZI57|TPPC3_CHICK Trafficking protein particle complex subunit 3 OS=Gallus gallus OX=9031 GN=TRAPPC3 PE=2 SV=1
g175	107.4	0.2508	-0.214	0.8809	sp|P24125|V51K_BPL79 51.5 kDa protein OS=Lactococcus phage (isolate 7-9) OX=12375 PE=4 SV=1
g10129	123.4	0.3378	0.774	0.3486	sp|Q8GVC7|PKZ1_PHYIN Serine/threonine-protein kinase PKZ1 OS=Phytophthora infestans OX=4787 GN=PKZ1 PE=1 SV=1
g6492	76.2	0.0812	-0.154	0.9370	sp|Q9LVP1|TOP3A_ARATH DNA topoisomerase 3-alpha OS=Arabidopsis thaliana OX=3702 GN=TOP3A PE=1 SV=1
g1301	105.5	0.2413	-0.447	0.6971	
g6992	125.3	0.3494	0.276	0.8188	
g12757	86.1	0.1360	0.106	0.9609	
g11053	191.7	0.7116	0.958	0.0888	sp|Q8IRR5|SIR4_DROME NAD-dependent protein deacylase Sirt4 OS=Drosophila melanogaster OX=7227 GN=Sirt4 PE=2 SV=2
g11045	136.6	0.4114	0.066	0.9762	
g3447	106.8	0.2491	0.465	0.6134	
g3605	107.6	0.2537	-0.520	0.5303	sp|Q4V8V2|NUD17_DANRE m7GpppN-mRNA hydrolase NUDT17 OS=Danio rerio OX=7955 GN=nudt17 PE=2 SV=1
g5956	77.2	0.0881	-0.053	0.9796	sp|Q5ZIP6|OTU6B_CHICK Deubiquitinase OTUD6B OS=Gallus gallus OX=9031 GN=OTUD6B PE=2 SV=1
g1239	89.9	0.1575	0.086	0.9659	sp|Q6YJI5|TRM11_CHICK tRNA (guanine(10)-N(2))-methyltransferase TRMT11 OS=Gallus gallus OX=9031 GN=TRMT11 PE=2 SV=1
g4803	83.4	0.1219	-0.034	0.9849	sp|Q9ZVN9|TF2H2_ARATH General transcription factor IIH subunit 2 OS=Arabidopsis thaliana OX=3702 GN=GTF2H2 PE=1 SV=1
g9552	92.7	0.1735	0.117	0.9509	sp|Q8N6R0|EFNMT_HUMAN eEF1A lysine and N-terminal methyltransferase OS=Homo sapiens OX=9606 GN=METTL13 PE=1 SV=1
g7525	96.3	0.1933	-0.042	0.9831	
g11015	80.5	0.1074	-0.106	0.9570	sp|Q9FG23|CK5P3_ARATH CDK5RAP3 protein homolog OS=Arabidopsis thaliana OX=3702 GN=At5g06830 PE=1 SV=2
g3518	116.9	0.3067	-0.391	0.6946	sp|F4HNU6|NRDC_ARATH Nardilysin-like OS=Arabidopsis thaliana OX=3702 GN=At1g06900 PE=2 SV=1
g15517	100.6	0.2173	0.432	0.6900	
g15926	98.5	0.2061	0.156	0.9343	sp|P38836|ECM14_YEAST Inactive metallocarboxypeptidase ECM14 OS=Saccharomyces cerevisiae (strain ATCC 204508 / S288c) OX=559292 GN=ECM14 PE=1 SV=1
g1919	145.1	0.4616	-0.726	0.1852	sp|B2IYE4|AROA_NOSP7 3-phosphoshikimate 1-carboxyvinyltransferase OS=Nostoc punctiforme (strain ATCC 29133 / PCC 73102) OX=63737 GN=aroA PE=3 SV=1
g2367	92.6	0.1737	-0.087	0.9621	sp|B7N8Q7|MHPD_ECOLU 2-keto-4-pentenoate hydratase OS=Escherichia coli O17:K52:H18 (strain UMN026 / ExPEC) OX=585056 GN=mhpD PE=3 SV=1
g6483	105.6	0.2457	-0.217	0.8802	sp|O75716|STK16_HUMAN Serine/threonine-protein kinase 16 OS=Homo sapiens OX=9606 GN=STK16 PE=1 SV=4
g947	81.7	0.1146	0.141	0.9442	sp|O26153|IPK_METTH Isopentenyl phosphate kinase OS=Methanothermobacter thermautotrophicus (strain ATCC 29096 / DSM 1053 / JCM 10044 / NBRC 100330 / Delta H) OX=187420 GN=MTH_47 PE=1 SV=1
g14835	103.3	0.2329	-0.472	0.6509	sp|Q8MMZ7|KGP_TOXGO cGMP-dependent protein kinase OS=Toxoplasma gondii OX=5811 GN=PKG PE=1 SV=1
g9437	104.1	0.2377	-0.174	0.9205	
g10886	102.7	0.2300	0.324	0.7728	sp|K4BW79|ENOX_SOLLC 2-methylene-furan-3-one reductase OS=Solanum lycopersicum OX=4081 GN=EO PE=1 SV=1
g15460	110.3	0.2721	-0.178	0.9165	
g10738	106.9	0.2539	0.102	0.9530	sp|O67893|Y2135_AQUAE Uncharacterized protein aq_2135 OS=Aquifex aeolicus (strain VF5) OX=224324 GN=aq_2135 PE=3 SV=1
g13201	86.0	0.1395	-0.075	0.9694	
g6560	106.4	0.2515	-0.061	0.9713	
g1405	100.2	0.2176	0.027	0.9881	sp|O42636|CIA30_NEUCR Complex I intermediate-associated protein 30, mitochondrial OS=Neurospora crassa (strain ATCC 24698 / 74-OR23-1A / CBS 708.71 / DSM 1257 / FGSC 987) OX=367110 GN=cia30 PE=1 SV=1
g2169	213.3	0.8398	0.121	0.9474	sp|I7M9J2|DYH4_TETTS Dynein axonemal heavy chain beta OS=Tetrahymena thermophila (strain SB210) OX=312017 GN=TTHERM_00499300 PE=1 SV=1
g1698	113.2	0.2895	0.416	0.6900	
g10349	112.5	0.2860	0.102	0.9570	
g6563	83.5	0.1264	-0.134	0.9443	sp|A2AL36|CNTRL_MOUSE Centriolin OS=Mus musculus OX=10090 GN=Cntrl PE=1 SV=2
g1062	189.9	0.7126	-0.063	0.9810	
g7065	90.6	0.1657	-0.172	0.9225	sp|Q0IIH8|MINY3_BOVIN Ubiquitin carboxyl-terminal hydrolase MINDY-3 OS=Bos taurus OX=9913 GN=MINDY3 PE=2 SV=1
g6427	86.8	0.1448	0.279	0.8527	sp|Q8RWR1|JMJ30_ARATH Lysine-specific demethylase JMJ30 OS=Arabidopsis thaliana OX=3702 GN=JMJ30 PE=1 SV=1
g802	88.8	0.1559	0.044	0.9831	
g138	88.5	0.1546	0.165	0.9262	sp|Q5ZHW4|RAB5B_CHICK Ras-related protein Rab-5B OS=Gallus gallus OX=9031 GN=RAB5B PE=2 SV=1
g2458	94.8	0.1894	0.357	0.7459	sp|B7J7X8|DNAJ_ACIF2 Chaperone protein DnaJ OS=Acidithiobacillus ferrooxidans (strain ATCC 23270 / DSM 14882 / CIP 104768 / NCIMB 8455) OX=243159 GN=dnaJ PE=3 SV=1
g7308	72.0	0.0641	-0.050	0.9831	
g15417	98.9	0.2124	-0.316	0.7884	
g7345	108.0	0.2629	-0.015	0.9926	
g9073	102.3	0.2311	0.232	0.8713	sp|B3P5D3|PTC71_DROER Protein phosphatase PTC7 homolog fig OS=Drosophila erecta OX=7220 GN=fig PE=3 SV=1
g484	249.6	1.0446	2.819	0.2513	sp|P44263|Y1586_HAEIN Uncharacterized protein HI_1586 OS=Haemophilus influenzae (strain ATCC 51907 / DSM 11121 / KW20 / Rd) OX=71421 GN=HI_1586 PE=4 SV=1
g10730	101.7	0.2282	-0.344	0.7547	sp|O59763|OCA2_SCHPO Serine/threonine-protein kinase oca2 OS=Schizosaccharomyces pombe (strain 972 / ATCC 24843) OX=284812 GN=oca2 PE=1 SV=1
g2223	123.4	0.3479	-0.939	0.1497	
g2579	110.7	0.2779	-0.202	0.9135	
g9618	81.0	0.1141	0.119	0.9509	
g3545	103.0	0.2359	-0.195	0.9210	
g2524	91.8	0.1742	0.082	0.9666	sp|Q64398|DGKH_MESAU Diacylglycerol kinase eta OS=Mesocricetus auratus OX=10036 GN=DGKH PE=1 SV=1
g9961	108.1	0.2641	0.480	0.6001	sp|Q2UQH4|GWT1_ASPOR GPI-anchored wall transfer protein 1 OS=Aspergillus oryzae (strain ATCC 42149 / RIB 40) OX=510516 GN=gwt1 PE=3 SV=1
g9636	130.6	0.3890	0.349	0.7067	sp|P9WGP8|SADH_MYCTO Putative oxidoreductase SadH OS=Mycobacterium tuberculosis (strain CDC 1551 / Oshkosh) OX=83331 GN=sadH PE=3 SV=1
g1428	86.7	0.1468	0.168	0.9305	sp|P94400|YCIC_BACSU Zinc chaperone YciC OS=Bacillus subtilis (strain 168) OX=224308 GN=yciC PE=2 SV=1
g9539	76.3	0.0892	0.064	0.9740	
g16048	91.0	0.1704	0.072	0.9691	
g7195	102.1	0.2320	-0.046	0.9848	
g13974	86.5	0.1462	0.235	0.8762	
g10217	84.4	0.1347	0.376	0.7430	sp|Q503Y4|OVCA2_DANRE Esterase OVCA2 OS=Danio rerio OX=7955 GN=ovca2 PE=2 SV=1
g5777	102.6	0.2358	0.288	0.8333	
g14968	92.2	0.1789	0.463	0.6333	
g13656	110.9	0.2830	0.594	0.4307	sp|Q5CZL1|GDAP2_XENTR Ganglioside-induced differentiation-associated protein 2 OS=Xenopus tropicalis OX=8364 PE=2 SV=1
g7008	101.4	0.2304	-0.173	0.9177	sp|Q8P3X4|DUSA_XANCP tRNA-dihydrouridine(20/20a) synthase OS=Xanthomonas campestris pv. campestris (strain ATCC 33913 / DSM 3586 / NCPPB 528 / LMG 568 / P 25) OX=190485 GN=dusA PE=3 SV=1
g14181	100.3	0.2245	0.119	0.9470	sp|Q9QZB9|DCTN5_MOUSE Dynactin subunit 5 OS=Mus musculus OX=10090 GN=Dctn5 PE=1 SV=1
g9973	96.1	0.2020	-0.036	0.9848	
g2736	83.4	0.1310	-0.078	0.9685	
g3353	79.3	0.1084	-0.201	0.9119	sp|Q9H6R0|DHX33_HUMAN ATP-dependent RNA helicase DHX33 OS=Homo sapiens OX=9606 GN=DHX33 PE=1 SV=2
g16040	101.3	0.2315	0.300	0.8152	sp|Q9FNI6|SM3L2_ARATH DNA repair protein RAD5A OS=Arabidopsis thaliana OX=3702 GN=RAD5A PE=1 SV=1
g11687	91.2	0.1754	0.168	0.9210	sp|B2GUY0|MA1B1_RAT Endoplasmic reticulum mannosyl-oligosaccharide 1,2-alpha-mannosidase OS=Rattus norvegicus OX=10116 GN=Man1b1 PE=2 SV=2
g14329	102.6	0.2402	0.546	0.4748	sp|Q9V8W3|RABEP_DROME Rab proteins geranylgeranyltransferase component A OS=Drosophila melanogaster OX=7227 GN=Rep PE=1 SV=1
g2313	94.3	0.1939	0.414	0.7168	sp|P28745|RCC1_SCHPO Protein pim1 OS=Schizosaccharomyces pombe (strain 972 / ATCC 24843) OX=284812 GN=pim1 PE=1 SV=2
g5844	81.5	0.1229	-0.247	0.8777	
g5564	92.2	0.1833	0.197	0.9135	
g1069	120.0	0.3388	-0.301	0.8376	
g4893	78.5	0.1069	-0.048	0.9831	sp|Q9CWR2|SMYD3_MOUSE Histone-lysine N-methyltransferase SMYD3 OS=Mus musculus OX=10090 GN=Smyd3 PE=2 SV=1
g4337	106.7	0.2652	-0.125	0.9439	sp|Q9FF46|AB28G_ARATH ABC transporter G family member 28 OS=Arabidopsis thaliana OX=3702 GN=ABCG28 PE=3 SV=1
g6090	87.1	0.1551	0.434	0.6741	
g1826	89.1	0.1666	-0.094	0.9614	
g5529	86.5	0.1520	-0.070	0.9713	
g13818	100.8	0.2324	-0.244	0.8703	
g1145	93.8	0.1934	-0.226	0.8822	sp|Q64J17|PIMT2_ARATH Protein-L-isoaspartate O-methyltransferase 2 OS=Arabidopsis thaliana OX=3702 GN=PIMT2 PE=1 SV=1
g2355	84.1	0.1394	-0.274	0.8457	sp|B1LJ04|CBPA_ECOSM Curved DNA-binding protein OS=Escherichia coli (strain SMS-3-5 / SECEC) OX=439855 GN=cbpA PE=3 SV=1
g13758	131.2	0.4039	0.518	0.5453	sp|Q55EC7|GEFX_DICDI RasGEF domain-containing serine/threonine-protein kinase X OS=Dictyostelium discoideum OX=44689 GN=gefX PE=2 SV=1
g11532	97.9	0.2171	0.089	0.9659	sp|Q8VCE6|NT5M_MOUSE 5'(3')-deoxyribonucleotidase, mitochondrial OS=Mus musculus OX=10090 GN=Nt5m PE=1 SV=1
g4980	99.3	0.2252	0.063	0.9725	sp|Q9M041|BH140_ARATH Transcription factor bHLH140 OS=Arabidopsis thaliana OX=3702 GN=BHLH140 PE=3 SV=1
g3331	150.9	0.5157	0.570	0.3711	sp|O94680|PDAT_SCHPO Phospholipid:diacylglycerol acyltransferase OS=Schizosaccharomyces pombe (strain 972 / ATCC 24843) OX=284812 GN=plh1 PE=1 SV=2
g9899	122.2	0.3543	-0.220	0.8710	sp|O35459|ECH1_MOUSE Delta(3,5)-Delta(2,4)-dienoyl-CoA isomerase, mitochondrial OS=Mus musculus OX=10090 GN=Ech1 PE=1 SV=1
g2485	78.9	0.1107	0.091	0.9661	sp|A6H791|TRM61_BOVIN tRNA (adenine(58)-N(1))-methyltransferase catalytic subunit TRMT61A OS=Bos taurus OX=9913 GN=TRMT61A PE=2 SV=1
g3285	101.5	0.2383	0.647	0.3531	
g5716	168.6	0.6166	0.858	0.1985	
g11328	86.1	0.1523	0.111	0.9537	sp|A6NNY8|UBP27_HUMAN Ubiquitin carboxyl-terminal hydrolase 27 OS=Homo sapiens OX=9606 GN=USP27X PE=1 SV=3
g3630	77.9	0.1060	-0.020	0.9921	
g7610	105.6	0.2624	-0.306	0.8484	
g2780	105.6	0.2627	-0.099	0.9621	
g9118	114.2	0.3117	0.219	0.8820	sp|D2HBV9|SR5A3_AILME Polyprenal reductase OS=Ailuropoda melanoleuca OX=9646 GN=SRD5A3 PE=3 SV=1
g6756	101.3	0.2391	0.590	0.4214	
g4680	85.8	0.1522	-0.326	0.7966	sp|Q9FWW9|GSXL2_ARATH Flavin-containing monooxygenase FMO GS-OX-like 2 OS=Arabidopsis thaliana OX=3702 GN=At1g12200 PE=2 SV=1
g13244	116.5	0.3255	0.165	0.9210	
g14066	84.1	0.1424	0.191	0.9135	sp|Q1ZXG8|D1060_DICDI Probable tyrosine-protein phosphatase DG1060 OS=Dictyostelium discoideum OX=44689 GN=DG1060 PE=3 SV=1
g14312	114.0	0.3129	-0.009	0.9954	sp|P49247|RPIA_HUMAN Ribose-5-phosphate isomerase OS=Homo sapiens OX=9606 GN=RPIA PE=1 SV=3
g4663	108.3	0.2809	0.260	0.8333	
g323	88.8	0.1701	0.120	0.9509	
g14369	118.5	0.3395	-0.364	0.7219	sp|Q6M9M7|Y1998_PARUW Uncharacterized RNA methyltransferase pc1998 OS=Protochlamydia amoebophila (strain UWE25) OX=264201 GN=pc1998 PE=3 SV=1
g8626	119.1	0.3430	0.579	0.5759	
g7971	107.7	0.2781	-0.558	0.5622	sp|Q8C9A2|ENDOV_MOUSE Endonuclease V OS=Mus musculus OX=10090 GN=Endov PE=1 SV=2
g2856	75.5	0.0958	0.085	0.9673	sp|Q6B966|NAL14_MOUSE NACHT, LRR and PYD domains-containing protein 14 OS=Mus musculus OX=10090 GN=Nlrp14 PE=1 SV=2
g551	74.4	0.0893	0.115	0.9543	
g5174	74.9	0.0925	-0.158	0.9362	sp|Q1JQ91|RPB4_BOVIN DNA-directed RNA polymerase II subunit RPB4 OS=Bos taurus OX=9913 GN=POLR2D PE=1 SV=1
g7499	108.8	0.2853	0.097	0.9614	sp|Q8MKL1|U598_DROME UPF0598 protein CG30010 OS=Drosophila melanogaster OX=7227 GN=CG30010 PE=2 SV=2
g2776	94.3	0.2031	0.407	0.7006	
g4717	119.5	0.3463	0.257	0.8532	sp|Q8WXW3|PIBF1_HUMAN Progesterone-induced-blocking factor 1 OS=Homo sapiens OX=9606 GN=PIBF1 PE=1 SV=2
g10268	99.3	0.2319	0.359	0.7811	sp|Q9NVI1|FANCI_HUMAN Fanconi anemia group I protein OS=Homo sapiens OX=9606 GN=FANCI PE=1 SV=4
g10272	100.0	0.2363	-0.354	0.7593	
g1774	87.5	0.1659	0.198	0.9076	sp|Q4G073|TRDMT_RAT tRNA (cytosine(38)-C(5))-methyltransferase OS=Rattus norvegicus OX=10116 GN=Trdmt1 PE=2 SV=1
g8977	91.7	0.1905	-0.431	0.6989	
g1622	97.4	0.2229	0.177	0.9264	sp|Q8N5T2|TBC19_HUMAN TBC1 domain family member 19 OS=Homo sapiens OX=9606 GN=TBC1D19 PE=1 SV=2
g8991	81.5	0.1323	0.122	0.9509	sp|Q9DC48|PRP17_MOUSE Pre-mRNA-processing factor 17 OS=Mus musculus OX=10090 GN=Cdc40 PE=1 SV=1
g14702	93.5	0.2016	-0.550	0.5119	sp|Q5M843|OGFD3_RAT 2-oxoglutarate and iron-dependent oxygenase domain-containing protein 3 OS=Rattus norvegicus OX=10116 GN=Ogfod3 PE=2 SV=1
g1588	132.4	0.4241	0.543	0.4670	sp|P0C0R3|LIP_STAEP Lipase OS=Staphylococcus epidermidis OX=1282 GN=lip PE=1 SV=1
g585	97.1	0.2225	0.430	0.6924	sp|O95199|RCBT2_HUMAN RCC1 and BTB domain-containing protein 2 OS=Homo sapiens OX=9606 GN=RCBTB2 PE=1 SV=1
g11202	111.5	0.3051	-0.380	0.7217	sp|Q9W4J5|NEP1_DROME Ribosomal RNA small subunit methyltransferase NEP1 OS=Drosophila melanogaster OX=7227 GN=CG3527 PE=3 SV=2
g7920	118.1	0.3428	-1.007	0.0691	sp|Q6DBY2|NAA50_DANRE N-alpha-acetyltransferase 50 OS=Danio rerio OX=7955 GN=naa50 PE=1 SV=1
g628	88.0	0.1708	-0.351	0.7874	sp|Q5RBH8|ITFG2_PONAB KICSTOR complex protein ITFG2 OS=Pongo abelii OX=9601 GN=ITFG2 PE=2 SV=1
g9715	93.5	0.2026	0.547	0.5026	
g12404	147.4	0.5115	-0.886	0.0721	
g13434	77.5	0.1116	0.058	0.9773	sp|Q7T293|SDE2_DANRE Splicing regulator SDE2 OS=Danio rerio OX=7955 GN=sde2 PE=2 SV=2
g2622	119.0	0.3500	-0.337	0.8417	
g15243	92.4	0.1971	0.523	0.5515	sp|Q8K2M3|SRR1L_MOUSE SRR1-like protein OS=Mus musculus OX=10090 GN=Srrd PE=2 SV=4
g14012	89.3	0.1798	-0.099	0.9614	sp|P23412|PROF_TETPY Profilin OS=Tetrahymena pyriformis OX=5908 PE=2 SV=1
g1680	114.1	0.3232	-0.379	0.7470	sp|Q54YG9|TCEA1_DICDI Transcription elongation factor A protein 1 OS=Dictyostelium discoideum OX=44689 GN=tcea1 PE=3 SV=1
g4964	99.8	0.2408	-0.127	0.9504	sp|O26884|THIOL_METTH Acetyl-CoA acetyltransferase OS=Methanothermobacter thermautotrophicus (strain ATCC 29096 / DSM 1053 / JCM 10044 / NBRC 100330 / Delta H) OX=187420 GN=MTH_793 PE=3 SV=1
g4323	107.4	0.2849	-0.294	0.8519	
g4265	85.5	0.1587	0.369	0.7577	
g1186	85.1	0.1565	-0.395	0.7319	
g747	90.1	0.1854	0.221	0.9078	sp|Q93ZE9|SFH3_ARATH Phosphatidylinositol/phosphatidylcholine transfer protein SFH3 OS=Arabidopsis thaliana OX=3702 GN=SFH3 PE=2 SV=1
g10476	83.1	0.1457	-0.332	0.7894	
g1246	114.2	0.3247	0.615	0.3685	sp|O13871|YE16_SCHPO Uncharacterized methyltransferase C1B3.06c OS=Schizosaccharomyces pombe (strain 972 / ATCC 24843) OX=284812 GN=SPAC1B3.06c PE=3 SV=1
g9363	136.5	0.4540	-0.338	0.7351	sp|O81769|DPH5_ARATH Probable diphthine methyl ester synthase OS=Arabidopsis thaliana OX=3702 GN=At4g31790 PE=2 SV=1
g7658	103.5	0.2642	-0.213	0.8809	sp|Q69ZK0|PREX1_MOUSE Phosphatidylinositol 3,4,5-trisphosphate-dependent Rac exchanger 1 protein OS=Mus musculus OX=10090 GN=Prex1 PE=1 SV=2
g14078	131.1	0.4235	0.723	0.1888	sp|Q6SSJ3|ILVB_CRYN9 Acetolactate synthase, mitochondrial OS=Cryptococcus neoformans (strain H99 / ATCC 208821 / CBS 10515 / FGSC 9487) OX=235443 GN=ILV2 PE=3 SV=1
g4479	76.5	0.1085	0.020	0.9921	
g4643	127.8	0.4049	0.087	0.9614	sp|Q8C3Y4|KNTC1_MOUSE Kinetochore-associated protein 1 OS=Mus musculus OX=10090 GN=Kntc1 PE=1 SV=2
g11832	83.0	0.1464	0.101	0.9609	sp|Q6GP62|VPS29_XENLA Vacuolar protein sorting-associated protein 29 OS=Xenopus laevis OX=8355 GN=vps29 PE=2 SV=1
g13938	115.0	0.3320	0.312	0.8296	
g9426	93.7	0.2086	0.546	0.5064	
g14727	84.5	0.1554	-0.011	0.9946	
g9837	134.1	0.4428	-0.336	0.7685	sp|O14777|NDC80_HUMAN Kinetochore protein NDC80 homolog OS=Homo sapiens OX=9606 GN=NDC80 PE=1 SV=1
g927	103.1	0.2634	-0.410	0.6835	sp|Q9VHS8|IF4A3_DROME Eukaryotic initiation factor 4A-III OS=Drosophila melanogaster OX=7227 GN=CG7483 PE=1 SV=1
g3668	82.0	0.1413	0.218	0.9051	
g7366	90.7	0.1921	0.367	0.7606	sp|P26235|NAPA_ENTHR Na(+)/H(+) antiporter OS=Enterococcus hirae OX=1354 GN=napA PE=1 SV=1
g1982	136.6	0.4579	-1.030	0.1048	sp|Q2JL77|RL36_SYNJB Large ribosomal subunit protein bL36 OS=Synechococcus sp. (strain JA-2-3B'a(2-13)) OX=321332 GN=rpmJ PE=3 SV=1
g4671	126.3	0.3985	-0.246	0.8563	
g11599	90.0	0.1883	0.070	0.9694	sp|A2VE47|ADPGK_BOVIN ADP-dependent glucokinase OS=Bos taurus OX=9913 GN=ADPGK PE=2 SV=1
g7013	102.3	0.2597	0.285	0.8549	sp|P87055|YDJ7_SCHPO Uncharacterized protein C57A10.07 OS=Schizosaccharomyces pombe (strain 972 / ATCC 24843) OX=284812 GN=SPAC57A10.07 PE=4 SV=1
g14343	126.9	0.4028	0.852	0.1007	sp|Q91VI7|RINI_MOUSE Ribonuclease inhibitor OS=Mus musculus OX=10090 GN=Rnh1 PE=1 SV=1
g11341	103.5	0.2682	-0.089	0.9614	sp|Q9VIZ0|RPAC2_DROME DNA-directed RNA polymerases I and III subunit RPAC2 OS=Drosophila melanogaster OX=7227 GN=Polr1D PE=1 SV=1
g12880	89.9	0.1892	0.295	0.8393	
g290	86.9	0.1721	-0.125	0.9474	
g9163	103.1	0.2660	0.034	0.9848	
g4712	117.7	0.3525	-0.856	0.1713	sp|O54748|STK3_RAT Serine/threonine-protein kinase 3 OS=Rattus norvegicus OX=10116 GN=Stk3 PE=1 SV=1
g14064	88.3	0.1813	0.082	0.9679	
g566	86.5	0.1708	0.078	0.9685	
g2701	82.6	0.1480	0.197	0.9139	sp|Q3V0M2|LRC36_MOUSE Leucine-rich repeat-containing protein 36 OS=Mus musculus OX=10090 GN=Lrrc36 PE=1 SV=2
g8412	85.0	0.1624	0.260	0.8704	
g1388	94.8	0.2197	0.520	0.5296	
g1943	88.2	0.1812	0.077	0.9689	
g15671	102.8	0.2667	0.148	0.9474	sp|O05218|YWRD_BACSU Glutathione hydrolase-like YwrD proenzyme OS=Bacillus subtilis (strain 168) OX=224308 GN=ywrD PE=1 SV=1
g13841	170.6	0.6626	0.335	0.7091	sp|Q08890|IDS_MOUSE Iduronate 2-sulfatase OS=Mus musculus OX=10090 GN=Ids PE=2 SV=3
g11360	95.6	0.2253	-0.321	0.7841	
g49	78.6	0.1263	-0.116	0.9509	sp|P0AF25|NAGD_ECO57 Ribonucleotide monophosphatase NagD OS=Escherichia coli O157:H7 OX=83334 GN=nagD PE=3 SV=1
g10135	106.6	0.2907	-0.224	0.9126	sp|Q8RB32|GDPD_CALS4 Glycerophosphodiester phosphodiesterase OS=Caldanaerobacter subterraneus subsp. tengcongensis (strain DSM 15242 / JCM 11007 / NBRC 100824 / MB4) OX=273068 GN=UgpQ PE=1 SV=1
g6442	156.2	0.5812	0.549	0.5200	sp|O32134|YUNE_BACSU Probable membrane transporter protein YunE OS=Bacillus subtilis (strain 168) OX=224308 GN=yunE PE=3 SV=1
g442	112.2	0.3238	0.026	0.9899	sp|Q6DHC3|S2540_DANRE Mitochondrial glutathione transporter SLC25A40 OS=Danio rerio OX=7955 GN=slc25a40 PE=2 SV=1
g2332	77.8	0.1229	0.082	0.9689	sp|Q2KJ22|MINY1_BOVIN Ubiquitin carboxyl-terminal hydrolase MINDY-1 OS=Bos taurus OX=9913 GN=MINDY1 PE=2 SV=1
g12853	89.4	0.1908	-0.416	0.6888	sp|Q54KL5|WDR5_DICDI WD repeat-containing protein 5 homolog OS=Dictyostelium discoideum OX=44689 GN=wdr5 PE=3 SV=1
g7725	135.7	0.4629	0.081	0.9614	sp|Q5ZJ60|HIBCH_CHICK 3-hydroxyisobutyryl-CoA hydrolase, mitochondrial OS=Gallus gallus OX=9031 GN=HIBCH PE=2 SV=1
g10322	120.8	0.3760	0.465	0.5604	sp|O14044|PNO1_SCHPO Pre-rRNA-processing protein pno1 OS=Schizosaccharomyces pombe (strain 972 / ATCC 24843) OX=284812 GN=rbp28 PE=1 SV=2
g14964	100.5	0.2572	0.339	0.7694	sp|P39953|YEA6_YEAST Mitochondrial nicotinamide adenine dinucleotide transporter 2 OS=Saccharomyces cerevisiae (strain ATCC 204508 / S288c) OX=559292 GN=YEA6 PE=1 SV=1
g9289	98.3	0.2444	0.569	0.5467	sp|E8T3K9|RLIG_THEA1 Putative RNA ligase OS=Thermovibrio ammonificans (strain DSM 15698 / JCM 12110 / HB-1) OX=648996 GN=Theam_0167 PE=1 SV=1
g7697	87.1	0.1794	0.487	0.6162	sp|B3MF31|ANM7_DROAN Protein arginine N-methyltransferase 7 OS=Drosophila ananassae OX=7217 GN=Art7 PE=3 SV=1
g9583	115.7	0.3472	-0.574	0.5258	sp|P38656|LA_RAT Lupus La protein homolog OS=Rattus norvegicus OX=10116 GN=Ssb PE=1 SV=1
g16017	85.6	0.1704	-0.123	0.9482	sp|Q59641|PPIA_PSEAE Peptidyl-prolyl cis-trans isomerase A OS=Pseudomonas aeruginosa (strain ATCC 15692 / DSM 22644 / CIP 104116 / JCM 14847 / LMG 12228 / 1C / PRS 101 / PAO1) OX=208964 GN=ppiA PE=3 SV=2
g1175	91.8	0.2072	0.267	0.8739	sp|Q9VHI4|SF3B5_DROME Splicing factor 3B subunit 5 OS=Drosophila melanogaster OX=7227 GN=Sf3b5 PE=1 SV=1
g14900	104.8	0.2845	-0.309	0.8097	
g4830	116.4	0.3532	0.417	0.6428	sp|Q9HXM1|HDAH_PSEAE Histone deacetylase-like amidohydrolase OS=Pseudomonas aeruginosa (strain ATCC 15692 / DSM 22644 / CIP 104116 / JCM 14847 / LMG 12228 / 1C / PRS 101 / PAO1) OX=208964 GN=PA3774 PE=1 SV=1
g3893	92.2	0.2103	0.576	0.4748	
g15556	94.4	0.2232	-0.640	0.3690	
g15550	84.5	0.1651	-0.163	0.9362	
g14840	85.7	0.1725	0.159	0.9323	sp|D2H8V8|DCR1B_AILME 5' exonuclease Apollo OS=Ailuropoda melanoleuca OX=9646 GN=DCLRE1B PE=3 SV=1
g8558	88.9	0.1918	0.276	0.8415	sp|O74773|MSH2_SCHPO DNA mismatch repair protein msh2 OS=Schizosaccharomyces pombe (strain 972 / ATCC 24843) OX=284812 GN=msh2 PE=3 SV=2
g11923	77.6	0.1251	-0.260	0.8703	
g4563	75.0	0.1103	0.229	0.8909	sp|Q4V8K2|CTBL1_RAT Beta-catenin-like protein 1 OS=Rattus norvegicus OX=10116 GN=Ctnnbl1 PE=1 SV=1
g11467	84.8	0.1690	0.143	0.9433	
g9159	74.6	0.1086	-0.149	0.9433	sp|Q8GUN6|DNJ50_ARATH Chaperone protein dnaJ 50 OS=Arabidopsis thaliana OX=3702 GN=C50 PE=2 SV=1
g10241	105.5	0.2917	-0.248	0.8640	sp|P23744|SODF_METJ Superoxide dismutase [Mn/Fe] OS=Methylomonas sp. (strain J) OX=32038 GN=sodB PE=1 SV=1
g12854	76.0	0.1175	-0.022	0.9910	sp|Q23256|WDR53_CAEEL WD repeat-containing protein wdr-5.3 OS=Caenorhabditis elegans OX=6239 GN=wdr-5.3 PE=3 SV=1
g12324	85.7	0.1748	0.307	0.8249	sp|P93043|VPS41_ARATH Vacuolar protein sorting-associated protein 41 homolog OS=Arabidopsis thaliana OX=3702 GN=VPS41 PE=1 SV=3
g13897	70.1	0.0824	-0.124	0.9517	sp|Q8NFH3|NUP43_HUMAN Nucleoporin Nup43 OS=Homo sapiens OX=9606 GN=NUP43 PE=1 SV=1
g4280	85.6	0.1745	0.027	0.9881	sp|Q90678|PAFA_CHICK Platelet-activating factor acetylhydrolase OS=Gallus gallus OX=9031 GN=PLA2G7 PE=2 SV=1
g684	69.2	0.0770	-0.056	0.9807	
g7475	77.7	0.1274	-0.096	0.9627	sp|P0CN80|SLX1_CRYD1 Structure-specific endonuclease subunit SLX1 OS=Cryptococcus deneoformans (strain JEC21 / ATCC MYA-565) OX=214684 GN=SLX1 PE=3 SV=1
g6976	266.3	1.2467	1.645	0.0523	
g1311	134.0	0.4620	-0.631	0.3395	sp|P09471|GNAO_HUMAN Guanine nucleotide-binding protein G(o) subunit alpha OS=Homo sapiens OX=9606 GN=GNAO1 PE=1 SV=4
g4133	97.1	0.2432	-0.367	0.7552	
g6869	80.3	0.1435	0.238	0.8875	
g15834	89.8	0.2005	0.116	0.9509	
g7417	86.9	0.1836	-0.327	0.8162	sp|B3CSS9|ATPA_ORITI ATP synthase subunit alpha OS=Orientia tsutsugamushi (strain Ikeda) OX=334380 GN=atpA PE=3 SV=1
g9747	93.8	0.2248	0.247	0.8659	sp|Q6FFF7|NIAP_ACIAD Niacin transporter NiaP OS=Acinetobacter baylyi (strain ATCC 33305 / BD413 / ADP1) OX=62977 GN=niaP PE=1 SV=1
g14049	80.7	0.1469	0.175	0.9272	sp|P46871|KRP95_STRPU Kinesin-II 95 kDa subunit OS=Strongylocentrotus purpuratus OX=7668 GN=KRP95 PE=1 SV=1
g15698	124.6	0.4089	-0.251	0.8752	sp|Q8MJ30|DHPR_PIG Dihydropteridine reductase OS=Sus scrofa OX=9823 GN=QDPR PE=2 SV=1
g12447	82.8	0.1598	0.139	0.9474	
g10616	125.1	0.4138	0.653	0.4636	
g10644	89.6	0.2018	-0.053	0.9785	
g16035	81.3	0.1524	-0.014	0.9936	sp|P0C027|NUD10_MOUSE Diphosphoinositol polyphosphate phosphohydrolase 3-alpha OS=Mus musculus OX=10090 GN=Nudt10 PE=1 SV=1
g12200	81.4	0.1528	0.112	0.9540	sp|A0A0X1KHF9|RPH_LISMF Rifampicin phosphotransferase OS=Listeria monocytogenes serotype 4b (strain F2365) OX=265669 GN=rph PE=1 SV=2
g3117	92.7	0.2207	-0.152	0.9433	
g13305	142.8	0.5214	-0.377	0.7296	sp|Q17N71|CLU_AEDAE Clustered mitochondria protein homolog OS=Aedes aegypti OX=7159 GN=AAEL000794 PE=3 SV=1
g6092	123.9	0.4085	-0.157	0.9362	sp|P46875|KN14N_ARATH Kinesin-like protein KIN-14N OS=Arabidopsis thaliana OX=3702 GN=KIN14N PE=1 SV=1
g7168	104.7	0.2933	0.371	0.7673	sp|Q54VV7|Y0111_DICDI Probable serine/threonine-protein kinase DDB_G0280111 OS=Dictyostelium discoideum OX=44689 GN=DDB_G0280111 PE=3 SV=1
g14919	84.5	0.1729	0.123	0.9509	sp|Q9NNW5|WDR6_HUMAN tRNA (34-2'-O)-methyltransferase regulator WDR6 OS=Homo sapiens OX=9606 GN=WDR6 PE=1 SV=1
g12906	75.6	0.1199	-0.192	0.9147	sp|Q9WTK5|NFKB2_MOUSE Nuclear factor NF-kappa-B p100 subunit OS=Mus musculus OX=10090 GN=Nfkb2 PE=1 SV=1
g10846	88.8	0.1989	-0.461	0.6570	sp|Q9QXA5|LSM4_MOUSE U6 snRNA-associated Sm-like protein LSm4 OS=Mus musculus OX=10090 GN=Lsm4 PE=1 SV=1
g1583	118.1	0.3749	-1.072	0.0800	
g4560	89.9	0.2063	0.182	0.9210	
g1377	100.6	0.2718	-0.041	0.9848	
g11357	78.5	0.1397	0.162	0.9343	sp|Q2KID0|EXOS2_BOVIN Exosome complex component RRP4 OS=Bos taurus OX=9913 GN=EXOSC2 PE=2 SV=1
g14009	113.7	0.3516	0.446	0.5995	sp|Q6L5C4|P2C52_ORYSJ Probable protein phosphatase 2C 52 OS=Oryza sativa subsp. japonica OX=39947 GN=Os05g0587100 PE=2 SV=1
g10434	123.9	0.4130	0.007	0.9974	
g692	117.5	0.3752	0.786	0.2097	
g6385	111.1	0.3367	0.545	0.5245	sp|Q8ZIK1|RLUA_YERPE Dual-specificity RNA pseudouridine synthase RluA OS=Yersinia pestis OX=632 GN=rluA PE=3 SV=1
g10101	85.6	0.1835	-0.271	0.8683	sp|Q9Y333|LSM2_HUMAN U6 snRNA-associated Sm-like protein LSm2 OS=Homo sapiens OX=9606 GN=LSM2 PE=1 SV=1
g15975	101.4	0.2794	-0.003	0.9978	sp|Q7K566|BMCP_DROME Mitochondrial uncoupling protein Bmcp OS=Drosophila melanogaster OX=7227 GN=Bmcp PE=2 SV=1
g13959	69.8	0.0886	-0.028	0.9880	sp|Q0R4F1|PIF1_XENLA ATP-dependent DNA helicase PIF1 OS=Xenopus laevis OX=8355 GN=pif1 PE=2 SV=1
g4086	95.4	0.2428	-0.140	0.9479	
g6231	89.7	0.2088	-0.326	0.8153	
g9540	76.9	0.1316	0.341	0.7916	
g7175	90.5	0.2136	-0.207	0.9165	
g9418	94.3	0.2370	0.408	0.6835	
g7604	85.3	0.1836	0.209	0.9112	
g5909	154.3	0.6015	0.628	0.4944	
g15689	66.3	0.0687	0.024	0.9904	
g2595	78.0	0.1397	-0.297	0.8314	sp|Q9ZR07|FRDA_ARATH Frataxin, mitochondrial OS=Arabidopsis thaliana OX=3702 GN=FH PE=1 SV=2
g4645	93.6	0.2347	-0.082	0.9673	sp|Q6PAK3|ANM8_MOUSE Protein arginine N-methyltransferase 8 OS=Mus musculus OX=10090 GN=Prmt8 PE=1 SV=2
g15902	80.2	0.1535	-0.067	0.9750	sp|Q96CA5|BIRC7_HUMAN Baculoviral IAP repeat-containing protein 7 OS=Homo sapiens OX=9606 GN=BIRC7 PE=1 SV=2
g5070	69.1	0.0861	-0.068	0.9740	sp|P59114|CAPAM_MOUSE mRNA (2'-O-methyladenosine-N(6)-)-methyltransferase OS=Mus musculus OX=10090 GN=Pcif1 PE=1 SV=1
g11958	94.0	0.2379	-0.195	0.9210	
g8928	89.7	0.2124	-0.192	0.9179	sp|Q9CZ04|CSN7A_MOUSE COP9 signalosome complex subunit 7a OS=Mus musculus OX=10090 GN=Cops7a PE=1 SV=2
g12007	103.6	0.2970	0.002	0.9987	sp|Q9JMF7|DOPP1_MOUSE Dolichyldiphosphatase 1 OS=Mus musculus OX=10090 GN=Dolpp1 PE=2 SV=1
g171	95.8	0.2505	-0.145	0.9382	sp|Q165J6|RF2_ROSDO Peptide chain release factor 2 OS=Roseobacter denitrificans (strain ATCC 33942 / OCh 114) OX=375451 GN=prfB PE=3 SV=1
g15872	65.5	0.0665	0.078	0.9700	
g6670	192.9	0.8436	0.125	0.9614	
g6980	97.3	0.2605	-0.358	0.7378	sp|Q8BHT7|RGP1_MOUSE RAB6A-GEF complex partner protein 2 OS=Mus musculus OX=10090 GN=Rgp1 PE=2 SV=1
g12139	95.7	0.2509	-0.709	0.2793	sp|Q9Z336|DYLT1_RAT Dynein light chain Tctex-type 1 OS=Rattus norvegicus OX=10116 GN=Dynlt1 PE=1 SV=1
g12723	89.1	0.2108	-0.303	0.8333	sp|B2B3L4|MKAR_PODAN Very-long-chain 3-oxoacyl-CoA reductase OS=Podospora anserina (strain S / ATCC MYA-4624 / DSM 980 / FGSC 10383) OX=515849 GN=Pa_6_6580 PE=3 SV=2
g1450	74.9	0.1242	-0.170	0.9343	sp|A8QCE4|LST2_BRUMA Lateral signaling target protein 2 homolog OS=Brugia malayi OX=6279 GN=Bm5439 PE=3 SV=1
g1990	183.0	0.7844	-0.650	0.2624	sp|A0A0S2II38|C7A94_KALSE Beta-amyrin 28-monooxygenase OS=Kalopanax septemlobus OX=228393 GN=CYP716A94 PE=1 SV=1
g12040	112.1	0.3518	-0.766	0.1824	sp|Q44250|ATDA2_ACISP Gamma-glutamylanilide hydrolase OS=Acinetobacter sp. OX=472 GN=atdA2 PE=1 SV=1
g14048	83.5	0.1772	-0.152	0.9370	
g12543	83.7	0.1782	-0.165	0.9293	sp|Q54RV6|TPPC2_DICDI Trafficking protein particle complex subunit 2 OS=Dictyostelium discoideum OX=44689 GN=trappc2 PE=3 SV=1
g6076	85.6	0.1899	0.363	0.7554	
g9193	104.7	0.3070	-0.891	0.1199	sp|P90994|DJ11_CAEEL Glutathione-independent glyoxalase DJR-1.1 OS=Caenorhabditis elegans OX=6239 GN=djr-1.1 PE=1 SV=1
g14233	95.1	0.2488	0.393	0.7593	
g14457	73.2	0.1146	0.188	0.9186	
g6527	80.0	0.1565	0.091	0.9629	
g4459	74.6	0.1236	-0.167	0.9322	
g11576	112.0	0.3531	0.782	0.1913	sp|A6U025|NMO_STAA2 Probable nitronate monooxygenase OS=Staphylococcus aureus (strain JH1) OX=359787 GN=SaurJH1_0937 PE=3 SV=1
g1066	89.2	0.2133	0.237	0.8777	
g2843	97.5	0.2649	0.336	0.8040	
g10114	201.1	0.9009	0.128	0.9683	sp|O74468|SUMT_SCHPO Probable uroporphyrinogen-III C-methyltransferase OS=Schizosaccharomyces pombe (strain 972 / ATCC 24843) OX=284812 GN=SPCC1739.06c PE=2 SV=1
g9180	83.2	0.1778	-0.315	0.8284	
g12189	100.3	0.2827	0.317	0.8522	
g6812	84.0	0.1829	-0.195	0.9110	
g5527	90.7	0.2243	-0.628	0.4260	
g8631	90.2	0.2211	0.063	0.9752	
g6582	79.8	0.1574	0.117	0.9543	sp|Q6ZQF0|TOPB1_MOUSE DNA topoisomerase 2-binding protein 1 OS=Mus musculus OX=10090 GN=Topbp1 PE=1 SV=2
g13276	96.7	0.2615	0.354	0.7755	sp|A4IGF3|ATP23_DANRE Mitochondrial inner membrane protease ATP23 homolog OS=Danio rerio OX=7955 GN=atp23 PE=2 SV=1
g204	73.8	0.1203	-0.053	0.9823	sp|Q5XHZ9|PCH2_RAT Pachytene checkpoint protein 2 homolog OS=Rattus norvegicus OX=10116 GN=Trip13 PE=2 SV=1
g10429	117.8	0.3912	-0.514	0.5753	
g14818	86.1	0.1967	-0.060	0.9763	
g3751	95.9	0.2565	-0.623	0.4610	sp|Q6P7N4|HMCES_XENTR Abasic site processing protein HMCES OS=Xenopus tropicalis OX=8364 GN=hmces PE=2 SV=1
g4900	171.7	0.7233	-0.382	0.6831	sp|Q7XJ53|P2C35_ARATH Probable protein phosphatase 2C 35 OS=Arabidopsis thaliana OX=3702 GN=At3g06270 PE=2 SV=1
g166	84.5	0.1870	0.379	0.7551	sp|Q9Y535|RPC8_HUMAN DNA-directed RNA polymerase III subunit RPC8 OS=Homo sapiens OX=9606 GN=POLR3H PE=1 SV=1
g15696	85.2	0.1914	0.483	0.6244	
g8629	82.8	0.1765	0.448	0.6652	sp|Q9BRT8|ZNG1A_HUMAN Zinc-regulated GTPase metalloprotein activator 1A OS=Homo sapiens OX=9606 GN=ZNG1A PE=1 SV=1
g2155	80.3	0.1614	-0.199	0.9165	sp|Q6AXQ0|SAE1_RAT SUMO-activating enzyme subunit 1 OS=Rattus norvegicus OX=10116 GN=Sae1 PE=2 SV=1
g221	94.2	0.2472	-0.238	0.8949	sp|Q43470|1433B_HORVU 14-3-3-like protein B OS=Hordeum vulgare OX=4513 PE=2 SV=1
g1614	105.7	0.3183	0.260	0.8826	
g3890	96.1	0.2596	-0.632	0.3776	
g14476	111.3	0.3536	0.680	0.3138	
g6532	148.1	0.5800	-0.481	0.7447	
g11766	84.1	0.1857	0.294	0.8391	
g8727	98.4	0.2743	0.574	0.4742	sp|P53219|IMO32_YEAST Probable alcohol acetyltransferase OS=Saccharomyces cerevisiae (strain ATCC 204508 / S288c) OX=559292 GN=IMO32 PE=1 SV=1
g10652	89.0	0.2160	-0.120	0.9511	
g4809	94.8	0.2522	0.199	0.9001	
g8395	166.4	0.6939	-0.818	0.3561	
g5088	78.2	0.1495	0.121	0.9509	
g6701	76.9	0.1420	0.311	0.8226	sp|Q05AW9|SMG9_XENLA Nonsense-mediated mRNA decay factor SMG9 OS=Xenopus laevis OX=8355 GN=smg9 PE=2 SV=1
g5059	70.8	0.1043	0.104	0.9614	sp|Q3A370|KDSB_SYNC1 3-deoxy-manno-octulosonate cytidylyltransferase OS=Syntrophotalea carbinolica (strain DSM 2380 / NBRC 103641 / GraBd1) OX=338963 GN=kdsB PE=3 SV=1
g15416	96.1	0.2607	-0.515	0.5690	
g12840	90.2	0.2245	0.197	0.9110	
g15921	129.3	0.4667	1.044	0.0502	sp|F1ND48|FBH1_CHICK F-box DNA helicase 1 OS=Gallus gallus OX=9031 GN=FBH1 PE=2 SV=2
g2533	130.0	0.4727	0.014	0.9936	
g3037	74.2	0.1271	-0.072	0.9713	sp|Q9Y7P0|RISA_SCHPO Riboflavin synthase OS=Schizosaccharomyces pombe (strain 972 / ATCC 24843) OX=284812 GN=rib5 PE=1 SV=1
g11763	87.7	0.2108	-0.434	0.6888	sp|Q1LZH1|MARC2_BOVIN Mitochondrial amidoxime reducing component 2 OS=Bos taurus OX=9913 GN=MTARC2 PE=2 SV=1
g6512	87.1	0.2076	-0.141	0.9439	
g1177	84.7	0.1938	0.266	0.8797	sp|Q7Q9F6|KTU_ANOGA Protein kintoun OS=Anopheles gambiae OX=7165 GN=AGAP005250 PE=3 SV=4
g15219	126.8	0.4566	0.887	0.0702	sp|O01735|YC91_CAEEL Uncharacterized MFS-type transporter C09D4.1 OS=Caenorhabditis elegans OX=6239 GN=C09D4.1 PE=3 SV=2
g460	136.0	0.5144	0.520	0.6946	
g12318	70.7	0.1078	0.069	0.9740	sp|Q84VV6|HINT4_ARATH Bifunctional adenosine 5'-phosphosulfate phosphorylase/adenylylsulfatase HINT4 OS=Arabidopsis thaliana OX=3702 GN=HINT4 PE=1 SV=1
g11982	85.4	0.1995	-0.558	0.5223	sp|Q00IB6|CPL4_ARATH RNA polymerase II C-terminal domain phosphatase-like 4 OS=Arabidopsis thaliana OX=3702 GN=CPL4 PE=1 SV=1
g4604	105.6	0.3254	0.543	0.4889	sp|P82887|H2B_OLILU Histone H2B OS=Olisthodiscus luteus OX=83000 PE=1 SV=2
g3857	128.7	0.4700	0.273	0.8313	sp|B5FZA8|LYRM4_TAEGU LYR motif-containing protein 4 OS=Taeniopygia guttata OX=59729 GN=LYRM4 PE=3 SV=1
g14744	80.4	0.1683	-0.370	0.7729	sp|O06179|Y1533_MYCTU Putative monooxygenase Rv1533 OS=Mycobacterium tuberculosis (strain ATCC 25618 / H37Rv) OX=83332 GN=Rv1533 PE=1 SV=1
g1749	86.5	0.2065	0.264	0.8693	
g13619	90.2	0.2301	-0.497	0.6511	
g1744	123.3	0.4375	-0.710	0.4140	sp|Q8K4L3|SVIL_MOUSE Supervillin OS=Mus musculus OX=10090 GN=Svil PE=1 SV=1
g2421	79.8	0.1656	-0.263	0.8624	sp|Q3BWM5|MOAC_XANE5 Cyclic pyranopterin monophosphate synthase OS=Xanthomonas euvesicatoria pv. vesicatoria (strain 85-10) OX=316273 GN=moaC PE=3 SV=1
g10060	71.3	0.1127	0.059	0.9788	
g12632	124.2	0.4435	-0.529	0.6737	sp|P73623|Y1773_SYNY3 Putative quercetin 2,3-dioxygenase sll1773 OS=Synechocystis sp. (strain ATCC 27184 / PCC 6803 / Kazusa) OX=1111708 GN=sll1773 PE=3 SV=1
g15749	100.1	0.2931	0.748	0.3140	
g9626	76.4	0.1449	0.001	0.9993	
g7339	100.5	0.2957	0.351	0.7674	
g5983	88.5	0.2211	0.219	0.9058	sp|Q9RBP5|ISOH_RHOSX 1-hydroxy-2-glutathionyl-2-methyl-3-butene dehydrogenase OS=Rhodococcus sp. (strain AD45) OX=103808 GN=isoH PE=1 SV=1
g12339	81.7	0.1783	0.196	0.9110	
g11164	87.2	0.2128	0.195	0.9138	sp|Q4L970|COPA_STAHJ Copper-exporting P-type ATPase OS=Staphylococcus haemolyticus (strain JCSC1435) OX=279808 GN=copA PE=3 SV=1
g14165	107.5	0.3398	0.101	0.9557	sp|Q9VFH6|CEP78_DROME Protein Cep78 homolog OS=Drosophila melanogaster OX=7227 GN=CG7886 PE=2 SV=2
g2140	84.9	0.1983	-0.477	0.6294	sp|Q0WP96|PGR_ARATH Protein PGR OS=Arabidopsis thaliana OX=3702 GN=PGR PE=2 SV=1
g7413	80.8	0.1730	-0.240	0.8949	sp|Q14191|WRN_HUMAN Bifunctional 3'-5' exonuclease/ATP-dependent helicase WRN OS=Homo sapiens OX=9606 GN=WRN PE=1 SV=2
g9301	86.9	0.2113	-0.483	0.6549	
g4245	84.3	0.1955	0.164	0.9343	
g13203	86.9	0.2117	-0.463	0.6922	
g6849	73.4	0.1274	-0.272	0.8585	sp|Q12797|ASPH_HUMAN Aspartyl/asparaginyl beta-hydroxylase OS=Homo sapiens OX=9606 GN=ASPH PE=1 SV=3
g4460	95.7	0.2671	-0.490	0.6786	sp|Q60YT6|NEUFC_CAEBR Neuferricin homolog OS=Caenorhabditis briggsae OX=6238 GN=CBG18095 PE=3 SV=1
g10096	78.9	0.1618	0.316	0.8167	sp|C5A2S7|ENO_THEGJ Enolase OS=Thermococcus gammatolerans (strain DSM 15229 / JCM 11827 / EJ3) OX=593117 GN=eno PE=3 SV=1
g16029	77.9	0.1555	-0.004	0.9978	sp|Q86V88|MGDP1_HUMAN Magnesium-dependent phosphatase 1 OS=Homo sapiens OX=9606 GN=MDP1 PE=1 SV=1
g4885	72.8	0.1232	-0.098	0.9618	
g13898	74.4	0.1336	-0.098	0.9621	sp|Q52828|GSTA_RHILE Protein GstA OS=Rhizobium leguminosarum OX=384 GN=gstA PE=3 SV=1
g9986	103.0	0.3132	-0.320	0.7977	sp|P67586|SYW_BRUME Tryptophan--tRNA ligase OS=Brucella melitensis biotype 1 (strain ATCC 23456 / CCUG 17765 / NCTC 10094 / 16M) OX=224914 GN=trpS PE=3 SV=1
g9220	85.0	0.2007	0.536	0.5560	
g15006	69.8	0.1051	-0.037	0.9849	sp|Q38899|ORC2_ARATH Origin of replication complex subunit 2 OS=Arabidopsis thaliana OX=3702 GN=ORC2 PE=1 SV=1
g1285	89.2	0.2268	-0.154	0.9370	sp|Q0MXD1|CENPA_MILFA Histone H3-like centromeric protein CSE4 OS=Millerozyma farinosa OX=4920 GN=CSE4 PE=3 SV=1
g9619	101.2	0.3028	-0.420	0.6574	sp|Q9Y3D0|CIA2B_HUMAN Cytosolic iron-sulfur assembly component 2B OS=Homo sapiens OX=9606 GN=CIAO2B PE=1 SV=1
g14024	88.7	0.2246	0.502	0.6511	
g946	94.2	0.2590	-0.473	0.6045	
g3040	91.6	0.2433	-0.079	0.9680	sp|Q4VBE8|WDR18_MOUSE WD repeat-containing protein 18 OS=Mus musculus OX=10090 GN=Wdr18 PE=1 SV=1
g2639	78.4	0.1600	0.366	0.7754	sp|Q9P2S5|WRP73_HUMAN WD repeat-containing protein WRAP73 OS=Homo sapiens OX=9606 GN=WRAP73 PE=1 SV=1
g11455	122.6	0.4388	-0.652	0.5907	
g15196	117.9	0.4091	-0.768	0.4742	
g8757	141.7	0.5591	0.785	0.2730	
g5016	87.8	0.2208	-0.189	0.9126	
g7375	134.7	0.5167	-0.791	0.2866	sp|A0A173GP47|LST_PHOPY Luciferin sulfotransferase OS=Photinus pyralis OX=7054 GN=LST PE=1 SV=1
g8889	76.7	0.1507	-0.165	0.9362	
g2302	157.3	0.6600	0.690	0.5457	
g2937	91.8	0.2469	-0.642	0.4027	
g9434	85.3	0.2054	0.272	0.8592	sp|Q32LQ6|MFSD1_DANRE Lysosomal dipeptide transporter MFSD1 OS=Danio rerio OX=7955 GN=mfsd1 PE=2 SV=1
g8762	109.7	0.3596	0.424	0.6819	sp|Q5RKZ7|MOCS1_MOUSE Molybdenum cofactor biosynthesis protein 1 OS=Mus musculus OX=10090 GN=Mocs1 PE=1 SV=2
g3208	144.3	0.5790	0.449	0.7538	
g14035	106.2	0.3382	0.126	0.9457	sp|Q9NXF1|TEX10_HUMAN Testis-expressed protein 10 OS=Homo sapiens OX=9606 GN=TEX10 PE=1 SV=2
g6021	110.0	0.3630	-0.583	0.5026	sp|O35701|MATN3_MOUSE Matrilin-3 OS=Mus musculus OX=10090 GN=Matn3 PE=1 SV=2
g2471	116.4	0.4038	-0.016	0.9923	sp|Q08288|LYAR_MOUSE Cell growth-regulating nucleolar protein OS=Mus musculus OX=10090 GN=Lyar PE=1 SV=2
g6181	86.0	0.2114	0.162	0.9323	sp|Q6AYQ6|MMAD_RAT Cobalamin trafficking protein CblD OS=Rattus norvegicus OX=10116 GN=Mmadhc PE=2 SV=1
g9625	88.6	0.2276	0.162	0.9264	
g15022	98.8	0.2920	0.112	0.9509	sp|Q95327|MANBA_CAPHI Beta-mannosidase OS=Capra hircus OX=9925 GN=MANBA PE=1 SV=1
g2405	138.7	0.5449	0.755	0.2124	sp|Q9M041|BH140_ARATH Transcription factor bHLH140 OS=Arabidopsis thaliana OX=3702 GN=BHLH140 PE=3 SV=1
g16059	112.2	0.3773	-0.740	0.4037	sp|A1A4P5|PFD2_BOVIN Prefoldin subunit 2 OS=Bos taurus OX=9913 GN=PFDN2 PE=2 SV=1
g5188	89.1	0.2309	-0.082	0.9673	sp|Q98C21|MUTS_RHILO DNA mismatch repair protein MutS OS=Mesorhizobium japonicum (strain LMG 29417 / CECT 9101 / MAFF 303099) OX=266835 GN=mutS PE=3 SV=1
g10306	77.1	0.1553	-0.253	0.8703	sp|Q9ATB4|TAD2B_ARATH Transcriptional adapter ADA2b OS=Arabidopsis thaliana OX=3702 GN=ADA2B PE=1 SV=1
g6070	196.9	0.9145	-0.262	0.9205	
g14854	79.1	0.1684	0.320	0.8225	
g8011	145.6	0.5897	-0.750	0.1675	sp|P55567|Y4MH_SINFN Uncharacterized protein y4mH OS=Sinorhizobium fredii (strain NBRC 101917 / NGR234) OX=394 GN=NGR_a02510 PE=3 SV=1
g13722	76.5	0.1521	0.146	0.9429	sp|O14197|YDQ4_SCHPO Uncharacterized transporter C5D6.04 OS=Schizosaccharomyces pombe (strain 972 / ATCC 24843) OX=284812 GN=SPAC5D6.04 PE=3 SV=1
g836	103.4	0.3229	0.716	0.2599	
g11073	115.9	0.4023	0.539	0.4815	sp|Q4X0S3|BTN1_ASPFU Protein btn1 OS=Aspergillus fumigatus (strain ATCC MYA-4609 / CBS 101355 / FGSC A1100 / Af293) OX=330879 GN=btn1 PE=3 SV=1
g1199	98.7	0.2936	-0.564	0.6246	sp|Q2HJI2|NDUF3_BOVIN NADH dehydrogenase [ubiquinone] 1 alpha subcomplex assembly factor 3 OS=Bos taurus OX=9913 GN=NDUFAF3 PE=2 SV=1
g16007	78.8	0.1669	-0.356	0.7752	sp|E9Q0S6|TENS1_MOUSE Tensin-1 OS=Mus musculus OX=10090 GN=Tns1 PE=1 SV=1
g4067	81.4	0.1841	0.010	0.9955	
g6232	82.2	0.1894	0.392	0.7462	sp|Q921Q3|ALG1_MOUSE Chitobiosyldiphosphodolichol beta-mannosyltransferase OS=Mus musculus OX=10090 GN=Alg1 PE=1 SV=3
g9056	82.9	0.1945	0.113	0.9596	
g12885	105.1	0.3356	-0.684	0.3980	
g11573	81.5	0.1858	0.208	0.9114	
g6450	100.0	0.3037	0.368	0.7284	sp|Q9FFG1|SDN2_ARATH Small RNA degrading nuclease 2 OS=Arabidopsis thaliana OX=3702 GN=SDN2 PE=2 SV=1
g8923	131.4	0.5046	-0.237	0.8631	
g13579	107.4	0.3515	-0.925	0.1063	
g13442	95.0	0.2736	0.235	0.8890	
g795	74.8	0.1446	0.355	0.7851	
g14178	79.9	0.1774	-0.299	0.8396	sp|Q5U4T8|CENNB_XENLA Centromere protein N-B OS=Xenopus laevis OX=8355 GN=cenpn-b PE=2 SV=2
g7127	72.5	0.1299	-0.095	0.9659	
g4406	78.3	0.1678	0.166	0.9333	sp|O43427|FIBP_HUMAN Acidic fibroblast growth factor intracellular-binding protein OS=Homo sapiens OX=9606 GN=FIBP PE=1 SV=3
g14094	76.7	0.1576	-0.338	0.8011	sp|Q6NUH2|NAA40_XENLA N-alpha-acetyltransferase 40 OS=Xenopus laevis OX=8355 GN=naa40 PE=2 SV=1
g14503	72.6	0.1315	0.310	0.8333	
g4874	78.9	0.1718	0.093	0.9666	sp|A0A068FIK2|KN4A_GOSHI Kinesin-like protein KIN-4A OS=Gossypium hirsutum OX=3635 GN=KIN4A PE=2 SV=1
g15813	88.3	0.2324	-0.278	0.8518	
g11394	95.6	0.2794	0.338	0.7742	sp|Q7Q297|WSCD_ANOGA WSCD family member AGAP003962 OS=Anopheles gambiae OX=7165 GN=AGAP003962 PE=3 SV=3
g10721	94.3	0.2720	-0.210	0.9064	sp|Q9FMR5|VA714_ARATH Vesicle-associated membrane protein 714 OS=Arabidopsis thaliana OX=3702 GN=VAMP714 PE=1 SV=1
g8777	90.7	0.2493	-0.514	0.6506	sp|Q9LHP2|SL30A_ARATH Serine/arginine-rich SC35-like splicing factor SCL30A OS=Arabidopsis thaliana OX=3702 GN=SCL30A PE=1 SV=1
g3684	72.2	0.1303	0.162	0.9354	sp|Q0P5C0|LMF1_BOVIN Lipase maturation factor 1 OS=Bos taurus OX=9913 GN=LMF1 PE=2 SV=1
g721	72.5	0.1326	-0.101	0.9614	sp|Q8VZA5|KDTA_ARATH Probable 3-deoxy-D-manno-octulosonic acid transferase, mitochondrial OS=Arabidopsis thaliana OX=3702 GN=KDTA PE=2 SV=1
g11725	87.3	0.2277	-0.323	0.7991	sp|D7A0Y2|C3HPD_ANCN5 Cis-3-hydroxy-L-proline dehydratase OS=Ancylobacter novellus (strain ATCC 8093 / DSM 506 / JCM 20403 / CCM 1077 / IAM 12100 / NBRC 12443 / NCIMB 10456) OX=639283 GN=Snov_0156 PE=1 SV=1
g14097	76.6	0.1595	0.179	0.9264	
g14874	60.5	0.0555	-0.037	0.9849	sp|Q96VG1|YBAI_SCHPO Uncharacterized protein C119.18 OS=Schizosaccharomyces pombe (strain 972 / ATCC 24843) OX=284812 GN=SPBC119.18 PE=3 SV=1
g13941	167.9	0.7469	1.318	0.0644	sp|Q8CG73|FTM_MOUSE Protein fantom OS=Mus musculus OX=10090 GN=Rpgrip1l PE=1 SV=2
g958	73.3	0.1383	-0.123	0.9543	
g3727	84.1	0.2083	0.098	0.9629	sp|B7N5Z0|YFEO_ECOLU Putative ion-transport protein YfeO OS=Escherichia coli O17:K52:H18 (strain UMN026 / ExPEC) OX=585056 GN=yfeO PE=3 SV=1
g564	81.5	0.1918	-0.124	0.9509	sp|O48520|DPOD2_ARATH DNA polymerase delta small subunit OS=Arabidopsis thaliana OX=3702 GN=POLD2 PE=2 SV=2
g13772	76.4	0.1589	0.064	0.9755	sp|B8CJ38|COBS_SHEPW Adenosylcobinamide-GDP ribazoletransferase OS=Shewanella piezotolerans (strain WP3 / JCM 13877) OX=225849 GN=cobS PE=3 SV=1
g5290	70.3	0.1196	0.232	0.8966	sp|Q8JHJ2|DDX55_DANRE ATP-dependent RNA helicase DDX55 OS=Danio rerio OX=7955 GN=ddx55 PE=2 SV=2
g3992	90.1	0.2472	-0.372	0.7916	
g12674	73.4	0.1400	0.056	0.9809	
g12792	85.0	0.2156	-0.082	0.9685	
g13647	88.4	0.2372	0.059	0.9818	sp|Q5RB63|HTSF1_PONAB 17S U2 SnRNP complex component HTATSF1 OS=Pongo abelii OX=9601 GN=HTATSF1 PE=2 SV=1
g7056	76.4	0.1601	-0.272	0.8579	sp|Q6C5V7|YNG2_YARLI Chromatin modification-related protein YNG2 OS=Yarrowia lipolytica (strain CLIB 122 / E 150) OX=284591 GN=YNG2 PE=3 SV=1
g4209	85.1	0.2166	-0.397	0.7456	sp|Q8BHL3|TB10B_MOUSE TBC1 domain family member 10B OS=Mus musculus OX=10090 GN=Tbc1d10b PE=1 SV=2
g2414	144.5	0.6010	-0.395	0.6900	
g13893	79.8	0.1829	-0.375	0.7537	sp|Q6NRG6|SAS6_XENLA Spindle assembly abnormal protein 6 homolog OS=Xenopus laevis OX=8355 GN=sas6 PE=2 SV=1
g2077	159.4	0.7004	0.187	0.9210	sp|P31319|KAPR_APLCA cAMP-dependent protein kinase regulatory subunit OS=Aplysia californica OX=6500 PE=2 SV=2
g15873	74.5	0.1500	-0.313	0.8307	
g1174	61.9	0.0684	-0.120	0.9554	sp|Q5RAX7|SPF27_PONAB Pre-mRNA-splicing factor SPF27 OS=Pongo abelii OX=9601 GN=BCAS2 PE=2 SV=1
g546	78.3	0.1756	-0.182	0.9253	sp|Q02166|TRPD_ARATH Anthranilate phosphoribosyltransferase, chloroplastic OS=Arabidopsis thaliana OX=3702 GN=PAT1 PE=2 SV=1
g7398	81.0	0.1928	-0.025	0.9903	
g7386	87.0	0.2326	0.342	0.8248	
g11668	99.3	0.3127	0.620	0.4393	
g7036	81.1	0.1949	-0.235	0.9034	
g8622	105.2	0.3516	-0.028	0.9856	sp|O60341|KDM1A_HUMAN Lysine-specific histone demethylase 1A OS=Homo sapiens OX=9606 GN=KDM1A PE=1 SV=2
g15088	91.0	0.2598	-0.347	0.7746	
g2109	111.3	0.3918	-0.553	0.5026	
g6513	98.0	0.3053	0.016	0.9923	sp|G3YFS7|CTPD_ASPNA Mitochondrial citrate transporter D OS=Aspergillus niger (strain ATCC 1015 / CBS 113.46 / FGSC A1144 / LSHB Ac4 / NCTC 3858a / NRRL 328 / USDA 3528.7) OX=380704 GN=ctpD PE=3 SV=1
g13167	101.6	0.3292	0.587	0.5014	sp|Q802F3|SEP15_DANRE Selenoprotein F OS=Danio rerio OX=7955 GN=selenof PE=2 SV=2
g5069	110.3	0.3860	-0.902	0.2223	
g1751	71.9	0.1357	0.259	0.8713	
g11526	78.2	0.1773	-0.395	0.7560	
g13748	95.1	0.2879	0.392	0.7527	
g1657	72.3	0.1392	-0.247	0.8890	sp|O82201|AP4S_ARATH AP-4 complex subunit sigma OS=Arabidopsis thaliana OX=3702 GN=At2g19790 PE=1 SV=1
g8653	87.3	0.2373	0.230	0.8873	
g120	103.2	0.3414	-0.762	0.2988	sp|Q5R952|NOC3L_PONAB Nucleolar complex protein 3 homolog OS=Pongo abelii OX=9601 GN=NOC3L PE=2 SV=1
g7373	141.5	0.5926	0.617	0.3344	sp|O08705|NTCP_MOUSE Hepatic sodium/bile acid cotransporter OS=Mus musculus OX=10090 GN=Slc10a1 PE=1 SV=1
g7331	82.2	0.2045	-0.438	0.7178	
g8017	113.9	0.4126	-0.746	0.3365	sp|Q5SQM0|EMAL6_MOUSE Echinoderm microtubule-associated protein-like 6 OS=Mus musculus OX=10090 GN=Eml6 PE=1 SV=1
g4807	94.2	0.2836	0.737	0.2983	sp|Q5HZT9|DJC25_XENTR DnaJ homolog subfamily C member 25 OS=Xenopus tropicalis OX=8364 GN=dnajc25 PE=2 SV=1
g8826	75.6	0.1619	0.201	0.9119	sp|Q6DFK1|PX12B_XENLA Peroxisome assembly protein 12-B OS=Xenopus laevis OX=8355 GN=pex12.L PE=2 SV=1
g15644	72.2	0.1399	-0.248	0.8801	
g7439	163.6	0.7383	0.348	0.7006	
g7140	126.5	0.4961	-0.612	0.4594	
g13721	94.7	0.2880	0.620	0.4076	
g5531	71.8	0.1375	-0.035	0.9849	sp|Q9SR06|CLP1_ARATH Protein CLP1 homolog OS=Arabidopsis thaliana OX=3702 GN=CLPS3 PE=1 SV=1
g11390	78.6	0.1823	0.406	0.7222	sp|Q6MD31|TGT_PARUW Queuine tRNA-ribosyltransferase OS=Protochlamydia amoebophila (strain UWE25) OX=264201 GN=tgt PE=3 SV=1
g4833	82.8	0.2100	-0.096	0.9618	
g10081	92.3	0.2729	0.464	0.6229	sp|Q9MA90|PNC1_ARATH Peroxisomal adenine nucleotide carrier 1 OS=Arabidopsis thaliana OX=3702 GN=PNC1 PE=1 SV=1
g2564	75.6	0.1632	-0.232	0.8949	sp|Q946Y7|SYP61_ARATH Syntaxin-61 OS=Arabidopsis thaliana OX=3702 GN=SYP61 PE=1 SV=1
g1082	76.5	0.1694	-0.270	0.8648	sp|Q9D273|MMAB_MOUSE Corrinoid adenosyltransferase MMAB OS=Mus musculus OX=10090 GN=Mmab PE=1 SV=1
g14664	97.0	0.3052	-0.048	0.9810	
g15888	66.8	0.1068	0.153	0.9433	
g8418	81.3	0.2029	-0.548	0.5467	
g6099	72.1	0.1421	-0.068	0.9755	sp|O74184|WAT1_SCHPO Target of rapamycin complex subunit wat1 OS=Schizosaccharomyces pombe (strain 972 / ATCC 24843) OX=284812 GN=pop3 PE=1 SV=1
g9969	79.8	0.1934	0.005	0.9978	sp|A6BLW4|NFYC2_ORYSJ Nuclear transcription factor Y subunit C-2 OS=Oryza sativa subsp. japonica OX=39947 GN=NFYC2 PE=1 SV=1
g9924	80.6	0.1989	0.179	0.9322	
g8633	83.7	0.2191	-0.118	0.9526	sp|Q9VA70|NCASE_DROME Pan-ceramidase OS=Drosophila melanogaster OX=7227 GN=CDase PE=1 SV=1
g15161	71.3	0.1385	-0.319	0.8260	sp|Q9SUM2|RUXF_ARATH Probable small nuclear ribonucleoprotein F OS=Arabidopsis thaliana OX=3702 GN=At4g30220 PE=3 SV=1
g2875	86.4	0.2398	0.012	0.9949	sp|Q8TDD5|MCLN3_HUMAN Mucolipin-3 OS=Homo sapiens OX=9606 GN=MCOLN3 PE=1 SV=1
g12809	89.6	0.2608	0.494	0.6162	sp|Q6GER3|ARGI_STAAR Arginase OS=Staphylococcus aureus (strain MRSA252) OX=282458 GN=arg PE=3 SV=1
g11432	68.6	0.1226	-0.010	0.9955	sp|Q9US05|BFR2_SCHPO Protein bfr2 OS=Schizosaccharomyces pombe (strain 972 / ATCC 24843) OX=284812 GN=bfr2 PE=1 SV=1
g15441	89.1	0.2582	-0.471	0.6951	
g11863	84.5	0.2281	-0.472	0.6613	sp|Q9M8K7|DUS1B_ARATH Dual specificity protein phosphatase 1B OS=Arabidopsis thaliana OX=3702 GN=DSPTP1B PE=1 SV=1
g5198	82.9	0.2172	-0.224	0.8948	
g1135	91.1	0.2724	0.339	0.7896	sp|B8G2K7|LARC_DESHD Pyridinium-3,5-bisthiocarboxylic acid mononucleotide nickel insertion protein OS=Desulfitobacterium hafniense (strain DSM 10664 / DCB-2) OX=272564 GN=larC PE=3 SV=1
g14548	77.5	0.1820	0.301	0.8297	sp|Q8YVH1|DEF2_NOSS1 Peptide deformylase 2 OS=Nostoc sp. (strain PCC 7120 / SAG 25.82 / UTEX 2576) OX=103690 GN=def2 PE=3 SV=1
g2972	82.7	0.2166	0.274	0.8519	sp|A0A0M7LBC1|L2HDH_ACHAE L-2-hydroxyglutarate dehydrogenase OS=Achromobacter aegrifaciens OX=1287736 GN=lhgO PE=3 SV=1
g1585	104.1	0.3590	-0.392	0.7752	sp|P26882|PPID_BOVIN Peptidyl-prolyl cis-trans isomerase D OS=Bos taurus OX=9913 GN=PPID PE=1 SV=6
g3212	113.4	0.4213	0.365	0.7319	
g12866	115.7	0.4366	0.274	0.8585	sp|Q93VQ0|VCL1_ARATH Protein VACUOLELESS1 OS=Arabidopsis thaliana OX=3702 GN=VCL1 PE=1 SV=1
g9198	79.6	0.1964	-0.134	0.9450	
g8119	100.3	0.3346	-0.383	0.7443	sp|Q8VYP5|ZDH14_ARATH Probable protein S-acyltransferase 14 OS=Arabidopsis thaliana OX=3702 GN=PAT14 PE=2 SV=1
g5439	109.2	0.3940	0.982	0.1107	sp|Q499U1|S2538_RAT Mitochondrial glycine transporter OS=Rattus norvegicus OX=10116 GN=Slc25a38 PE=2 SV=2
g4819	117.9	0.4522	0.045	0.9831	sp|P78763|YG1D_SCHPO Uncharacterized mitochondrial carrier C83.13 OS=Schizosaccharomyces pombe (strain 972 / ATCC 24843) OX=284812 GN=SPBC83.13 PE=2 SV=2
g4569	72.5	0.1501	-0.045	0.9846	sp|Q3SW71|GPMA_NITWN 2,3-bisphosphoglycerate-dependent phosphoglycerate mutase OS=Nitrobacter winogradskyi (strain ATCC 25391 / DSM 10237 / CIP 104748 / NCIMB 11846 / Nb-255) OX=323098 GN=gpmA PE=3 SV=1
g14284	141.8	0.6114	0.713	0.4748	
g13063	83.5	0.2242	0.490	0.6197	sp|A0A0R3K2G2|GLPDH_CALMK Glycerol 3-phosphate dehydrogenase OS=Caloramator mitchellensis OX=908809 GN=lhgO_1 PE=1 SV=1
g590	74.0	0.1602	-0.216	0.9112	sp|B8M9K5|TROPC_TALSN 2-oxoglutarate-dependent dioxygenase tropC OS=Talaromyces stipitatus (strain ATCC 10500 / CBS 375.48 / QM 6759 / NRRL 1006) OX=441959 GN=tropC PE=1 SV=1
g3505	82.1	0.2147	-0.087	0.9683	sp|Q0IIJ0|NAA50_BOVIN N-alpha-acetyltransferase 50 OS=Bos taurus OX=9913 GN=NAA50 PE=2 SV=1
g4922	72.2	0.1489	-0.002	0.9984	
g16055	78.8	0.1932	-0.210	0.9168	
g13033	73.9	0.1601	-0.408	0.7324	sp|F4K265|AT101_ARATH Autophagy-related protein 101 OS=Arabidopsis thaliana OX=3702 GN=ATG101 PE=1 SV=1
g15634	83.2	0.2228	-0.539	0.5467	
g16006	76.8	0.1804	0.046	0.9831	sp|Q9BTV7|CABL2_HUMAN CDK5 and ABL1 enzyme substrate 2 OS=Homo sapiens OX=9606 GN=CABLES2 PE=1 SV=3
g2638	86.4	0.2458	-0.687	0.3672	
g10070	87.0	0.2496	-0.194	0.9207	
g5234	83.3	0.2255	0.338	0.8181	sp|Q8VY89|APC7_ARATH Anaphase-promoting complex subunit 7 OS=Arabidopsis thaliana OX=3702 GN=APC7 PE=2 SV=1
g10051	80.5	0.2066	0.168	0.9349	sp|Q8K194|SNR27_MOUSE U4/U6.U5 small nuclear ribonucleoprotein 27 kDa protein OS=Mus musculus OX=10090 GN=Snrnp27 PE=1 SV=1
g5976	111.7	0.4155	-0.737	0.2118	sp|A0A1D8PMR6|ZRT1_CANAL High-affinity zinc transporter ZRT101 OS=Candida albicans (strain SC5314 / ATCC MYA-2876) OX=237561 GN=ZRT101 PE=1 SV=1
g1183	83.0	0.2230	0.365	0.7922	sp|G5E8P0|GCP6_MOUSE Gamma-tubulin complex component 6 OS=Mus musculus OX=10090 GN=Tubgcp6 PE=1 SV=1
g14699	111.1	0.4118	0.002	0.9987	sp|Q5TJ56|FORF_DICDI Formin-F OS=Dictyostelium discoideum OX=44689 GN=forF PE=1 SV=1
g11232	84.4	0.2331	-0.315	0.8352	
g9425	86.1	0.2446	0.306	0.8478	sp|Q9EPL4|METL9_MOUSE Protein-L-histidine N-pros-methyltransferase OS=Mus musculus OX=10090 GN=Mettl9 PE=1 SV=1
g1276	97.7	0.3226	0.385	0.8211	
g5376	78.3	0.1927	0.117	0.9522	sp|Q6NXW6|RAD17_MOUSE Cell cycle checkpoint protein RAD17 OS=Mus musculus OX=10090 GN=Rad17 PE=1 SV=2
g10310	65.2	0.1046	0.266	0.8742	
g4917	156.2	0.7167	0.622	0.6373	sp|Q9PKF7|FABG_CHLMU 3-oxoacyl-[acyl-carrier-protein] reductase FabG OS=Chlamydia muridarum (strain MoPn / Nigg) OX=243161 GN=fabG PE=3 SV=1
g581	69.1	0.1314	-0.026	0.9901	sp|Q9UJT0|TBE_HUMAN Tubulin epsilon chain OS=Homo sapiens OX=9606 GN=TUBE1 PE=1 SV=1
g15822	100.4	0.3418	-0.624	0.4535	sp|Q39202|RLK1_ARATH G-type lectin S-receptor-like serine/threonine-protein kinase RLK1 OS=Arabidopsis thaliana OX=3702 GN=RLK1 PE=2 SV=2
g10131	80.7	0.2100	0.158	0.9343	
g4513	69.1	0.1320	-0.016	0.9936	sp|Q14679|TTLL4_HUMAN Tubulin monoglutamylase TTLL4 OS=Homo sapiens OX=9606 GN=TTLL4 PE=1 SV=2
g9596	72.0	0.1514	0.173	0.9319	sp|P32332|OAC1_YEAST Mitochondrial oxaloacetate transport protein OS=Saccharomyces cerevisiae (strain ATCC 204508 / S288c) OX=559292 GN=OAC1 PE=1 SV=1
g9505	70.7	0.1428	-0.007	0.9974	sp|Q08602|PGTA_RAT Geranylgeranyl transferase type-2 subunit alpha OS=Rattus norvegicus OX=10116 GN=Rabggta PE=1 SV=1
g58	97.2	0.3215	-0.536	0.5546	
g6432	108.4	0.3972	-0.793	0.2230	sp|Q9VHD2|MAAI2_DROME Probable maleylacetoacetate isomerase 2 OS=Drosophila melanogaster OX=7227 GN=GstZ2 PE=1 SV=1
g10965	169.2	0.8073	0.981	0.0953	
g7039	54.6	0.0346	0.069	0.9760	sp|Q5RAQ2|SH3Y1_PONAB SH3 domain-containing YSC84-like protein 1 OS=Pongo abelii OX=9601 GN=SH3YL1 PE=2 SV=1
g2391	75.9	0.1786	0.391	0.7430	
g11695	91.6	0.2854	-0.323	0.7916	sp|A0A166YZY4|PPZD_METRI 2-oxoglutarate-Fe(II) type oxidoreductase ppzD OS=Metarhizium rileyi OX=1649241 GN=ppzD PE=3 SV=1
g5655	94.1	0.3019	-0.125	0.9473	
g10292	73.1	0.1606	0.238	0.9021	
g2146	122.4	0.4935	-0.575	0.4447	sp|Q9BLG3|AMT2_DICDI Ammonium transporter 2 OS=Dictyostelium discoideum OX=44689 GN=amtB PE=1 SV=1
g14412	105.0	0.3764	0.984	0.1283	
g11441	84.7	0.2397	-0.313	0.8226	sp|Q9LX74|EXOS5_ARATH Exosome complex exonuclease RRP46 homolog OS=Arabidopsis thaliana OX=3702 GN=RRP46 PE=2 SV=1
g15063	73.6	0.1649	0.347	0.7984	sp|Q9SVS0|PUS6_ARATH RNA pseudouridine synthase 6, chloroplastic OS=Arabidopsis thaliana OX=3702 GN=At4g21770 PE=2 SV=1
g9277	88.3	0.2641	0.682	0.4252	
g9771	97.4	0.3259	-0.441	0.6591	sp|Q0WQQ1|AGD15_ARATH Probable ADP-ribosylation factor GTPase-activating protein AGD15 OS=Arabidopsis thaliana OX=3702 GN=AGD15 PE=2 SV=1
g14067	73.0	0.1608	-0.270	0.8668	sp|Q9USQ7|DPH6_SCHPO Diphthine--ammonia ligase OS=Schizosaccharomyces pombe (strain 972 / ATCC 24843) OX=284812 GN=mug71 PE=1 SV=1
g7111	72.1	0.1552	0.239	0.8912	sp|Q921I9|EXOS4_MOUSE Exosome complex component RRP41 OS=Mus musculus OX=10090 GN=Exosc4 PE=1 SV=3
g9535	80.1	0.2103	-0.417	0.7085	sp|O75604|UBP2_HUMAN Ubiquitin carboxyl-terminal hydrolase 2 OS=Homo sapiens OX=9606 GN=USP2 PE=1 SV=2
g1209	89.3	0.2728	-0.142	0.9433	sp|Q9LBG2|LVR_LEIAQ Levodione reductase OS=Leifsonia aquatica OX=144185 GN=lvr PE=1 SV=1
g2315	76.0	0.1825	-0.013	0.9943	sp|Q20716|ISY1_CAEEL Protein isy-1 OS=Caenorhabditis elegans OX=6239 GN=isy-1 PE=1 SV=1
g5528	79.1	0.2045	0.057	0.9788	sp|Q9ZRT1|GR1_ARATH Protein gamma response 1 OS=Arabidopsis thaliana OX=3702 GN=GR1 PE=1 SV=2
g6353	91.9	0.2916	0.756	0.3234	sp|Q9XSC3|WDR44_BOVIN WD repeat-containing protein 44 OS=Bos taurus OX=9913 GN=WDR44 PE=1 SV=1
g14341	79.0	0.2043	-0.111	0.9614	
g4976	94.3	0.3085	-0.016	0.9942	
g9483	76.1	0.1852	0.316	0.8333	
g1503	92.9	0.2997	0.361	0.7443	
g12962	79.0	0.2053	0.164	0.9319	sp|Q9FZ36|M3K2_ARATH Mitogen-activated protein kinase kinase kinase 2 OS=Arabidopsis thaliana OX=3702 GN=ANP2 PE=2 SV=1
g833	66.3	0.1189	-0.295	0.8519	
g6009	88.5	0.2710	-0.136	0.9466	
g8351	113.4	0.4410	0.265	0.8895	
g9904	59.5	0.0728	-0.158	0.9433	
g3946	64.5	0.1075	-0.119	0.9570	
g7623	84.7	0.2453	0.094	0.9666	sp|Q83CW6|RLMB_COXBU 23S rRNA (guanosine-2'-O-)-methyltransferase RlmB OS=Coxiella burnetii (strain RSA 493 / Nine Mile phase I) OX=227377 GN=rlmB PE=3 SV=1
g2880	73.3	0.1682	-0.042	0.9848	sp|Q9Z2I7|SVOP_RAT Synaptic vesicle 2-related protein OS=Rattus norvegicus OX=10116 GN=Svop PE=1 SV=1
g5707	78.4	0.2039	-0.281	0.8621	sp|P93101|CDC2_OXYRB Cell division control protein 2 homolog OS=Oxybasis rubra OX=3560 GN=CDC2 PE=2 SV=1
g9818	65.5	0.1154	0.187	0.9238	sp|Q63797|PSME1_RAT Proteasome activator complex subunit 1 OS=Rattus norvegicus OX=10116 GN=Psme1 PE=2 SV=1
g10054	74.4	0.1773	-0.001	0.9993	
g8014	102.2	0.3678	-1.079	0.0597	
g6049	69.8	0.1458	0.025	0.9901	
g2905	84.8	0.2485	-0.456	0.6497	sp|Q1QVB5|GATA_CHRI1 Glutamyl-tRNA(Gln) amidotransferase subunit A OS=Chromohalobacter israelensis (strain ATCC BAA-138 / DSM 3043 / CIP 106854 / NCIMB 13768 / 1H11) OX=290398 GN=gatA PE=3 SV=1
g11537	72.7	0.1660	0.158	0.9433	
g5168	79.2	0.2113	0.259	0.8809	sp|K3VD64|FDB20_FUSPC Acyl-CoA transferase FPSE_08120 OS=Fusarium pseudograminearum (strain CS3096) OX=1028729 GN=FPSE_08120 PE=2 SV=1
g11936	80.2	0.2177	-0.365	0.7976	sp|A8IRJ7|CFA53_CHLRE Cilia- and flagella-associated protein 53 OS=Chlamydomonas reinhardtii OX=3055 GN=CFAP53 PE=1 SV=1
g501	70.2	0.1495	0.280	0.8690	
g5575	75.0	0.1822	0.013	0.9944	
g3984	106.0	0.3960	0.673	0.4126	sp|Q8H0V6|AB3F_ARATH ABC transporter F family member 3 OS=Arabidopsis thaliana OX=3702 GN=ABCF3 PE=1 SV=1
g9168	70.4	0.1507	-0.377	0.7729	sp|Q6FU96|RIB7_CANGA 2,5-diamino-6-ribosylamino-4(3H)-pyrimidinone 5'-phosphate reductase OS=Candida glabrata (strain ATCC 2001 / BCRC 20586 / JCM 3761 / NBRC 0622 / NRRL Y-65 / CBS 138) OX=284593 GN=RIB7 PE=1 SV=1
g3340	99.1	0.3487	-0.932	0.1805	
g1607	100.9	0.3615	0.185	0.9138	sp|Q6DGR4|HGH1_DANRE Co-chaperone protein HGH1 homolog OS=Danio rerio OX=7955 GN=hgh1 PE=2 SV=1
g5620	84.5	0.2494	0.651	0.4468	sp|Q9GJY3|S26A2_SHEEP Sulfate transporter OS=Ovis aries OX=9940 GN=SLC26A2 PE=3 SV=1
g13123	76.5	0.1938	0.368	0.7882	
g13468	77.2	0.1988	0.524	0.5818	
g5177	70.6	0.1536	0.077	0.9713	
g7808	98.2	0.3443	-0.836	0.1825	sp|Q9C566|CYP40_ARATH Peptidyl-prolyl cis-trans isomerase CYP40 OS=Arabidopsis thaliana OX=3702 GN=CYP40 PE=2 SV=1
g1590	85.9	0.2596	-0.690	0.3660	
g10099	79.1	0.2130	-0.517	0.6229	sp|P53351|PLK2_MOUSE Serine/threonine-protein kinase PLK2 OS=Mus musculus OX=10090 GN=Plk2 PE=1 SV=1
g11887	64.1	0.1092	-0.036	0.9851	sp|Q5XF07|APE1L_ARATH DNA-(apurinic or apyrimidinic site) endonuclease OS=Arabidopsis thaliana OX=3702 GN=APE1L PE=1 SV=1
g2114	74.7	0.1830	0.010	0.9958	
g15251	96.2	0.3313	-0.287	0.8420	sp|Q8BXA5|CLP1L_MOUSE Lipid scramblase CLPTM1L OS=Mus musculus OX=10090 GN=Clptm1l PE=1 SV=1
g5541	69.9	0.1497	-0.201	0.9165	sp|Q87GU5|LUXQ_VIBPA Autoinducer 2 sensor kinase/phosphatase LuxQ OS=Vibrio parahaemolyticus serotype O3:K6 (strain RIMD 2210633) OX=223926 GN=luxQ PE=3 SV=1
g12504	74.6	0.1831	0.218	0.9112	
g3834	69.4	0.1473	0.408	0.7433	sp|O35379|MRP1_MOUSE Multidrug resistance-associated protein 1 OS=Mus musculus OX=10090 GN=Abcc1 PE=1 SV=1
g13319	83.3	0.2438	0.384	0.7633	sp|O94235|MPS1_SCHPO Serine/threonine-protein kinase mph1 OS=Schizosaccharomyces pombe (strain 972 / ATCC 24843) OX=284812 GN=mph1 PE=1 SV=1
g66	105.1	0.3944	-1.009	0.0949	sp|A6QP01|SELT_BOVIN Thioredoxin reductase-like selenoprotein T OS=Bos taurus OX=9913 GN=SELENOT PE=2 SV=2
g124	75.4	0.1891	-0.363	0.7916	sp|Q9GPF1|AP3M_DICDI AP-3 complex subunit mu OS=Dictyostelium discoideum OX=44689 GN=apm3 PE=2 SV=1
g15380	78.2	0.2087	0.378	0.7633	
g14026	66.3	0.1265	-0.117	0.9596	sp|Q8BWQ6|VP35L_MOUSE VPS35 endosomal protein-sorting factor-like OS=Mus musculus OX=10090 GN=Vps35l PE=1 SV=2
g16021	79.5	0.2179	-0.507	0.6476	sp|Q9UTC5|YIDE_SCHPO Putative uridine kinase C227.14 OS=Schizosaccharomyces pombe (strain 972 / ATCC 24843) OX=284812 GN=SPAC227.14 PE=3 SV=1
g8565	103.1	0.3820	0.363	0.8017	
g14252	81.1	0.2294	-0.539	0.6113	
g6955	117.2	0.4798	0.773	0.2452	
g13126	79.7	0.2194	-0.413	0.7433	
g2711	86.9	0.2701	-0.560	0.5356	
g3482	108.3	0.4190	-0.382	0.6979	sp|Q5M7W7|SYPM_RAT Probable proline--tRNA ligase, mitochondrial OS=Rattus norvegicus OX=10116 GN=Pars2 PE=2 SV=1
g15376	91.6	0.3039	0.438	0.7105	sp|Q7TMS5|ABCG2_MOUSE Broad substrate specificity ATP-binding cassette transporter ABCG2 OS=Mus musculus OX=10090 GN=Abcg2 PE=1 SV=1
g7304	68.8	0.1453	0.152	0.9450	sp|A0JMW2|DAAF5_XENLA Dynein axonemal assembly factor 5 OS=Xenopus laevis OX=8355 GN=dnaaf5 PE=2 SV=1
g5522	76.4	0.1989	0.282	0.8641	
g7450	61.4	0.0943	0.081	0.9701	sp|Q5M990|TTC33_XENLA Tetratricopeptide repeat protein 33 OS=Xenopus laevis OX=8355 GN=ttc33 PE=2 SV=1
g6025	83.6	0.2492	0.371	0.7874	sp|Q9M9H3|EML_ARATH Embryogenesis-like protein OS=Arabidopsis thaliana OX=3702 GN=EML PE=1 SV=1
g9608	112.7	0.4523	-0.067	0.9712	sp|P22570|ADRO_HUMAN NADPH:adrenodoxin oxidoreductase, mitochondrial OS=Homo sapiens OX=9606 GN=FDXR PE=1 SV=3
g6645	69.5	0.1513	-0.264	0.8797	
g15468	99.8	0.3634	-0.097	0.9611	sp|Q9H9Y2|RPF1_HUMAN Ribosome production factor 1 OS=Homo sapiens OX=9606 GN=RPF1 PE=1 SV=2
g154	73.8	0.1821	-0.035	0.9849	sp|Q64267|XPA_MOUSE DNA repair protein complementing XP-A cells homolog OS=Mus musculus OX=10090 GN=Xpa PE=1 SV=2
g6284	71.9	0.1688	-0.200	0.9165	sp|Q9ZQW8|U2AFA_ORYSJ Splicing factor U2af small subunit A OS=Oryza sativa subsp. japonica OX=39947 GN=U2AF35A PE=2 SV=1
g10951	95.2	0.3326	-0.007	0.9974	sp|O75347|TBCA_HUMAN Tubulin-specific chaperone A OS=Homo sapiens OX=9606 GN=TBCA PE=1 SV=3
g10924	100.4	0.3690	-0.256	0.8564	sp|O74777|KRR1_SCHPO KRR1 small subunit processome component homolog OS=Schizosaccharomyces pombe (strain 972 / ATCC 24843) OX=284812 GN=mis3 PE=3 SV=1
g13507	84.1	0.2547	-0.522	0.6033	
g12647	88.2	0.2836	-0.140	0.9545	
g5820	77.8	0.2109	0.188	0.9333	
g6666	63.0	0.1073	-0.068	0.9744	sp|Q96PM5|ZN363_HUMAN RING finger and CHY zinc finger domain-containing protein 1 OS=Homo sapiens OX=9606 GN=RCHY1 PE=1 SV=1
g11932	76.9	0.2044	0.105	0.9614	sp|Q9D0F6|RFC5_MOUSE Replication factor C subunit 5 OS=Mus musculus OX=10090 GN=Rfc5 PE=1 SV=1
g8902	70.2	0.1578	0.158	0.9433	sp|P24203|YJIA_ECOLI Zinc chaperone YjiA OS=Escherichia coli (strain K12) OX=83333 GN=yjiA PE=1 SV=3
g13636	74.6	0.1887	-0.112	0.9614	
g10204	87.3	0.2776	0.068	0.9711	
g3981	79.1	0.2203	-0.228	0.9058	
g10490	104.3	0.3979	0.462	0.7603	
g1013	109.2	0.4324	-0.329	0.8336	
g1254	125.7	0.5484	0.781	0.3870	sp|F4IZC4|BASS4_ARATH Probable sodium/metabolite cotransporter BASS4, chloroplastic OS=Arabidopsis thaliana OX=3702 GN=BASS4 PE=3 SV=1
g5028	87.8	0.2825	-0.660	0.3734	sp|Q9C9Z1|ZTP50_ARATH Putative zinc transporter At3g08650 OS=Arabidopsis thaliana OX=3702 GN=At3g08650 PE=2 SV=2
g14712	126.0	0.5516	-1.543	0.0529	
g5066	78.1	0.2152	-0.348	0.7916	sp|Q502L2|PGAM5_DANRE Serine/threonine-protein phosphatase PGAM5, mitochondrial OS=Danio rerio OX=7955 GN=pgam5 PE=2 SV=2
g8500	65.9	0.1303	0.135	0.9487	sp|Q8AVL0|C19L1_XENLA CWF19-like protein 1 OS=Xenopus laevis OX=8355 GN=cwf19l1 PE=2 SV=1
g6292	95.3	0.3371	-0.481	0.6567	sp|P31005|MEDH_BACMT NAD-dependent methanol dehydrogenase OS=Bacillus methanolicus OX=1471 GN=mdh PE=1 SV=3
g13291	199.8	1.0725	-1.333	0.0736	sp|Q869L3|MDN1_DICDI Midasin OS=Dictyostelium discoideum OX=44689 GN=mdn1 PE=3 SV=2
g15812	100.8	0.3759	-0.724	0.2893	
g5480	90.5	0.3038	0.182	0.9248	sp|P94026|RBCMT_TOBAC Ribulose-1,5 bisphosphate carboxylase/oxygenase large subunit N-methyltransferase, chloroplastic OS=Nicotiana tabacum OX=4097 GN=RBCMT PE=2 SV=1
g13752	73.1	0.1813	0.457	0.6823	sp|Q9DC48|PRP17_MOUSE Pre-mRNA-processing factor 17 OS=Mus musculus OX=10090 GN=Cdc40 PE=1 SV=1
g12950	62.7	0.1084	-0.119	0.9558	sp|A3SI50|DMDC_ROSNI 3-methylmercaptopropionyl-CoA dehydrogenase OS=Roseovarius nubinhibens (strain ATCC BAA-591 / DSM 15170 / ISM) OX=89187 GN=dmdC PE=1 SV=1
g10407	88.3	0.2885	-0.110	0.9544	
g3321	87.8	0.2853	0.473	0.6818	sp|Q6P3K3|FBX9_DANRE F-box only protein 9 OS=Danio rerio OX=7955 GN=fbxo9 PE=2 SV=1
g56	76.4	0.2049	-0.354	0.8152	sp|B2JYS1|RLMKL_YERPB Ribosomal RNA large subunit methyltransferase K/L OS=Yersinia pseudotuberculosis serotype IB (strain PB1/+) OX=502801 GN=rlmL PE=3 SV=1
g5839	79.2	0.2247	-0.125	0.9486	
g2453	79.1	0.2250	0.284	0.8627	
g3805	66.1	0.1330	0.210	0.9126	sp|Q9BR61|ACBD6_HUMAN Acyl-CoA-binding domain-containing protein 6 OS=Homo sapiens OX=9606 GN=ACBD6 PE=1 SV=1
g14145	93.6	0.3270	-0.662	0.3607	sp|Q2T9Y1|CC026_BOVIN Uncharacterized protein C3orf26 homolog OS=Bos taurus OX=9913 PE=2 SV=1
g13920	81.3	0.2403	-0.138	0.9461	
g5401	56.8	0.0677	0.115	0.9609	
g474	124.6	0.5476	-0.836	0.1341	sp|C4R6H3|LIS1_KOMPG Nuclear distribution protein PAC1 OS=Komagataella phaffii (strain GS115 / ATCC 20864) OX=644223 GN=PAC1 PE=3 SV=1
g12794	119.9	0.5144	0.892	0.1527	sp|P00765|TRYP_ASTAS Trypsin-1 OS=Astacus astacus OX=6715 PE=1 SV=1
g7535	59.7	0.0890	-0.029	0.9885	
g4492	81.3	0.2429	0.543	0.6026	
g12811	78.4	0.2227	0.231	0.8877	
g9285	197.2	1.0647	-0.969	0.1939	
g9450	66.1	0.1354	0.218	0.9135	
g11278	164.4	0.8329	1.389	0.0750	sp|Q84M24|AB1A_ARATH ABC transporter A family member 1 OS=Arabidopsis thaliana OX=3702 GN=ABCA1 PE=2 SV=2
g4879	62.9	0.1134	-0.088	0.9689	sp|Q9DCM2|GSTK1_MOUSE Glutathione S-transferase kappa 1 OS=Mus musculus OX=10090 GN=Gstk1 PE=1 SV=3
g3099	109.3	0.4423	-0.443	0.6905	
g8416	71.7	0.1755	0.235	0.8910	sp|A0A0G3FWY4|AQDA1_RHOER Probable N-octanoylanthranilate hydrolase AqdA1 OS=Rhodococcus erythropolis OX=1833 GN=aqdA1 PE=1 SV=1
g1551	141.4	0.6710	-0.753	0.1510	sp|Q55FR8|CBPS2_DICDI Probable carboxypeptidase S-like 2 OS=Dictyostelium discoideum OX=44689 GN=DDB_G0267984 PE=3 SV=1
g15530	95.1	0.3424	0.396	0.7495	sp|Q40863|EMB8_PICGL Embryogenesis-associated protein EMB8 OS=Picea glauca OX=3330 GN=EMB8 PE=2 SV=1
g2774	74.4	0.1957	-0.073	0.9740	sp|P45951|ARP_ARATH DNA-(apurinic or apyrimidinic site) endonuclease, chloroplastic OS=Arabidopsis thaliana OX=3702 GN=ARP PE=1 SV=2
g8399	75.5	0.2035	-0.160	0.9377	sp|Q6DF96|QTRT2_XENLA Queuine tRNA-ribosyltransferase accessory subunit 2 OS=Xenopus laevis OX=8355 GN=qtrt2 PE=2 SV=1
g1179	93.8	0.3336	0.460	0.7451	sp|Q54MF3|CANB2_DICDI Calcineurin subunit B type 2 OS=Dictyostelium discoideum OX=44689 GN=cnbB PE=3 SV=1
g1113	71.4	0.1747	-0.375	0.7821	sp|Q9S9U6|1A111_ARATH 1-aminocyclopropane-1-carboxylate synthase 11 OS=Arabidopsis thaliana OX=3702 GN=ACS11 PE=1 SV=1
g6810	68.8	0.1558	0.131	0.9509	sp|Q94IB9|ACER_ARATH Alkaline ceramidase OS=Arabidopsis thaliana OX=3702 GN=ACER PE=2 SV=1
g11123	63.5	0.1190	0.013	0.9944	
g10178	100.6	0.3827	0.235	0.8868	
g12079	90.1	0.3088	-0.697	0.4464	
g2584	108.3	0.4384	-0.172	0.9486	
g9396	70.2	0.1678	0.062	0.9790	sp|A6H6A9|RBG1L_MOUSE Rab GTPase-activating protein 1-like OS=Mus musculus OX=10090 GN=Rabgap1l PE=1 SV=1
g469	127.4	0.5758	-1.076	0.1247	
g586	83.9	0.2653	0.182	0.9362	sp|Q5R5J7|TBCC_PONAB Tubulin-specific chaperone C OS=Pongo abelii OX=9601 GN=TBCC PE=2 SV=1
g11322	74.2	0.1962	-0.151	0.9433	sp|Q9W4J9|ADPR2_DROME ADP-ribosylarginine hydrolase CG3568 OS=Drosophila melanogaster OX=7227 GN=CG3568 PE=1 SV=2
g13625	119.1	0.5171	-0.439	0.6393	
g9606	70.1	0.1684	-0.038	0.9849	
g9748	79.5	0.2363	-0.402	0.7480	
g9515	69.2	0.1629	0.429	0.7197	
g7024	78.5	0.2300	0.514	0.6112	sp|P77247|HXPB_ECOLI Hexitol phosphatase B OS=Escherichia coli (strain K12) OX=83333 GN=hxpB PE=1 SV=1
g11946	95.2	0.3493	-0.267	0.8532	sp|O70579|PM34_MOUSE Peroxisomal membrane protein PMP34 OS=Mus musculus OX=10090 GN=Slc25a17 PE=1 SV=1
g1591	65.4	0.1363	0.072	0.9740	sp|Q3KPU8|RN166_XENLA E3 ubiquitin-protein ligase RNF166 OS=Xenopus laevis OX=8355 GN=rnf166 PE=2 SV=1
g8025	94.2	0.3439	-1.007	0.0752	sp|F4KI56|SERCL_ARATH Metal-independent phosphoserine phosphatase OS=Arabidopsis thaliana OX=3702 GN=IPSP PE=1 SV=1
g10892	69.6	0.1672	-0.165	0.9370	sp|O42980|NESP1_SCHPO NEDD8-specific protease 1 OS=Schizosaccharomyces pombe (strain 972 / ATCC 24843) OX=284812 GN=nep1 PE=1 SV=2
g13583	86.2	0.2866	-0.686	0.3486	
g5873	73.6	0.1968	-0.250	0.8891	
g12896	57.4	0.0802	-0.015	0.9938	sp|A7SLC8|NAT9_NEMVE N-acetyltransferase 9-like protein OS=Nematostella vectensis OX=45351 GN=nat9 PE=3 SV=1
g1372	84.5	0.2763	0.012	0.9943	
g74	91.7	0.3291	-0.053	0.9788	sp|A6H7I8|TBC14_BOVIN TBC1 domain family member 14 OS=Bos taurus OX=9913 GN=TBC1D14 PE=2 SV=2
g13081	71.3	0.1816	-0.207	0.9126	
g965	97.7	0.3721	0.723	0.2680	
g3337	70.9	0.1785	-0.405	0.7430	
g15786	80.1	0.2451	0.503	0.6063	
g3475	80.1	0.2454	0.441	0.6900	sp|Q96F25|ALG14_HUMAN UDP-N-acetylglucosamine transferase subunit ALG14 OS=Homo sapiens OX=9606 GN=ALG14 PE=1 SV=1
g9293	91.3	0.3272	-0.176	0.9195	
g7559	78.0	0.2312	-0.262	0.8825	
g13763	72.1	0.1895	0.130	0.9534	
g12736	85.3	0.2851	0.496	0.6097	
g6941	76.2	0.2193	0.213	0.9036	
g6780	92.0	0.3346	0.245	0.8948	
g14932	75.4	0.2145	-0.403	0.7557	sp|Q8K370|ACD10_MOUSE Acyl-CoA dehydrogenase family member 10 OS=Mus musculus OX=10090 GN=Acad10 PE=1 SV=1
g6331	93.3	0.3447	0.411	0.7105	
g3015	76.9	0.2262	0.270	0.8890	
g2246	65.4	0.1422	0.184	0.9323	
g503	73.0	0.1973	0.288	0.8530	sp|Q2UVH8|ACRO_MELGA Acrosin OS=Meleagris gallopavo OX=9103 GN=ACR PE=1 SV=1
g7241	84.6	0.2822	0.782	0.2524	
g4211	71.2	0.1852	0.149	0.9469	sp|P37906|PUUB_ECOLI Gamma-glutamylputrescine oxidoreductase OS=Escherichia coli (strain K12) OX=83333 GN=puuB PE=1 SV=2
g565	74.8	0.2122	-0.165	0.9413	
g12657	70.1	0.1783	0.124	0.9534	
g14655	83.2	0.2735	0.098	0.9666	sp|A5D3W2|YBEY_PELTS Endoribonuclease YbeY OS=Pelotomaculum thermopropionicum (strain DSM 13744 / JCM 10971 / SI) OX=370438 GN=ybeY PE=3 SV=1
g12487	200.0	1.1275	-1.216	0.1231	
g6065	216.0	1.2447	-1.022	0.3033	
g9209	82.5	0.2693	-0.073	0.9713	sp|P10587|MYH11_CHICK Myosin-11 OS=Gallus gallus OX=9031 GN=MYH11 PE=1 SV=4
g5892	71.2	0.1874	-0.417	0.7501	
g14458	154.2	0.7948	-0.892	0.1494	sp|Q9LHE9|MYO1_ARATH Myosin-1 OS=Arabidopsis thaliana OX=3702 GN=VIII-1 PE=1 SV=1
g11403	96.8	0.3755	0.429	0.6961	
g3053	171.1	0.9204	1.033	0.0945	
g8110	84.7	0.2872	-0.841	0.1979	
g2817	100.2	0.4015	-0.799	0.1766	
g8339	73.6	0.2065	-0.585	0.5164	sp|Q8NFZ0|FBH1_HUMAN F-box DNA helicase 1 OS=Homo sapiens OX=9606 GN=FBH1 PE=1 SV=2
g8575	68.1	0.1672	-0.125	0.9543	
g11417	74.6	0.2155	0.554	0.5546	sp|Q9FN03|UVR8_ARATH Ultraviolet-B receptor UVR8 OS=Arabidopsis thaliana OX=3702 GN=UVR8 PE=1 SV=1
g7256	86.8	0.3051	-0.244	0.8824	
g10084	79.5	0.2513	-0.065	0.9773	
g6441	85.7	0.2975	0.309	0.8226	
g9965	80.8	0.2617	0.117	0.9600	sp|Q07326|PIGF_HUMAN GPI ethanolamine phosphate transferase, stabilizing subunit OS=Homo sapiens OX=9606 GN=PIGF PE=1 SV=1
g9885	91.2	0.3384	-0.423	0.6997	
g10943	70.6	0.1871	-0.528	0.6027	sp|Q8H329|MTP8_ORYSJ Metal tolerance protein 8 OS=Oryza sativa subsp. japonica OX=39947 GN=MTP8 PE=2 SV=2
g15607	74.2	0.2140	-0.268	0.8742	
g14136	84.4	0.2891	0.269	0.8539	
g9994	71.5	0.1944	0.207	0.9165	
g9088	81.3	0.2673	0.665	0.3974	sp|Q24K03|THUM1_BOVIN THUMP domain-containing protein 1 OS=Bos taurus OX=9913 GN=THUMPD1 PE=2 SV=1
g8133	88.5	0.3205	-0.641	0.5885	
g1987	66.6	0.1590	0.307	0.8559	
g14504	96.0	0.3761	-0.870	0.2293	sp|P36993|PPM1B_MOUSE Protein phosphatase 1B OS=Mus musculus OX=10090 GN=Ppm1b PE=1 SV=1
g15883	66.3	0.1567	0.010	0.9955	sp|Q91819|AURAB_XENLA Aurora kinase A-B OS=Xenopus laevis OX=8355 GN=aurka-b PE=2 SV=3
g12593	63.5	0.1371	0.146	0.9457	sp|Q8K2U2|ALKB6_MOUSE Probable RNA/DNA demethylase ALKBH6 OS=Mus musculus OX=10090 GN=Alkbh6 PE=2 SV=3
g3671	88.6	0.3237	-0.365	0.7746	
g15560	76.1	0.2307	0.468	0.7125	
g10907	77.6	0.2417	0.381	0.7638	sp|P9WLZ2|Y1367_MYCTO Uncharacterized protein MT1414 OS=Mycobacterium tuberculosis (strain CDC 1551 / Oshkosh) OX=83331 GN=MT1414 PE=4 SV=2
g9387	78.0	0.2453	0.423	0.7579	
g12971	86.7	0.3092	0.680	0.4975	
g4008	73.3	0.2101	0.219	0.9135	
g12825	93.3	0.3591	-0.954	0.1887	
g8268	98.4	0.3971	-1.028	0.0619	sp|P80196|RNLX_SOLLC Intracellular ribonuclease LX OS=Solanum lycopersicum OX=4081 GN=RNALX PE=1 SV=2
g4219	180.9	1.0097	-0.660	0.3400	
g72	71.6	0.1987	-0.188	0.9349	
g926	77.1	0.2405	-0.344	0.8249	
g3001	69.8	0.1856	-0.308	0.8462	sp|Q8T8S1|DCNL3_DROME DCN1-like protein 3 OS=Drosophila melanogaster OX=7227 GN=SCCRO3 PE=2 SV=1
g508	63.7	0.1406	-0.182	0.9293	sp|Q91WC0|SETD3_MOUSE Actin-histidine N-methyltransferase OS=Mus musculus OX=10090 GN=Setd3 PE=1 SV=1
g10103	113.5	0.5113	0.986	0.0544	
g14938	76.4	0.2355	-0.501	0.6826	
g829	86.1	0.3085	-0.109	0.9537	sp|Q969S0|S35B4_HUMAN Nucleotide sugar transporter SLC35B4 OS=Homo sapiens OX=9606 GN=SLC35B4 PE=1 SV=1
g12102	86.9	0.3140	-0.752	0.2765	
g15252	245.6	1.4997	-0.486	0.7060	
g4931	81.3	0.2739	0.139	0.9450	sp|Q495X7|TRI60_HUMAN Tripartite motif-containing protein 60 OS=Homo sapiens OX=9606 GN=TRIM60 PE=1 SV=2
g7617	89.7	0.3365	-0.180	0.9300	sp|Q86SQ9|DHDDS_HUMAN Dehydrodolichyl diphosphate synthase complex subunit DHDDS OS=Homo sapiens OX=9606 GN=DHDDS PE=1 SV=3
g253	87.2	0.3186	0.193	0.9207	sp|Q0VGT4|ZGRF1_MOUSE 5'-3' DNA helicase ZGRF1 OS=Mus musculus OX=10090 GN=Zgrf1 PE=1 SV=2
g10842	79.2	0.2590	0.065	0.9740	
g1467	76.0	0.2353	-0.401	0.7442	
g4178	129.8	0.6386	0.694	0.4594	
g3543	71.7	0.2035	-0.466	0.6818	sp|O14034|YEMD_SCHPO Uncharacterized lyase C29B12.13 OS=Schizosaccharomyces pombe (strain 972 / ATCC 24843) OX=284812 GN=SPAC29B12.13 PE=3 SV=1
g1730	95.5	0.3820	-0.592	0.5262	
g11	106.9	0.4676	-0.651	0.5150	
g5453	71.6	0.2039	-0.346	0.7955	sp|P35249|RFC4_HUMAN Replication factor C subunit 4 OS=Homo sapiens OX=9606 GN=RFC4 PE=1 SV=2
g8737	71.7	0.2053	-0.124	0.9509	sp|O09174|AMACR_MOUSE Alpha-methylacyl-CoA racemase OS=Mus musculus OX=10090 GN=Amacr PE=1 SV=4
g15237	80.9	0.2747	-0.299	0.8453	
g9303	92.8	0.3643	0.136	0.9545	
g10854	96.0	0.3887	0.441	0.6650	sp|Q07538|PRP4_SCHPO Serine/threonine-protein kinase prp4 OS=Schizosaccharomyces pombe (strain 972 / ATCC 24843) OX=284812 GN=prp4 PE=1 SV=2
g12695	66.6	0.1673	-0.142	0.9481	
g8753	83.1	0.2917	-0.160	0.9433	sp|Q500Z7|SG29B_ARATH SAGA-associated factor 29 homolog B OS=Arabidopsis thaliana OX=3702 GN=SGF29B PE=2 SV=1
g11297	76.3	0.2411	0.201	0.9210	
g9319	62.2	0.1350	0.153	0.9439	sp|P15289|ARSA_HUMAN Arylsulfatase A OS=Homo sapiens OX=9606 GN=ARSA PE=1 SV=3
g3818	78.0	0.2544	0.463	0.7198	
g3199	77.8	0.2528	-0.003	0.9978	sp|Q96DP5|FMT_HUMAN Methionyl-tRNA formyltransferase, mitochondrial OS=Homo sapiens OX=9606 GN=MTFMT PE=1 SV=2
g670	70.8	0.2003	0.263	0.8809	
g10260	75.8	0.2386	0.019	0.9924	sp|Q9DAK9|PHP14_MOUSE 14 kDa phosphohistidine phosphatase OS=Mus musculus OX=10090 GN=Phpt1 PE=1 SV=1
g133	164.9	0.9102	-0.234	0.8693	sp|Q63164|DYH1_RAT Dynein axonemal heavy chain 1 OS=Rattus norvegicus OX=10116 GN=Dnah1 PE=2 SV=2
g3352	58.3	0.1068	-0.083	0.9701	sp|Q969Q6|P2R3C_HUMAN Serine/threonine-protein phosphatase 2A regulatory subunit B'' subunit gamma OS=Homo sapiens OX=9606 GN=PPP2R3C PE=1 SV=1
g4720	65.3	0.1597	0.297	0.8556	
g9822	71.9	0.2096	-0.130	0.9509	sp|Q6PLK3|AOFB_PIG Amine oxidase [flavin-containing] B OS=Sus scrofa OX=9823 GN=MAOB PE=2 SV=3
g5216	70.6	0.2005	-0.033	0.9861	sp|F4J1H7|RNZ4_ARATH tRNAse Z TRZ4, mitochondrial OS=Arabidopsis thaliana OX=3702 GN=TRZ4 PE=2 SV=1
g7103	95.6	0.3891	-0.577	0.5240	sp|O24496|GLO2C_ARATH Hydroxyacylglutathione hydrolase cytoplasmic OS=Arabidopsis thaliana OX=3702 GN=GLX2-2 PE=1 SV=2
g884	72.7	0.2164	-0.388	0.7581	
g11125	71.2	0.2055	0.074	0.9729	
g9670	88.1	0.3334	-0.470	0.7511	
g10284	99.2	0.4176	-0.062	0.9788	
g5098	82.9	0.2952	-0.411	0.7746	
g13192	126.3	0.6243	0.870	0.3486	
g14907	71.8	0.2118	0.364	0.7804	sp|Q8IVD9|NUDC3_HUMAN NudC domain-containing protein 3 OS=Homo sapiens OX=9606 GN=NUDCD3 PE=1 SV=3
g15510	68.4	0.1864	0.381	0.7707	
g12455	76.8	0.2512	0.204	0.9099	
g15331	73.5	0.2256	-0.356	0.7811	sp|Q28HC6|TGT_XENTR Queuine tRNA-ribosyltransferase catalytic subunit 1 OS=Xenopus tropicalis OX=8364 GN=qtrt1 PE=2 SV=2
g8959	74.2	0.2312	0.052	0.9831	
g3439	89.4	0.3476	0.342	0.7685	sp|Q8RVB2|SPY_SOLLC Probable UDP-N-acetylglucosamine--peptide N-acetylglucosaminyltransferase SPINDLY OS=Solanum lycopersicum OX=4081 GN=SPY PE=2 SV=1
g12617	82.6	0.2959	0.166	0.9417	
g4046	57.0	0.1009	-0.135	0.9509	
g5774	78.4	0.2646	0.754	0.2938	
g14011	71.9	0.2147	0.215	0.9165	sp|B6ZJZ9|PNC1_SOYBN Peroxisomal adenine nucleotide carrier 1 OS=Glycine max OX=3847 GN=PNC1 PE=2 SV=1
g7265	84.7	0.3132	-0.120	0.9546	
g6714	67.2	0.1791	0.220	0.9139	
g8324	78.9	0.2687	0.051	0.9825	
g11749	118.0	0.5672	0.857	0.1689	
g6414	80.2	0.2793	-0.049	0.9825	
g4550	82.2	0.2952	-0.519	0.5779	
g11528	84.9	0.3161	0.591	0.5180	
g944	86.9	0.3322	0.601	0.4742	
g15498	77.9	0.2633	0.273	0.8742	sp|A8HVC4|UBIG_AZOC5 Ubiquinone biosynthesis O-methyltransferase OS=Azorhizobium caulinodans (strain ATCC 43989 / DSM 5975 / JCM 20966 / LMG 6465 / NBRC 14845 / NCIMB 13405 / ORS 571) OX=438753 GN=ubiG PE=3 SV=1
g2503	120.2	0.5874	0.357	0.8249	sp|Q6CAB5|CCPR2_YARLI Putative cytochrome c peroxidase, mitochondrial OS=Yarrowia lipolytica (strain CLIB 122 / E 150) OX=284591 GN=YALI0D04268g PE=3 SV=1
g1803	89.9	0.3556	-0.436	0.6946	
g3720	69.8	0.2015	-0.116	0.9609	
g11372	60.0	0.1263	0.177	0.9349	
g15529	75.1	0.2422	-0.624	0.5298	
g5908	94.6	0.3929	-0.728	0.3763	
g10938	104.5	0.4686	1.031	0.0789	sp|Q8RX28|HDA5_ARATH Histone deacetylase 5 OS=Arabidopsis thaliana OX=3702 GN=HDA5 PE=1 SV=1
g13804	76.5	0.2536	0.623	0.5130	sp|Q3U4G0|CDIN1_MOUSE CDAN1-interacting nuclease 1 OS=Mus musculus OX=10090 GN=Cdin1 PE=2 SV=2
g7313	94.4	0.3920	0.738	0.2948	sp|Q91WM3|U3IP2_MOUSE U3 small nucleolar RNA-interacting protein 2 OS=Mus musculus OX=10090 GN=Rrp9 PE=1 SV=1
g745	71.0	0.2122	0.067	0.9786	
g6313	84.9	0.3192	0.262	0.8585	
g7494	89.6	0.3549	-0.164	0.9394	
g11777	67.4	0.1850	-0.149	0.9482	
g4949	73.0	0.2287	-0.346	0.8333	
g6592	63.5	0.1552	0.105	0.9614	sp|F7E540|TTLL7_XENTR Tubulin polyglutamylase TTLL7 OS=Xenopus tropicalis OX=8364 GN=ttll7 PE=1 SV=2
g634	80.6	0.2868	0.231	0.8948	sp|P40882|Y3753_PSEAE Uncharacterized protein PA3753 OS=Pseudomonas aeruginosa (strain ATCC 15692 / DSM 22644 / CIP 104116 / JCM 14847 / LMG 12228 / 1C / PRS 101 / PAO1) OX=208964 GN=PA3753 PE=3 SV=2
g5422	81.4	0.2933	0.157	0.9433	
g14812	101.1	0.4449	0.709	0.5207	
g15004	61.7	0.1422	-0.075	0.9740	sp|Q6GP52|BECN1_XENLA Beclin-1 OS=Xenopus laevis OX=8355 GN=becn1 PE=2 SV=1
g13113	76.7	0.2581	0.393	0.7433	sp|Q9SUV2|PT432_ARATH Probable sugar phosphate/phosphate translocator At4g32390 OS=Arabidopsis thaliana OX=3702 GN=At4g32390 PE=3 SV=1
g698	67.8	0.1892	0.387	0.7894	sp|Q94AH3|NIPA4_ARATH Probable magnesium transporter NIPA4 OS=Arabidopsis thaliana OX=3702 GN=At1g71900 PE=2 SV=1
g11704	76.9	0.2595	0.001	0.9995	
g4728	57.8	0.1126	-0.244	0.9004	
g11597	121.5	0.6042	-1.031	0.0508	sp|Q8RX37|P2C02_ARATH Probable protein phosphatase 2C 2 OS=Arabidopsis thaliana OX=3702 GN=At1g07160 PE=2 SV=1
g556	78.3	0.2708	-0.479	0.6806	sp|F4JI46|RGAP2_ARATH Rho GTPase-activating protein 2 OS=Arabidopsis thaliana OX=3702 GN=ROPGAP2 PE=1 SV=1
g13966	72.3	0.2246	0.267	0.8797	
g3552	57.2	0.1086	-0.140	0.9508	
g11095	139.0	0.7407	0.223	0.9323	sp|P31651|S6A12_MOUSE Sodium- and chloride-dependent betaine transporter OS=Mus musculus OX=10090 GN=Slc6a12 PE=1 SV=1
g4661	79.5	0.2810	-0.466	0.7169	sp|Q54795|DESD_LIMPL sn-1 linoleoyl-lipid 6-desaturase OS=Limnospira platensis OX=118562 GN=desD PE=1 SV=1
g11692	86.9	0.3380	-0.851	0.2209	
g2970	69.5	0.2039	-0.247	0.8948	
g11212	83.6	0.3125	-0.796	0.2328	sp|Q6FLF3|DBP2_CANGA ATP-dependent RNA helicase DBP2 OS=Candida glabrata (strain ATCC 2001 / BCRC 20586 / JCM 3761 / NBRC 0622 / NRRL Y-65 / CBS 138) OX=284593 GN=DBP2 PE=3 SV=1
g1191	87.4	0.3422	0.230	0.8936	sp|Q01177|PLMN_RAT Plasminogen OS=Rattus norvegicus OX=10116 GN=Plg PE=2 SV=2
g9192	84.1	0.3170	-0.071	0.9740	sp|Q5EAR5|TRPT1_DANRE tRNA 2'-phosphotransferase 1 OS=Danio rerio OX=7955 GN=trpt1 PE=2 SV=2
g11860	80.8	0.2919	-0.542	0.6074	
g7776	74.9	0.2468	-0.658	0.4316	
g8694	61.0	0.1409	-0.092	0.9683	sp|P54495|GLK_BACSU Glucokinase OS=Bacillus subtilis (strain 168) OX=224308 GN=glcK PE=1 SV=2
g9029	70.1	0.2117	-0.453	0.6972	sp|Q2T9X7|UB2E3_BOVIN Ubiquitin-conjugating enzyme E2 E3 OS=Bos taurus OX=9913 GN=UBE2E3 PE=2 SV=1
g2648	60.6	0.1381	-0.153	0.9450	sp|Q9ZD73|Y471_RICPR Uncharacterized protein RP471 OS=Rickettsia prowazekii (strain Madrid E) OX=272947 GN=RP471 PE=4 SV=1
g13708	65.6	0.1765	0.211	0.9165	sp|Q9NVD3|SETD4_HUMAN SET domain-containing protein 4 OS=Homo sapiens OX=9606 GN=SETD4 PE=1 SV=1
g11171	96.8	0.4203	0.897	0.1487	
g15290	132.3	0.6971	0.375	0.7489	
g173	52.6	0.0765	-0.018	0.9926	
g14929	109.5	0.5199	-0.038	0.9848	sp|Q0WQX7|RBL1_ARATH RHOMBOID-like protein 1 OS=Arabidopsis thaliana OX=3702 GN=RBL1 PE=2 SV=1
g3486	60.6	0.1386	-0.091	0.9689	
g150	70.4	0.2160	-0.279	0.8599	
g3379	65.7	0.1787	-0.123	0.9550	sp|Q9CNF3|TRUC_PASMU tRNA pseudouridine synthase C OS=Pasteurella multocida (strain Pm70) OX=272843 GN=truC PE=3 SV=1
g11226	79.1	0.2843	-0.230	0.8877	sp|Q4PDT1|DBP3_MYCMD ATP-dependent RNA helicase DBP3 OS=Mycosarcoma maydis OX=5270 GN=DBP3 PE=3 SV=1
g3698	66.9	0.1893	-0.188	0.9323	
g2369	56.0	0.1039	0.087	0.9689	
g8720	63.6	0.1635	0.058	0.9823	sp|Q6CRJ6|TIM22_KLULA Mitochondrial import inner membrane translocase subunit TIM22 OS=Kluyveromyces lactis (strain ATCC 8585 / CBS 2359 / DSM 70799 / NBRC 1267 / NRRL Y-1140 / WM37) OX=284590 GN=TIM22 PE=3 SV=1
g2789	70.2	0.2152	0.501	0.6687	sp|Q54BF0|FHKA_DICDI Probable serine/threonine-protein kinase fhkA OS=Dictyostelium discoideum OX=44689 GN=fhkA PE=3 SV=1
g6926	78.6	0.2812	-0.287	0.8703	
g1611	67.7	0.1967	0.395	0.7638	
g6847	55.9	0.1038	0.099	0.9666	sp|Q6GQK9|NDST1_XENLA Bifunctional heparan sulfate N-deacetylase/N-sulfotransferase 1 OS=Xenopus laevis OX=8355 GN=ndst1 PE=2 SV=1
g9252	96.3	0.4205	0.884	0.2597	sp|Q182E7|DNAJ_CLOD6 Chaperone protein DnaJ OS=Clostridioides difficile (strain 630) OX=272563 GN=dnaJ PE=3 SV=1
g12581	56.2	0.1073	0.139	0.9509	sp|Q6ZQ89|MARH6_MOUSE E3 ubiquitin-protein ligase MARCHF6 OS=Mus musculus OX=10090 GN=Marchf6 PE=2 SV=2
g8739	83.9	0.3245	0.464	0.6613	
g13344	81.8	0.3078	-0.341	0.8119	sp|Q2RWE0|PRMC_RHORT Release factor glutamine methyltransferase OS=Rhodospirillum rubrum (strain ATCC 11170 / ATH 1.1.1 / DSM 467 / LMG 4362 / NCIMB 8255 / S1) OX=269796 GN=prmC PE=3 SV=1
g2056	112.7	0.5526	0.004	0.9978	sp|P71349|SDHL_HAEIN L-serine dehydratase OS=Haemophilus influenzae (strain ATCC 51907 / DSM 11121 / KW20 / Rd) OX=71421 GN=sdaA PE=3 SV=1
g13603	63.1	0.1632	0.297	0.8630	
g12005	68.2	0.2029	-0.430	0.7579	sp|B0V3H4|ACTMP_DANRE Actin maturation protease OS=Danio rerio OX=7955 GN=actmap PE=2 SV=1
g2117	85.3	0.3382	0.578	0.5262	
g14068	101.5	0.4652	-0.593	0.4657	
g11034	58.1	0.1239	-0.021	0.9922	
g9095	67.6	0.1988	-0.229	0.9126	sp|Q0E7J8|REV7_SCHPO DNA polymerase zeta processivity subunit OS=Schizosaccharomyces pombe (strain 972 / ATCC 24843) OX=284812 GN=rev7 PE=3 SV=1
g446	62.0	0.1549	-0.178	0.9360	sp|Q6DEW6|REXO4_XENTR RNA exonuclease 4 OS=Xenopus tropicalis OX=8364 GN=rexo4 PE=2 SV=1
g4710	75.3	0.2605	0.269	0.8742	sp|Q7ZXZ0|MCM3Z_XENLA Zygotic DNA replication licensing factor mcm3 OS=Xenopus laevis OX=8355 GN=zmcm3 PE=1 SV=1
g9344	90.5	0.3806	-0.139	0.9545	
g15716	63.3	0.1656	-0.428	0.7459	sp|B7VBN4|ARNB_PSEA8 UDP-4-amino-4-deoxy-L-arabinose--oxoglutarate aminotransferase OS=Pseudomonas aeruginosa (strain LESB58) OX=557722 GN=arnB PE=3 SV=1
g11288	67.4	0.1983	0.061	0.9788	
g7362	126.9	0.6682	-0.953	0.2153	
g15197	95.5	0.4215	-1.219	0.1038	
g1652	60.8	0.1477	0.033	0.9863	
g15203	81.9	0.3143	0.285	0.8567	
g10144	69.1	0.2130	-0.069	0.9752	
g10024	73.4	0.2476	-0.090	0.9689	sp|A2RVK7|RP41L_ARATH Exosome complex component RRP41-like OS=Arabidopsis thaliana OX=3702 GN=RRP41L PE=2 SV=1
g6329	72.1	0.2375	0.115	0.9562	sp|O65418|APC4_ARATH Anaphase-promoting complex subunit 4 OS=Arabidopsis thaliana OX=3702 GN=APC4 PE=2 SV=2
g125	57.7	0.1234	0.081	0.9712	
g15173	146.7	0.8281	0.233	0.8650	sp|A0LNN5|SFMCT_SYNFM L-lactate transporter OS=Syntrophobacter fumaroxidans (strain DSM 10017 / MPOB) OX=335543 GN=Sfum_3364 PE=1 SV=1
g10629	85.7	0.3455	-0.415	0.7527	sp|Q5RFG0|ECH1_PONAB Delta(3,5)-Delta(2,4)-dienoyl-CoA isomerase, mitochondrial OS=Pongo abelii OX=9601 GN=ECH1 PE=2 SV=1
g883	72.7	0.2427	-0.617	0.4950	sp|O62742|SCP2_RABIT Sterol carrier protein 2 OS=Oryctolagus cuniculus OX=9986 GN=SCP2 PE=1 SV=1
g7336	79.2	0.2942	-0.648	0.4942	
g14516	91.7	0.3935	0.647	0.6441	
g10732	69.2	0.2164	0.406	0.7654	sp|Q5BPL5|EI24_ARATH Protein EI24 homolog OS=Arabidopsis thaliana OX=3702 GN=At4g06676 PE=2 SV=1
g13531	76.4	0.2742	0.103	0.9609	sp|Q8L7R3|LPCT1_ARATH Lysophospholipid acyltransferase LPEAT1 OS=Arabidopsis thaliana OX=3702 GN=LPEAT1 PE=1 SV=1
g12212	66.6	0.1961	-0.211	0.9119	sp|Q31F19|SYFB_HYDCU Phenylalanine--tRNA ligase beta subunit OS=Hydrogenovibrio crunogenus (strain DSM 25203 / XCL-2) OX=317025 GN=pheT PE=3 SV=1
g1158	59.4	0.1392	-0.276	0.8742	
g8723	65.4	0.1875	0.048	0.9848	sp|Q2NFH1|DCDB_METST dCTP deaminase, dUMP-forming OS=Methanosphaera stadtmanae (strain ATCC 43021 / DSM 3091 / JCM 11832 / MCB-3) OX=339860 GN=dcd PE=3 SV=1
g4908	63.8	0.1750	-0.228	0.9055	sp|Q10MX3|ASNS1_ORYSJ Asparagine synthetase [glutamine-hydrolyzing] 1 OS=Oryza sativa subsp. japonica OX=39947 GN=Os03g0291500 PE=2 SV=1
g15121	98.3	0.4497	-0.674	0.4741	
g11381	92.8	0.4069	-0.196	0.9058	
g9130	100.2	0.4662	-0.238	0.8703	sp|Q9CKQ9|HSLO_PASMU 33 kDa chaperonin OS=Pasteurella multocida (strain Pm70) OX=272843 GN=hslO PE=3 SV=1
g14539	71.3	0.2361	-0.292	0.8527	sp|O88413|TULP3_MOUSE Tubby-related protein 3 OS=Mus musculus OX=10090 GN=Tulp3 PE=1 SV=1
g12583	84.1	0.3395	-0.021	0.9921	
g7570	79.1	0.2996	-0.214	0.9126	
g5482	68.6	0.2154	-0.340	0.8249	sp|Q56Y42|PLR1_ARATH Pyridoxal reductase, chloroplastic OS=Arabidopsis thaliana OX=3702 GN=PLR1 PE=1 SV=1
g3683	88.0	0.3715	0.228	0.8966	sp|A7RFT2|CD123_NEMVE Cell division cycle protein 123 homolog OS=Nematostella vectensis OX=45351 GN=cdc123 PE=3 SV=1
g1986	66.5	0.1988	-0.311	0.8519	sp|P38838|WSS1_YEAST DNA-dependent metalloprotease WSS1 OS=Saccharomyces cerevisiae (strain ATCC 204508 / S288c) OX=559292 GN=WSS1 PE=1 SV=1
g4384	103.2	0.4931	-0.919	0.1239	
g10843	78.7	0.2969	0.844	0.2072	
g14459	63.0	0.1718	-0.188	0.9323	
g6700	52.3	0.0862	0.039	0.9849	sp|P55168|CCNC_CHICK Cyclin-C OS=Gallus gallus OX=9031 GN=CCNC PE=3 SV=1
g12987	102.3	0.4876	1.149	0.2579	
g7073	70.2	0.2309	0.019	0.9925	
g2363	70.9	0.2362	-0.438	0.7305	sp|Q5BJZ6|CARME_RAT Protein-L-histidine N-pros-methyltransferase CARNMT1 OS=Rattus norvegicus OX=10116 GN=Carnmt1 PE=1 SV=1
g5342	63.6	0.1775	-0.018	0.9925	sp|Q6ZNB7|ALKMO_HUMAN Alkylglycerol monooxygenase OS=Homo sapiens OX=9606 GN=AGMO PE=1 SV=1
g2791	75.1	0.2706	0.466	0.6878	
g4049	64.1	0.1821	-0.111	0.9609	sp|Q9Y3D8|KAD6_HUMAN Adenylate kinase isoenzyme 6 OS=Homo sapiens OX=9606 GN=AK6 PE=1 SV=1
g2320	69.8	0.2282	0.554	0.5750	
g13231	75.4	0.2733	-0.006	0.9974	
g2983	83.0	0.3356	0.834	0.2793	
g9310	97.1	0.4493	-0.716	0.3358	
g15611	51.7	0.0838	-0.081	0.9718	sp|Q17QG5|UB2G2_BOVIN Ubiquitin-conjugating enzyme E2 G2 OS=Bos taurus OX=9913 GN=UBE2G2 PE=2 SV=1
g5115	89.6	0.3891	-0.129	0.9450	sp|P54802|ANAG_HUMAN Alpha-N-acetylglucosaminidase OS=Homo sapiens OX=9606 GN=NAGLU PE=1 SV=2
g196	79.4	0.3072	0.900	0.1700	
g6349	81.1	0.3209	-0.296	0.8944	
g908	72.5	0.2520	-0.686	0.4345	
g14487	64.9	0.1906	0.170	0.9393	sp|Q8C0I1|ADAS_MOUSE Alkyldihydroxyacetonephosphate synthase, peroxisomal OS=Mus musculus OX=10090 GN=Agps PE=1 SV=1
g94	77.8	0.2954	-0.160	0.9370	
g4872	70.9	0.2398	0.576	0.5948	
g15099	67.2	0.2098	-0.084	0.9713	
g15768	60.1	0.1532	-0.155	0.9450	sp|C3MAI8|PHS_SINFN Putative pterin-4-alpha-carbinolamine dehydratase OS=Sinorhizobium fredii (strain NBRC 101917 / NGR234) OX=394 GN=NGR_c32490 PE=3 SV=1
g13278	71.8	0.2477	-0.527	0.6033	sp|Q43207|FKB70_WHEAT 70 kDa peptidyl-prolyl isomerase OS=Triticum aestivum OX=4565 GN=FKBP70 PE=1 SV=1
g3438	70.3	0.2363	0.553	0.6365	sp|Q8N4F7|RN175_HUMAN RING finger protein 175 OS=Homo sapiens OX=9606 GN=RNF175 PE=1 SV=2
g2113	79.3	0.3094	-0.480	0.7540	sp|Q14186|TFDP1_HUMAN Transcription factor Dp-1 OS=Homo sapiens OX=9606 GN=TFDP1 PE=1 SV=1
g9031	118.4	0.6268	0.774	0.3630	sp|Q43497|MDAR_SOLLC Monodehydroascorbate reductase OS=Solanum lycopersicum OX=4081 GN=AFRR PE=1 SV=1
g12956	102.1	0.4950	-1.042	0.1679	
g9194	70.5	0.2386	0.021	0.9921	
g5609	58.1	0.1382	0.097	0.9666	sp|P45890|ARP6_DROME Actin-related protein 6 OS=Drosophila melanogaster OX=7227 GN=Arp6 PE=1 SV=1
g7639	90.4	0.4004	0.436	0.7447	sp|Q7PC88|AB31G_ARATH ABC transporter G family member 31 OS=Arabidopsis thaliana OX=3702 GN=ABCG31 PE=1 SV=1
g3942	119.8	0.6390	0.938	0.2773	
g4902	73.1	0.2609	0.131	0.9545	sp|Q06816|HYEP_STIAD Putative epoxide hydrolase OS=Stigmatella aurantiaca (strain DW4/3-1) OX=378806 GN=STAUR_4299 PE=3 SV=2
g11921	80.2	0.3193	-0.713	0.4140	sp|Q6NKT5|RGAP5_ARATH Rho GTPase-activating protein 5 OS=Arabidopsis thaliana OX=3702 GN=ROPGAP5 PE=2 SV=1
g2999	60.4	0.1577	-0.240	0.9023	sp|Q9Y7K4|YGI2_SCHPO Uncharacterized protein C2A9.02 OS=Schizosaccharomyces pombe (strain 972 / ATCC 24843) OX=284812 GN=SPBC2A9.02 PE=3 SV=1
g10119	62.7	0.1772	-0.415	0.7551	sp|Q9SLX0|IMA1B_ORYSJ Importin subunit alpha-1b OS=Oryza sativa subsp. japonica OX=39947 GN=Os05g0155601 PE=1 SV=2
g5305	120.5	0.6478	-0.973	0.0519	sp|Q54L52|Y6897_DICDI G8 domain-containing protein DDB_G0286897 OS=Dictyostelium discoideum OX=44689 GN=DDB_G0286897 PE=3 SV=1
g9773	62.5	0.1759	0.331	0.8337	sp|Q2YDC9|PDCD2_BOVIN uS5 assembly chaperone PDCD2 OS=Bos taurus OX=9913 GN=PDCD2 PE=2 SV=1
g15661	61.6	0.1686	-0.006	0.9974	sp|Q9SM23|ACBP1_ARATH Acyl-CoA-binding domain-containing protein 1 OS=Arabidopsis thaliana OX=3702 GN=ACBP1 PE=1 SV=2
g8900	56.6	0.1279	-0.009	0.9964	
g5578	122.4	0.6643	-0.716	0.2350	sp|P68180|KAPCB_CRIGR cAMP-dependent protein kinase catalytic subunit beta OS=Cricetulus griseus OX=10029 GN=PRKACB PE=2 SV=2
g11435	75.3	0.2801	0.307	0.8271	sp|Q54IA4|PIGM_DICDI GPI mannosyltransferase 1 OS=Dictyostelium discoideum OX=44689 GN=pigm PE=3 SV=1
g1289	69.7	0.2348	-0.392	0.7811	sp|Q54W07|BUD32_DICDI EKC/KEOPS complex subunit bud32 OS=Dictyostelium discoideum OX=44689 GN=bud32 PE=3 SV=1
g2062	68.4	0.2246	0.114	0.9570	sp|Q5PP37|ATXR2_ARATH Histone-lysine N-methyltransferase ATXR2 OS=Arabidopsis thaliana OX=3702 GN=ATXR2 PE=1 SV=1
g5314	62.0	0.1723	0.383	0.7976	sp|Q6L743|DOIAD_STRKN 2-deoxy-scyllo-inosamine dehydrogenase OS=Streptomyces kanamyceticus OX=1967 GN=kanE PE=3 SV=1
g5140	110.1	0.5649	-0.130	0.9427	
g2281	77.1	0.2952	0.023	0.9906	sp|Q9WTV5|PSMD9_RAT 26S proteasome non-ATPase regulatory subunit 9 OS=Rattus norvegicus OX=10116 GN=Psmd9 PE=1 SV=1
g15574	61.1	0.1652	-0.209	0.9200	
g12468	100.9	0.4910	-0.187	0.9210	sp|Q987T6|FOLD2_RHILO Bifunctional protein FolD 2 OS=Mesorhizobium japonicum (strain LMG 29417 / CECT 9101 / MAFF 303099) OX=266835 GN=folD2 PE=3 SV=1
g3910	114.3	0.5999	-0.764	0.2493	sp|A0A517FNC7|94D18_PARPY Cytochrome P450 CYP94D108 OS=Paris polyphylla OX=49666 GN=CYP94D108 PE=1 SV=1
g3123	63.2	0.1826	-0.403	0.7825	sp|Q5XGR8|LACB2_XENLA Endoribonuclease LACTB2 OS=Xenopus laevis OX=8355 GN=lactb2 PE=2 SV=1
g4660	79.3	0.3146	-0.300	0.8589	
g1601	69.7	0.2359	0.311	0.8564	sp|Q6JDV7|POLK_ARATH DNA polymerase kappa OS=Arabidopsis thaliana OX=3702 GN=POLK PE=1 SV=1
g1729	72.6	0.2603	-0.273	0.8585	
g3299	64.6	0.1943	-0.199	0.9289	
g8287	62.6	0.1793	-0.209	0.9225	
g12948	89.1	0.3968	0.892	0.2002	
g13761	61.7	0.1724	0.312	0.8449	
g13952	68.9	0.2316	-0.398	0.7984	sp|Q5ZK17|SETD6_CHICK N-lysine methyltransferase SETD6 OS=Gallus gallus OX=9031 GN=SETD6 PE=2 SV=2
g2454	60.2	0.1611	0.298	0.8627	sp|Q54WA3|PEX7_DICDI Peroxisomal targeting signal 2 receptor OS=Dictyostelium discoideum OX=44689 GN=pex7 PE=3 SV=1
g3606	62.4	0.1786	-0.101	0.9665	
g4914	77.6	0.3042	-0.182	0.9216	sp|Q0V9J5|EIF1A_XENTR Probable RNA-binding protein EIF1AD OS=Xenopus tropicalis OX=8364 GN=eif1ad PE=2 SV=1
g8061	74.3	0.2764	-0.663	0.4748	sp|Q12083|MLH3_YEAST DNA mismatch repair protein MLH3 OS=Saccharomyces cerevisiae (strain ATCC 204508 / S288c) OX=559292 GN=MLH3 PE=1 SV=1
g4281	63.2	0.1863	-0.081	0.9693	
g7311	60.7	0.1654	0.130	0.9534	
g4937	99.1	0.4815	-0.388	0.8372	
g1119	70.5	0.2466	0.529	0.6657	sp|Q8WUA7|TB22A_HUMAN TBC1 domain family member 22A OS=Homo sapiens OX=9606 GN=TBC1D22A PE=1 SV=2
g1114	86.5	0.3788	-1.057	0.0654	
g6995	67.9	0.2255	-0.101	0.9614	sp|Q91ZS8|RED1_MOUSE Double-stranded RNA-specific editase 1 OS=Mus musculus OX=10090 GN=Adarb1 PE=1 SV=1
g8899	70.5	0.2476	0.152	0.9486	sp|Q54VQ7|HDA22_DICDI Type-2 histone deacetylase 2 OS=Dictyostelium discoideum OX=44689 GN=hdaC PE=2 SV=1
g14855	62.0	0.1779	0.137	0.9509	
g7371	68.1	0.2285	-0.503	0.6657	sp|Q68FT3|PYRD2_RAT Pyridine nucleotide-disulfide oxidoreductase domain-containing protein 2 OS=Rattus norvegicus OX=10116 GN=Pyroxd2 PE=2 SV=1
g4687	49.3	0.0734	-0.086	0.9702	sp|Q3U269|TSTD2_MOUSE Thiosulfate sulfurtransferase/rhodanese-like domain-containing protein 2 OS=Mus musculus OX=10090 GN=Tstd2 PE=2 SV=3
g11555	66.5	0.2160	-0.188	0.9362	
g3814	194.7	1.2750	1.371	0.1727	sp|Q7SXY4|DC2L1_DANRE Cytoplasmic dynein 2 light intermediate chain 1 OS=Danio rerio OX=7955 GN=dync2li1 PE=2 SV=1
g16031	57.6	0.1425	0.147	0.9475	sp|P9WNH2|Y2715_MYCTO Uncharacterized protein MT2788 OS=Mycobacterium tuberculosis (strain CDC 1551 / Oshkosh) OX=83331 GN=MT2788 PE=3 SV=1
g2104	97.8	0.4753	-0.332	0.7825	
g356	72.6	0.2669	0.388	0.7561	sp|Q5XGY9|MND1_XENLA Meiotic nuclear division protein 1 homolog OS=Xenopus laevis OX=8355 GN=mnd1 PE=2 SV=1
g15571	55.6	0.1266	-0.006	0.9974	
g14937	73.5	0.2748	-0.003	0.9978	
g15880	119.1	0.6527	0.979	0.1098	
g15565	58.7	0.1529	0.156	0.9469	sp|Q5ZIL9|KBP_CHICK KIF-binding protein OS=Gallus gallus OX=9031 GN=Kifbp PE=2 SV=1
g1999	65.0	0.2071	-0.157	0.9451	sp|D0NHA2|RU1C_PHYIT U1 small nuclear ribonucleoprotein C OS=Phytophthora infestans (strain T30-4) OX=403677 GN=PITG_10871 PE=3 SV=1
g7177	84.0	0.3653	-0.061	0.9831	
g4598	111.4	0.5948	-0.963	0.0677	sp|O54748|STK3_RAT Serine/threonine-protein kinase 3 OS=Rattus norvegicus OX=10116 GN=Stk3 PE=1 SV=1
g2749	63.5	0.1954	0.044	0.9849	sp|Q96BZ9|TBC20_HUMAN TBC1 domain family member 20 OS=Homo sapiens OX=9606 GN=TBC1D20 PE=1 SV=1
g8108	82.1	0.3517	-0.994	0.1341	sp|Q8MLZ3|PDE5_DICDI cGMP-dependent 3',5'-cGMP phosphodiesterase A OS=Dictyostelium discoideum OX=44689 GN=pdeD PE=1 SV=1
g15820	76.9	0.3093	0.319	0.8151	sp|Q6NNP0|ATG16_ARATH Autophagy-related protein 16 OS=Arabidopsis thaliana OX=3702 GN=ATG16 PE=1 SV=1
g8507	58.1	0.1534	-0.041	0.9848	
g14085	64.0	0.2022	0.504	0.6775	
g6905	75.7	0.3006	-0.611	0.5255	
g7909	92.3	0.4401	-0.228	0.9210	sp|Q54NP8|KIF4_DICDI Kinesin-related protein 4 OS=Dictyostelium discoideum OX=44689 GN=kif4 PE=2 SV=1
g5841	83.0	0.3621	-0.572	0.6037	sp|D7UQM5|AURK_PATPE Aurora kinase OS=Patiria pectinifera OX=7594 GN=aur PE=1 SV=1
g2432	87.6	0.4005	0.428	0.7451	
g1096	60.4	0.1727	-0.348	0.8162	sp|O07529|AZR_BACSU FMN-dependent NADPH-azoreductase OS=Bacillus subtilis (strain 168) OX=224308 GN=azr PE=1 SV=1
g1475	69.3	0.2477	-0.426	0.7528	sp|Q7ZWU1|STIP1_XENLA Stress-induced-phosphoprotein 1 OS=Xenopus laevis OX=8355 GN=stip1 PE=2 SV=1
g2147	78.4	0.3245	0.005	0.9974	sp|Q9V9U4|DOHH_DROME Deoxyhypusine hydroxylase OS=Drosophila melanogaster OX=7227 GN=nero PE=2 SV=1
g6326	68.6	0.2426	-0.243	0.8948	
g11539	93.1	0.4484	-0.166	0.9365	sp|Q14012|KCC1A_HUMAN Calcium/calmodulin-dependent protein kinase type 1 OS=Homo sapiens OX=9606 GN=CAMK1 PE=1 SV=1
g9503	58.1	0.1548	-0.281	0.8801	
g7003	69.1	0.2474	-0.418	0.7707	sp|Q9CZJ1|UTP11_MOUSE Probable U3 small nucleolar RNA-associated protein 11 OS=Mus musculus OX=10090 GN=Utp11 PE=2 SV=1
g9947	63.3	0.1991	0.339	0.8249	
g7517	79.4	0.3345	0.524	0.7033	
g9574	80.7	0.3457	0.073	0.9727	sp|Q9LX73|UFL1_ARATH E3 UFM1-protein ligase 1 homolog OS=Arabidopsis thaliana OX=3702 GN=At3g46220 PE=1 SV=1
g4263	76.1	0.3074	0.023	0.9907	
g9051	61.9	0.1879	-0.072	0.9740	
g5071	63.7	0.2034	0.227	0.9159	
g15058	96.3	0.4782	-0.754	0.4153	sp|Q86YT5|S13A5_HUMAN Na(+)/citrate cotransporter OS=Homo sapiens OX=9606 GN=SLC13A5 PE=1 SV=1
g13096	63.7	0.2040	-0.152	0.9487	sp|Q3E6S9|CNIF3_ARATH Probable L-cysteine desulfhydrase, chloroplastic OS=Arabidopsis thaliana OX=3702 GN=CpNIFS3 PE=1 SV=1
g8512	59.7	0.1700	-0.130	0.9570	
g14856	66.6	0.2285	0.368	0.8203	sp|Q5ZIJ9|MIB2_CHICK E3 ubiquitin-protein ligase MIB2 OS=Gallus gallus OX=9031 GN=MIB2 PE=2 SV=1
g3699	75.0	0.2989	-0.370	0.7931	sp|Q652Z7|P2C55_ORYSJ Probable protein phosphatase 2C 55 OS=Oryza sativa subsp. japonica OX=39947 GN=Os06g0526700 PE=2 SV=2
g2637	127.4	0.7413	1.591	0.1264	
g7536	73.3	0.2856	-0.514	0.7237	
g15405	83.3	0.3704	0.071	0.9713	sp|A6LIA1|SYN_PARD8 Asparagine--tRNA ligase OS=Parabacteroides distasonis (strain ATCC 8503 / DSM 20701 / CIP 104284 / JCM 5825 / NCTC 11152) OX=435591 GN=asnS PE=3 SV=1
g7584	67.8	0.2391	0.277	0.8758	
g11289	70.0	0.2580	-0.045	0.9846	sp|Q8VCZ8|RUSD1_MOUSE Pseudouridylate synthase RPUSD1 OS=Mus musculus OX=10090 GN=Rpusd1 PE=2 SV=1
g10112	78.6	0.3309	0.415	0.7579	sp|O13726|YDO6_SCHPO Uncharacterized Na(+)/H(+) antiporter C15A10.06 OS=Schizosaccharomyces pombe (strain 972 / ATCC 24843) OX=284812 GN=SPAC15A10.06 PE=1 SV=3
g3493	87.9	0.4092	0.056	0.9832	sp|Q501S4|CSKMT_DANRE Citrate synthase-lysine N-methyltransferase CSKMT, mitochondrial OS=Danio rerio OX=7955 GN=cskmt PE=2 SV=2
g1442	74.5	0.2958	-0.521	0.6131	
g4473	67.2	0.2343	-0.159	0.9461	
g3721	63.7	0.2053	0.137	0.9509	sp|P37193|ADXH1_DROME Adrenodoxin-like protein 1, mitochondrial OS=Drosophila melanogaster OX=7227 GN=Fdx1 PE=2 SV=3
g4831	61.9	0.1899	-0.477	0.7033	sp|Q9LMT0|CDKD3_ARATH Cyclin-dependent kinase D-3 OS=Arabidopsis thaliana OX=3702 GN=CDKD-3 PE=1 SV=1
g6208	64.1	0.2089	-0.328	0.8564	
g11902	57.4	0.1530	0.105	0.9665	
g2456	64.5	0.2138	-0.073	0.9763	
g7893	126.6	0.7410	-0.503	0.7478	
g6681	84.9	0.3884	0.150	0.9439	sp|Q93YW7|CRLS1_ARATH Cardiolipin synthase (CMP-forming) OS=Arabidopsis thaliana OX=3702 GN=CLS PE=1 SV=1
g6456	63.5	0.2067	-0.100	0.9654	sp|Q5R5S1|FBX21_PONAB F-box only protein 21 OS=Pongo abelii OX=9601 GN=FBXO21 PE=2 SV=1
g15420	61.1	0.1870	-0.445	0.7442	sp|Q8BSY0|ASPH_MOUSE Aspartyl/asparaginyl beta-hydroxylase OS=Mus musculus OX=10090 GN=Asph PE=1 SV=1
g12660	63.0	0.2031	-0.078	0.9702	
g8527	67.3	0.2404	-0.230	0.9119	
g12042	73.0	0.2882	-0.336	0.8061	
g13621	55.4	0.1386	0.272	0.8890	sp|Q5RCP7|CEP76_PONAB Centrosomal protein of 76 kDa OS=Pongo abelii OX=9601 GN=CEP76 PE=2 SV=1
g15977	130.0	0.7770	-1.043	0.0617	sp|Q9LKB9|MYO6_ARATH Myosin-6 OS=Arabidopsis thaliana OX=3702 GN=XI-2 PE=1 SV=1
g13354	74.9	0.3071	0.105	0.9609	
g5879	68.3	0.2517	-0.359	0.8141	sp|P34914|HYES_MOUSE Bifunctional epoxide hydrolase 2 OS=Mus musculus OX=10090 GN=Ephx2 PE=1 SV=2
g10210	71.4	0.2787	0.447	0.7109	sp|O80358|FPG_ARATH Formamidopyrimidine-DNA glycosylase OS=Arabidopsis thaliana OX=3702 GN=FPG1 PE=1 SV=1
g5889	84.7	0.3935	-1.104	0.0523	sp|Q641F1|UBCP1_XENLA Ubiquitin-like domain-containing CTD phosphatase 1 OS=Xenopus laevis OX=8355 GN=ublcp1 PE=2 SV=1
g5736	64.7	0.2221	0.020	0.9923	
g14400	74.4	0.3062	-0.451	0.7136	
g7653	63.0	0.2079	0.006	0.9974	
g14274	75.9	0.3195	-0.238	0.8824	
g11032	57.1	0.1575	0.022	0.9918	
g6189	69.4	0.2644	0.044	0.9848	sp|Q3MV14|DSE1_ARATH Protein DECREASED SIZE EXCLUSION LIMIT 1 OS=Arabidopsis thaliana OX=3702 GN=DSE1 PE=1 SV=1
g4272	87.1	0.4173	-0.611	0.4656	sp|Q8BYI6|PCAT2_MOUSE Lysophosphatidylcholine acyltransferase 2 OS=Mus musculus OX=10090 GN=Lpcat2 PE=1 SV=1
g13512	54.9	0.1396	0.008	0.9968	sp|Q499N4|COQ2_RAT 4-hydroxybenzoate polyprenyltransferase, mitochondrial OS=Rattus norvegicus OX=10116 GN=Coq2 PE=1 SV=1
g12753	59.2	0.1769	-0.343	0.8282	
g5265	58.4	0.1705	-0.429	0.7593	
g13661	71.6	0.2848	0.786	0.3466	
g15169	105.8	0.5797	-0.411	0.7135	
g1672	56.5	0.1549	0.043	0.9849	
g4543	55.2	0.1442	0.157	0.9457	
g4614	113.1	0.6451	0.535	0.7067	sp|Q9JJN0|POLH_MOUSE DNA polymerase eta OS=Mus musculus OX=10090 GN=Polh PE=1 SV=1
g2618	72.2	0.2916	-0.116	0.9543	sp|P17627|PHL_LEPIR Sphingomyelinase C OS=Leptospira interrogans OX=173 GN=sph PE=3 SV=1
g9311	66.5	0.2421	0.218	0.9110	sp|O60058|AFG2_SCHPO ATPase family gene 2 protein OS=Schizosaccharomyces pombe (strain 972 / ATCC 24843) OX=284812 GN=afg2 PE=3 SV=1
g15272	65.9	0.2374	0.128	0.9545	
g8501	68.4	0.2588	0.510	0.6339	
g13750	65.8	0.2365	-0.611	0.5369	sp|P77526|YFCG_ECOLI Disulfide-bond oxidoreductase YfcG OS=Escherichia coli (strain K12) OX=83333 GN=yfcG PE=1 SV=1
g6059	96.9	0.5062	-0.059	0.9848	
g4243	73.9	0.3074	0.245	0.9210	sp|Q9XYS3|NOXA_DICDI Superoxide-generating NADPH oxidase heavy chain subunit A OS=Dictyostelium discoideum OX=44689 GN=noxA PE=2 SV=1
g6984	61.8	0.2030	0.225	0.9165	sp|Q05AK6|ABH2B_DANRE Monoacylglycerol lipase ABHD2 OS=Danio rerio OX=7955 GN=abhd2b PE=2 SV=1
g4257	95.9	0.5000	-0.974	0.1610	sp|Q39202|RLK1_ARATH G-type lectin S-receptor-like serine/threonine-protein kinase RLK1 OS=Arabidopsis thaliana OX=3702 GN=RLK1 PE=2 SV=2
g12800	94.5	0.4893	-0.510	0.5928	sp|P00766|CTRA_BOVIN Chymotrypsinogen A OS=Bos taurus OX=9913 PE=1 SV=1
g2935	62.3	0.2094	0.137	0.9509	
g9900	69.7	0.2739	0.022	0.9921	sp|Q9D845|TEX9_MOUSE Testis-expressed protein 9 OS=Mus musculus OX=10090 GN=Tex9 PE=2 SV=1
g4262	57.7	0.1702	-0.017	0.9938	
g9423	95.5	0.5000	0.756	0.3392	sp|Q5R788|ISCA2_PONAB Iron-sulfur cluster assembly 2 homolog, mitochondrial OS=Pongo abelii OX=9601 GN=ISCA2 PE=2 SV=1
g8751	61.3	0.2016	-0.251	0.9049	sp|Q0VC00|ABHD3_BOVIN Phospholipase ABHD3 OS=Bos taurus OX=9913 GN=ABHD3 PE=2 SV=1
g6062	76.1	0.3312	-0.616	0.6155	sp|Q39202|RLK1_ARATH G-type lectin S-receptor-like serine/threonine-protein kinase RLK1 OS=Arabidopsis thaliana OX=3702 GN=RLK1 PE=2 SV=2
g14643	70.2	0.2798	-0.581	0.6461	sp|Q80W37|SPN1_MOUSE Snurportin-1 OS=Mus musculus OX=10090 GN=Snupn PE=2 SV=1
g6115	62.7	0.2147	0.033	0.9873	
g11203	68.4	0.2650	0.371	0.7916	sp|P9WEL4|AVAM_ASPVE Ava biosynthesis cluster protein M OS=Aspergillus versicolor OX=46472 GN=avaM PE=3 SV=1
g5441	74.1	0.3157	0.335	0.8152	sp|Q9Y751|ATG26_KOMPG Sterol 3-beta-glucosyltransferase OS=Komagataella phaffii (strain GS115 / ATCC 20864) OX=644223 GN=ATG26 PE=3 SV=1
g177	82.3	0.3877	0.080	0.9685	sp|Q8TDX7|NEK7_HUMAN Serine/threonine-protein kinase Nek7 OS=Homo sapiens OX=9606 GN=NEK7 PE=1 SV=1
g13037	76.8	0.3399	-0.024	0.9910	sp|Q6DD21|CBPC1_XENLA Cytosolic carboxypeptidase 1 OS=Xenopus laevis OX=8355 GN=agtpbp1 PE=2 SV=1
g14350	71.9	0.2968	0.041	0.9856	
g12538	76.7	0.3394	-0.713	0.4701	
g12329	56.2	0.1600	-0.394	0.7848	sp|Q2KIT4|DNJB4_BOVIN DnaJ homolog subfamily B member 4 OS=Bos taurus OX=9913 GN=DNAJB4 PE=2 SV=1
g3616	65.5	0.2417	0.336	0.8447	sp|P30625|KAPR_CAEEL cAMP-dependent protein kinase regulatory subunit OS=Caenorhabditis elegans OX=6239 GN=kin-2 PE=1 SV=3
g12472	71.5	0.2949	0.148	0.9509	
g3778	75.2	0.3278	-0.303	0.8635	sp|Q39202|RLK1_ARATH G-type lectin S-receptor-like serine/threonine-protein kinase RLK1 OS=Arabidopsis thaliana OX=3702 GN=RLK1 PE=2 SV=2
g12608	56.4	0.1631	0.168	0.9433	sp|A0PGB3|SKP1_TETTS S-phase kinase-associated protein 1 homolog OS=Tetrahymena thermophila (strain SB210) OX=312017 GN=SKP1 PE=2 SV=1
g4152	78.9	0.3609	0.585	0.5907	
g4029	72.6	0.3056	0.460	0.7307	
g14311	78.1	0.3547	0.042	0.9849	sp|Q9U239|ZN593_CAEEL Zinc finger protein 593 homolog OS=Caenorhabditis elegans OX=6239 GN=znf-593 PE=3 SV=1
g803	66.6	0.2532	-0.115	0.9609	
g9772	75.6	0.3325	0.398	0.7659	sp|Q6DTM3|AHI1_RAT Jouberin OS=Rattus norvegicus OX=10116 GN=Ahi1 PE=1 SV=1
g1929	57.2	0.1711	0.388	0.7901	
g9024	66.9	0.2572	0.182	0.9433	sp|Q9FJL3|FKB65_ARATH Peptidyl-prolyl cis-trans isomerase FKBP65 OS=Arabidopsis thaliana OX=3702 GN=FKBP65 PE=1 SV=1
g5142	49.4	0.1025	-0.234	0.9135	sp|Q7Z6K3|PTAR1_HUMAN Protein prenyltransferase alpha subunit repeat-containing protein 1 OS=Homo sapiens OX=9606 GN=PTAR1 PE=1 SV=2
g1980	52.0	0.1255	0.055	0.9831	sp|Q9JKP8|CHRC1_MOUSE Chromatin accessibility complex protein 1 OS=Mus musculus OX=10090 GN=Chrac1 PE=1 SV=1
g3324	89.7	0.4592	0.156	0.9433	sp|Q78JN3|ECI3_MOUSE Enoyl-CoA delta isomerase 3, peroxisomal OS=Mus musculus OX=10090 GN=Eci3 PE=1 SV=1
g7138	58.6	0.1844	-0.058	0.9831	
g5030	58.3	0.1820	-0.288	0.8713	sp|Q9SZV3|FOLM_ARATH Folate synthesis bifunctional protein, mitochondrial OS=Arabidopsis thaliana OX=3702 GN=MitHPPK/DHPS PE=2 SV=1
g1486	76.2	0.3421	-0.430	0.7673	
g861	101.6	0.5674	-0.287	0.8952	sp|Q7T6Y2|YR831_MIMIV Putative serine/threonine-protein kinase/receptor R831 OS=Acanthamoeba polyphaga mimivirus OX=212035 GN=MIMI_R831 PE=3 SV=2
g4016	74.9	0.3307	0.854	0.2755	sp|P0C0F7|RPFC_XANC8 Sensory/regulatory protein RpfC OS=Xanthomonas campestris pv. campestris (strain 8004) OX=314565 GN=rpfC PE=1 SV=2
g10913	56.9	0.1713	-0.347	0.8403	sp|Q8BIZ6|SNIP1_MOUSE Smad nuclear-interacting protein 1 OS=Mus musculus OX=10090 GN=Snip1 PE=1 SV=1
g13488	51.0	0.1198	-0.111	0.9623	sp|Q6P2B1|TNPO3_MOUSE Transportin-3 OS=Mus musculus OX=10090 GN=Tnpo3 PE=1 SV=1
g1998	67.1	0.2636	0.533	0.6341	
g10216	64.6	0.2428	0.424	0.7849	
g3251	65.6	0.2521	0.231	0.9055	sp|Q5HRM1|TRMHL_STAEQ Putative TrmH family tRNA/rRNA methyltransferase OS=Staphylococcus epidermidis (strain ATCC 35984 / DSM 28319 / BCRC 17069 / CCUG 31568 / BM 3577 / RP62A) OX=176279 GN=SERP0172 PE=3 SV=1
g1967	71.6	0.3059	0.357	0.8009	sp|Q96LU5|IMP1L_HUMAN Mitochondrial inner membrane protease subunit 1 OS=Homo sapiens OX=9606 GN=IMMP1L PE=1 SV=1
g10739	57.0	0.1764	-0.131	0.9534	
g2447	71.9	0.3092	0.284	0.9051	sp|Q99758|ABCA3_HUMAN Phospholipid-transporting ATPase ABCA3 OS=Homo sapiens OX=9606 GN=ABCA3 PE=1 SV=2
g15983	59.4	0.1982	-0.410	0.7848	sp|P21939|XYLB_LACPE Xylulose kinase OS=Lactiplantibacillus pentosus OX=1589 GN=xylB PE=3 SV=1
g6097	64.7	0.2466	0.011	0.9955	
g5150	64.3	0.2438	-0.049	0.9841	
g15307	81.5	0.3976	-0.949	0.1491	sp|A0A1D6NER6|PEAM1_MAIZE Phosphoethanolamine N-methyltransferase 1 OS=Zea mays OX=4577 GN=PEAMT1 PE=2 SV=1
g13746	74.6	0.3355	0.032	0.9901	
g12979	54.1	0.1519	-0.224	0.9159	sp|A0A1B3PEJ0|PPT_THRS2 Phosphopantetheinyl transferase OS=Thraustochytrium sp. (strain ATCC 26185 / S-3) OX=672127 GN=PPTase PE=1 SV=1
g8021	83.1	0.4133	-1.054	0.0641	sp|P59723|HIF1N_DANRE Hypoxia-inducible factor 1-alpha inhibitor OS=Danio rerio OX=7955 GN=hif1an PE=2 SV=2
g1053	73.7	0.3289	-0.864	0.3134	
g9149	63.8	0.2403	-0.555	0.6074	
g14584	102.4	0.5876	-0.946	0.1293	
g15309	58.9	0.1968	0.367	0.8162	
g4146	96.5	0.5351	-0.923	0.1332	sp|Q5URB2|YR188_MIMIV Uncharacterized protein R188 OS=Acanthamoeba polyphaga mimivirus OX=212035 GN=MIMI_R188 PE=1 SV=1
g14922	156.2	1.0745	0.238	0.8563	
g12671	76.4	0.3557	0.641	0.5664	sp|Q4VAE3|TMM65_MOUSE Transmembrane protein 65 OS=Mus musculus OX=10090 GN=Tmem65 PE=1 SV=1
g4410	180.0	1.2915	-0.573	0.5817	sp|P08594|AQL1_THEAQ Aqualysin-1 OS=Thermus aquaticus OX=271 GN=pstI PE=1 SV=2
g13241	63.2	0.2379	-0.259	0.9022	sp|Q5ZJN1|RTF2_CHICK Replication termination factor 2 OS=Gallus gallus OX=9031 GN=RTF2 PE=2 SV=1
g10593	60.4	0.2121	0.330	0.8518	sp|Q54FE6|MCFS_DICDI Mitochondrial substrate carrier family protein S OS=Dictyostelium discoideum OX=44689 GN=mcfS PE=3 SV=1
g13863	71.9	0.3167	-0.458	0.6914	
g108	56.4	0.1766	0.151	0.9466	
g14810	70.7	0.3067	0.652	0.4857	
g11693	62.7	0.2343	0.028	0.9901	sp|Q8VYP5|ZDH14_ARATH Probable protein S-acyltransferase 14 OS=Arabidopsis thaliana OX=3702 GN=PAT14 PE=2 SV=1
g6071	51.2	0.1302	-0.048	0.9848	sp|Q96JH7|VCIP1_HUMAN Deubiquitinating protein VCPIP1 OS=Homo sapiens OX=9606 GN=VCPIP1 PE=1 SV=2
g365	61.9	0.2276	-0.178	0.9349	
g1689	48.0	0.1011	0.043	0.9849	
g4688	68.4	0.2859	-0.142	0.9540	
g14295	73.5	0.3330	0.622	0.5498	
g11706	67.3	0.2769	-0.405	0.8127	
g11085	69.9	0.3012	-0.243	0.8989	sp|Q8D2Q5|DNAK_WIGBR Chaperone protein DnaK OS=Wigglesworthia glossinidia brevipalpis OX=36870 GN=dnaK PE=3 SV=1
g4201	66.2	0.2687	-0.597	0.5674	
g2210	95.2	0.5336	-0.430	0.6657	sp|O95243|MBD4_HUMAN Methyl-CpG-binding domain protein 4 OS=Homo sapiens OX=9606 GN=MBD4 PE=1 SV=1
g1306	57.9	0.1942	-0.113	0.9611	sp|Q4R7H0|TTL10_MACFA Protein polyglycylase TTLL10 OS=Macaca fascicularis OX=9541 GN=TTLL10 PE=2 SV=1
g2422	55.8	0.1752	-0.087	0.9713	sp|Q8RWS0|EEN_ARATH Protein EIN6 ENHANCER OS=Arabidopsis thaliana OX=3702 GN=EEN PE=1 SV=1
g10708	83.4	0.4270	0.814	0.2564	
g555	63.3	0.2441	0.574	0.6010	sp|P82474|CPGP2_ZINOF Zingipain-2 OS=Zingiber officinale OX=94328 PE=1 SV=1
g3763	65.3	0.2625	0.377	0.7841	sp|P42893|ECE1_RAT Endothelin-converting enzyme 1 OS=Rattus norvegicus OX=10116 GN=Ece1 PE=1 SV=2
g1560	52.9	0.1499	0.378	0.8153	sp|A7S6Y0|SYS1_NEMVE Protein SYS1 homolog OS=Nematostella vectensis OX=45351 GN=sys1 PE=3 SV=1
g9224	89.3	0.4829	1.078	0.0636	sp|Q9M2T2|PP16A_ARATH 16 kDa phloem protein 1 OS=Arabidopsis thaliana OX=3702 GN=PP16-1 PE=1 SV=1
g12689	90.7	0.4961	0.061	0.9790	
g4983	59.8	0.2139	-0.242	0.9093	sp|Q54NS8|AIFB_DICDI Apoptosis-inducing factor homolog B OS=Dictyostelium discoideum OX=44689 GN=aifB PE=3 SV=1
g453	62.1	0.2349	-0.493	0.7001	
g11927	49.9	0.1235	-0.059	0.9827	sp|I3LHK5|ARP10_PIG Actin-related protein 10 OS=Sus scrofa OX=9823 GN=ACTR10 PE=1 SV=1
g14212	85.5	0.4496	-0.386	0.8802	
g764	51.6	0.1395	0.258	0.9015	sp|O95825|QORL1_HUMAN Ferry endosomal RAB5 effector complex subunit 4 OS=Homo sapiens OX=9606 GN=CRYZL1 PE=1 SV=2
g8589	55.4	0.1740	-0.232	0.9103	
g14137	72.9	0.3347	0.236	0.8891	sp|A0JP70|WDR90_XENTR WD repeat-containing protein 90 OS=Xenopus tropicalis OX=8364 GN=wdr90 PE=2 SV=1
g11431	73.3	0.3398	0.445	0.7319	sp|Q63FA5|PY2CR_BACCZ Delta(1)-pyrroline-2-carboxylate reductase OS=Bacillus cereus (strain ZK / E33L) OX=288681 GN=arcB PE=1 SV=1
g770	60.2	0.2194	-0.133	0.9509	
g1198	51.5	0.1396	0.367	0.8237	sp|A8WG57|HMGC2_DANRE 3-hydroxy-3-methylglutaryl-CoA lyase, cytoplasmic OS=Danio rerio OX=7955 GN=hmgcll1 PE=2 SV=1
g2112	58.8	0.2065	-0.479	0.7173	sp|Q54H39|AP2S_DICDI AP-2 complex subunit sigma OS=Dictyostelium discoideum OX=44689 GN=ap2s1 PE=3 SV=2
g11215	75.7	0.3634	-0.279	0.8627	
g9069	171.9	1.2507	0.361	0.8478	sp|Q9SMH3|DYH1A_CHLRE Dynein-1-alpha heavy chain, flagellar inner arm I1 complex OS=Chlamydomonas reinhardtii OX=3055 GN=DHC1 PE=1 SV=1
g12830	85.5	0.4544	-0.345	0.7863	
g6039	98.3	0.5727	0.474	0.6949	
g9025	87.1	0.4714	-0.438	0.7002	
g3045	57.9	0.2019	0.051	0.9836	
g8925	81.5	0.4207	-0.243	0.8886	
g9281	51.8	0.1473	-0.098	0.9685	
g3675	63.9	0.2596	0.337	0.8267	
g7252	59.0	0.2140	-0.185	0.9317	
g11491	68.7	0.3065	-0.787	0.4525	sp|Q2RAC5|CCT13_ORYSJ Cyclin-T1-3 OS=Oryza sativa subsp. japonica OX=39947 GN=CYCT1-3 PE=3 SV=2
g8064	70.6	0.3249	-0.931	0.2207	
g13353	51.4	0.1461	0.092	0.9695	sp|O43292|GPAA1_HUMAN GPI-anchor transamidase component GPAA1 OS=Homo sapiens OX=9606 GN=GPAA1 PE=1 SV=3
g584	69.0	0.3109	-0.074	0.9718	
g6372	99.1	0.5921	0.367	0.8457	sp|Q3KTM0|FRO7_ARATH Ferric reduction oxidase 7, chloroplastic OS=Arabidopsis thaliana OX=3702 GN=FRO7 PE=2 SV=1
g9585	66.3	0.2855	-0.758	0.4231	sp|Q74ZQ0|TFB5_EREGS General transcription and DNA repair factor IIH subunit TFB5 OS=Eremothecium gossypii (strain ATCC 10895 / CBS 109.51 / FGSC 9923 / NRRL Y-1056) OX=284811 GN=TFB5 PE=3 SV=1
g9171	60.2	0.2298	-0.200	0.9231	
g1121	99.1	0.5927	-0.418	0.7538	
g1361	62.0	0.2466	-0.327	0.8681	sp|Q9M8Z7|U80A2_ARATH Sterol 3-beta-glucosyltransferase UGT80A2 OS=Arabidopsis thaliana OX=3702 GN=UGT80A2 PE=1 SV=1
g10115	59.4	0.2221	0.012	0.9949	sp|Q9HZ55|RLUB_PSEAE Ribosomal large subunit pseudouridine synthase B OS=Pseudomonas aeruginosa (strain ATCC 15692 / DSM 22644 / CIP 104116 / JCM 14847 / LMG 12228 / 1C / PRS 101 / PAO1) OX=208964 GN=rluB PE=3 SV=1
g14010	53.5	0.1672	0.155	0.9469	sp|A6VNB0|DNAJ_ACTSZ Chaperone protein DnaJ OS=Actinobacillus succinogenes (strain ATCC 55618 / DSM 22257 / CCUG 43843 / 130Z) OX=339671 GN=dnaJ PE=3 SV=1
g14429	69.7	0.3182	-0.893	0.2244	
g224	63.6	0.2616	0.207	0.9179	
g8231	63.4	0.2612	-0.718	0.4078	sp|P36407|TRI23_RAT E3 ubiquitin-protein ligase TRIM23 OS=Rattus norvegicus OX=10116 GN=Trim23 PE=2 SV=2
g11223	45.5	0.0932	-0.166	0.9457	
g3277	117.3	0.7680	0.696	0.5532	
g15430	90.5	0.5174	0.487	0.6961	
g4358	58.1	0.2141	-0.055	0.9831	sp|Q3SWY5|NOSIP_BOVIN Nitric oxide synthase-interacting protein OS=Bos taurus OX=9913 GN=NOSIP PE=2 SV=1
g14753	47.6	0.1149	-0.269	0.8965	sp|Q55FW8|FAN1_DICDI Fanconi-associated nuclease 1 homolog OS=Dictyostelium discoideum OX=44689 GN=mtmr15 PE=3 SV=1
g6356	62.9	0.2594	-0.306	0.8668	sp|Q5F3N1|PIMT_CHICK Protein-L-isoaspartate(D-aspartate) O-methyltransferase OS=Gallus gallus OX=9031 GN=PCMT1 PE=2 SV=3
g11236	59.1	0.2245	-0.407	0.7728	sp|Q86V88|MGDP1_HUMAN Magnesium-dependent phosphatase 1 OS=Homo sapiens OX=9606 GN=MDP1 PE=1 SV=1
g12207	58.8	0.2213	-0.347	0.8519	
g4602	55.4	0.1898	0.197	0.9293	sp|Q60HE5|MTHR_MACFA Methylenetetrahydrofolate reductase (NADPH) OS=Macaca fascicularis OX=9541 GN=MTHFR PE=2 SV=1
g12230	55.5	0.1909	0.215	0.9165	sp|C3NGJ0|ENDA_SACI1 tRNA-splicing endonuclease OS=Saccharolobus islandicus (strain Y.N.15.51 / Yellowstone #2) OX=419942 GN=endA PE=3 SV=1
g13149	64.0	0.2707	-0.499	0.7144	sp|A0A0R4IKJ1|CAPAM_DANRE mRNA (2'-O-methyladenosine-N(6)-)-methyltransferase OS=Danio rerio OX=7955 GN=pcif1 PE=1 SV=1
g4571	89.0	0.5071	0.858	0.3377	
g425	90.6	0.5241	-0.848	0.2615	sp|Q4G0X4|KCD21_HUMAN BTB/POZ domain-containing protein KCTD21 OS=Homo sapiens OX=9606 GN=KCTD21 PE=1 SV=1
g13159	47.9	0.1202	-0.286	0.8827	sp|Q6P7H4|ZC3C1_XENLA Zinc finger C3HC-type protein 1-like OS=Xenopus laevis OX=8355 GN=zc3hc1 PE=2 SV=1
g11662	59.2	0.2267	0.272	0.8949	sp|Q29G54|WSCD_DROPS WSCD family member GA21586 OS=Drosophila pseudoobscura pseudoobscura OX=46245 GN=GA21586 PE=3 SV=2
g5600	65.1	0.2832	-0.258	0.8825	sp|P53441|CATR_NAEGR Caltractin OS=Naegleria gruberi OX=5762 GN=CTN PE=2 SV=1
g9081	51.6	0.1551	0.116	0.9621	sp|Q6AYR6|HDHD2_RAT Haloacid dehalogenase-like hydrolase domain-containing protein 2 OS=Rattus norvegicus OX=10116 GN=Hdhd2 PE=2 SV=1
g1902	77.9	0.4042	-0.856	0.2656	
g11988	50.9	0.1487	0.199	0.9323	
g4140	66.1	0.2931	-0.216	0.9126	
g9234	70.4	0.3335	0.239	0.9126	
g2798	63.6	0.2696	0.330	0.8518	
g8082	59.7	0.2323	-0.603	0.5686	
g5421	56.8	0.2054	-0.244	0.9036	
g7500	58.0	0.2169	-0.409	0.7901	sp|Q86AQ7|VAM7B_DICDI Vesicle-associated membrane protein 7B OS=Dictyostelium discoideum OX=44689 GN=vamp7B PE=3 SV=1
g3819	93.0	0.5500	1.084	0.1098	
g554	66.7	0.3000	-0.182	0.9282	sp|P50237|ST1C1_RAT Sulfotransferase 1C1 OS=Rattus norvegicus OX=10116 GN=Sult1c1 PE=1 SV=1
g12652	59.9	0.2357	-0.055	0.9848	
g189	62.0	0.2553	0.298	0.8585	
g14474	62.3	0.2591	0.189	0.9370	sp|Q9SFV6|FHA1_ARATH FHA domain-containing protein FHA1 OS=Arabidopsis thaliana OX=3702 GN=FHA1 PE=2 SV=1
g4122	66.3	0.2973	0.105	0.9625	sp|Q55EP9|BUB2_DICDI Putative mitotic check point protein BUB2 OS=Dictyostelium discoideum OX=44689 GN=bub2 PE=3 SV=1
g2657	56.8	0.2074	0.130	0.9543	sp|Q63ZP7|DC12A_XENLA DDB1- and CUL4-associated factor 12-A OS=Xenopus laevis OX=8355 GN=dcaf12-a PE=2 SV=1
g11787	61.3	0.2500	-0.478	0.7344	
g4990	82.6	0.4531	-0.569	0.6134	
g5659	59.8	0.2362	-0.157	0.9509	sp|O07834|DAPB1_PSEMX Dipeptidyl aminopeptidase BI OS=Pseudoxanthomonas mexicana OX=128785 GN=dapb1 PE=1 SV=1
g7414	62.9	0.2664	0.090	0.9680	
g11082	62.6	0.2632	-0.048	0.9848	
g8590	61.3	0.2506	0.693	0.4652	sp|Q5U3K5|RABL6_MOUSE Rab-like protein 6 OS=Mus musculus OX=10090 GN=Rabl6 PE=1 SV=2
g4051	61.4	0.2522	0.199	0.9200	sp|Q13637|RAB32_HUMAN Ras-related protein Rab-32 OS=Homo sapiens OX=9606 GN=RAB32 PE=1 SV=3
g13380	77.1	0.4021	-1.080	0.1194	
g7384	53.0	0.1732	0.082	0.9718	
g13522	58.1	0.2223	-0.112	0.9614	sp|Q9XI74|PUMP3_ARATH Mitochondrial uncoupling protein 3 OS=Arabidopsis thaliana OX=3702 GN=PUMP3 PE=2 SV=1
g5932	114.2	0.7594	-0.713	0.3362	
g1632	70.0	0.3361	-0.681	0.6049	
g5747	96.0	0.5850	1.064	0.1271	
g13284	89.7	0.5248	0.398	0.7500	
g2825	67.6	0.3143	-0.453	0.7700	
g15900	90.1	0.5291	0.458	0.7685	
g2788	58.5	0.2277	-0.126	0.9611	sp|Q5U3N7|CHUR_DANRE Protein Churchill OS=Danio rerio OX=7955 GN=churc1 PE=2 SV=1
g8835	79.9	0.4335	0.407	0.7480	
g13271	47.8	0.1251	-0.153	0.9509	
g2360	74.6	0.3829	-0.335	0.8352	
g12219	54.9	0.1939	0.252	0.9049	sp|Q5BLD8|MT21A_DANRE Protein N-lysine methyltransferase METTL21A OS=Danio rerio OX=7955 GN=mettl21a PE=2 SV=1
g5245	48.1	0.1289	0.028	0.9904	sp|Q9X8H1|Y3348_STRCO Uncharacterized protein SCO3348 OS=Streptomyces coelicolor (strain ATCC BAA-471 / A3(2) / M145) OX=100226 GN=SCO3348 PE=3 SV=1
g9819	57.3	0.2172	0.541	0.6566	
g11514	53.3	0.1788	-0.047	0.9848	sp|Q9WUB4|DCTN6_MOUSE Dynactin subunit 6 OS=Mus musculus OX=10090 GN=Dctn6 PE=1 SV=1
g3544	53.6	0.1813	-0.124	0.9596	
g8836	49.2	0.1394	0.170	0.9439	
g14648	76.6	0.4027	0.122	0.9543	
g3325	52.0	0.1668	0.366	0.8286	sp|Q99638|RAD9A_HUMAN Cell cycle checkpoint control protein RAD9A OS=Homo sapiens OX=9606 GN=RAD9A PE=1 SV=1
g9187	59.7	0.2410	0.288	0.8810	sp|Q8LGU7|RNZ1_ARATH tRNase Z TRZ1 OS=Arabidopsis thaliana OX=3702 GN=TRZ1 PE=1 SV=3
g4978	79.6	0.4327	-0.273	0.8756	
g14733	59.2	0.2364	0.356	0.8387	sp|O82200|MIOX2_ARATH Inositol oxygenase 2 OS=Arabidopsis thaliana OX=3702 GN=MIOX2 PE=1 SV=2
g6986	69.0	0.3316	-0.694	0.5737	sp|A1L1P9|S47A1_DANRE Multidrug and toxin extrusion protein 1 OS=Danio rerio OX=7955 GN=slc47a1 PE=2 SV=1
g627	64.7	0.2919	0.609	0.6448	sp|Q5RBZ3|WDR89_PONAB WD repeat-containing protein 89 OS=Pongo abelii OX=9601 GN=WDR89 PE=2 SV=1
g12820	62.3	0.2688	0.046	0.9848	sp|Q0DWT8|RH1_ORYSJ DEAD-box ATP-dependent RNA helicase 1 OS=Oryza sativa subsp. japonica OX=39947 GN=Os02g0795900 PE=2 SV=1
g9295	49.6	0.1463	0.079	0.9740	
g4887	59.8	0.2454	-0.444	0.7383	sp|Q9FIC3|BOLA2_ARATH Protein BOLA2 OS=Arabidopsis thaliana OX=3702 GN=BOLA2 PE=1 SV=1
g8983	56.6	0.2145	0.446	0.7480	sp|Q67Z52|TBCB_ARATH Tubulin-folding cofactor B OS=Arabidopsis thaliana OX=3702 GN=TFCB PE=1 SV=1
g4899	57.1	0.2198	-0.443	0.7607	
g4878	48.0	0.1314	-0.137	0.9554	sp|P58467|SETD4_MOUSE SET domain-containing protein 4 OS=Mus musculus OX=10090 GN=Setd4 PE=1 SV=2
g4737	57.8	0.2274	0.178	0.9377	sp|Q9XHZ3|UREF_ARATH Urease accessory protein F OS=Arabidopsis thaliana OX=3702 GN=UREF PE=2 SV=1
g14112	75.2	0.3962	0.314	0.8249	sp|Q5TEU4|NDUF5_HUMAN Arginine-hydroxylase NDUFAF5, mitochondrial OS=Homo sapiens OX=9606 GN=NDUFAF5 PE=1 SV=1
g14668	84.5	0.4860	-0.626	0.4591	
g5660	49.2	0.1445	-0.180	0.9432	sp|F4JKQ7|NIPA5_ARATH Probable magnesium transporter NIPA5 OS=Arabidopsis thaliana OX=3702 GN=At4g09640 PE=2 SV=1
g3253	59.1	0.2404	0.525	0.6517	
g11507	64.1	0.2887	-0.277	0.8742	sp|Q1H0U6|RLMN_METFK Dual-specificity RNA methyltransferase RlmN OS=Methylobacillus flagellatus (strain ATCC 51484 / DSM 6875 / VKM B-1610 / KT) OX=265072 GN=rlmN PE=3 SV=1
g11682	50.6	0.1584	-0.073	0.9781	
g452	63.3	0.2814	0.295	0.8589	sp|Q54HG5|SDHFA_DICDI Succinate dehydrogenase assembly factor 1A, mitochondrial OS=Dictyostelium discoideum OX=44689 GN=sdhaf1A PE=3 SV=1
g5755	55.4	0.2046	-0.041	0.9849	
g4522	58.1	0.2313	-0.107	0.9614	sp|Q9FUM8|HMT3_MAIZE Homocysteine S-methyltransferase 3 OS=Zea mays OX=4577 GN=HMT-3 PE=2 SV=1
g13230	57.6	0.2265	0.330	0.8563	
g552	70.7	0.3541	-0.059	0.9788	
g13306	74.2	0.3894	0.132	0.9534	sp|O27296|QUED_METTH Putative 6-carboxy-5,6,7,8-tetrahydropterin synthase OS=Methanothermobacter thermautotrophicus (strain ATCC 29096 / DSM 1053 / JCM 10044 / NBRC 100330 / Delta H) OX=187420 GN=queD PE=3 SV=1
g6806	60.9	0.2604	0.355	0.8352	sp|Q9QYT7|PIGQ_MOUSE Phosphatidylinositol N-acetylglucosaminyltransferase subunit Q OS=Mus musculus OX=10090 GN=Pigq PE=1 SV=3
g1485	51.2	0.1657	-0.121	0.9614	
g534	56.7	0.2206	0.048	0.9848	sp|Q9JIC3|DCR1A_MOUSE DNA cross-link repair 1A protein OS=Mus musculus OX=10090 GN=Dclre1a PE=1 SV=2
g9102	99.6	0.6390	-0.945	0.1718	sp|Q13976|KGP1_HUMAN cGMP-dependent protein kinase 1 OS=Homo sapiens OX=9606 GN=PRKG1 PE=1 SV=3
g10199	65.3	0.3053	0.167	0.9370	sp|Q10170|RMT2_SCHPO Protein arginine N-methyltransferase 2 OS=Schizosaccharomyces pombe (strain 972 / ATCC 24843) OX=284812 GN=rmt2 PE=3 SV=2
g164	50.6	0.1617	0.300	0.8743	
g11661	57.2	0.2259	0.054	0.9845	sp|A7SXZ6|OSGEP_NEMVE Probable tRNA N6-adenosine threonylcarbamoyltransferase OS=Nematostella vectensis OX=45351 GN=osgep PE=3 SV=1
g5554	128.3	0.9219	1.524	0.1109	sp|Q2JPQ5|SFSA_SYNJB Sugar fermentation stimulation protein homolog OS=Synechococcus sp. (strain JA-2-3B'a(2-13)) OX=321332 GN=sfsA PE=3 SV=1
g535	50.9	0.1648	-0.128	0.9600	
g8058	73.7	0.3879	-1.142	0.0792	
g6016	63.7	0.2900	0.412	0.7909	
g1865	80.9	0.4588	0.331	0.8477	sp|Q6RFH5|WDR74_HUMAN WD repeat-containing protein 74 OS=Homo sapiens OX=9606 GN=WDR74 PE=1 SV=1
g14594	42.2	0.0798	0.047	0.9848	
g6506	68.1	0.3339	-0.584	0.5990	
g71	55.0	0.2058	-0.096	0.9692	sp|P9WNE8|DESET_MYCTO NADPH oxidoreductase OS=Mycobacterium tuberculosis (strain CDC 1551 / Oshkosh) OX=83331 GN=MT3327 PE=3 SV=1
g4784	54.1	0.1969	0.162	0.9450	sp|Q9LT31|VPS9A_ARATH Vacuolar protein sorting-associated protein 9A OS=Arabidopsis thaliana OX=3702 GN=VPS9A PE=1 SV=1
g9210	71.0	0.3632	-0.324	0.8809	sp|Q9I644|Y474_PSEAE Putative esterase PA0474 OS=Pseudomonas aeruginosa (strain ATCC 15692 / DSM 22644 / CIP 104116 / JCM 14847 / LMG 12228 / 1C / PRS 101 / PAO1) OX=208964 GN=PA0474 PE=3 SV=1
g13676	51.2	0.1697	0.302	0.8699	sp|F2Z4R5|T163B_DANRE Transmembrane protein 163b OS=Danio rerio OX=7955 GN=tmem163b PE=2 SV=1
g1823	55.6	0.2134	0.389	0.7955	
g6392	56.8	0.2247	-0.142	0.9509	
g11753	67.3	0.3282	0.373	0.8330	
g9655	55.5	0.2122	-0.241	0.9119	sp|Q70CQ3|UBP30_HUMAN Ubiquitin carboxyl-terminal hydrolase 30 OS=Homo sapiens OX=9606 GN=USP30 PE=1 SV=1
g13671	73.0	0.3844	-0.219	0.9179	
g5723	48.4	0.1428	-0.100	0.9680	
g3996	51.1	0.1690	0.221	0.9210	sp|Q86W24|NAL14_HUMAN NACHT, LRR and PYD domains-containing protein 14 OS=Homo sapiens OX=9606 GN=NLRP14 PE=1 SV=1
g3313	53.3	0.1913	-0.409	0.7984	
g269	69.5	0.3512	-0.580	0.6689	sp|Q8T1C6|GNT1_DICDI [Skp1-protein]-hydroxyproline N-acetylglucosaminyltransferase OS=Dictyostelium discoideum OX=44689 GN=gnt1 PE=1 SV=2
g11748	64.5	0.3023	0.655	0.5470	
g3875	48.3	0.1427	-0.118	0.9623	
g14986	61.1	0.2696	-0.654	0.5194	sp|B2RPU2|PLHD1_MOUSE Pleckstrin homology domain-containing family D member 1 OS=Mus musculus OX=10090 GN=Plekhd1 PE=1 SV=1
g1243	55.1	0.2103	-0.415	0.7841	
g1330	61.4	0.2728	-0.046	0.9848	
g6497	96.2	0.6174	-0.093	0.9614	sp|Q28FF3|S49A3_XENTR Solute carrier family 49 member A3 OS=Xenopus tropicalis OX=8364 GN=slc49a3 PE=2 SV=2
g6091	73.6	0.3946	-0.146	0.9482	
g13787	58.8	0.2493	-0.523	0.6597	sp|Q6DJF8|MET23_XENLA Histone-arginine methyltransferase METTL23 OS=Xenopus laevis OX=8355 GN=mettl23 PE=2 SV=1
g3667	63.4	0.2947	0.708	0.4439	sp|Q5K2N1|DET2_SOLLC Steroid 5-alpha-reductase DET2 OS=Solanum lycopersicum OX=4081 GN=DET2 PE=1 SV=1
g5731	72.3	0.3830	1.007	0.1376	sp|A9MUJ0|RIHA_SALPB Pyrimidine-specific ribonucleoside hydrolase RihA OS=Salmonella paratyphi B (strain ATCC BAA-1250 / SPB7) OX=1016998 GN=rihA PE=3 SV=1
g10933	54.6	0.2083	0.300	0.8742	sp|P42325|NCAH_DROME Neurocalcin homolog OS=Drosophila melanogaster OX=7227 GN=Nca PE=1 SV=2
g1766	59.1	0.2528	-0.106	0.9683	
g4017	60.8	0.2697	0.056	0.9831	
g378	56.0	0.2226	0.261	0.9021	sp|Q2M389|WASC4_HUMAN WASH complex subunit 4 OS=Homo sapiens OX=9606 GN=WASHC4 PE=1 SV=2
g14933	55.4	0.2162	-0.076	0.9763	sp|Q5XIE6|HIBCH_RAT 3-hydroxyisobutyryl-CoA hydrolase, mitochondrial OS=Rattus norvegicus OX=10116 GN=Hibch PE=1 SV=2
g1558	55.7	0.2193	0.115	0.9623	
g7696	72.2	0.3838	-0.269	0.8659	sp|Q5ZHV5|JMJD4_CHICK 2-oxoglutarate and iron-dependent oxygenase JMJD4 OS=Gallus gallus OX=9031 GN=JMJD4 PE=2 SV=1
g12031	130.6	0.9636	-0.818	0.2699	sp|Q9P2H3|IFT80_HUMAN Intraflagellar transport protein 80 homolog OS=Homo sapiens OX=9606 GN=IFT80 PE=1 SV=3
g7158	63.5	0.2974	-0.350	0.8153	sp|O31826|YNGI_BACSU Putative acyl-CoA synthetase YngI OS=Bacillus subtilis (strain 168) OX=224308 GN=yngI PE=3 SV=1
g5304	52.8	0.1917	-0.291	0.8802	
g7418	54.9	0.2128	-0.218	0.9205	
g13428	51.6	0.1801	-0.182	0.9370	sp|Q02398|RAD18_EMENI Postreplication repair E3 ubiquitin-protein ligase rad18 OS=Emericella nidulans (strain FGSC A4 / ATCC 38163 / CBS 112.46 / NRRL 194 / M139) OX=227321 GN=uvsH PE=2 SV=1
g12712	48.2	0.1468	-0.138	0.9534	
g15223	60.9	0.2747	-0.292	0.8639	
g14418	60.3	0.2687	-0.239	0.9063	sp|Q9HAW8|UD110_HUMAN UDP-glucuronosyltransferase 1A10 OS=Homo sapiens OX=9606 GN=UGT1A10 PE=1 SV=1
g4028	57.8	0.2440	0.516	0.7262	sp|Q8BHA3|DTD2_MOUSE D-aminoacyl-tRNA deacylase 2 OS=Mus musculus OX=10090 GN=Dtd2 PE=1 SV=1
g14531	65.1	0.3178	-0.363	0.8612	sp|Q54UU1|TPPC4_DICDI Trafficking protein particle complex subunit 4 OS=Dictyostelium discoideum OX=44689 GN=trappc4 PE=3 SV=1
g8752	63.7	0.3043	-0.746	0.3971	
g13774	51.3	0.1798	-0.061	0.9827	sp|Q8MR62|PHLP2_DROME Phosducin-like protein 2 OS=Drosophila melanogaster OX=7227 GN=PhLP2 PE=1 SV=1
g73	65.1	0.3181	-0.610	0.5977	
g13357	173.7	1.4061	-0.240	0.9177	
g896	73.4	0.4026	-0.333	0.8184	
g14271	46.5	0.1325	-0.120	0.9614	sp|Q5PPS7|TM53A_XENLA Transmembrane protein 53-A OS=Xenopus laevis OX=8355 GN=tmem53-a PE=2 SV=1
g6653	63.9	0.3073	-0.116	0.9570	
g12290	66.5	0.3348	0.645	0.6105	sp|Q5ZIU3|DYRK2_CHICK Dual specificity tyrosine-phosphorylation-regulated kinase 2 OS=Gallus gallus OX=9031 GN=DYRK2 PE=2 SV=1
g12250	66.5	0.3347	-0.089	0.9685	
g11338	63.9	0.3090	0.470	0.7168	sp|O75419|CDC45_HUMAN Cell division control protein 45 homolog OS=Homo sapiens OX=9606 GN=CDC45 PE=1 SV=1
g311	39.2	0.0602	0.093	0.9713	sp|Q7NBW0|DNAJ_MYCGA Chaperone protein DnaJ OS=Mycoplasmoides gallisepticum (strain R(low / passage 15 / clone 2)) OX=710127 GN=dnaJ PE=3 SV=2
g5770	53.6	0.2053	0.106	0.9666	
g2199	69.0	0.3608	-0.079	0.9700	sp|Q5ZID2|PDD2L_CHICK uS5 assembly chaperone PDCD2L OS=Gallus gallus OX=9031 GN=PDCD2L PE=2 SV=1
g8242	69.3	0.3653	-1.080	0.1075	sp|O18757|SCMC1_RABIT Mitochondrial adenyl nucleotide antiporter SLC25A24 OS=Oryctolagus cuniculus OX=9986 GN=SLC25A24 PE=1 SV=1
g6688	72.1	0.3940	-0.101	0.9648	sp|F4J220|LPPE1_ARATH Lipid phosphate phosphatase epsilon 1, chloroplastic OS=Arabidopsis thaliana OX=3702 GN=LPPE1 PE=1 SV=1
g12564	52.7	0.1988	-0.234	0.9173	
g16005	51.8	0.1891	-0.173	0.9439	
g10359	60.0	0.2721	-0.458	0.7638	sp|C5FWH1|LIS1_ARTOC Nuclear distribution protein PAC1 OS=Arthroderma otae (strain ATCC MYA-4605 / CBS 113480) OX=554155 GN=PAC1 PE=3 SV=1
g11248	63.5	0.3077	0.092	0.9692	
g7253	42.1	0.0916	-0.055	0.9848	sp|Q8TAC1|RFESD_HUMAN Rieske domain-containing protein OS=Homo sapiens OX=9606 GN=RFESD PE=1 SV=1
g12411	65.1	0.3243	-0.875	0.2793	
g12700	53.9	0.2122	-0.415	0.7841	
g2045	64.3	0.3181	-0.323	0.8557	sp|Q9CWR2|SMYD3_MOUSE Histone-lysine N-methyltransferase SMYD3 OS=Mus musculus OX=10090 GN=Smyd3 PE=2 SV=1
g6507	70.4	0.3798	0.108	0.9614	
g1443	47.3	0.1458	0.160	0.9482	sp|O59713|DPH1_SCHPO 2-(3-amino-3-carboxypropyl)histidine synthase subunit 1 OS=Schizosaccharomyces pombe (strain 972 / ATCC 24843) OX=284812 GN=dph1 PE=3 SV=1
g14132	61.3	0.2886	-0.487	0.7258	
g1760	69.5	0.3719	-0.965	0.2571	sp|Q39202|RLK1_ARATH G-type lectin S-receptor-like serine/threonine-protein kinase RLK1 OS=Arabidopsis thaliana OX=3702 GN=RLK1 PE=2 SV=2
g15080	76.7	0.4457	-0.165	0.9443	
g9601	51.4	0.1892	0.436	0.7746	sp|Q8L7L1|SPHK1_ARATH Sphingosine kinase 1 OS=Arabidopsis thaliana OX=3702 GN=SPHK1 PE=1 SV=1
g9388	62.8	0.3057	0.599	0.5940	
g13307	51.5	0.1910	-0.204	0.9347	
g6685	53.7	0.2141	-0.061	0.9818	
g14125	61.5	0.2935	-0.050	0.9848	sp|Q5U680|SAMC_MOUSE Mitochondrial S-adenosylmethionine carrier protein OS=Mus musculus OX=10090 GN=Slc25a26 PE=1 SV=2
g6907	75.2	0.4335	0.214	0.9222	sp|P32899|IMP3_YEAST U3 small nucleolar ribonucleoprotein protein IMP3 OS=Saccharomyces cerevisiae (strain ATCC 204508 / S288c) OX=559292 GN=IMP3 PE=1 SV=1
g12217	52.7	0.2035	0.185	0.9370	sp|Q5JEK8|GAL1_THEKO Galactokinase OS=Thermococcus kodakarensis (strain ATCC BAA-918 / JCM 12380 / KOD1) OX=69014 GN=galK PE=3 SV=1
g3373	47.4	0.1495	-0.076	0.9752	sp|Q2TA37|ARL2_BOVIN ADP-ribosylation factor-like protein 2 OS=Bos taurus OX=9913 GN=ARL2 PE=1 SV=1
g11146	70.6	0.3864	0.409	0.7577	
g1272	51.2	0.1888	-0.380	0.8282	sp|F4I1X0|HIP41_ARATH Heavy metal-associated isoprenylated plant protein 41 OS=Arabidopsis thaliana OX=3702 GN=HIPP41 PE=3 SV=1
g13320	51.8	0.1953	0.199	0.9323	sp|P52826|CACP_COLLI Carnitine O-acetyltransferase OS=Columba livia OX=8932 GN=CRAT PE=1 SV=1
g3540	70.4	0.3854	-0.608	0.5732	sp|K4BW79|ENOX_SOLLC 2-methylene-furan-3-one reductase OS=Solanum lycopersicum OX=4081 GN=EO PE=1 SV=1
g607	60.4	0.2833	0.639	0.5219	
g13262	56.7	0.2461	-0.192	0.9362	
g9695	65.7	0.3378	-0.986	0.1636	sp|Q562C4|TMT1B_RAT Thiol S-methyltransferase TMT1B OS=Rattus norvegicus OX=10116 GN=Tmt1b PE=1 SV=1
g8367	53.7	0.2157	-0.019	0.9936	sp|Q5ZL77|RIC8A_CHICK Chaperone Ric-8A OS=Gallus gallus OX=9031 GN=RIC8A PE=2 SV=1
g12621	62.2	0.3020	0.479	0.6966	sp|Q55EI6|ATX10_DICDI Ataxin-10 homolog OS=Dictyostelium discoideum OX=44689 GN=atxn10 PE=3 SV=1
g542	60.9	0.2891	-0.127	0.9534	
g15870	54.0	0.2198	-0.045	0.9849	
g5860	58.1	0.2624	-0.194	0.9369	sp|Q7ZXZ2|UTP15_XENLA U3 small nucleolar RNA-associated protein 15 homolog OS=Xenopus laevis OX=8355 GN=utp15 PE=2 SV=1
g5014	55.9	0.2395	-0.396	0.7901	sp|Q09621|LACT2_CAEEL Beta-lactamase domain-containing protein 2 OS=Caenorhabditis elegans OX=6239 GN=lact-2 PE=4 SV=1
g11154	53.8	0.2184	0.040	0.9849	sp|Q66KC4|HSDL2_XENTR Hydroxysteroid dehydrogenase-like protein 2 OS=Xenopus tropicalis OX=8364 GN=hsdl2 PE=2 SV=1
g9265	68.1	0.3652	0.768	0.3624	sp|P23586|STP1_ARATH Sugar transport protein 1 OS=Arabidopsis thaliana OX=3702 GN=STP1 PE=1 SV=2
g5131	87.3	0.5626	-1.078	0.0658	sp|Q94HW2|POLR1_ARATH Retrovirus-related Pol polyprotein from transposon RE1 OS=Arabidopsis thaliana OX=3702 GN=RE1 PE=2 SV=1
g14236	50.2	0.1825	-0.004	0.9978	sp|Q9SU92|PPSP3_ARATH Thiamine phosphate phosphatase-like protein OS=Arabidopsis thaliana OX=3702 GN=At4g29530 PE=1 SV=1
g15658	60.8	0.2915	-0.280	0.8895	
g5374	61.5	0.2985	0.692	0.4748	
g109	77.2	0.4602	0.630	0.5166	sp|Q01911|TETX_BACFG Flavin-dependent monooxygenase OS=Bacteroides fragilis OX=817 GN=tetX PE=1 SV=1
g5926	49.7	0.1775	-0.032	0.9899	sp|P41890|SCN1_SCHPO Cut9-interacting protein scn1 OS=Schizosaccharomyces pombe (strain 972 / ATCC 24843) OX=284812 GN=scn1 PE=3 SV=2
g1660	88.7	0.5810	-1.295	0.2216	
g2130	49.8	0.1804	0.240	0.9127	sp|Q86B00|GLNA1_DICDI Type-1 glutamine synthetase 1 OS=Dictyostelium discoideum OX=44689 GN=glnA1 PE=3 SV=1
g2266	55.0	0.2337	0.092	0.9689	sp|Q1ZXG8|D1060_DICDI Probable tyrosine-protein phosphatase DG1060 OS=Dictyostelium discoideum OX=44689 GN=DG1060 PE=3 SV=1
g14760	56.2	0.2465	-0.181	0.9362	
g15096	67.1	0.3602	0.107	0.9666	sp|P0CH36|ADHC1_MYCS2 NADP-dependent alcohol dehydrogenase C 1 OS=Mycolicibacterium smegmatis (strain ATCC 700084 / mc(2)155) OX=246196 GN=adhc1 PE=1 SV=1
g1065	46.2	0.1453	0.226	0.9207	sp|Q869Q0|ZNG1_DICDI Zinc-regulated GTPase metalloprotein activator 1 OS=Dictyostelium discoideum OX=44689 GN=DDB_G0274527 PE=3 SV=1
g2562	70.0	0.3914	1.069	0.1729	sp|Q6PFP6|NDOR1_DANRE NADPH-dependent diflavin oxidoreductase 1 OS=Danio rerio OX=7955 GN=ndor1 PE=2 SV=1
g7600	87.6	0.5744	1.076	0.1588	sp|P43137|LIT1_MOUSE Lithostathine-1 OS=Mus musculus OX=10090 GN=Reg1 PE=1 SV=1
g5626	52.2	0.2072	-0.069	0.9785	
g13668	47.2	0.1561	-0.347	0.8485	
g14559	89.9	0.6003	0.136	0.9457	
g13578	54.3	0.2309	0.370	0.8408	
g14445	44.2	0.1265	0.090	0.9709	sp|Q9HAT2|SIAE_HUMAN Sialate O-acetylesterase OS=Homo sapiens OX=9606 GN=SIAE PE=1 SV=1
g5687	53.7	0.2246	0.589	0.6313	
g4769	75.0	0.4478	0.462	0.7606	
g2934	45.2	0.1375	-0.091	0.9702	sp|P0CN79|GAR1_CRYD3 H/ACA ribonucleoprotein complex subunit GAR1 OS=Cryptococcus deneoformans (strain B-3501A) OX=283643 GN=GAR1 PE=3 SV=1
g2204	52.0	0.2083	-0.028	0.9907	sp|Q32PB2|RIAD1_BOVIN RIIa domain-containing protein 1 OS=Bos taurus OX=9913 GN=RIIAD1 PE=4 SV=1
g11217	36.7	0.0495	0.053	0.9848	sp|Q9UM13|APC10_HUMAN Anaphase-promoting complex subunit 10 OS=Homo sapiens OX=9606 GN=ANAPC10 PE=1 SV=1
g10993	50.5	0.1932	0.154	0.9509	
g148	55.8	0.2492	0.047	0.9849	sp|P23919|KTHY_HUMAN Thymidylate kinase OS=Homo sapiens OX=9606 GN=DTYMK PE=1 SV=4
g7484	63.0	0.3247	0.043	0.9848	sp|P33610|PRI2_MOUSE DNA primase large subunit OS=Mus musculus OX=10090 GN=Prim2 PE=1 SV=1
g15552	71.8	0.4171	-0.935	0.4748	
g6590	61.3	0.3079	-0.857	0.2951	sp|Q9RPT1|RHLG_PSEAE Rhamnolipids biosynthesis 3-oxoacyl-[acyl-carrier-protein] reductase OS=Pseudomonas aeruginosa (strain ATCC 15692 / DSM 22644 / CIP 104116 / JCM 14847 / LMG 12228 / 1C / PRS 101 / PAO1) OX=208964 GN=rhlG PE=1 SV=1
g6968	50.5	0.1950	-0.110	0.9656	sp|Q1LUI2|HDDC2_DANRE 5'-deoxynucleotidase HDDC2 OS=Danio rerio OX=7955 GN=hddc2 PE=2 SV=1
g9757	55.9	0.2524	0.272	0.8822	sp|F4J4C8|EVN_ARATH Dolichol kinase EVAN OS=Arabidopsis thaliana OX=3702 GN=EVN PE=2 SV=1
g13710	54.1	0.2330	-0.107	0.9659	
g10531	139.9	1.1326	0.830	0.3438	sp|P44263|Y1586_HAEIN Uncharacterized protein HI_1586 OS=Haemophilus influenzae (strain ATCC 51907 / DSM 11121 / KW20 / Rd) OX=71421 GN=HI_1586 PE=4 SV=1
g1402	49.2	0.1819	0.293	0.8890	
g13528	57.4	0.2681	-0.472	0.7447	
g4171	51.6	0.2076	0.518	0.7033	
g11577	44.3	0.1312	-0.046	0.9848	
g1755	57.4	0.2694	0.717	0.4625	
g6667	57.9	0.2750	0.666	0.5498	
g6899	62.1	0.3201	-0.671	0.5952	
g11742	59.1	0.2884	0.633	0.6202	sp|F4JLE5|SFH1_ARATH Phosphatidylinositol/phosphatidylcholine transfer protein SFH1 OS=Arabidopsis thaliana OX=3702 GN=SFH1 PE=2 SV=1
g13984	49.2	0.1838	-0.300	0.8776	
g3326	52.5	0.2198	0.527	0.6888	sp|Q9D6Z0|ALKB7_MOUSE RNA demethylase ALKBH7, mitochondrial OS=Mus musculus OX=10090 GN=Alkbh7 PE=1 SV=1
g8864	67.8	0.3812	-0.062	0.9848	
g15626	52.8	0.2238	0.103	0.9673	sp|O34313|NTPES_BACSU Trifunctional nucleotide phosphoesterase protein YfkN OS=Bacillus subtilis (strain 168) OX=224308 GN=yfkN PE=1 SV=1
g9366	54.8	0.2454	-0.598	0.6246	sp|E2RBS6|SETD3_CANLF Actin-histidine N-methyltransferase OS=Canis lupus familiaris OX=9615 GN=SETD3 PE=3 SV=1
g6634	62.6	0.3280	-0.419	0.7537	sp|Q501H5|SFH13_ARATH Phosphatidylinositol/phosphatidylcholine transfer protein SFH13 OS=Arabidopsis thaliana OX=3702 GN=SFH13 PE=2 SV=1
g7748	48.2	0.1758	0.091	0.9712	sp|Q8H2D5|POLH_ARATH DNA polymerase eta OS=Arabidopsis thaliana OX=3702 GN=POLH PE=1 SV=1
g14446	78.2	0.4940	-0.501	0.6602	sp|P54904|P5CR1_ARATH Pyrroline-5-carboxylate reductase OS=Arabidopsis thaliana OX=3702 GN=PROC1 PE=2 SV=1
g608	50.6	0.2018	-0.237	0.9210	
g12597	70.1	0.4090	-0.025	0.9901	sp|B8D0C1|EFG_HALOH Elongation factor G OS=Halothermothrix orenii (strain H 168 / OCM 544 / DSM 9562) OX=373903 GN=fusA PE=3 SV=1
g6203	45.4	0.1476	0.213	0.9322	
g2423	83.7	0.5529	1.093	0.1231	
g10891	50.4	0.2003	0.501	0.7175	sp|Q5BJY6|NAGA_RAT N-acetylglucosamine-6-phosphate deacetylase OS=Rattus norvegicus OX=10116 GN=Amdhd2 PE=3 SV=2
g5679	43.9	0.1318	-0.223	0.9225	sp|Q9MA98|ERCC1_ARATH DNA excision repair protein ERCC-1 OS=Arabidopsis thaliana OX=3702 GN=ERCC1 PE=2 SV=1
g10975	76.2	0.4742	0.522	0.6657	
g15045	58.7	0.2882	0.104	0.9666	
g7087	58.2	0.2829	-0.493	0.7016	sp|Q6MVL2|DUT_NEUCR Deoxyuridine 5'-triphosphate nucleotidohydrolase OS=Neurospora crassa (strain ATCC 24698 / 74-OR23-1A / CBS 708.71 / DSM 1257 / FGSC 987) OX=367110 GN=dut-1 PE=3 SV=1
g15593	55.3	0.2533	0.292	0.8720	
g14987	63.8	0.3427	0.697	0.4579	sp|Q54QI4|HGD_DICDI Homogentisate 1,2-dioxygenase OS=Dictyostelium discoideum OX=44689 GN=hgd PE=2 SV=1
g11623	58.8	0.2907	0.259	0.9075	
g3308	54.1	0.2420	0.620	0.5751	
g3845	40.4	0.0963	0.032	0.9901	
g6564	56.4	0.2674	0.066	0.9780	sp|B1AZA5|TM245_MOUSE Transmembrane protein 245 OS=Mus musculus OX=10090 GN=Tmem245 PE=1 SV=1
g11329	47.3	0.1709	-0.182	0.9433	
g10530	46.1	0.1581	-0.300	0.8827	
g202	64.1	0.3506	-0.522	0.7564	
g3553	43.5	0.1306	-0.231	0.9210	
g5432	51.1	0.2125	0.547	0.6859	
g14491	65.1	0.3617	-0.304	0.8585	sp|Q8JHE9|APH1B_DANRE Gamma-secretase subunit Aph-1b OS=Danio rerio OX=7955 GN=aph1b PE=2 SV=1
g640	58.6	0.2920	-0.108	0.9666	
g1327	53.5	0.2389	-0.591	0.6132	
g6262	63.2	0.3422	0.791	0.4531	
g9679	76.2	0.4814	-0.900	0.1825	sp|C6KTD4|SEC14_PLAF7 CRAL/TRIO domain-containing lipid transfer protein OS=Plasmodium falciparum (isolate 3D7) OX=36329 GN=PF3D7_0629900 PE=4 SV=1
g8101	57.7	0.2842	-0.808	0.3734	sp|Q5ZKR4|RABL3_CHICK Rab-like protein 3 OS=Gallus gallus OX=9031 GN=RABL3 PE=2 SV=1
g8985	44.9	0.1478	0.131	0.9609	sp|Q8N371|KDM8_HUMAN Bifunctional peptidase and arginyl-hydroxylase JMJD5 OS=Homo sapiens OX=9606 GN=KDM8 PE=1 SV=1
g12851	62.0	0.3317	-0.341	0.8518	sp|Q7KWX9|EXOS3_DICDI Putative exosome complex component rrp40 OS=Dictyostelium discoideum OX=44689 GN=exosc3 PE=3 SV=1
g9533	73.1	0.4517	0.589	0.6105	sp|Q6PHG8|RPA43_DANRE DNA-directed RNA polymerase I subunit RPA43 OS=Danio rerio OX=7955 GN=polr1f PE=2 SV=2
g279	52.1	0.2254	0.608	0.6133	
g2590	82.0	0.5469	-1.038	0.2338	
g3927	70.9	0.4285	-0.755	0.3724	sp|Q6KAU7|PKHG2_MOUSE Pleckstrin homology domain-containing family G member 2 OS=Mus musculus OX=10090 GN=Plekhg2 PE=2 SV=2
g15539	48.1	0.1833	-0.002	0.9991	
g4076	57.8	0.2888	-0.796	0.3556	
g7644	60.1	0.3127	0.580	0.7033	
g6942	52.1	0.2276	-0.363	0.8333	sp|Q46DZ7|AROD_METBF 3-dehydroquinate dehydratase OS=Methanosarcina barkeri (strain Fusaro / DSM 804) OX=269797 GN=aroD PE=3 SV=1
g3519	57.6	0.2871	-0.666	0.5993	
g3808	66.8	0.3861	-0.057	0.9831	
g9199	51.1	0.2173	-0.199	0.9323	sp|Q8BFT6|JMJD4_MOUSE 2-oxoglutarate and iron-dependent oxygenase JMJD4 OS=Mus musculus OX=10090 GN=Jmjd4 PE=2 SV=1
g1160	47.7	0.1810	0.113	0.9633	sp|A6QBB6|SELU_SULNB tRNA 2-selenouridine synthase OS=Sulfurovum sp. (strain NBC37-1) OX=387093 GN=selU PE=3 SV=1
g7482	53.5	0.2440	-0.378	0.8324	
g10790	70.5	0.4270	-0.904	0.2656	sp|Q5F3J5|PSME3_CHICK Proteasome activator complex subunit 3 OS=Gallus gallus OX=9031 GN=PSME3 PE=1 SV=1
g7184	57.1	0.2826	-0.289	0.8713	sp|A9CG70|PRMC_AGRFC Release factor glutamine methyltransferase OS=Agrobacterium fabrum (strain C58 / ATCC 33970) OX=176299 GN=prmC PE=3 SV=1
g8976	52.8	0.2366	-0.173	0.9433	
g9097	43.7	0.1384	-0.152	0.9526	
g3190	93.2	0.6726	0.066	0.9788	sp|I7M6H4|DYH5_TETTS Dynein axonemal heavy chain beta OS=Tetrahymena thermophila (strain SB210) OX=312017 GN=TTHERM_00486600 PE=1 SV=2
g9347	59.9	0.3133	-0.371	0.7996	
g371	63.7	0.3545	-0.121	0.9602	
g3389	46.8	0.1719	0.202	0.9361	
g1303	64.2	0.3610	-0.962	0.2401	
g1164	50.0	0.2068	-0.332	0.8623	
g12346	47.9	0.1841	-0.438	0.7849	
g1636	65.1	0.3705	0.264	0.8949	
g12629	63.9	0.3576	0.408	0.8152	sp|Q02256|PVH1_YEAST Tyrosine-protein phosphatase YVH1 OS=Saccharomyces cerevisiae (strain ATCC 204508 / S288c) OX=559292 GN=YVH1 PE=1 SV=1
g12756	81.8	0.5540	0.979	0.1117	
g15533	83.1	0.5688	0.211	0.9119	
g15508	58.2	0.2987	0.118	0.9621	
g10666	48.8	0.1965	0.388	0.8271	
g3454	54.3	0.2568	-0.302	0.8703	sp|A0JMD2|LST2_DANRE Lateral signaling target protein 2 homolog OS=Danio rerio OX=7955 GN=zfyve28 PE=2 SV=1
g3852	51.4	0.2255	0.032	0.9889	sp|M0L7V9|LYEL_HALJT Lycopene elongase/hydratase OS=Haloarcula japonica (strain ATCC 49778 / DSM 6131 / JCM 7785 / NBRC 101032 / NCIMB 13157 / TR-1) OX=1227453 GN=lyeJ PE=1 SV=1
g9782	55.7	0.2728	0.571	0.6737	sp|Q9SDI4|PHT41_ORYSJ Probable anion transporter 1, chloroplastic OS=Oryza sativa subsp. japonica OX=39947 GN=PHT4;1 PE=2 SV=1
g5719	120.3	0.9767	0.270	0.9210	
g4094	42.9	0.1341	0.227	0.9258	sp|Q0WVW7|RQL5_ARATH ATP-dependent DNA helicase Q-like 5 OS=Arabidopsis thaliana OX=3702 GN=RECQL5 PE=2 SV=2
g9429	55.6	0.2715	-0.640	0.5928	sp|P60483|PTEN_CANLF Phosphatidylinositol 3,4,5-trisphosphate 3-phosphatase and dual-specificity protein phosphatase PTEN OS=Canis lupus familiaris OX=9615 GN=PTEN PE=2 SV=1
g1811	53.5	0.2494	-0.140	0.9509	
g1079	44.8	0.1552	0.233	0.9198	
g5748	69.6	0.4262	0.637	0.6121	sp|Q8L6Z7|EXO1_ARATH Exonuclease 1 OS=Arabidopsis thaliana OX=3702 GN=EXO1 PE=2 SV=2
g14607	49.3	0.2054	0.193	0.9375	sp|Q8TEB9|RHBL4_HUMAN Rhomboid-related protein 4 OS=Homo sapiens OX=9606 GN=RHBDD1 PE=1 SV=1
g11829	41.4	0.1194	0.111	0.9666	sp|Q8I2S0|LIPLB_PLAF7 Inactive lipoate--protein ligase 2 OS=Plasmodium falciparum (isolate 3D7) OX=36329 GN=LipL2 PE=1 SV=1
g15412	49.1	0.2032	0.323	0.8703	
g14272	59.0	0.3109	-0.719	0.4606	
g12814	51.6	0.2316	-0.120	0.9621	
g15422	45.9	0.1693	-0.102	0.9689	sp|Q8BSY0|ASPH_MOUSE Aspartyl/asparaginyl beta-hydroxylase OS=Mus musculus OX=10090 GN=Asph PE=1 SV=1
g15452	61.2	0.3374	-0.014	0.9946	sp|P04464|CALM_WHEAT Calmodulin OS=Triticum aestivum OX=4565 PE=1 SV=3
g683	59.3	0.3172	-0.655	0.5489	sp|Q8C4V1|RHG24_MOUSE Rho GTPase-activating protein 24 OS=Mus musculus OX=10090 GN=Arhgap24 PE=1 SV=2
g13460	63.2	0.3608	0.934	0.2994	
g13931	50.2	0.2181	-0.321	0.8702	
g2157	45.9	0.1715	-0.098	0.9689	
g5298	51.8	0.2373	-0.178	0.9433	sp|P55143|GLRX_RICCO Glutaredoxin OS=Ricinus communis OX=3988 PE=3 SV=1
g10121	55.5	0.2785	-0.294	0.8742	sp|O04294|IMPA3_ARATH Importin subunit alpha-3 OS=Arabidopsis thaliana OX=3702 GN=IMPA3 PE=1 SV=2
g4366	48.9	0.2050	-0.195	0.9362	
g13193	47.4	0.1888	0.199	0.9342	sp|Q3TIX9|UBP39_MOUSE Ubiquitin carboxyl-terminal hydrolase 39 OS=Mus musculus OX=10090 GN=Usp39 PE=1 SV=2
g4568	50.9	0.2277	0.027	0.9903	
g14016	60.4	0.3329	0.555	0.6517	
g1103	49.1	0.2080	0.062	0.9823	sp|C1DHC2|RRAAH_AZOVD Putative 4-hydroxy-4-methyl-2-oxoglutarate aldolase OS=Azotobacter vinelandii (strain DJ / ATCC BAA-1303) OX=322710 GN=Avin_23290 PE=3 SV=1
g6354	48.3	0.1990	-0.021	0.9923	
g11798	47.2	0.1878	0.092	0.9709	
g1227	60.2	0.3323	-0.849	0.3139	sp|P18173|DHGL_DROME Glucose dehydrogenase [FAD, quinone] OS=Drosophila melanogaster OX=7227 GN=Gld PE=2 SV=4
g2337	83.0	0.5845	0.445	0.8126	
g4802	48.7	0.2047	0.271	0.8936	sp|P23796|RIT1_YEAST tRNA A64-2'-O-ribosylphosphate transferase OS=Saccharomyces cerevisiae (strain ATCC 204508 / S288c) OX=559292 GN=RIT1 PE=1 SV=3
g1337	79.4	0.5452	0.035	0.9862	
g12873	50.0	0.2202	0.049	0.9849	
g1317	57.8	0.3075	-0.223	0.9266	sp|Q15428|SF3A2_HUMAN Splicing factor 3A subunit 2 OS=Homo sapiens OX=9606 GN=SF3A2 PE=1 SV=2
g6188	46.7	0.1842	0.009	0.9972	sp|P49595|PPM1G_CAEEL Protein phosphatase ppm-1.G OS=Caenorhabditis elegans OX=6239 GN=ppm-1.G PE=3 SV=2
g10218	47.5	0.1937	-0.190	0.9364	sp|Q5ZJN0|ASND1_CHICK Asparagine synthetase domain-containing protein 1 OS=Gallus gallus OX=9031 GN=ASNSD1 PE=2 SV=1
g1912	54.9	0.2760	0.214	0.9210	
g3270	47.9	0.1982	-0.364	0.8374	
g10848	40.9	0.1200	0.095	0.9700	sp|Q9FJL3|FKB65_ARATH Peptidyl-prolyl cis-trans isomerase FKBP65 OS=Arabidopsis thaliana OX=3702 GN=FKBP65 PE=1 SV=1
g9846	70.8	0.4528	-0.948	0.2965	
g12970	52.6	0.2520	-0.421	0.7916	sp|P36993|PPM1B_MOUSE Protein phosphatase 1B OS=Mus musculus OX=10090 GN=Ppm1b PE=1 SV=1
g5183	63.0	0.3674	-0.553	0.6511	sp|Q9XF62|SSNA1_CHLRE Microtubule nucleation factor SSNA1 OS=Chlamydomonas reinhardtii OX=3055 GN=SSNA1 PE=1 SV=1
g10095	48.2	0.2039	-0.519	0.7105	sp|O28578|PANE_ARCFU 2-dehydropantoate 2-reductase OS=Archaeoglobus fulgidus (strain ATCC 49558 / DSM 4304 / JCM 9628 / NBRC 100126 / VC-16) OX=224325 GN=AF_1695 PE=3 SV=1
g9869	49.0	0.2130	0.221	0.9210	
g2358	64.7	0.3888	-1.088	0.1185	
g12477	43.5	0.1520	-0.217	0.9293	sp|Q5R7X2|SR140_PONAB U2 snRNP-associated SURP motif-containing protein OS=Pongo abelii OX=9601 GN=U2SURP PE=2 SV=1
g1072	57.4	0.3072	-0.298	0.8777	
g9685	72.5	0.4763	-0.705	0.4140	
g10864	75.8	0.5144	0.956	0.2411	sp|Q8QZR1|ATTY_MOUSE Tyrosine aminotransferase OS=Mus musculus OX=10090 GN=Tat PE=1 SV=1
g6972	56.2	0.2957	0.819	0.3850	sp|Q9LXD1|RLF_ARATH Cytochrome b5 domain-containing protein RLF OS=Arabidopsis thaliana OX=3702 GN=RLF PE=2 SV=1
g4859	44.3	0.1626	-0.338	0.8621	
g11893	48.5	0.2096	0.055	0.9846	
g9956	51.8	0.2468	-0.051	0.9848	sp|H3ZPL1|ARAT1_THELN Aromatic-amino-acid aminotransferase 1 OS=Thermococcus litoralis (strain ATCC 51850 / DSM 5473 / JCM 8560 / NS-C) OX=523849 GN=OCC_04335 PE=1 SV=1
g14945	49.2	0.2173	0.142	0.9570	sp|Q55AR8|SNR40_DICDI U5 small nuclear ribonucleoprotein 40 kDa protein OS=Dictyostelium discoideum OX=44689 GN=snrnp40 PE=3 SV=1
g11584	49.1	0.2169	-0.059	0.9831	sp|Q9BIB3|PPME1_CAEEL Probable protein phosphatase methylesterase 1 OS=Caenorhabditis elegans OX=6239 GN=B0464.9 PE=3 SV=1
g10139	64.3	0.3872	-0.653	0.4928	
g15549	48.9	0.2146	-0.169	0.9473	sp|O14118|EFM3_SCHPO Protein-lysine N-methyltransferase efm3 OS=Schizosaccharomyces pombe (strain 972 / ATCC 24843) OX=284812 GN=SPAC3A11.03 PE=3 SV=3
g15991	73.3	0.4890	-0.264	0.9177	
g16008	42.8	0.1468	-0.150	0.9537	sp|Q93YN4|ELM1_ARATH Mitochondrial fission protein ELM1 OS=Arabidopsis thaliana OX=3702 GN=ELM1 PE=1 SV=1
g16024	49.3	0.2198	-0.108	0.9683	
g15372	49.8	0.2251	0.148	0.9545	
g5858	41.1	0.1281	-0.252	0.9138	
g4055	94.0	0.7229	-1.131	0.0559	
g5680	54.8	0.2828	0.590	0.6293	
g5589	44.4	0.1664	0.018	0.9942	sp|Q642M9|DHDH_DANRE Trans-1,2-dihydrobenzene-1,2-diol dehydrogenase OS=Danio rerio OX=7955 GN=dhdh PE=2 SV=2
g10719	43.7	0.1586	-0.018	0.9938	
g7250	52.3	0.2556	0.329	0.8563	sp|O60513|B4GT4_HUMAN Beta-1,4-galactosyltransferase 4 OS=Homo sapiens OX=9606 GN=B4GALT4 PE=1 SV=1
g13018	45.7	0.1812	-0.254	0.9135	sp|Q6NUD0|MEP50_XENLA Methylosome protein WDR77 OS=Xenopus laevis OX=8355 GN=wdr77 PE=1 SV=1
g6142	39.3	0.1098	0.165	0.9497	sp|Q5NCF2|TPPC1_MOUSE Trafficking protein particle complex subunit 1 OS=Mus musculus OX=10090 GN=Trappc1 PE=1 SV=1
g11303	55.8	0.2957	-0.420	0.7736	
g14326	44.9	0.1734	-0.198	0.9404	
g12530	43.9	0.1620	-0.080	0.9766	sp|Q4V7N7|TMM18_XENLA Transmembrane protein 18 OS=Xenopus laevis OX=8355 GN=tmem18 PE=2 SV=1
g14464	47.0	0.1971	0.140	0.9570	
g3501	68.8	0.4428	0.396	0.7804	sp|Q569M2|YDJC_XENLA Carbohydrate deacetylase OS=Xenopus laevis OX=8355 GN=ydjc PE=2 SV=1
g6330	47.2	0.1992	0.039	0.9862	sp|Q8N3C7|CLIP4_HUMAN CAP-Gly domain-containing linker protein 4 OS=Homo sapiens OX=9606 GN=CLIP4 PE=1 SV=1
g15654	54.3	0.2801	-0.410	0.7916	
g6191	45.5	0.1809	-0.227	0.9259	sp|Q24JJ8|HAOX2_ARATH Peroxisomal (S)-2-hydroxyacid oxidase GLO3 OS=Arabidopsis thaliana OX=3702 GN=GLO3 PE=1 SV=1
g4626	62.7	0.3743	-0.693	0.4913	
g14831	83.7	0.6114	-1.134	0.0993	
g2105	48.2	0.2111	0.197	0.9345	sp|Q24338|ESC_DROME Polycomb protein esc OS=Drosophila melanogaster OX=7227 GN=esc PE=1 SV=1
g15481	38.9	0.1060	-0.086	0.9740	sp|B1WBP0|MPPD2_RAT Metallophosphoesterase MPPED2 OS=Rattus norvegicus OX=10116 GN=Mpped2 PE=1 SV=1
g14857	50.5	0.2376	-0.221	0.9293	
g6318	63.3	0.3823	-0.075	0.9740	sp|Q949R4|DIOXL_ARATH Extradiol ring-cleavage dioxygenase OS=Arabidopsis thaliana OX=3702 GN=LIGB PE=2 SV=1
g12403	61.7	0.3656	-0.895	0.2364	
g11543	64.9	0.4026	0.232	0.9075	
g178	57.2	0.3155	0.033	0.9879	sp|Q8BMD6|TM260_MOUSE Protein O-mannosyl-transferase TMEM260 OS=Mus musculus OX=10090 GN=Tmem260 PE=2 SV=2
g6253	56.4	0.3068	-0.056	0.9831	
g15514	42.9	0.1539	-0.211	0.9323	
g7730	73.5	0.5022	1.109	0.2645	sp|Q9C1M7|DYHC_EREGS Dynein heavy chain, cytoplasmic OS=Eremothecium gossypii (strain ATCC 10895 / CBS 109.51 / FGSC 9923 / NRRL Y-1056) OX=284811 GN=DYN1 PE=3 SV=1
g13832	44.4	0.1720	-0.326	0.8657	sp|H1ZZA4|AUAG_STIAU Aurachin C monooxygenase/isomerase OS=Stigmatella aurantiaca OX=41 GN=auaG PE=1 SV=1
g1154	57.8	0.3241	0.289	0.8809	sp|Q54M20|CNS1_DICDI Hsp70/Hsp90 co-chaperone CNS1 homolog OS=Dictyostelium discoideum OX=44689 GN=ttc4 PE=3 SV=1
g5881	64.9	0.4060	0.953	0.2969	sp|Q7TPS0|KS6A6_MOUSE Ribosomal protein S6 kinase alpha-6 OS=Mus musculus OX=10090 GN=Rps6ka6 PE=1 SV=2
g3269	71.0	0.4768	0.879	0.2425	sp|Q9KD20|Y1399_HALH5 Putative nucleotidase BH1399 OS=Halalkalibacterium halodurans (strain ATCC BAA-125 / DSM 18197 / FERM 7344 / JCM 9153 / C-125) OX=272558 GN=BH1399 PE=3 SV=1
g13333	54.1	0.2854	0.119	0.9614	sp|Q1JPJ9|EF2KT_BOVIN Protein-lysine N-methyltransferase EEF2KMT OS=Bos taurus OX=9913 GN=EEF2KMT PE=2 SV=2
g10197	48.9	0.2255	0.089	0.9740	sp|P32331|YMC1_YEAST Mitochondrial glycine transporter YMC1 OS=Saccharomyces cerevisiae (strain ATCC 204508 / S288c) OX=559292 GN=YMC1 PE=1 SV=2
g5584	62.4	0.3801	0.533	0.7005	
g14782	69.3	0.4595	0.530	0.6644	
g13820	52.2	0.2634	-0.011	0.9955	
g6436	46.7	0.2005	-0.080	0.9766	
g13747	61.9	0.3748	0.014	0.9946	sp|Q7X6P3|RUS1_ARATH Protein root UVB sensitive 1, chloroplastic OS=Arabidopsis thaliana OX=3702 GN=RUS1 PE=1 SV=1
g6264	58.9	0.3418	0.680	0.5655	
g5958	42.5	0.1549	-0.186	0.9433	
g13060	74.9	0.5278	0.775	0.5818	sp|Q7KR10|CCD1D_DROME Probable cytochrome P450 12d1 distal, mitochondrial OS=Drosophila melanogaster OX=7227 GN=Cyp12d1-d PE=2 SV=1
g8143	67.0	0.4366	-1.124	0.0749	sp|Q1MTN8|ACL4_SCHPO Probable assembly chaperone of rpl4 OS=Schizosaccharomyces pombe (strain 972 / ATCC 24843) OX=284812 GN=SPBC16D10.01c PE=3 SV=2
g5613	54.5	0.2934	-0.265	0.9066	
g9181	48.1	0.2199	0.003	0.9986	sp|Q8WXB1|MT21A_HUMAN Protein N-lysine methyltransferase METTL21A OS=Homo sapiens OX=9606 GN=METTL21A PE=1 SV=2
g6958	41.6	0.1450	-0.334	0.8686	
g970	58.5	0.3406	0.480	0.7536	
g10784	70.2	0.4760	0.220	0.9099	
g11358	51.4	0.2598	0.045	0.9849	sp|Q92J02|GLRX1_RICCN Glutaredoxin 1 OS=Rickettsia conorii (strain ATCC VR-613 / Malish 7) OX=272944 GN=grxC1 PE=3 SV=1
g6929	46.4	0.2018	-0.489	0.7428	sp|Q7ZWC3|8ODP_DANRE Oxidized purine nucleoside triphosphate hydrolase OS=Danio rerio OX=7955 GN=nudt1 PE=1 SV=1
g11808	102.8	0.8528	0.076	0.9733	sp|E9PY46|IF140_MOUSE Intraflagellar transport protein 140 homolog OS=Mus musculus OX=10090 GN=Ift140 PE=1 SV=1
g11083	53.2	0.2802	-0.688	0.5252	
g14802	50.5	0.2502	-0.095	0.9689	sp|Q0IHH1|NAA30_XENLA N-alpha-acetyltransferase 30 OS=Xenopus laevis OX=8355 GN=naa30 PE=2 SV=1
g7643	76.7	0.5528	-0.413	0.7694	sp|Q6YW62|AB44G_ORYSJ ABC transporter G family member 44 OS=Oryza sativa subsp. japonica OX=39947 GN=ABCG44 PE=2 SV=2
g7167	56.6	0.3212	-0.223	0.9305	sp|Q1LZA0|PIGB_BOVIN GPI alpha-1,2-mannosyltransferase 3 OS=Bos taurus OX=9913 GN=PIGB PE=2 SV=1
g4759	70.1	0.4789	-1.108	0.0752	
g6762	75.7	0.5445	0.647	0.5975	sp|P28739|KLPA_EMENI Kinesin-like protein klpA OS=Emericella nidulans (strain FGSC A4 / ATCC 38163 / CBS 112.46 / NRRL 194 / M139) OX=227321 GN=klpA PE=2 SV=3
g8586	57.5	0.3329	0.135	0.9534	
g2627	55.5	0.3104	0.285	0.8882	
g5713	53.0	0.2814	-0.684	0.5801	
g886	47.4	0.2175	-0.137	0.9573	sp|Q1MTQ9|NIP7_SCHPO 60S ribosome subunit biogenesis protein nip7 OS=Schizosaccharomyces pombe (strain 972 / ATCC 24843) OX=284812 GN=nip7 PE=1 SV=1
g2821	47.4	0.2175	0.161	0.9474	sp|Q1LXS2|PSMG2_DANRE Proteasome assembly chaperone 2 OS=Danio rerio OX=7955 GN=psmg2 PE=2 SV=1
g4354	64.4	0.4155	0.558	0.6652	sp|Q58791|Y1396_METJA Uncharacterized protein MJ1396 OS=Methanocaldococcus jannaschii (strain ATCC 43067 / DSM 2661 / JAL-1 / JCM 10045 / NBRC 100440) OX=243232 GN=MJ1396 PE=1 SV=1
g13176	105.8	0.8973	0.066	0.9740	sp|Q7XSJ6|CCB21_ORYSJ Cyclin-B2-1 OS=Oryza sativa subsp. japonica OX=39947 GN=CYCB2-1 PE=1 SV=2
g6064	60.4	0.3700	-0.150	0.9609	
g9087	49.2	0.2398	-0.316	0.8644	sp|B1AR09|AF17_MOUSE Protein AF-17 OS=Mus musculus OX=10090 GN=Mllt6 PE=2 SV=1
g301	44.2	0.1812	0.239	0.9180	sp|B0G143|UCPB_DICDI Mitochondrial substrate carrier family protein ucpB OS=Dictyostelium discoideum OX=44689 GN=ucpB PE=3 SV=1
g8046	60.6	0.3730	-0.406	0.8226	sp|Q9WVD5|ORNT1_MOUSE Mitochondrial ornithine transporter 1 OS=Mus musculus OX=10090 GN=Slc25a15 PE=1 SV=1
g1538	56.8	0.3290	0.236	0.9210	
g15365	51.5	0.2681	0.356	0.8333	
g6218	60.7	0.3753	-0.267	0.9114	sp|Q8CHJ1|PIGU_RAT GPI-anchor transamidase component PIGU OS=Rattus norvegicus OX=10116 GN=Pigu PE=2 SV=3
g4082	47.2	0.2184	-0.383	0.8245	
g6400	42.8	0.1671	-0.077	0.9760	
g10022	55.0	0.3099	0.379	0.8127	
g9678	67.9	0.4610	-0.748	0.5496	
g9122	85.0	0.6613	-0.350	0.7776	sp|Q2I6J1|SHP2A_DANRE Phosphatidylinositol 3,4,5-trisphosphate 5-phosphatase 2A OS=Danio rerio OX=7955 GN=inppl1a PE=2 SV=2
g4729	44.3	0.1857	0.184	0.9432	sp|Q67XX3|JMJ22_ARATH Arginine-specific demethylase JMJ22 OS=Arabidopsis thaliana OX=3702 GN=JMJ22 PE=1 SV=1
g936	49.6	0.2472	0.020	0.9936	sp|O59737|GYP1_SCHPO GTPase-activating protein gyp1 OS=Schizosaccharomyces pombe (strain 972 / ATCC 24843) OX=284812 GN=gyp1 PE=3 SV=1
g10293	45.5	0.2009	-0.300	0.8827	sp|Q9BRR8|GPTC1_HUMAN G patch domain-containing protein 1 OS=Homo sapiens OX=9606 GN=GPATCH1 PE=1 SV=1
g2827	48.2	0.2329	-0.290	0.8933	
g2472	51.8	0.2752	0.739	0.4798	sp|A0A0R3K2G2|GLPDH_CALMK Glycerol 3-phosphate dehydrogenase OS=Caloramator mitchellensis OX=908809 GN=lhgO_1 PE=1 SV=1
g11440	49.1	0.2437	0.035	0.9875	
g7458	67.7	0.4630	1.087	0.2109	
g4889	51.1	0.2681	-0.216	0.9349	
g9166	107.4	0.9320	0.432	0.7552	sp|Q9FN03|UVR8_ARATH Ultraviolet-B receptor UVR8 OS=Arabidopsis thaliana OX=3702 GN=UVR8 PE=1 SV=1
g9746	58.0	0.3499	0.620	0.6405	sp|Q803A6|MCMBP_DANRE Mini-chromosome maintenance complex-binding protein OS=Danio rerio OX=7955 GN=mcmbp PE=2 SV=2
g7251	40.2	0.1408	-0.064	0.9831	sp|A0A509ADH4|YOP1_PLABA Protein YOP1 homolog OS=Plasmodium berghei (strain Anka) OX=5823 GN=YOP1 PE=1 SV=1
g5656	49.9	0.2556	0.187	0.9433	sp|Q0P585|SMYD2_BOVIN N-lysine methyltransferase SMYD2 OS=Bos taurus OX=9913 GN=SMYD2 PE=2 SV=1
g13979	43.4	0.1788	0.287	0.9021	sp|Q5ZIH2|MON1A_CHICK Vacuolar fusion protein MON1 homolog A OS=Gallus gallus OX=9031 GN=MON1A PE=2 SV=1
g11767	54.1	0.3061	0.281	0.8949	sp|Q6NUH2|NAA40_XENLA N-alpha-acetyltransferase 40 OS=Xenopus laevis OX=8355 GN=naa40 PE=2 SV=1
g11207	51.7	0.2779	-0.371	0.8416	
g11478	51.6	0.2764	-0.411	0.8061	sp|Q08278|MED7_YEAST Mediator of RNA polymerase II transcription subunit 7 OS=Saccharomyces cerevisiae (strain ATCC 204508 / S288c) OX=559292 GN=MED7 PE=1 SV=1
g15456	40.6	0.1473	-0.029	0.9904	
g8987	45.5	0.2055	0.047	0.9849	
g12786	45.2	0.2015	0.043	0.9849	
g14379	41.9	0.1635	0.376	0.8417	
g1581	118.1	1.0653	-0.954	0.2156	
g3259	51.0	0.2719	0.463	0.7447	
g16020	52.5	0.2901	0.145	0.9509	
g243	56.2	0.3338	-0.075	0.9788	sp|Q9UET6|TRM7_HUMAN tRNA (cytidine(32)/guanosine(34)-2'-O)-methyltransferase OS=Homo sapiens OX=9606 GN=FTSJ1 PE=1 SV=2
g15970	49.3	0.2520	-0.309	0.8853	
g4905	52.6	0.2915	-0.053	0.9848	sp|Q9D6J3|YJU2_MOUSE Splicing factor YJU2 OS=Mus musculus OX=10090 GN=Yju2 PE=1 SV=1
g1157	52.4	0.2898	-0.525	0.6961	
g15563	46.0	0.2131	-0.218	0.9225	sp|Q05B83|RFC2_BOVIN Replication factor C subunit 2 OS=Bos taurus OX=9913 GN=RFC2 PE=2 SV=1
g2284	54.4	0.3137	0.103	0.9666	sp|P36151|YK50_YEAST Mitochondrial hydrolase YKR070W OS=Saccharomyces cerevisiae (strain ATCC 204508 / S288c) OX=559292 GN=YKR070W PE=1 SV=1
g3705	47.3	0.2300	-0.607	0.6287	
g12050	51.2	0.2757	-0.255	0.9119	
g13102	57.5	0.3519	0.820	0.3449	sp|Q55E45|MCFE_DICDI Mitochondrial substrate carrier family protein E OS=Dictyostelium discoideum OX=44689 GN=mcfE PE=3 SV=1
g13253	38.6	0.1267	-0.343	0.8683	sp|O34893|YNGF_BACSU Putative enoyl-CoA hydratase/isomerase YngF OS=Bacillus subtilis (strain 168) OX=224308 GN=yngF PE=3 SV=1
g8970	47.6	0.2342	0.114	0.9621	sp|P12011|GNTK_BACSU Gluconokinase OS=Bacillus subtilis (strain 168) OX=224308 GN=gntK PE=3 SV=1
g83	83.3	0.6596	0.585	0.7303	sp|P45844|ABCG1_HUMAN ATP-binding cassette sub-family G member 1 OS=Homo sapiens OX=9606 GN=ABCG1 PE=1 SV=3
g14596	45.4	0.2076	0.086	0.9735	sp|Q9C8X2|SUC5_ARATH Sucrose transport protein SUC5 OS=Arabidopsis thaliana OX=3702 GN=SUC5 PE=1 SV=1
g8440	53.2	0.3018	-0.677	0.5467	sp|P32860|NFU1_YEAST NifU-like protein, mitochondrial OS=Saccharomyces cerevisiae (strain ATCC 204508 / S288c) OX=559292 GN=NFU1 PE=1 SV=2
g499	68.2	0.4810	0.951	0.2230	
g2347	43.4	0.1855	-0.053	0.9848	sp|Q6R3M4|POLI_MOUSE DNA polymerase iota OS=Mus musculus OX=10090 GN=Poli PE=1 SV=1
g5525	49.0	0.2524	0.329	0.8742	
g12872	59.8	0.3830	0.327	0.8597	
g314	80.4	0.6295	-1.344	0.0669	sp|Q1ZXC5|PSIC_DICDI Protein psiC OS=Dictyostelium discoideum OX=44689 GN=psiC PE=3 SV=1
g5052	41.7	0.1665	-0.121	0.9623	sp|P0CV14|RLR48_PLAVT Secreted RxLR effector protein 48 OS=Plasmopara viticola OX=143451 GN=RXLR48 PE=2 SV=1
g6220	67.7	0.4784	-0.037	0.9849	
g4923	54.9	0.3252	-0.098	0.9683	
g7993	63.3	0.4256	-0.899	0.2411	sp|Q9HTF1|LTAE_PSEAE Low specificity L-threonine aldolase OS=Pseudomonas aeruginosa (strain ATCC 15692 / DSM 22644 / CIP 104116 / JCM 14847 / LMG 12228 / 1C / PRS 101 / PAO1) OX=208964 GN=ltaE PE=3 SV=1
g3490	49.8	0.2641	-0.363	0.8600	
g12497	37.0	0.1111	0.063	0.9831	
g5510	46.7	0.2278	-0.487	0.7660	
g5952	43.7	0.1918	-0.158	0.9534	
g5074	45.1	0.2090	-0.465	0.7670	
g3565	90.0	0.7489	-0.280	0.9103	
g3679	51.7	0.2884	0.257	0.9067	sp|Q9FG13|CXE15_ARATH Strigolactones hydrolase CXE15 OS=Arabidopsis thaliana OX=3702 GN=CXE15 PE=1 SV=1
g8765	56.0	0.3403	-0.038	0.9853	sp|Q9LM13|GPMA1_ARATH 2,3-bisphosphoglycerate-dependent phosphoglycerate mutase 1 OS=Arabidopsis thaliana OX=3702 GN=gpmA1 PE=2 SV=1
g6848	53.1	0.3053	-0.112	0.9614	
g12646	50.2	0.2710	-0.459	0.7548	sp|P0AGJ3|TRMH_ECO57 tRNA (guanosine(18)-2'-O)-methyltransferase OS=Escherichia coli O157:H7 OX=83334 GN=trmH PE=3 SV=1
g5172	38.4	0.1286	0.038	0.9879	
g14982	48.3	0.2488	-0.426	0.8174	sp|Q8VZC9|VPS25_ARATH Vacuolar protein sorting-associated protein 25 OS=Arabidopsis thaliana OX=3702 GN=VPS25 PE=1 SV=1
g5801	43.8	0.1947	0.007	0.9974	
g7145	60.3	0.3951	-0.106	0.9689	
g9098	53.8	0.3156	-0.303	0.9004	
g5693	46.4	0.2272	-0.207	0.9350	sp|P50125|CYSD_EMENI Homocysteine synthase OS=Emericella nidulans (strain FGSC A4 / ATCC 38163 / CBS 112.46 / NRRL 194 / M139) OX=227321 GN=cysD PE=1 SV=2
g7451	46.7	0.2307	0.176	0.9461	sp|B5YHP1|KAD_THEYD Adenylate kinase OS=Thermodesulfovibrio yellowstonii (strain ATCC 51303 / DSM 11347 / YP87) OX=289376 GN=adk PE=3 SV=1
g7209	49.3	0.2622	0.040	0.9862	
g6355	43.5	0.1921	0.470	0.7682	
g1453	45.0	0.2108	-0.078	0.9788	sp|Q9VMW8|MPU1_DROME Mannose-P-dolichol utilization defect 1 protein homolog OS=Drosophila melanogaster OX=7227 GN=CG3792 PE=2 SV=2
g15886	62.3	0.4214	0.365	0.8226	sp|D7UQM5|AURK_PATPE Aurora kinase OS=Patiria pectinifera OX=7594 GN=aur PE=1 SV=1
g9365	50.5	0.2783	0.029	0.9910	sp|F9UST0|LARB_LACPL Pyridinium-3,5-biscarboxylic acid mononucleotide synthase OS=Lactiplantibacillus plantarum (strain ATCC BAA-793 / NCIMB 8826 / WCFS1) OX=220668 GN=larB PE=1 SV=1
g3523	61.5	0.4123	0.747	0.4799	
g10421	38.0	0.1270	0.257	0.9165	sp|Q8CFJ7|S2545_MOUSE Methylated amino-acid transporter SLC25A45 OS=Mus musculus OX=10090 GN=Slc25a45 PE=1 SV=1
g403	66.4	0.4726	0.285	0.9126	
g12691	48.4	0.2533	-0.002	0.9992	
g13899	38.8	0.1371	-0.045	0.9851	sp|Q1JQB2|BUB3_BOVIN Mitotic checkpoint protein BUB3 OS=Bos taurus OX=9913 GN=BUB3 PE=2 SV=1
g1752	44.7	0.2094	0.261	0.9097	sp|Q556V1|COQ10_DICDI Coenzyme Q-binding protein COQ10, mitochondrial OS=Dictyostelium discoideum OX=44689 GN=coq10-1 PE=3 SV=1
g6881	36.6	0.1111	0.151	0.9558	sp|B3DH20|DAA11_DANRE Dynein axonemal assembly factor 11 OS=Danio rerio OX=7955 GN=dnaaf11 PE=1 SV=1
g6891	76.7	0.5997	-0.931	0.1795	sp|Q9XYS3|NOXA_DICDI Superoxide-generating NADPH oxidase heavy chain subunit A OS=Dictyostelium discoideum OX=44689 GN=noxA PE=2 SV=1
g7487	37.3	0.1209	0.174	0.9481	
g2735	55.3	0.3392	-0.757	0.4431	sp|Q84V25|ENOXE_FRAAN 2-methylene-furan-3-one reductase OS=Fragaria ananassa OX=3747 GN=EO PE=1 SV=1
g10821	43.8	0.2008	-0.409	0.8180	sp|B1KHT1|TPMT_SHEWM Thiopurine S-methyltransferase OS=Shewanella woodyi (strain ATCC 51908 / MS32) OX=392500 GN=tpm PE=3 SV=1
g8861	44.8	0.2135	-0.190	0.9450	sp|F4JRF4|MUTYH_ARATH Adenine DNA glycosylase OS=Arabidopsis thaliana OX=3702 GN=MYH PE=3 SV=1
g10703	129.5	1.2489	-0.528	0.6731	
g9775	48.0	0.2543	-0.532	0.7265	
g1761	60.1	0.4026	-1.059	0.3017	
g4552	54.7	0.3366	-0.767	0.4139	sp|Q9SJL6|MEM11_ARATH Membrin-11 OS=Arabidopsis thaliana OX=3702 GN=MEMB11 PE=1 SV=1
g13398	49.2	0.2695	-0.585	0.6414	
g3517	56.8	0.3626	-0.665	0.5589	
g4699	41.0	0.1695	0.165	0.9486	
g9449	41.7	0.1778	-0.043	0.9849	
g851	82.0	0.6730	-0.753	0.6946	
g5603	47.5	0.2492	0.199	0.9343	sp|F4K2M8|JMJ31_ARATH Lysine-specific demethylase JMJ31 OS=Arabidopsis thaliana OX=3702 GN=JMJ31 PE=2 SV=1
g6845	46.8	0.2418	-0.136	0.9562	sp|Q7T2D1|RD10B_DANRE Retinol dehydrogenase 10-B OS=Danio rerio OX=7955 GN=rdh10b PE=2 SV=2
g5563	98.3	0.8752	1.262	0.0983	sp|Q6WRS2|FIS1_TUBBO Mitochondrial fission 1 protein OS=Tuber borchii OX=42251 GN=FIS1 PE=2 SV=1
g11040	36.3	0.1127	0.019	0.9937	
g8081	49.0	0.2694	-0.613	0.6220	
g5997	31.6	0.0558	0.123	0.9666	sp|Q9Z6R2|TILS_CHLPN tRNA(Ile)-lysidine synthase OS=Chlamydia pneumoniae OX=83558 GN=tilS PE=3 SV=1
g13412	63.9	0.4527	1.094	0.1310	
g1376	45.7	0.2289	0.415	0.8162	
g4962	42.0	0.1842	0.344	0.8627	sp|F4J1H7|RNZ4_ARATH tRNAse Z TRZ4, mitochondrial OS=Arabidopsis thaliana OX=3702 GN=TRZ4 PE=2 SV=1
g3535	54.9	0.3435	-0.075	0.9752	
g9935	87.7	0.7491	0.326	0.8442	sp|Q9C5E7|PUM6_ARATH Pumilio homolog 6, chloroplastic OS=Arabidopsis thaliana OX=3702 GN=APUM6 PE=1 SV=1
g11649	52.5	0.3150	-0.899	0.2936	
g10773	47.8	0.2581	-0.435	0.7916	sp|Q6DRG1|RBM42_DANRE RNA-binding protein 42 OS=Danio rerio OX=7955 GN=rbm42 PE=2 SV=2
g10479	49.5	0.2800	0.020	0.9932	
g6604	40.8	0.1718	-0.453	0.7843	
g11247	68.4	0.5151	-1.169	0.0812	
g494	47.4	0.2551	-0.676	0.5739	sp|Q55A45|RSMB_DICDI Small nuclear ribonucleoprotein-associated protein B OS=Dictyostelium discoideum OX=44689 GN=snrpb PE=3 SV=1
g5985	49.0	0.2746	-0.434	0.7825	sp|Q5ZJM3|NGLY1_CHICK Peptide-N(4)-(N-acetyl-beta-glucosaminyl)asparagine amidase OS=Gallus gallus OX=9031 GN=NGLY1 PE=2 SV=1
g14269	43.3	0.2044	-0.463	0.7752	
g9107	42.8	0.1974	0.204	0.9361	sp|Q6CKE2|ATG5_KLULA Autophagy protein 5 OS=Kluyveromyces lactis (strain ATCC 8585 / CBS 2359 / DSM 70799 / NBRC 1267 / NRRL Y-1140 / WM37) OX=284590 GN=ATG5 PE=3 SV=1
g10647	48.8	0.2730	0.066	0.9823	sp|Q6TUF2|SDHF3_RAT Succinate dehydrogenase assembly factor 3, mitochondrial OS=Rattus norvegicus OX=10116 GN=Sdhaf3 PE=2 SV=2
g11075	35.8	0.1112	-0.189	0.9450	sp|Q5RKI3|DPOLL_RAT DNA polymerase lambda OS=Rattus norvegicus OX=10116 GN=Poll PE=2 SV=1
g9044	75.2	0.6012	-1.223	0.1289	sp|P0AG82|PSTS_ECOLI Phosphate-binding protein PstS OS=Escherichia coli (strain K12) OX=83333 GN=pstS PE=1 SV=1
g2649	46.6	0.2463	0.407	0.8326	
g14817	46.9	0.2501	0.480	0.7614	sp|Q6DHQ1|HVCN1_DANRE Voltage-gated hydrogen channel 1 OS=Danio rerio OX=7955 GN=hvcn1 PE=2 SV=1
g4641	52.8	0.3239	0.139	0.9532	sp|C1D1L2|GATA_DEIDV Glutamyl-tRNA(Gln) amidotransferase subunit A OS=Deinococcus deserti (strain DSM 17065 / CIP 109153 / LMG 22923 / VCD115) OX=546414 GN=gatA PE=3 SV=1
g12752	61.3	0.4305	-0.972	0.3968	
g5378	51.6	0.3099	-0.761	0.4526	sp|Q9FE62|YLS8_ARATH Thioredoxin-like protein YLS8 OS=Arabidopsis thaliana OX=3702 GN=YLS8 PE=1 SV=1
g5446	58.6	0.3983	0.492	0.7262	sp|H1ZZA4|AUAG_STIAU Aurachin C monooxygenase/isomerase OS=Stigmatella aurantiaca OX=41 GN=auaG PE=1 SV=1
g285	47.8	0.2632	-0.682	0.5683	
g3300	43.2	0.2068	0.123	0.9666	
g12940	57.7	0.3878	0.216	0.9433	
g2612	53.2	0.3332	0.218	0.9319	
g14635	49.5	0.2879	-0.709	0.5069	
g11363	64.5	0.4757	-0.661	0.5603	
g5310	68.1	0.5216	-0.276	0.9119	sp|A9CEZ0|SQASE_AGRFC Sulfoquinovosidase OS=Agrobacterium fabrum (strain C58 / ATCC 33970) OX=176299 GN=smoI PE=1 SV=1
g14588	41.6	0.1888	-0.028	0.9910	sp|Q500V9|DPB2_ARATH DNA polymerase epsilon subunit B OS=Arabidopsis thaliana OX=3702 GN=DPB2 PE=1 SV=1
g7670	46.1	0.2465	0.662	0.5946	sp|A0A1P8ARG1|NVL_ARATH Protein NO VEIN-LIKE OS=Arabidopsis thaliana OX=3702 GN=NVL PE=4 SV=1
g2679	56.4	0.3766	0.660	0.5764	
g6437	43.4	0.2132	-0.322	0.8870	sp|Q9LZM3|PPCS2_ARATH Phosphopantothenate--cysteine ligase 2 OS=Arabidopsis thaliana OX=3702 GN=PPCS2 PE=2 SV=2
g4137	42.4	0.2009	-0.092	0.9713	
g7695	131.1	1.3204	0.667	0.6946	sp|Q9FN03|UVR8_ARATH Ultraviolet-B receptor UVR8 OS=Arabidopsis thaliana OX=3702 GN=UVR8 PE=1 SV=1
g1089	66.4	0.5040	0.572	0.7040	
g8942	40.6	0.1785	-0.019	0.9936	sp|Q802T2|ALG6_CHICK Dolichyl pyrophosphate Man9GlcNAc2 alpha-1,3-glucosyltransferase OS=Gallus gallus OX=9031 GN=ALG6 PE=2 SV=1
g15781	39.8	0.1691	0.215	0.9362	sp|Q0S4D9|CASG_RHOJR Steroid-24-oyl-CoA synthetase OS=Rhodococcus jostii (strain RHA1) OX=101510 GN=casG PE=1 SV=1
g3610	57.8	0.3963	0.109	0.9689	
g956	43.4	0.2148	-0.165	0.9474	
g11359	42.2	0.1997	-0.380	0.8516	sp|A2AS55|ANR16_MOUSE Ankyrin repeat domain-containing protein 16 OS=Mus musculus OX=10090 GN=Ankrd16 PE=1 SV=1
g14448	37.8	0.1450	0.110	0.9683	sp|Q2YDH6|AP3S1_BOVIN AP-3 complex subunit sigma-1 OS=Bos taurus OX=9913 GN=AP3S1 PE=2 SV=1
g605	51.6	0.3190	-0.417	0.8375	
g5732	39.8	0.1694	0.122	0.9666	sp|Q6TEK8|VKORL_TAKRU Vitamin K epoxide reductase complex subunit 1-like protein 1 OS=Takifugu rubripes OX=31033 GN=vkorc1l1 PE=1 SV=1
g7462	55.0	0.3628	0.528	0.7500	
g13283	46.4	0.2538	-0.170	0.9509	sp|Q9LPG6|RHM2_ARATH Trifunctional UDP-glucose 4,6-dehydratase/UDP-4-keto-6-deoxy-D-glucose 3,5-epimerase/UDP-4-keto-L-rhamnose-reductase RHM2 OS=Arabidopsis thaliana OX=3702 GN=RHM2 PE=1 SV=1
g14872	46.6	0.2569	-0.410	0.8341	sp|O31752|CDSA_BACSU Phosphatidate cytidylyltransferase OS=Bacillus subtilis (strain 168) OX=224308 GN=cdsA PE=3 SV=1
g8734	60.4	0.4320	1.183	0.0929	
g1699	77.5	0.6494	0.226	0.8952	sp|Q22YU3|DAAF9_TETTS Dynein axonemal assembly factor 9 OS=Tetrahymena thermophila (strain SB210) OX=312017 GN=DNAAF9 PE=1 SV=2
g12501	49.8	0.2976	0.118	0.9666	sp|Q09647|TTLL4_CAEEL Tubulin polyglutamylase ttll-4 OS=Caenorhabditis elegans OX=6239 GN=ttll-4 PE=1 SV=3
g11544	55.1	0.3656	0.627	0.6084	
g10654	39.9	0.1736	-0.445	0.8001	
g11531	47.7	0.2732	0.250	0.9119	
g5745	38.4	0.1558	-0.088	0.9742	
g12981	38.5	0.1567	0.329	0.8792	sp|O75604|UBP2_HUMAN Ubiquitin carboxyl-terminal hydrolase 2 OS=Homo sapiens OX=9606 GN=USP2 PE=1 SV=2
g13038	104.1	0.9920	1.504	0.0986	
g1718	43.6	0.2224	0.463	0.7685	sp|Q9Z1J2|NEK4_MOUSE Serine/threonine-protein kinase Nek4 OS=Mus musculus OX=10090 GN=Nek4 PE=1 SV=1
g6041	52.1	0.3310	0.384	0.8249	sp|Q9Y7Q6|SET7_SCHPO Histone-lysine N-methyltransferase, H3 lysine-37 specific OS=Schizosaccharomyces pombe (strain 972 / ATCC 24843) OX=284812 GN=set7 PE=1 SV=1
g1302	62.8	0.4674	-0.919	0.4185	
g14969	46.9	0.2648	0.032	0.9903	sp|Q8WWY3|PRP31_HUMAN U4/U6 small nuclear ribonucleoprotein Prp31 OS=Homo sapiens OX=9606 GN=PRPF31 PE=1 SV=2
g9212	48.8	0.2892	-0.756	0.4928	sp|Q9DCT8|CRIP2_MOUSE Cysteine-rich protein 2 OS=Mus musculus OX=10090 GN=Crip2 PE=1 SV=1
g13266	38.6	0.1587	-0.360	0.8585	sp|Q9W704|RIPA_XENLA RPA-interacting protein A OS=Xenopus laevis OX=8355 GN=rpain-a PE=1 SV=1
g11655	43.3	0.2196	-0.317	0.8855	
g2230	50.7	0.3142	0.659	0.6112	
g339	56.9	0.3953	0.256	0.9004	sp|P40586|YIW2_YEAST Uncharacterized protein YIR042C OS=Saccharomyces cerevisiae (strain ATCC 204508 / S288c) OX=559292 GN=YIR042C PE=4 SV=1
g11780	58.8	0.4200	1.125	0.1229	
g3444	39.3	0.1692	0.104	0.9689	sp|Q642J4|IMPCT_DANRE Protein IMPACT OS=Danio rerio OX=7955 GN=impact PE=2 SV=1
g3317	45.7	0.2536	-0.079	0.9791	
g8582	49.9	0.3072	-0.179	0.9457	sp|Q91V83|TTI1_MOUSE TELO2-interacting protein 1 homolog OS=Mus musculus OX=10090 GN=Tti1 PE=1 SV=2
g5077	43.0	0.2188	0.107	0.9689	sp|D4FWG0|RQCH_BACNB Rqc2 homolog RqcH OS=Bacillus subtilis subsp. natto (strain BEST195) OX=645657 GN=rqcH PE=2 SV=1
g6081	58.9	0.4235	0.925	0.2492	sp|A9WGE3|SCCT_CHLAA Succinyl-CoA--D-citramalate CoA-transferase OS=Chloroflexus aurantiacus (strain ATCC 29366 / DSM 635 / J-10-fl) OX=324602 GN=Caur_2266 PE=3 SV=1
g4996	64.2	0.4937	0.126	0.9597	
g2333	41.6	0.2027	-0.062	0.9831	
g2833	86.2	0.7768	1.095	0.2153	
g12914	59.2	0.4298	-0.931	0.2392	
g3664	61.6	0.4601	1.020	0.4027	
g43	57.0	0.4012	0.291	0.9055	
g12778	48.4	0.2909	-0.127	0.9609	sp|Q10257|RRP8_SCHPO 25S rRNA (adenine(645)-N(1))-methyltransferase OS=Schizosaccharomyces pombe (strain 972 / ATCC 24843) OX=284812 GN=rrp8 PE=3 SV=1
g13514	53.9	0.3616	0.046	0.9851	
g6201	34.9	0.1174	-0.099	0.9713	sp|Q8T3C8|MTFP1_CAEEL Mitochondrial fission process protein 1 OS=Caenorhabditis elegans OX=6239 GN=mtp-18 PE=3 SV=2
g12905	54.4	0.3705	0.240	0.9287	sp|Q9LEW8|FN3KR_ARATH Protein-ribulosamine 3-kinase, chloroplastic OS=Arabidopsis thaliana OX=3702 GN=At3g61080 PE=1 SV=2
g15162	114.3	1.1474	0.047	0.9835	
g6128	51.3	0.3307	-0.855	0.3616	sp|G2XER7|QORX_VERDV Quinone oxidoreductase PKS9 OS=Verticillium dahliae (strain VdLs.17 / ATCC MYA-4575 / FGSC 10137) OX=498257 GN=PKS9 PE=3 SV=1
g13670	45.7	0.2592	-0.394	0.8171	sp|Q9CA93|BAC2_ARATH Mitochondrial arginine transporter BAC2 OS=Arabidopsis thaliana OX=3702 GN=BAC2 PE=1 SV=1
g11755	53.8	0.3632	0.803	0.4355	
g13095	45.4	0.2560	0.309	0.8847	
g12738	49.7	0.3113	-0.510	0.7336	sp|Q23236|NDX3_CAEEL Nudix hydrolase 3 OS=Caenorhabditis elegans OX=6239 GN=ndx-3 PE=3 SV=2
g1382	45.1	0.2530	0.083	0.9740	
g14337	56.1	0.3955	-0.031	0.9901	
g9009	44.7	0.2484	-0.274	0.9138	
g15816	69.1	0.5666	0.391	0.8415	
g458	43.4	0.2318	-0.548	0.7025	sp|Q566E5|PLGT3_RAT Protein O-glucosyltransferase 3 OS=Rattus norvegicus OX=10116 GN=Poglut3 PE=2 SV=1
g13419	40.4	0.1928	0.288	0.8965	sp|Q15291|RBBP5_HUMAN Retinoblastoma-binding protein 5 OS=Homo sapiens OX=9606 GN=RBBP5 PE=1 SV=2
g6458	61.5	0.4684	-0.086	0.9700	
g3146	42.4	0.2201	-0.040	0.9856	sp|O54879|HMGB3_MOUSE High mobility group protein B3 OS=Mus musculus OX=10090 GN=Hmgb3 PE=1 SV=3
g372	40.1	0.1903	0.006	0.9977	sp|P35282|RAB21_MOUSE Ras-related protein Rab-21 OS=Mus musculus OX=10090 GN=Rab21 PE=1 SV=4
g9543	32.1	0.0856	-0.034	0.9903	sp|O77932|DXO_HUMAN Decapping and exoribonuclease protein OS=Homo sapiens OX=9606 GN=DXO PE=1 SV=2
g15804	41.5	0.2096	-0.307	0.8969	
g954	42.7	0.2249	-0.063	0.9831	sp|Q53FA7|QORX_HUMAN Quinone oxidoreductase PIG3 OS=Homo sapiens OX=9606 GN=TP53I3 PE=1 SV=2
g6501	111.7	1.1275	0.556	0.7005	
g14570	50.8	0.3316	-0.762	0.4638	
g9919	60.1	0.4538	0.197	0.9404	
g8913	37.7	0.1608	-0.239	0.9242	sp|O29891|Y356_ARCFU Uncharacterized sugar kinase AF_0356 OS=Archaeoglobus fulgidus (strain ATCC 49558 / DSM 4304 / JCM 9628 / NBRC 100126 / VC-16) OX=224325 GN=AF_0356 PE=3 SV=1
g1608	42.5	0.2230	0.556	0.7168	sp|Q3U269|TSTD2_MOUSE Thiosulfate sulfurtransferase/rhodanese-like domain-containing protein 2 OS=Mus musculus OX=10090 GN=Tstd2 PE=2 SV=3
g15660	51.4	0.3402	0.240	0.9135	
g6198	43.2	0.2331	0.181	0.9439	
g5317	66.4	0.5383	-1.199	0.0811	
g1	61.8	0.4778	-1.007	0.3803	
g206	46.7	0.2805	-0.058	0.9831	
g10231	51.5	0.3437	-0.766	0.4712	sp|Q5RBQ9|TM234_PONAB Transmembrane protein 234 OS=Pongo abelii OX=9601 GN=TMEM234 PE=2 SV=1
g15248	55.7	0.3999	0.038	0.9862	
g15315	43.2	0.2362	-0.271	0.9126	
g13067	47.1	0.2879	-0.128	0.9654	sp|Q6ZCX3|FH6_ORYSJ Formin-like protein 6 OS=Oryza sativa subsp. japonica OX=39947 GN=FH6 PE=2 SV=2
g8070	51.4	0.3442	-0.962	0.2441	
g325	46.0	0.2736	-0.009	0.9968	sp|Q12768|WASC5_HUMAN WASH complex subunit 5 OS=Homo sapiens OX=9606 GN=WASHC5 PE=1 SV=1
g10239	37.0	0.1545	0.053	0.9848	
g11685	47.5	0.2938	-0.116	0.9654	sp|Q9BTV6|DPH7_HUMAN Diphthine methyltransferase OS=Homo sapiens OX=9606 GN=DPH7 PE=1 SV=2
g5481	43.0	0.2352	-0.355	0.8559	sp|Q10480|PNU1_SCHPO Nuclease 1, mitochondrial OS=Schizosaccharomyces pombe (strain 972 / ATCC 24843) OX=284812 GN=pnu1 PE=2 SV=2
g2080	43.1	0.2366	0.174	0.9474	
g2597	52.0	0.3541	-0.422	0.8034	
g6037	93.8	0.9081	-0.970	0.1177	sp|Q83RJ4|IPA3_SHIFL E3 ubiquitin-protein ligase ipaH3 OS=Shigella flexneri OX=623 GN=ipaH3 PE=1 SV=1
g7289	59.1	0.4490	0.207	0.9231	sp|Q28E45|MCM10_XENTR Protein MCM10 homolog OS=Xenopus tropicalis OX=8364 GN=mcm10 PE=2 SV=1
g5194	38.8	0.1797	-0.148	0.9609	
g9779	67.3	0.5576	-0.073	0.9788	
g2662	60.0	0.4613	0.570	0.6818	sp|Q09621|LACT2_CAEEL Beta-lactamase domain-containing protein 2 OS=Caenorhabditis elegans OX=6239 GN=lact-2 PE=4 SV=1
g567	87.5	0.8253	-0.444	0.7442	sp|Q55DA0|ABCGM_DICDI ABC transporter G family member 22 OS=Dictyostelium discoideum OX=44689 GN=abcG22 PE=2 SV=1
g3280	48.3	0.3063	-0.702	0.5994	
g15797	43.2	0.2391	-0.365	0.8693	sp|Q91WL8|WWOX_MOUSE WW domain-containing oxidoreductase OS=Mus musculus OX=10090 GN=Wwox PE=1 SV=1
g515	39.2	0.1870	0.172	0.9482	sp|Q8YSA4|LIPB_NOSS1 Octanoyltransferase OS=Nostoc sp. (strain PCC 7120 / SAG 25.82 / UTEX 2576) OX=103690 GN=lipB PE=3 SV=1
g12388	48.5	0.3113	-0.296	0.9112	
g12846	53.6	0.3796	-0.941	0.2470	sp|Q92346|YDH1_SCHPO Uncharacterized protein C6G9.01c OS=Schizosaccharomyces pombe (strain 972 / ATCC 24843) OX=284812 GN=SPAC6G9.01c PE=4 SV=2
g464	47.7	0.3030	0.176	0.9450	
g2755	42.7	0.2358	0.308	0.8809	
g7431	54.1	0.3890	0.870	0.4645	sp|F1QN74|ZMY10_DANRE Zinc finger MYND domain-containing protein 10 OS=Danio rerio OX=7955 GN=zmynd10 PE=2 SV=1
g5862	51.6	0.3553	0.439	0.7841	sp|Q5VUM1|SDHF4_HUMAN Succinate dehydrogenase assembly factor 4, mitochondrial OS=Homo sapiens OX=9606 GN=SDHAF4 PE=1 SV=1
g4416	74.8	0.6645	0.139	0.9587	sp|Q38997|KIN10_ARATH SNF1-related protein kinase catalytic subunit alpha KIN10 OS=Arabidopsis thaliana OX=3702 GN=KIN10 PE=1 SV=3
g4027	49.1	0.3221	-0.298	0.8893	
g2761	72.4	0.6327	1.084	0.1870	
g1041	47.4	0.2998	-0.353	0.8585	sp|A2RU49|HYKK_HUMAN Hydroxylysine kinase OS=Homo sapiens OX=9606 GN=HYKK PE=1 SV=2
g12782	46.7	0.2912	-0.500	0.7283	sp|Q9XIP2|OTU6_ARATH OVARIAN TUMOR DOMAIN-containing deubiquitinating enzyme 6 OS=Arabidopsis thaliana OX=3702 GN=OTU6 PE=1 SV=2
g10613	46.4	0.2871	-0.030	0.9910	
g3441	52.5	0.3697	-0.805	0.4098	sp|Q8GYS1|NIPA7_ARATH Probable magnesium transporter NIPA7 OS=Arabidopsis thaliana OX=3702 GN=At4g38730 PE=2 SV=1
g3241	39.0	0.1883	-0.117	0.9666	
g798	52.5	0.3696	0.101	0.9700	
g4261	53.4	0.3820	-0.743	0.5907	
g7135	47.7	0.3061	0.393	0.8180	
g12672	76.4	0.6917	0.287	0.9119	sp|Q9ZPY1|PPOX2_ARATH Pyridoxine/pyridoxamine 5'-phosphate oxidase 2 OS=Arabidopsis thaliana OX=3702 GN=PPOX2 PE=1 SV=2
g15885	42.2	0.2328	-0.509	0.7361	sp|Q91820|AURAA_XENLA Aurora kinase A-A OS=Xenopus laevis OX=8355 GN=aurka-a PE=1 SV=1
g14988	37.8	0.1748	0.136	0.9614	sp|Q8NC69|KCTD6_HUMAN BTB/POZ domain-containing protein KCTD6 OS=Homo sapiens OX=9606 GN=KCTD6 PE=1 SV=2
g9068	60.3	0.4774	0.704	0.4944	sp|Q0IH40|DNLZ_XENLA DNL-type zinc finger protein OS=Xenopus laevis OX=8355 GN=dnlz PE=2 SV=1
g6245	41.9	0.2308	0.427	0.8016	
g14509	42.5	0.2380	-0.421	0.8127	
g1091	61.2	0.4906	0.928	0.2384	
g14193	61.5	0.4953	0.325	0.8571	
g4892	67.1	0.5714	-0.248	0.8948	
g9537	31.8	0.0969	0.221	0.9370	sp|Q9UUH2|BMT2_SCHPO 25S rRNA adenine-N(1) methyltransferase OS=Schizosaccharomyces pombe (strain 972 / ATCC 24843) OX=284812 GN=SPAC630.10 PE=3 SV=1
g13684	39.5	0.2009	0.348	0.8641	
g11715	43.1	0.2497	0.615	0.6818	sp|Q6KAE5|XB32_ORYSJ Probable E3 ubiquitin-protein ligase XBOS32 OS=Oryza sativa subsp. japonica OX=39947 GN=XBOS32 PE=2 SV=2
g7847	60.6	0.4867	-1.256	0.0555	sp|O58321|PCP_PYRHO Pyrrolidone-carboxylate peptidase OS=Pyrococcus horikoshii (strain ATCC 700860 / DSM 12428 / JCM 9974 / NBRC 100139 / OT-3) OX=70601 GN=pcp PE=1 SV=1
g3811	45.0	0.2751	-0.375	0.8571	
g7245	61.9	0.5061	1.308	0.0663	
g6102	49.4	0.3374	0.086	0.9716	sp|Q6NVS2|ERGI3_XENTR Endoplasmic reticulum-Golgi intermediate compartment protein 3 OS=Xenopus tropicalis OX=8364 GN=ergic3 PE=2 SV=1
g11339	74.9	0.6846	-1.057	0.1177	
g5701	48.8	0.3300	0.362	0.8374	sp|Q6TNS2|PK1IP_DANRE p21-activated protein kinase-interacting protein 1-like OS=Danio rerio OX=7955 GN=pak1ip1 PE=2 SV=1
g6641	42.2	0.2407	-0.440	0.8146	sp|Q9X248|FABG_THEMA 3-oxoacyl-[acyl-carrier-protein] reductase FabG OS=Thermotoga maritima (strain ATCC 43589 / DSM 3109 / JCM 10099 / NBRC 100826 / MSB8) OX=243274 GN=fabG PE=3 SV=1
g992	48.3	0.3233	-0.440	0.7840	sp|V5ILS6|GLG_NEUCR Glycogenin OS=Neurospora crassa (strain ATCC 24698 / 74-OR23-1A / CBS 708.71 / DSM 1257 / FGSC 987) OX=367110 GN=gnn PE=1 SV=1
g15076	87.5	0.8564	-0.518	0.6105	sp|Q39202|RLK1_ARATH G-type lectin S-receptor-like serine/threonine-protein kinase RLK1 OS=Arabidopsis thaliana OX=3702 GN=RLK1 PE=2 SV=2
g1741	51.4	0.3657	-0.892	0.3044	
g7082	46.8	0.3044	0.509	0.7552	
g1491	48.7	0.3303	0.564	0.7008	sp|Q8VI47|MRP2_MOUSE ATP-binding cassette sub-family C member 2 OS=Mus musculus OX=10090 GN=Abcc2 PE=1 SV=2
g9470	53.7	0.3980	0.957	0.2739	sp|Q54HR6|PSF1_DICDI Probable DNA replication complex GINS protein PSF1 OS=Dictyostelium discoideum OX=44689 GN=gins1 PE=3 SV=1
g3685	59.8	0.4820	-1.187	0.1437	sp|D0ZRB2|SLRP_SALT1 E3 ubiquitin-protein ligase SlrP OS=Salmonella typhimurium (strain 14028s / SGSC 2262) OX=588858 GN=slrP PE=1 SV=1
g11738	36.1	0.1584	0.380	0.8552	sp|F4JXF1|GAF1_ARATH Protein GAMETOPHYTE DEFECTIVE 1 OS=Arabidopsis thaliana OX=3702 GN=GAF1 PE=1 SV=1
g12658	36.4	0.1631	-0.124	0.9666	sp|Q9C5S1|MKP1_ARATH Protein-tyrosine-phosphatase MKP1 OS=Arabidopsis thaliana OX=3702 GN=MKP1 PE=1 SV=1
g11948	46.6	0.3020	0.529	0.7454	sp|Q54XX9|PX24B_DICDI PXMP2/4 family protein 2 OS=Dictyostelium discoideum OX=44689 GN=DDB_G0278529 PE=3 SV=1
g14142	41.1	0.2276	-0.124	0.9621	sp|Q08DJ7|AAR2_BOVIN Protein AAR2 homolog OS=Bos taurus OX=9913 GN=AAR2 PE=2 SV=1
g9376	70.9	0.6338	1.601	0.0942	
g5231	64.2	0.5438	0.546	0.7095	
g9929	50.5	0.3570	-0.863	0.3877	sp|Q19614|SLFL2_CAEEL Schlafen-like protein 2 OS=Caenorhabditis elegans OX=6239 GN=tofu-2 PE=1 SV=3
g8849	45.2	0.2851	0.177	0.9439	
g1773	83.1	0.8039	0.681	0.6517	sp|Q6GPB9|DNAI4_XENLA Dynein axonemal intermediate chain 4 OS=Xenopus laevis OX=8355 GN=dnai4 PE=2 SV=1
g11509	50.1	0.3538	0.323	0.8693	
g8125	102.5	1.0739	-0.546	0.6666	sp|E9Q355|CTSG1_MOUSE Cation channel sperm-associated protein subunit gamma 1 OS=Mus musculus OX=10090 GN=Catsperg1 PE=2 SV=1
g16039	46.5	0.3055	-0.324	0.8822	
g8208	45.2	0.2887	0.060	0.9841	sp|Q67UP9|P2C58_ORYSJ Probable protein phosphatase 2C 58 OS=Oryza sativa subsp. japonica OX=39947 GN=Os06g0651600 PE=2 SV=1
g4718	42.8	0.2563	0.163	0.9509	sp|G2TRL2|CENPW_SCHPO Inner kinetochore subunit wip1 OS=Schizosaccharomyces pombe (strain 972 / ATCC 24843) OX=284812 GN=wip1 PE=2 SV=1
g2092	48.0	0.3266	-0.940	0.3269	
g7676	39.9	0.2157	-0.143	0.9581	sp|A1U3K5|Y2499_MARN8 UPF0246 protein Maqu_2499 OS=Marinobacter nauticus (strain ATCC 700491 / DSM 11845 / VT8) OX=351348 GN=Maqu_2499 PE=3 SV=1
g15778	81.5	0.7891	-0.195	0.9343	sp|Q0S4D9|CASG_RHOJR Steroid-24-oyl-CoA synthetase OS=Rhodococcus jostii (strain RHA1) OX=101510 GN=casG PE=1 SV=1
g8319	46.2	0.3043	0.540	0.7443	
g15489	56.4	0.4441	0.542	0.7040	
g9475	73.0	0.6750	-0.031	0.9901	sp|F4IME1|MSL7_ARATH Mechanosensitive ion channel protein 7 OS=Arabidopsis thaliana OX=3702 GN=MSL7 PE=2 SV=1
g84	39.3	0.2111	-0.249	0.9165	
g8024	49.1	0.3455	-0.708	0.5264	
g4303	56.6	0.4499	0.932	0.3869	sp|Q9ASU1|DGAT2_ARATH Diacylglycerol O-acyltransferase 2 OS=Arabidopsis thaliana OX=3702 GN=DGAT2 PE=1 SV=1
g14814	46.8	0.3156	-0.353	0.8809	
g533	46.1	0.3076	-0.211	0.9345	sp|Q9PT84|KCNH6_CHICK Voltage-gated inwardly rectifying potassium channel KCNH6 OS=Gallus gallus OX=9031 GN=KCNH6 PE=2 SV=2
g14328	71.5	0.6607	0.435	0.8564	
g14005	50.4	0.3680	0.229	0.9165	
g12833	46.2	0.3094	-0.586	0.6602	
g11238	45.8	0.3041	0.245	0.9262	sp|Q28CM7|COQ4_XENTR Ubiquinone biosynthesis protein COQ4 homolog, mitochondrial OS=Xenopus tropicalis OX=8364 GN=coq4 PE=2 SV=1
g12108	50.8	0.3746	-1.124	0.1662	sp|A1L1L3|PTN20_RAT Tyrosine-protein phosphatase non-receptor type 20 OS=Rattus norvegicus OX=10116 GN=Ptpn20 PE=1 SV=1
g594	39.8	0.2209	0.310	0.8870	
g14534	73.2	0.6878	1.208	0.0705	sp|Q9I3H5|BVMO_PSEAE Baeyer-Villiger monooxygenase OS=Pseudomonas aeruginosa (strain ATCC 15692 / DSM 22644 / CIP 104116 / JCM 14847 / LMG 12228 / 1C / PRS 101 / PAO1) OX=208964 GN=PA1538 PE=1 SV=1
g14496	38.8	0.2081	0.222	0.9343	sp|P0DPD7|EFMT4_HUMAN EEF1A lysine methyltransferase 4 OS=Homo sapiens OX=9606 GN=EEF1AKMT4 PE=1 SV=1
g10834	37.5	0.1901	-0.088	0.9740	
g10193	42.8	0.2652	-0.198	0.9432	sp|Q58556|Y1156_METJA Cell division cycle protein 48 homolog MJ1156 OS=Methanocaldococcus jannaschii (strain ATCC 43067 / DSM 2661 / JAL-1 / JCM 10045 / NBRC 100440) OX=243232 GN=MJ1156 PE=3 SV=1
g3775	44.3	0.2855	-0.358	0.8800	
g5185	39.9	0.2253	0.268	0.9103	
g9038	43.4	0.2737	-0.052	0.9848	
g2754	40.4	0.2326	-0.177	0.9508	sp|Q12797|ASPH_HUMAN Aspartyl/asparaginyl beta-hydroxylase OS=Homo sapiens OX=9606 GN=ASPH PE=1 SV=3
g11112	45.8	0.3084	0.233	0.9265	
g5848	43.8	0.2798	-0.673	0.6226	
g9864	76.4	0.7370	-1.419	0.0502	sp|Q9XGZ9|P2C72_ARATH Probable protein phosphatase 2C 72 OS=Arabidopsis thaliana OX=3702 GN=At5g26010 PE=2 SV=2
g1829	59.2	0.4963	1.161	0.1007	
g16084	56.6	0.4612	-1.327	0.1657	
g4402	45.5	0.3060	-0.413	0.8226	
g1613	41.6	0.2504	-0.370	0.8532	
g1261	47.9	0.3391	0.314	0.8890	sp|Q9FM86|ADT5_ARATH ADP/ATP translocase At5g56450 OS=Arabidopsis thaliana OX=3702 GN=At5g56450 PE=2 SV=1
g317	38.5	0.2079	-0.174	0.9477	
g12624	46.2	0.3162	-0.671	0.6131	sp|P42620|YQJG_ECOLI Glutathionyl-hydroquinone reductase YqjG OS=Escherichia coli (strain K12) OX=83333 GN=yqjG PE=1 SV=1
g7161	56.7	0.4648	-0.315	0.8554	
g4967	42.9	0.2718	0.022	0.9936	
g7657	46.8	0.3267	-0.635	0.6979	
g2642	35.6	0.1689	-0.199	0.9439	
g15366	62.1	0.5427	-0.799	0.4754	
g11849	44.6	0.2961	-0.808	0.4605	sp|Q6CX30|FKBP_KLULA FK506-binding protein 1 OS=Kluyveromyces lactis (strain ATCC 8585 / CBS 2359 / DSM 70799 / NBRC 1267 / NRRL Y-1140 / WM37) OX=284590 GN=FPR1 PE=3 SV=1
g5922	43.6	0.2835	0.016	0.9946	sp|Q9V106|TRCM_PYRAB tRNA (cytosine(49)-C(5))-methyltransferase OS=Pyrococcus abyssi (strain GE5 / Orsay) OX=272844 GN=PYRAB06230 PE=1 SV=1
g9792	47.9	0.3459	-0.563	0.6818	
g14606	35.4	0.1686	0.312	0.8948	
g14455	53.7	0.4284	-0.792	0.4265	sp|Q6PBX9|REEP5_DANRE Receptor expression-enhancing protein 5 OS=Danio rerio OX=7955 GN=reep5 PE=1 SV=1
g5085	37.5	0.1993	0.074	0.9810	sp|Q8BLR9|HIF1N_MOUSE Hypoxia-inducible factor 1-alpha inhibitor OS=Mus musculus OX=10090 GN=Hif1an PE=1 SV=2
g7007	39.1	0.2220	0.039	0.9881	sp|Q3SWZ4|EXOS9_BOVIN Exosome complex component RRP45 OS=Bos taurus OX=9913 GN=EXOSC9 PE=2 SV=1
g7938	55.8	0.4581	-1.300	0.0561	
g471	49.2	0.3650	-0.995	0.2797	
g8544	40.7	0.2444	-0.288	0.9063	sp|B0CPJ0|GET3_LACBS ATPase GET3 OS=Laccaria bicolor (strain S238N-H82 / ATCC MYA-4686) OX=486041 GN=GET3 PE=3 SV=2
g4413	78.8	0.7855	-0.449	0.7060	sp|L8FSM5|SUB2_PSED2 Subtilisin-like protease 2 OS=Pseudogymnoascus destructans (strain ATCC MYA-4855 / 20631-21) OX=658429 GN=SP2 PE=1 SV=1
g11162	40.5	0.2418	-0.521	0.7537	
g3318	42.0	0.2632	0.419	0.8196	sp|Q4G056|TYDP1_RAT Tyrosyl-DNA phosphodiesterase 1 OS=Rattus norvegicus OX=10116 GN=Tdp1 PE=1 SV=1
g7225	41.1	0.2512	-0.580	0.7105	
g438	73.8	0.7164	-1.565	0.0516	sp|G5ECB2|GABR2_CAEEL Gamma-aminobutyric acid type B receptor subunit 2 OS=Caenorhabditis elegans OX=6239 GN=gbb-2 PE=1 SV=1
g9054	94.3	1.0090	-0.175	0.9457	
g8890	49.8	0.3759	0.754	0.5543	
g2448	36.7	0.1893	-0.401	0.8484	
g12666	39.9	0.2341	0.171	0.9487	
g7968	50.4	0.3847	-1.083	0.2131	
g12103	59.8	0.5195	-1.182	0.0953	
g13189	39.4	0.2286	-0.224	0.9363	
g787	57.0	0.4799	-0.692	0.5245	
g16001	47.9	0.3511	-0.949	0.2890	
g14413	105.1	1.1677	-0.077	0.9760	
g15892	45.4	0.3159	-0.149	0.9532	sp|Q54CX6|3HIDH_DICDI Probable 3-hydroxyisobutyrate dehydrogenase, mitochondrial OS=Dictyostelium discoideum OX=44689 GN=hibA PE=3 SV=1
g8392	40.2	0.2408	-0.074	0.9788	
g630	82.3	0.8442	0.284	0.9008	
g13317	44.4	0.3013	-0.191	0.9474	
g14023	39.0	0.2251	0.511	0.7538	sp|Q1MTP1|THP3_SCHPO THP3 homolog C2A9.11c OS=Schizosaccharomyces pombe (strain 972 / ATCC 24843) OX=284812 GN=SPBC2A9.11c PE=3 SV=1
g12486	85.5	0.8903	-0.346	0.7952	
g3169	75.9	0.7529	0.585	0.6331	sp|Q92462|PUB1_SCHPO E3 ubiquitin-protein ligase pub1 OS=Schizosaccharomyces pombe (strain 972 / ATCC 24843) OX=284812 GN=pub1 PE=1 SV=2
g11853	45.2	0.3143	-0.300	0.8835	
g4432	67.9	0.6387	-0.261	0.8805	
g5977	43.2	0.2849	-0.077	0.9818	sp|P20132|SDHL_HUMAN L-serine dehydratase/L-threonine deaminase OS=Homo sapiens OX=9606 GN=SDS PE=1 SV=2
g3860	49.5	0.3759	-1.044	0.2252	
g8394	146.5	1.7672	-0.612	0.7849	
g241	51.9	0.4110	0.631	0.5916	
g1115	49.6	0.3784	0.744	0.4816	sp|Q9SBJ1|PDK_ARATH [Pyruvate dehydrogenase (acetyl-transferring)] kinase, mitochondrial OS=Arabidopsis thaliana OX=3702 GN=PDK PE=1 SV=1
g5350	45.2	0.3150	0.229	0.9212	sp|Q2RWE3|SYH_RHORT Histidine--tRNA ligase OS=Rhodospirillum rubrum (strain ATCC 11170 / ATH 1.1.1 / DSM 467 / LMG 4362 / NCIMB 8255 / S1) OX=269796 GN=hisS PE=3 SV=1
g5652	41.1	0.2567	-0.310	0.9036	
g4271	50.7	0.3952	-0.887	0.3493	
g5714	89.9	0.9583	1.945	0.0626	sp|Q9FN03|UVR8_ARATH Ultraviolet-B receptor UVR8 OS=Arabidopsis thaliana OX=3702 GN=UVR8 PE=1 SV=1
g15971	36.1	0.1861	-0.007	0.9976	sp|Q8C1Q6|UQCC5_MOUSE Ubiquinol-cytochrome c reductase complex assembly factor 5 OS=Mus musculus OX=10090 GN=Uqcc5 PE=1 SV=2
g10282	41.2	0.2598	0.477	0.7776	
g8514	74.2	0.7346	0.795	0.4556	
g7555	43.8	0.2976	-0.557	0.7447	sp|O16259|STIP1_CAEEL Stress-induced-phosphoprotein 1 OS=Caenorhabditis elegans OX=6239 GN=sti-1 PE=1 SV=1
g2559	39.0	0.2281	-0.169	0.9487	
g15319	39.3	0.2336	-0.568	0.7049	sp|Q9Y2Y1|RPC10_HUMAN DNA-directed RNA polymerase III subunit RPC10 OS=Homo sapiens OX=9606 GN=POLR3K PE=1 SV=3
g15075	42.8	0.2847	0.442	0.7920	
g6027	42.0	0.2731	-0.316	0.8835	sp|P29315|RINI_RAT Ribonuclease inhibitor OS=Rattus norvegicus OX=10116 GN=Rnh1 PE=1 SV=2
g3925	57.3	0.4954	-0.207	0.9264	
g1735	49.2	0.3778	0.758	0.4663	sp|P0DPD7|EFMT4_HUMAN EEF1A lysine methyltransferase 4 OS=Homo sapiens OX=9606 GN=EEF1AKMT4 PE=1 SV=1
g14143	33.8	0.1558	0.057	0.9848	sp|F4HR03|TA11B_ARATH Transcription initiation factor TFIID subunit 11b OS=Arabidopsis thaliana OX=3702 GN=TAF11B PE=2 SV=1
g5927	44.7	0.3149	-0.387	0.8599	sp|Q5XJA0|TYDP2_DANRE Tyrosyl-DNA phosphodiesterase 2 OS=Danio rerio OX=7955 GN=tdp2 PE=1 SV=3
g12911	37.6	0.2134	-0.183	0.9461	
g3161	42.1	0.2790	-0.528	0.7459	
g12342	51.7	0.4182	1.241	0.1331	sp|Q6P1M0|S27A4_HUMAN Long-chain fatty acid transport protein 4 OS=Homo sapiens OX=9606 GN=SLC27A4 PE=1 SV=1
g13013	75.3	0.7615	0.791	0.4825	
g8722	100.0	1.1224	0.296	0.9126	sp|O04905|KCY3_ARATH UMP-CMP kinase 3 OS=Arabidopsis thaliana OX=3702 GN=UMK3 PE=1 SV=1
g9861	34.0	0.1611	0.058	0.9848	sp|Q61UA0|UFSP_CAEBR Ufm1-specific protease OS=Caenorhabditis briggsae OX=6238 GN=odr-8 PE=3 SV=1
g375	45.9	0.3361	-0.370	0.8480	sp|Q7LFX5|CHSTF_HUMAN Carbohydrate sulfotransferase 15 OS=Homo sapiens OX=9606 GN=CHST15 PE=1 SV=1
g5812	46.0	0.3377	0.300	0.8995	
g7819	52.4	0.4317	-1.100	0.1577	sp|O61492|FLOT2_DROME Flotillin-2 OS=Drosophila melanogaster OX=7227 GN=Flo2 PE=2 SV=3
g5256	49.0	0.3817	0.428	0.8532	
g5968	44.0	0.3083	0.294	0.8890	
g4806	33.3	0.1537	-0.181	0.9487	
g9337	42.8	0.2923	0.803	0.4867	sp|Q27ID4|TERT_BOVIN Telomerase reverse transcriptase OS=Bos taurus OX=9913 GN=TERT PE=3 SV=2
g13116	42.1	0.2811	0.236	0.9323	sp|Q54NC0|HUS1_DICDI Checkpoint protein hus1 homolog OS=Dictyostelium discoideum OX=44689 GN=hus1 PE=3 SV=1
g1492	40.2	0.2547	0.546	0.7320	sp|Q8VI47|MRP2_MOUSE ATP-binding cassette sub-family C member 2 OS=Mus musculus OX=10090 GN=Abcc2 PE=1 SV=2
g5199	60.4	0.5499	0.376	0.8284	sp|Q9H0B8|CRLD2_HUMAN Cysteine-rich secretory protein LCCL domain-containing 2 OS=Homo sapiens OX=9606 GN=CRISPLD2 PE=1 SV=1
g3913	49.6	0.3925	-0.210	0.9273	sp|B8ACH9|IPCS_ORYSI Phosphatidylinositol:ceramide inositolphosphotransferase OS=Oryza sativa subsp. indica OX=39946 GN=ERH1 PE=3 SV=1
g10098	48.4	0.3756	-1.079	0.1748	
g12253	40.3	0.2569	0.538	0.7347	
g9565	102.8	1.1766	1.594	0.1953	sp|Q9P2D7|DYH1_HUMAN Dynein axonemal heavy chain 1 OS=Homo sapiens OX=9606 GN=DNAH1 PE=1 SV=6
g2670	50.3	0.4051	0.714	0.5219	sp|Q97H75|PPAC_CLOAB Probable manganese-dependent inorganic pyrophosphatase OS=Clostridium acetobutylicum (strain ATCC 824 / DSM 792 / JCM 1419 / IAM 19013 / LMG 5710 / NBRC 13948 / NRRL B-527 / VKM B-1787 / 2291 / W) OX=272562 GN=ppaC PE=3 SV=1
g200	35.0	0.1808	0.122	0.9666	
g8359	64.2	0.6100	-1.792	0.0657	sp|Q8L4Y2|LPAT4_ARATH Probable 1-acyl-sn-glycerol-3-phosphate acyltransferase 4 OS=Arabidopsis thaliana OX=3702 GN=LPAT4 PE=2 SV=1
g13268	45.7	0.3387	-0.788	0.4526	sp|Q8X4L9|RLUF_ECO57 Dual-specificity RNA pseudouridine synthase RluF OS=Escherichia coli O157:H7 OX=83334 GN=rluF PE=3 SV=1
g647	33.0	0.1517	0.176	0.9509	sp|Q54EY1|DTD_DICDI D-aminoacyl-tRNA deacylase OS=Dictyostelium discoideum OX=44689 GN=dtd PE=3 SV=1
g13264	40.7	0.2655	0.022	0.9936	
g1710	60.3	0.5552	-0.606	0.7283	
g185	50.1	0.4058	-0.929	0.3546	sp|Q8VZF6|EDR2L_ARATH Protein ENHANCED DISEASE RESISTANCE 2-like OS=Arabidopsis thaliana OX=3702 GN=EDR2L PE=2 SV=1
g4333	43.7	0.3105	-0.362	0.8482	
g11513	50.1	0.4060	0.073	0.9760	sp|Q9KDF2|MNMA_HALH5 tRNA-specific 2-thiouridylase MnmA OS=Halalkalibacterium halodurans (strain ATCC BAA-125 / DSM 18197 / FERM 7344 / JCM 9153 / C-125) OX=272558 GN=mnmA PE=3 SV=1
g1106	34.8	0.1803	-0.051	0.9849	sp|Q0KBD2|DEND_CUPNH D-erythronate dehydrogenase OS=Cupriavidus necator (strain ATCC 17699 / DSM 428 / KCTC 22496 / NCIMB 10442 / H16 / Stanier 337) OX=381666 GN=denD PE=1 SV=1
g11731	67.1	0.6587	-0.359	0.8160	sp|Q75A82|ANT1_EREGS Peroxisomal adenine nucleotide transporter 1 OS=Eremothecium gossypii (strain ATCC 10895 / CBS 109.51 / FGSC 9923 / NRRL Y-1056) OX=284811 GN=ANT1 PE=3 SV=1
g15527	31.9	0.1386	0.229	0.9355	sp|O60116|RBSK_SCHPO Ribokinase OS=Schizosaccharomyces pombe (strain 972 / ATCC 24843) OX=284812 GN=rbk1 PE=3 SV=1
g3312	41.9	0.2864	-0.376	0.8688	sp|Q55E58|PATS1_DICDI Probable serine/threonine-protein kinase pats1 OS=Dictyostelium discoideum OX=44689 GN=pats1 PE=3 SV=1
g1800	77.9	0.8201	-1.205	0.0722	sp|Q6AVM3|CCAMK_ORYSJ Calcium and calcium/calmodulin-dependent serine/threonine-protein kinase OS=Oryza sativa subsp. japonica OX=39947 GN=CCAMK PE=2 SV=1
g2832	34.2	0.1736	-0.045	0.9862	
g8066	84.3	0.9155	-1.155	0.0626	sp|T2KM04|PLH11_FORAG Ulvan-active sulfatase OS=Formosa agariphila (strain DSM 15362 / KCTC 12365 / LMG 23005 / KMM 3901 / M-2Alg 35-1) OX=1347342 GN=BN863_22000 PE=1 SV=1
g7659	50.4	0.4144	-0.033	0.9892	
g9411	50.6	0.4173	-0.904	0.3107	sp|P32350|KNS1_YEAST Dual specificity protein kinase KNS1 OS=Saccharomyces cerevisiae (strain ATCC 204508 / S288c) OX=559292 GN=KNS1 PE=1 SV=2
g3347	43.4	0.3103	-0.790	0.5354	
g9275	33.2	0.1587	0.074	0.9818	sp|P0CAZ0|TTL3B_TETTS Tubulin glycylase 3B OS=Tetrahymena thermophila (strain SB210) OX=312017 GN=TTLL3B PE=1 SV=2
g9440	41.3	0.2798	-0.609	0.7017	sp|O94703|RPA12_SCHPO DNA-directed RNA polymerase I subunit RPA12 OS=Schizosaccharomyces pombe (strain 972 / ATCC 24843) OX=284812 GN=rpa12 PE=1 SV=1
g9360	36.8	0.2128	-0.027	0.9921	sp|Q9UU93|CANB_SCHPO Calcineurin subunit B OS=Schizosaccharomyces pombe (strain 972 / ATCC 24843) OX=284812 GN=cnb1 PE=3 SV=1
g12719	46.9	0.3635	0.141	0.9623	sp|P28644|ROC1_SPIOL 28 kDa ribonucleoprotein, chloroplastic OS=Spinacia oleracea OX=3562 PE=1 SV=1
g8819	59.7	0.5542	-0.394	0.8313	
g13612	41.1	0.2781	-0.582	0.7265	
g7656	47.8	0.3777	0.083	0.9721	
g6508	32.6	0.1527	-0.005	0.9978	
g13529	58.8	0.5423	-1.121	0.1389	
g905	39.5	0.2559	-0.711	0.5901	
g13896	39.6	0.2577	0.061	0.9831	
g10200	40.8	0.2751	0.021	0.9925	
g4007	48.5	0.3902	-0.008	0.9974	
g8230	79.6	0.8550	0.879	0.6302	sp|Q10N44|IN21A_ORYSJ Protein IN2-1 homolog A OS=Oryza sativa subsp. japonica OX=39947 GN=Os03g0283200 PE=2 SV=1
g11614	38.6	0.2436	0.090	0.9740	
g8680	41.9	0.2934	0.432	0.8248	
g14077	48.0	0.3856	-0.294	0.9036	sp|Q8RB32|GDPD_CALS4 Glycerophosphodiester phosphodiesterase OS=Caldanaerobacter subterraneus subsp. tengcongensis (strain DSM 15242 / JCM 11007 / NBRC 100824 / MB4) OX=273068 GN=UgpQ PE=1 SV=1
g5207	37.1	0.2227	0.421	0.8260	sp|Q9WYP5|IOLG_THEMA Myo-inositol 2-dehydrogenase OS=Thermotoga maritima (strain ATCC 43589 / DSM 3109 / JCM 10099 / NBRC 100826 / MSB8) OX=243274 GN=iolG PE=1 SV=1
g14407	50.4	0.4219	-0.566	0.6722	sp|Q9C1C2|KAPR_COLOR cAMP-dependent protein kinase regulatory subunit OS=Colletotrichum orbiculare (strain 104-T / ATCC 96160 / CBS 514.97 / LARS 414 / MAFF 240422) OX=1213857 GN=PKAR PE=3 SV=1
g15516	35.0	0.1918	0.181	0.9474	sp|Q0P5D0|PPIH_BOVIN Peptidyl-prolyl cis-trans isomerase H OS=Bos taurus OX=9913 GN=PPIH PE=2 SV=1
g2053	42.8	0.3088	0.568	0.7031	
g6696	34.4	0.1832	0.415	0.8337	sp|Q5R542|MFSD5_PONAB Solute carrier family 61 member 1 OS=Pongo abelii OX=9601 GN=SLC61A1 PE=2 SV=1
g4378	50.3	0.4223	-0.547	0.6998	
g7355	45.6	0.3512	0.498	0.7577	sp|Q06668|OMS1_YEAST Methyltransferase OMS1, mitochondrial OS=Saccharomyces cerevisiae (strain ATCC 204508 / S288c) OX=559292 GN=OMS1 PE=1 SV=1
g1824	77.3	0.8296	-1.097	0.0994	sp|Q0WPS2|B561M_ARATH Cytochrome b561 domain-containing protein At4g18260 OS=Arabidopsis thaliana OX=3702 GN=At4g18260 PE=2 SV=1
g15458	37.4	0.2293	0.054	0.9848	
g15199	51.6	0.4429	-0.008	0.9974	
g4045	52.9	0.4636	-0.111	0.9685	sp|Q9XHH2|DNAL1_CHLRE Dynein axonemal light chain 1 OS=Chlamydomonas reinhardtii OX=3055 GN=LC1 PE=1 SV=1
g8619	46.4	0.3662	0.949	0.4379	
g14883	51.7	0.4473	0.273	0.8949	sp|P27545|CERS1_MOUSE Ceramide synthase 1 OS=Mus musculus OX=10090 GN=Cers1 PE=1 SV=1
g8775	36.1	0.2134	-0.061	0.9848	
g2914	37.5	0.2349	-0.502	0.7623	sp|Q9VW15|ASH1_DROME Histone-lysine N-methyltransferase ash1 OS=Drosophila melanogaster OX=7227 GN=ash1 PE=1 SV=3
g9701	49.6	0.4179	0.426	0.7841	sp|P33991|MCM4_HUMAN DNA replication licensing factor MCM4 OS=Homo sapiens OX=9606 GN=MCM4 PE=1 SV=5
g2521	48.6	0.4025	-0.361	0.8890	sp|Q6NQP5|SLD5_ARATH DNA replication complex GINS protein SLD5 OS=Arabidopsis thaliana OX=3702 GN=SLD5 PE=1 SV=1
g2190	85.3	0.9592	0.930	0.4742	sp|Q7TSP2|KIF15_RAT Kinesin-like protein KIF15 OS=Rattus norvegicus OX=10116 GN=Kif15 PE=2 SV=1
g3036	50.0	0.4241	-1.024	0.2104	
g8936	39.8	0.2699	0.400	0.8391	sp|Q54VM4|EXOS7_DICDI Putative exosome complex exonuclease RRP42 OS=Dictyostelium discoideum OX=44689 GN=exosc7 PE=3 SV=1
g6147	35.2	0.2019	-0.232	0.9319	
g4792	37.9	0.2433	-0.089	0.9740	
g13690	38.9	0.2583	-0.113	0.9687	sp|P55862|MCM5A_XENLA DNA replication licensing factor mcm5-A OS=Xenopus laevis OX=8355 GN=mcm5-a PE=1 SV=2
g14454	52.0	0.4582	-0.930	0.2942	
g10226	40.0	0.2759	0.235	0.9225	
g3737	48.1	0.3992	0.747	0.4904	sp|Q86ZC1|KINH_BOTFU Kinesin heavy chain OS=Botrytis cinerea OX=40559 GN=klp1 PE=3 SV=1
g12220	41.6	0.3000	0.200	0.9432	sp|Q8NCG7|DGLB_HUMAN Diacylglycerol lipase-beta OS=Homo sapiens OX=9606 GN=DAGLB PE=1 SV=2
g11564	36.8	0.2268	0.455	0.8061	
g6663	35.9	0.2128	0.390	0.8561	sp|Q10AZ7|GPA3_ORYSJ Protein GLUTELIN PRECURSOR ACCUMULATION 3 OS=Oryza sativa subsp. japonica OX=39947 GN=GPA3 PE=1 SV=1
g15844	34.6	0.1950	0.058	0.9848	
g9545	40.1	0.2779	-0.295	0.9055	
g5984	38.8	0.2591	0.290	0.9011	
g13615	43.0	0.3230	-0.523	0.7803	
g7288	51.2	0.4494	-0.002	0.9991	
g8747	57.1	0.5397	-1.100	0.1332	sp|P59644|PI5PA_MOUSE Phosphatidylinositol 4,5-bisphosphate 5-phosphatase A OS=Mus musculus OX=10090 GN=Inpp5j PE=1 SV=2
g13955	36.9	0.2318	-0.280	0.9138	sp|Q3SZF8|SMD2_BOVIN Small nuclear ribonucleoprotein Sm D2 OS=Bos taurus OX=9913 GN=SNRPD2 PE=3 SV=1
g6269	64.9	0.6626	-1.281	0.1454	sp|Q6DBQ8|CPTP_DANRE Ceramide-1-phosphate transfer protein OS=Danio rerio OX=7955 GN=cptp PE=2 SV=1
g15823	43.5	0.3345	-0.527	0.7500	
g727	41.6	0.3062	0.265	0.9151	
g13069	50.4	0.4410	-0.806	0.4193	
g15216	33.2	0.1772	-0.043	0.9862	sp|F4JRJ6|DEAH9_ARATH Probable pre-mRNA-splicing factor ATP-dependent RNA helicase DEAH9 OS=Arabidopsis thaliana OX=3702 GN=At4g18465 PE=3 SV=1
g815	49.2	0.4234	-0.048	0.9851	
g12458	41.2	0.3003	-0.221	0.9317	
g1788	74.6	0.8150	-1.127	0.1326	
g6480	42.6	0.3236	0.338	0.8765	
g1357	37.1	0.2382	-0.455	0.8256	
g7376	54.6	0.5074	1.230	0.0875	sp|G3V9R3|ST1D1_RAT Sulfotransferase 1 family member D1 OS=Rattus norvegicus OX=10116 GN=Sult1d1 PE=2 SV=1
g8114	42.9	0.3277	-0.948	0.3491	
g15170	35.2	0.2089	-0.273	0.9165	sp|Q9LQQ2|RA51D_ARATH DNA repair protein RAD51 homolog 4 OS=Arabidopsis thaliana OX=3702 GN=RAD51D PE=2 SV=2
g13694	43.5	0.3382	-0.125	0.9666	
g2189	44.0	0.3457	0.029	0.9904	sp|Q9CWY3|SETD6_MOUSE N-lysine methyltransferase SETD6 OS=Mus musculus OX=10090 GN=Setd6 PE=1 SV=1
g10425	45.5	0.3681	-0.581	0.6609	
g11407	56.7	0.5423	-0.236	0.9264	sp|F4IRU3|MYO12_ARATH Myosin-12 OS=Arabidopsis thaliana OX=3702 GN=XI-F PE=2 SV=1
g4467	43.1	0.3333	0.534	0.7461	
g15735	52.5	0.4791	1.062	0.4288	
g15224	35.6	0.2191	0.536	0.7542	
g9594	37.5	0.2497	-0.107	0.9689	sp|I6WXK4|PTPB_MYCTU Triple specificity protein phosphatase PtpB OS=Mycobacterium tuberculosis (strain ATCC 25618 / H37Rv) OX=83332 GN=ptpB PE=1 SV=1
g7970	40.3	0.2932	-0.624	0.6961	sp|O67178|Y1088_AQUAE Uncharacterized protein aq_1088 OS=Aquifex aeolicus (strain VF5) OX=224324 GN=aq_1088 PE=3 SV=1
g11241	40.9	0.3035	0.256	0.9322	
g4786	50.2	0.4478	-0.167	0.9479	sp|P16251|Y2049_STRCO Uncharacterized protein SCO2049 OS=Streptomyces coelicolor (strain ATCC BAA-471 / A3(2) / M145) OX=100226 GN=SCO2049 PE=4 SV=2
g11008	36.7	0.2391	0.155	0.9602	
g5681	37.3	0.2484	-0.559	0.7313	sp|P72332|NODG_RHIS3 Nodulation protein G OS=Rhizobium sp. (strain N33) OX=103798 GN=nodG PE=3 SV=1
g13830	40.4	0.2977	0.279	0.9126	sp|Q5ZMK7|UFM1_CHICK Ubiquitin-fold modifier 1 OS=Gallus gallus OX=9031 GN=UFM1 PE=3 SV=1
g6416	41.1	0.3081	-0.700	0.6150	sp|B2VHY0|RNH2_ERWT9 Ribonuclease HII OS=Erwinia tasmaniensis (strain DSM 17950 / CFBP 7177 / CIP 109463 / NCPPB 4357 / Et1/99) OX=465817 GN=rnhB PE=3 SV=1
g6635	36.0	0.2289	-0.516	0.7644	sp|P25627|BUD23_YEAST 18S rRNA (guanine(1575)-N(7))-methyltransferase OS=Saccharomyces cerevisiae (strain ATCC 204508 / S288c) OX=559292 GN=BUD23 PE=1 SV=1
g2552	29.4	0.1253	0.040	0.9881	
g233	54.1	0.5128	1.380	0.0805	
g14380	36.6	0.2397	-0.216	0.9394	sp|Q96NC0|ZMAT2_HUMAN Zinc finger matrin-type protein 2 OS=Homo sapiens OX=9606 GN=ZMAT2 PE=1 SV=1
g14441	37.3	0.2516	-0.410	0.8518	
g14330	47.3	0.4080	0.785	0.5276	
g6403	72.6	0.8042	-0.984	0.1657	
g12985	37.5	0.2547	0.471	0.7970	
g2808	59.8	0.6060	0.812	0.4889	
g1095	58.6	0.5894	-0.830	0.3840	
g4004	46.8	0.4035	-0.650	0.6197	
g13785	42.1	0.3296	-0.100	0.9713	
g9693	50.6	0.4640	0.566	0.6741	
g12454	99.1	1.2296	0.548	0.8015	sp|Q4R3A0|TPPP2_MACFA Tubulin polymerization-promoting protein family member 2 OS=Macaca fascicularis OX=9541 GN=TPPP2 PE=2 SV=1
g14339	46.5	0.4009	-0.245	0.9275	sp|Q9VRG7|CNEP1_DROME CTD nuclear envelope phosphatase 1 homolog OS=Drosophila melanogaster OX=7227 GN=Dd PE=2 SV=1
g15794	39.5	0.2927	-0.217	0.9432	sp|Q3MIT2|PUS10_HUMAN tRNA pseudouridine synthase Pus10 OS=Homo sapiens OX=9606 GN=PUS10 PE=1 SV=1
g12028	61.5	0.6425	-1.348	0.0660	sp|Q91784|KIF4_XENLA Chromosome-associated kinesin KIF4 OS=Xenopus laevis OX=8355 GN=kif4 PE=2 SV=1
g10251	58.1	0.5891	1.039	0.1933	
g15551	46.4	0.4056	-1.185	0.1906	
g3109	42.1	0.3371	-0.899	0.4411	sp|P36146|LAS1_YEAST Protein LAS1 OS=Saccharomyces cerevisiae (strain ATCC 204508 / S288c) OX=559292 GN=LAS1 PE=1 SV=1
g3041	40.5	0.3124	0.480	0.7798	sp|Q9C9Z9|ELD1_ARATH Glycosyltransferase-like KOBITO 1 OS=Arabidopsis thaliana OX=3702 GN=ELD1 PE=1 SV=1
g12770	53.4	0.5190	0.544	0.6946	
g13771	39.3	0.2954	0.466	0.7974	sp|Q5VYY1|ANR22_HUMAN Ankyrin repeat domain-containing protein 22 OS=Homo sapiens OX=9606 GN=ANKRD22 PE=1 SV=1
g3627	60.7	0.6366	0.920	0.5153	sp|Q16960|DYI3_HELCR Dynein intermediate chain 3, ciliary OS=Heliocidaris crassispina OX=1043166 PE=2 SV=1
g6964	44.1	0.3724	0.580	0.7109	
g3526	36.1	0.2445	-0.131	0.9673	sp|Q0QLE4|DML_EUBBA 2,3-dimethylmalate lyase OS=Eubacterium barkeri OX=1528 GN=Dml PE=1 SV=1
g11472	64.8	0.7038	-1.011	0.1733	
g5438	37.0	0.2599	0.652	0.6608	
g6038	52.0	0.5001	-1.164	0.1332	
g9860	36.0	0.2447	-0.421	0.8531	
g13882	30.6	0.1583	-0.093	0.9752	
g1952	42.3	0.3458	0.754	0.5211	
g8763	45.8	0.4033	0.712	0.5461	
g11920	39.8	0.3064	-0.608	0.7257	
g10052	37.8	0.2752	-0.351	0.8810	sp|O86237|Y138A_HAEIN Uncharacterized protein HI_1388.1 OS=Haemophilus influenzae (strain ATCC 51907 / DSM 11121 / KW20 / Rd) OX=71421 GN=HI_1388.1 PE=1 SV=1
g7287	33.4	0.2031	-0.045	0.9856	sp|Q8IQ70|MCU_DROME Calcium uniporter protein, mitochondrial OS=Drosophila melanogaster OX=7227 GN=MCU PE=1 SV=2
g7686	33.1	0.1992	-0.142	0.9614	sp|B7GGD6|RBGA_ANOFW Ribosome biogenesis GTPase A OS=Anoxybacillus flavithermus (strain DSM 21510 / WK1) OX=491915 GN=rbgA PE=3 SV=1
g3609	35.3	0.2354	-0.196	0.9439	sp|Q6K461|DSP1_ORYSJ Inositol diphosphatase DSP1 OS=Oryza sativa subsp. japonica OX=39947 GN=DSP1 PE=2 SV=1
g9584	37.9	0.2782	-0.376	0.8742	sp|Q8ITY4|SF3B6_CAEEL Splicing factor 3B subunit 6-like protein OS=Caenorhabditis elegans OX=6239 GN=sftb-6 PE=3 SV=2
g11663	34.5	0.2231	0.203	0.9433	sp|Q2TBH1|CENPM_BOVIN Centromere protein M OS=Bos taurus OX=9913 GN=CENPM PE=2 SV=1
g11642	41.8	0.3420	-0.318	0.8928	sp|A2AJL3|FGGY_MOUSE FGGY carbohydrate kinase domain-containing protein OS=Mus musculus OX=10090 GN=Fggy PE=1 SV=1
g13168	40.5	0.3221	-0.106	0.9712	sp|Q6FW56|GRC3_CANGA Polynucleotide 5'-hydroxyl-kinase GRC3 OS=Candida glabrata (strain ATCC 2001 / BCRC 20586 / JCM 3761 / NBRC 0622 / NRRL Y-65 / CBS 138) OX=284593 GN=GRC3 PE=3 SV=1
g15833	45.3	0.3996	-0.282	0.9119	
g11012	31.6	0.1784	0.029	0.9921	
g12313	48.5	0.4519	0.315	0.8825	sp|A0A1U8QWA2|ATR12_EMENI Glycine betaine reductase ATRR OS=Emericella nidulans (strain FGSC A4 / ATCC 38163 / CBS 112.46 / NRRL 194 / M139) OX=227321 GN=ATRR PE=1 SV=1
g15025	29.2	0.1391	-0.328	0.9004	
g12886	36.2	0.2537	-0.452	0.8286	
g8349	33.3	0.2078	0.170	0.9522	sp|Q9JMF7|DOPP1_MOUSE Dolichyldiphosphatase 1 OS=Mus musculus OX=10090 GN=Dolpp1 PE=2 SV=1
g14546	47.0	0.4305	-0.859	0.4255	sp|Q9JI70|MKKS_MOUSE Molecular chaperone MKKS OS=Mus musculus OX=10090 GN=Mkks PE=2 SV=2
g4705	46.8	0.4283	-1.138	0.2155	sp|Q8L970|P4H7_ARATH Probable prolyl 4-hydroxylase 7 OS=Arabidopsis thaliana OX=3702 GN=P4H7 PE=2 SV=1
g6833	34.8	0.2327	-0.018	0.9944	
g13685	32.4	0.1953	-0.113	0.9693	
g9550	34.0	0.2215	0.001	0.9993	sp|Q54TC5|NTPPB_DICDI 7-methyl-GTP pyrophosphatase OS=Dictyostelium discoideum OX=44689 GN=DDB_G0281937 PE=3 SV=1
g13111	43.7	0.3795	-0.831	0.5524	
g5855	41.4	0.3411	-0.645	0.6406	
g7293	47.6	0.4439	0.541	0.7536	sp|Q9H1A3|METL9_HUMAN Protein-L-histidine N-pros-methyltransferase OS=Homo sapiens OX=9606 GN=METTL9 PE=1 SV=1
g9464	30.4	0.1623	-0.012	0.9964	sp|Q5PQ59|ALKB6_XENLA Probable RNA/DNA demethylase ALKBH6 OS=Xenopus laevis OX=8355 GN=alkbh6 PE=2 SV=1
g8909	40.5	0.3291	0.377	0.8519	
g6805	40.5	0.3291	0.220	0.9377	sp|Q5UQV1|YR354_MIMIV Uncharacterized protein R354 OS=Acanthamoeba polyphaga mimivirus OX=212035 GN=MIMI_R354 PE=1 SV=1
g9877	32.6	0.2005	-0.410	0.8564	sp|Q9NW38|FANCL_HUMAN E3 ubiquitin-protein ligase FANCL OS=Homo sapiens OX=9606 GN=FANCL PE=1 SV=2
g3962	42.1	0.3561	-0.598	0.7500	sp|G5EFZ3|ASH2_CAEEL Set1/Ash2 histone methyltransferase complex subunit ash-2 OS=Caenorhabditis elegans OX=6239 GN=ash-2 PE=1 SV=1
g11569	64.6	0.7242	0.769	0.6509	sp|P0C1S9|DGLB_RAT Diacylglycerol lipase-beta OS=Rattus norvegicus OX=10116 GN=Daglb PE=1 SV=1
g6131	40.8	0.3360	-0.317	0.9058	
g1700	39.6	0.3163	0.227	0.9349	
g280	33.6	0.2185	-0.187	0.9482	sp|Q7RTV0|PHF5A_HUMAN PHD finger-like domain-containing protein 5A OS=Homo sapiens OX=9606 GN=PHF5A PE=1 SV=1
g10192	41.9	0.3557	-0.383	0.8585	sp|P64964|STF3_MYCBO Omega-hydroxy-beta-dihydromenaquinone-9 sulfotransferase Stf3 OS=Mycobacterium bovis (strain ATCC BAA-935 / AF2122/97) OX=233413 GN=stf3 PE=3 SV=1
g6561	41.6	0.3523	-0.664	0.6831	sp|Q30UZ9|Y3704_OLEA2 UPF0210 protein Dde_3704 OS=Oleidesulfovibrio alaskensis (strain ATCC BAA-1058 / DSM 17464 / G20) OX=207559 GN=Dde_3704 PE=3 SV=1
g4736	39.2	0.3118	-0.717	0.6190	sp|E0ZS45|URED_ORYSI Urease accessory protein D OS=Oryza sativa subsp. indica OX=39946 GN=URED PE=2 SV=1
g6493	78.1	0.9537	-1.003	0.2294	sp|Q8X947|CUEO_ECO57 Multicopper oxidase CueO OS=Escherichia coli O157:H7 OX=83334 GN=cueO PE=3 SV=1
g8818	33.7	0.2233	0.144	0.9614	sp|Q8HZV4|TBD_CANLF Tubulin delta chain OS=Canis lupus familiaris OX=9615 GN=TUBD1 PE=2 SV=1
g7162	38.3	0.2993	-0.321	0.8825	
g65	43.1	0.3799	-0.309	0.8949	
g5227	37.4	0.2855	0.219	0.9347	sp|Q9FDW8|CYB5A_ARATH Cytochrome b5 isoform A OS=Arabidopsis thaliana OX=3702 GN=CB5-A PE=1 SV=1
g933	43.8	0.3916	1.024	0.3017	
g6475	33.2	0.2193	0.434	0.8333	
g3733	45.1	0.4190	-0.801	0.6164	sp|F4JSE7|EDR2_ARATH Protein ENHANCED DISEASE RESISTANCE 2 OS=Arabidopsis thaliana OX=3702 GN=EDR2 PE=2 SV=1
g1786	35.1	0.2523	0.308	0.9113	sp|Q08CZ6|NADK2_XENTR NAD kinase 2, mitochondrial OS=Xenopus tropicalis OX=8364 GN=nadk2 PE=2 SV=1
g5749	43.9	0.3985	-0.622	0.6448	
g7042	31.6	0.1951	0.005	0.9978	sp|Q5GFD8|IMPCT_RABIT Protein IMPACT OS=Oryctolagus cuniculus OX=9986 GN=IMPACT PE=2 SV=1
g11842	42.4	0.3755	0.404	0.8564	sp|Q5SPB6|CHAC1_DANRE Glutathione-specific gamma-glutamylcyclotransferase 1 OS=Danio rerio OX=7955 GN=chac1 PE=3 SV=1
g5915	35.2	0.2567	-0.404	0.8539	
g1532	45.2	0.4241	-0.385	0.8663	
g9996	35.5	0.2626	-0.503	0.7696	sp|Q99P65|S29A3_MOUSE Equilibrative nucleoside transporter 3 OS=Mus musculus OX=10090 GN=Slc29a3 PE=1 SV=1
g10388	43.2	0.3919	-0.548	0.7920	
g9493	45.3	0.4273	-0.262	0.9126	sp|P51564|TCR8_PASMD Tetracycline resistance protein, class H OS=Pasteurella multocida OX=747 GN=tetA PE=3 SV=1
g2917	54.6	0.5835	0.429	0.8045	sp|Q9SUK9|P2C55_ARATH Probable protein phosphatase 2C 55 OS=Arabidopsis thaliana OX=3702 GN=At4g16580 PE=2 SV=2
g10355	49.7	0.5009	-0.646	0.6574	
g6937	39.7	0.3344	-0.069	0.9848	
g2529	34.6	0.2485	-0.345	0.8809	sp|P54797|TNG2_MOUSE Transport and Golgi organization 2 homolog OS=Mus musculus OX=10090 GN=Tango2 PE=1 SV=2
g12592	35.2	0.2603	-0.117	0.9680	sp|Q9M306|ZDH10_ARATH Probable protein S-acyltransferase 5 OS=Arabidopsis thaliana OX=3702 GN=PAT05 PE=1 SV=2
g6048	43.8	0.4053	-0.333	0.8713	
g7722	49.0	0.4928	-1.192	0.2384	sp|A6NEE1|PLHD1_HUMAN Pleckstrin homology domain-containing family D member 1 OS=Homo sapiens OX=9606 GN=PLEKHD1 PE=1 SV=3
g8858	38.2	0.3113	0.602	0.6822	sp|Q9KG32|Y283_HALH5 Uncharacterized isomerase BH0283 OS=Halalkalibacterium halodurans (strain ATCC BAA-125 / DSM 18197 / FERM 7344 / JCM 9153 / C-125) OX=272558 GN=BH0283 PE=3 SV=1
g6333	33.1	0.2270	-0.186	0.9474	
g1412	51.9	0.5443	0.021	0.9923	
g11468	39.5	0.3354	0.089	0.9781	sp|Q8NB78|KDM1B_HUMAN Lysine-specific histone demethylase 2 OS=Homo sapiens OX=9606 GN=KDM1B PE=1 SV=3
g7763	37.9	0.3091	0.213	0.9349	sp|Q54H44|WDR83_DICDI WD repeat domain-containing protein 83 homolog OS=Dictyostelium discoideum OX=44689 GN=morg1 PE=3 SV=1
g4854	36.1	0.2796	-0.166	0.9597	sp|Q96SZ6|CK5P1_HUMAN Mitochondrial tRNA methylthiotransferase CDK5RAP1 OS=Homo sapiens OX=9606 GN=CDK5RAP1 PE=1 SV=2
g9488	54.3	0.5893	-1.321	0.1890	sp|Q80U35|ARHGH_MOUSE Rho guanine nucleotide exchange factor 17 OS=Mus musculus OX=10090 GN=Arhgef17 PE=1 SV=2
g7370	68.2	0.8277	1.600	0.2063	
g9160	48.1	0.4861	0.563	0.7078	sp|Q8K582|DUS1L_RAT tRNA-dihydrouridine(16/17) synthase [NAD(P)(+)]-like OS=Rattus norvegicus OX=10116 GN=Dus1l PE=2 SV=1
g2733	38.4	0.3205	-0.228	0.9436	
g5045	80.1	1.0318	0.305	0.8691	
g12594	35.1	0.2657	-0.153	0.9614	sp|O74545|YCV6_SCHPO Putative hydrolase C777.06c OS=Schizosaccharomyces pombe (strain 972 / ATCC 24843) OX=284812 GN=SPCC777.06c PE=4 SV=1
g13214	36.0	0.2821	0.311	0.9001	
g7228	31.8	0.2096	0.131	0.9665	
g1600	36.5	0.2922	0.108	0.9702	
g9206	53.2	0.5766	0.309	0.8822	
g15193	33.0	0.2323	-0.101	0.9714	
g4276	36.6	0.2936	-0.209	0.9474	
g8639	30.3	0.1864	0.008	0.9974	sp|Q5ZLV2|PPIL3_CHICK Peptidyl-prolyl cis-trans isomerase-like 3 OS=Gallus gallus OX=9031 GN=PPIL3 PE=2 SV=1
g13418	31.9	0.2149	0.391	0.8639	
g13397	32.5	0.2239	-0.237	0.9322	
g2932	34.5	0.2592	-0.015	0.9955	
g6474	32.9	0.2321	-0.277	0.9210	
g5568	36.8	0.2997	-0.832	0.4882	
g3108	43.1	0.4088	-0.500	0.8205	
g1462	38.5	0.3297	-0.248	0.9177	sp|Q9D9V3|ECHD1_MOUSE Ethylmalonyl-CoA decarboxylase OS=Mus musculus OX=10090 GN=Echdc1 PE=1 SV=2
g4836	36.1	0.2885	0.772	0.5467	sp|Q9RKB9|TRI2_STRCO Putative tricorn protease homolog 2 OS=Streptomyces coelicolor (strain ATCC BAA-471 / A3(2) / M145) OX=100226 GN=tri2 PE=3 SV=1
g6662	34.1	0.2554	0.077	0.9823	sp|Q3ZBK3|SPC25_BOVIN Kinetochore protein Spc25 OS=Bos taurus OX=9913 GN=SPC25 PE=2 SV=1
g6478	35.3	0.2763	0.012	0.9963	
g7962	29.9	0.1842	-0.142	0.9650	
g14473	34.6	0.2646	-0.117	0.9689	
g8651	36.5	0.2972	0.109	0.9689	sp|Q54NA6|MYBL_DICDI Myb-like protein L OS=Dictyostelium discoideum OX=44689 GN=mybL PE=3 SV=1
g9203	29.3	0.1737	-0.011	0.9968	sp|Q8RXY0|Y3333_ARATH Probable inactive protein kinase At3g63330 OS=Arabidopsis thaliana OX=3702 GN=At3g63330 PE=2 SV=1
g3677	35.1	0.2751	-0.740	0.5770	sp|Q94CT7|XB31_ORYSJ Probable E3 ubiquitin-protein ligase XBOS31 OS=Oryza sativa subsp. japonica OX=39947 GN=XBOS31 PE=2 SV=1
g6583	35.5	0.2821	0.258	0.9177	sp|O86365|Y584_MYCTU Uncharacterized glycosidase Rv0584 OS=Mycobacterium tuberculosis (strain ATCC 25618 / H37Rv) OX=83332 GN=Rv0584 PE=3 SV=1
g287	32.9	0.2400	-0.347	0.8893	sp|Q2TAC6|KIF19_HUMAN Kinesin-like protein KIF19 OS=Homo sapiens OX=9606 GN=KIF19 PE=1 SV=2
g3091	29.2	0.1759	0.255	0.9293	sp|E0X9N4|C3H69_ARATH Putative RING-type E3 ubiquitin transferase C3H69 OS=Arabidopsis thaliana OX=3702 GN=At3g63550 PE=3 SV=1
g11833	34.5	0.2694	-0.108	0.9694	
g9985	29.9	0.1896	0.367	0.8820	sp|O35075|VP26C_MOUSE Vacuolar protein sorting-associated protein 26C OS=Mus musculus OX=10090 GN=Vps26c PE=1 SV=1
g7221	32.3	0.2313	0.014	0.9955	
g11277	63.2	0.7716	0.984	0.4166	sp|Q84M24|AB1A_ARATH ABC transporter A family member 1 OS=Arabidopsis thaliana OX=3702 GN=ABCA1 PE=2 SV=2
g3969	33.9	0.2596	-0.650	0.6777	
g4312	39.4	0.3573	-0.871	0.4865	
g3458	54.1	0.6141	0.660	0.5839	
g4551	40.7	0.3791	0.420	0.8485	
g13359	52.0	0.5771	0.627	0.6566	
g10325	38.8	0.3486	-0.247	0.9355	
g14074	24.5	0.0970	-0.190	NA	sp|Q17QU7|DHR13_BOVIN Dehydrogenase/reductase SDR family member 13 OS=Bos taurus OX=9913 GN=DHRS13 PE=2 SV=1
g5263	55.6	0.6434	0.576	0.7257	sp|Q08759|MYB_XENLA Transcriptional activator Myb OS=Xenopus laevis OX=8355 GN=myb PE=2 SV=1
g1923	44.0	0.4405	0.354	0.8648	
g2464	36.2	0.3045	-0.209	0.9429	sp|Q9WWW2|ALKJ_PSEPU Alcohol dehydrogenase [acceptor] OS=Pseudomonas putida OX=303 GN=alkJ PE=3 SV=1
g12760	39.4	0.3627	0.083	0.9791	
g4170	33.3	0.2549	0.340	0.8893	
g9049	37.1	0.3229	0.384	0.8790	sp|Q5T1Q4|S35F1_HUMAN Solute carrier family 35 member F1 OS=Homo sapiens OX=9606 GN=SLC35F1 PE=1 SV=2
g3224	40.5	0.3820	-0.271	0.9168	
g14758	28.9	0.1774	-0.109	0.9713	
g2727	36.0	0.3041	-0.236	0.9333	
g3704	36.8	0.3173	-0.811	0.5067	
g12370	101.0	1.4548	-0.496	0.7633	
g694	85.6	1.1832	-0.097	0.9690	sp|P15381|CAC1C_RABIT Voltage-dependent L-type calcium channel subunit alpha-1C OS=Oryctolagus cuniculus OX=9986 GN=CACNA1C PE=1 SV=1
g2170	66.2	0.8414	-0.170	0.9457	sp|Q7Z4L5|TT21B_HUMAN Tetratricopeptide repeat protein 21B OS=Homo sapiens OX=9606 GN=TTC21B PE=1 SV=2
g13157	39.1	0.3614	-1.034	0.3023	
g6183	44.8	0.4624	-0.240	0.9293	
g11225	48.8	0.5346	0.732	0.5461	sp|Q54M29|Y6239_DICDI Serine hydrolase-like protein DDB_G0286239 OS=Dictyostelium discoideum OX=44689 GN=DDB_G0286239 PE=3 SV=2
g6853	46.6	0.4966	-0.155	0.9509	
g2406	45.1	0.4698	0.216	0.9370	sp|Q08058|COQ10_YEAST Coenzyme Q-binding protein COQ10, mitochondrial OS=Saccharomyces cerevisiae (strain ATCC 204508 / S288c) OX=559292 GN=COQ10 PE=1 SV=1
g6897	37.4	0.3319	0.659	0.7108	
g13754	52.6	0.6046	0.482	0.7320	
g14453	35.8	0.3043	0.033	0.9910	
g8718	33.9	0.2717	0.770	0.5604	
g5203	40.6	0.3906	0.046	0.9849	sp|Q9FH40|TA14B_ARATH Transcription initiation factor TFIID subunit 14b OS=Arabidopsis thaliana OX=3702 GN=TAF14B PE=1 SV=1
g15465	37.8	0.3424	-0.851	0.5604	
g2804	57.5	0.6934	-1.210	0.2461	
g7046	48.7	0.5376	-1.330	0.0832	
g10001	40.3	0.3876	0.610	0.6831	sp|A7NK64|SYY_ROSCS Tyrosine--tRNA ligase OS=Roseiflexus castenholzii (strain DSM 13941 / HLO8) OX=383372 GN=tyrS PE=3 SV=1
g11784	41.5	0.4105	0.394	0.8657	
g9745	52.7	0.6118	0.644	0.7067	sp|Q9EPJ9|ARFG1_MOUSE ADP-ribosylation factor GTPase-activating protein 1 OS=Mus musculus OX=10090 GN=Arfgap1 PE=1 SV=2
g8201	42.4	0.4307	-1.279	0.1688	
g13416	67.3	0.8796	1.274	0.1337	
g5157	47.5	0.5224	0.720	0.6131	sp|Q9LVN1|FH13_ARATH Formin-like protein 13 OS=Arabidopsis thaliana OX=3702 GN=FH13 PE=2 SV=3
g13570	40.4	0.3957	-0.123	0.9680	
g7243	34.0	0.2804	-0.071	0.9831	
g6277	67.6	0.8895	-1.412	0.1510	sp|Q9U1M8|MYOI_DICDI Myosin-I heavy chain OS=Dictyostelium discoideum OX=44689 GN=myoI PE=1 SV=1
g5344	26.9	0.1534	-0.033	0.9910	
g6728	36.0	0.3181	-0.002	0.9991	
g6255	31.4	0.2351	0.125	0.9685	
g622	41.3	0.4153	-1.002	0.4265	sp|Q9QYK4|H6ST3_MOUSE Heparan-sulfate 6-O-sulfotransferase 3 OS=Mus musculus OX=10090 GN=Hs6st3 PE=1 SV=2
g431	37.7	0.3502	0.348	0.9007	
g15966	33.6	0.2762	-0.266	0.9259	sp|Q9BX63|FANCJ_HUMAN Fanconi anemia group J protein OS=Homo sapiens OX=9606 GN=BRIP1 PE=1 SV=2
g12364	27.7	0.1692	0.075	0.9831	
g6476	29.9	0.2103	-0.286	0.9165	sp|Q5PR68|CE112_MOUSE Centrosomal protein of 112 kDa OS=Mus musculus OX=10090 GN=Cep112 PE=1 SV=2
g1458	41.7	0.4247	-0.003	0.9987	
g15522	36.3	0.3267	0.437	0.8532	sp|Q2RWE0|PRMC_RHORT Release factor glutamine methyltransferase OS=Rhodospirillum rubrum (strain ATCC 11170 / ATH 1.1.1 / DSM 467 / LMG 4362 / NCIMB 8255 / S1) OX=269796 GN=prmC PE=3 SV=1
g6655	30.4	0.2208	-0.436	0.8372	
g3075	29.8	0.2088	-0.188	0.9486	
g2719	40.6	0.4055	0.208	0.9482	sp|P0C8L4|Y4648_ARATH Uncharacterized protein At4g26485 OS=Arabidopsis thaliana OX=3702 GN=At4g26485 PE=4 SV=1
g7489	25.9	0.1388	0.119	0.9700	sp|P97328|KHK_MOUSE Ketohexokinase OS=Mus musculus OX=10090 GN=Khk PE=1 SV=1
g2110	34.2	0.2894	-0.027	0.9921	sp|Q9ERD9|I23O1_RAT Indoleamine 2,3-dioxygenase 1 OS=Rattus norvegicus OX=10116 GN=Ido1 PE=2 SV=1
g5264	31.1	0.2337	-0.263	0.9264	
g11638	26.1	0.1432	0.188	0.9509	
g15901	43.5	0.4603	-0.251	0.9155	
g3936	37.0	0.3433	-0.295	0.9210	
g15406	82.3	1.1734	-0.773	0.3802	sp|Q39202|RLK1_ARATH G-type lectin S-receptor-like serine/threonine-protein kinase RLK1 OS=Arabidopsis thaliana OX=3702 GN=RLK1 PE=2 SV=2
g4480	33.1	0.2734	0.309	0.9027	
g4251	46.6	0.5236	-0.057	0.9848	
g1553	32.1	0.2578	-0.160	0.9570	sp|Q6AXC6|DDX11_MOUSE ATP-dependent DNA helicase DDX11 OS=Mus musculus OX=10090 GN=Ddx11 PE=1 SV=2
g12148	32.2	0.2598	0.010	0.9974	
g722	24.0	0.1088	0.190	NA	sp|Q9UT33|DPH3_SCHPO Diphthamide biosynthesis protein 3 OS=Schizosaccharomyces pombe (strain 972 / ATCC 24843) OX=284812 GN=dph3 PE=3 SV=1
g11611	32.6	0.2685	0.013	0.9963	
g9115	42.2	0.4464	-0.373	0.8564	
g12328	28.1	0.1859	-0.398	0.8713	sp|Q9ZVN4|DSP1_ARATH Inositol diphosphatase DSP1 OS=Arabidopsis thaliana OX=3702 GN=DSP1 PE=1 SV=1
g13737	29.2	0.2067	0.290	0.9139	
g7223	53.6	0.6573	-0.150	0.9509	sp|A9RWC9|M2K1A_PHYPA Mitogen-activated protein kinase kinase 1a OS=Physcomitrium patens OX=3218 GN=MKK1a PE=2 SV=1
g14169	38.7	0.3828	-0.558	0.7547	sp|Q923W1|TGS1_MOUSE Trimethylguanosine synthase OS=Mus musculus OX=10090 GN=Tgs1 PE=1 SV=2
g2282	27.4	0.1738	-0.282	0.9200	
g13196	36.8	0.3474	-0.198	0.9433	
g4782	51.4	0.6180	-0.617	0.6780	
g8253	37.5	0.3600	-0.957	0.3734	sp|Q9V3R6|ADAT1_DROME tRNA-specific adenosine deaminase 1 OS=Drosophila melanogaster OX=7227 GN=Adat1 PE=1 SV=1
g5852	39.8	0.4038	-0.272	0.9112	
g9367	52.9	0.6465	-0.213	0.9268	sp|Q8KGF2|NADD_CHLTE Probable nicotinate-nucleotide adenylyltransferase OS=Chlorobaculum tepidum (strain ATCC 49652 / DSM 12025 / NBRC 103806 / TLS) OX=194439 GN=nadD PE=3 SV=1
g14801	63.1	0.8377	-0.976	0.3063	sp|Q92503|S14L1_HUMAN SEC14-like protein 1 OS=Homo sapiens OX=9606 GN=SEC14L1 PE=1 SV=2
g1977	27.6	0.1799	-0.231	0.9406	sp|Q7SXS7|SETD3_DANRE Actin-histidine N-methyltransferase OS=Danio rerio OX=7955 GN=setd3 PE=2 SV=1
g1726	28.0	0.1877	0.027	0.9923	
g13634	43.8	0.4813	-1.343	0.1315	
g527	50.7	0.6100	0.919	0.3489	
g1549	48.1	0.5636	-0.988	0.5467	
g1064	39.4	0.4007	0.285	0.9157	sp|Q937N7|PRPF_CUPNE 2-methyl-aconitate isomerase OS=Cupriavidus necator OX=106590 PE=1 SV=1
g2903	39.7	0.4061	-0.439	0.8014	
g12834	36.1	0.3396	-0.388	0.8585	
g1235	23.0	0.0945	-0.101	NA	
g12535	27.6	0.1816	0.007	0.9978	
g338	49.5	0.5909	-0.928	0.3862	
g15497	45.9	0.5247	-1.483	0.0664	sp|F4JL11|IMPA2_ARATH Importin subunit alpha-2 OS=Arabidopsis thaliana OX=3702 GN=IMPA2 PE=1 SV=1
g3917	85.7	1.2728	0.381	0.8563	sp|Q27802|DYHC2_TRIGR Cytoplasmic dynein 2 heavy chain 1 OS=Tripneustes gratilla OX=7673 GN=DYH1B PE=2 SV=2
g3264	34.6	0.3169	-0.201	0.9439	sp|A9NKD9|MZT1_PICSI Mitotic-spindle organizing protein 1 OS=Picea sitchensis OX=3332 PE=3 SV=1
g6818	32.4	0.2754	0.070	0.9845	sp|Q09782|GPI7_SCHPO GPI ethanolamine phosphate transferase 2 OS=Schizosaccharomyces pombe (strain 972 / ATCC 24843) OX=284812 GN=las21 PE=3 SV=1
g10138	79.5	1.1605	-0.630	0.5627	sp|Q6ZMW3|EMAL6_HUMAN Echinoderm microtubule-associated protein-like 6 OS=Homo sapiens OX=9606 GN=EML6 PE=1 SV=2
g15434	89.7	1.3529	-0.440	0.8124	
g3725	34.7	0.3186	-0.827	0.5153	
g13073	29.3	0.2172	-0.277	0.9221	
g15213	43.8	0.4906	0.886	0.5436	
g11187	29.0	0.2120	0.059	0.9848	
g13773	29.8	0.2282	0.535	0.7811	sp|B1J1N8|COBT_PSEPW Nicotinate-nucleotide--dimethylbenzimidazole phosphoribosyltransferase OS=Pseudomonas putida (strain W619) OX=390235 GN=cobT PE=3 SV=1
g9486	44.0	0.4952	-1.003	0.3774	
g4611	31.7	0.2641	0.373	0.8734	
g6196	40.8	0.4367	-0.165	0.9621	
g673	33.9	0.3069	-0.526	0.7863	
g8199	35.4	0.3351	-0.405	0.8659	sp|Q9SYU4|PEX10_ARATH Peroxisome biogenesis factor 10 OS=Arabidopsis thaliana OX=3702 GN=PEX10 PE=1 SV=1
g5798	53.1	0.6715	-0.204	0.9487	
g3372	37.2	0.3730	0.775	0.5436	
g3867	29.3	0.2223	-0.121	0.9685	
g10685	29.9	0.2341	0.435	0.8585	
g12475	52.0	0.6535	-0.771	0.4662	sp|P07278|KAPR_YEAST cAMP-dependent protein kinase regulatory subunit OS=Saccharomyces cerevisiae (strain ATCC 204508 / S288c) OX=559292 GN=BCY1 PE=1 SV=4
g15811	47.4	0.5668	0.178	0.9450	
g11221	28.6	0.2089	0.336	0.9021	
g11172	47.4	0.5680	0.197	0.9450	
g7267	61.8	0.8412	1.092	0.4213	
g4884	27.1	0.1826	-0.171	0.9589	sp|Q6SKR2|HEMK2_MOUSE Methyltransferase HEMK2 OS=Mus musculus OX=10090 GN=Hemk2 PE=1 SV=1
g3899	33.7	0.3076	0.044	0.9856	
g15042	27.5	0.1911	-0.042	0.9881	sp|Q6NQL4|KDSA2_ARATH 2-dehydro-3-deoxyphosphooctonate aldolase 2 OS=Arabidopsis thaliana OX=3702 GN=KDSA2 PE=1 SV=1
g6526	47.9	0.5813	0.086	0.9765	sp|B7ID00|DNAK_THEAB Chaperone protein DnaK OS=Thermosipho africanus (strain TCF52B) OX=484019 GN=dnaK PE=3 SV=1
g14368	30.0	0.2394	0.172	0.9537	sp|B6IST7|LPXB_RHOCS Lipid-A-disaccharide synthase OS=Rhodospirillum centenum (strain ATCC 51521 / SW) OX=414684 GN=lpxB PE=3 SV=1
g10782	33.6	0.3100	-0.290	0.9159	
g12687	38.9	0.4128	-0.517	0.8188	
g8896	42.1	0.4729	0.572	0.7722	sp|P73016|FABI_SYNY3 Enoyl-[acyl-carrier-protein] reductase [NADH] FabI OS=Synechocystis sp. (strain ATCC 27184 / PCC 6803 / Kazusa) OX=1111708 GN=fabI PE=3 SV=2
g6146	42.6	0.4835	-1.384	0.0986	
g13971	31.5	0.2712	0.130	0.9666	
g7436	25.2	0.1510	0.272	NA	
g8455	22.5	0.0985	0.019	NA	
g10290	28.0	0.2049	-0.320	0.9099	sp|Q9LL84|DNLI4_ARATH DNA ligase 4 OS=Arabidopsis thaliana OX=3702 GN=LIG4 PE=1 SV=1
g5653	53.3	0.6937	0.206	0.9439	sp|Q556Y9|MD2L1_DICDI Mitotic spindle assembly checkpoint protein MAD2A OS=Dictyostelium discoideum OX=44689 GN=mad2l1-1 PE=3 SV=1
g579	39.3	0.4249	-0.201	0.9474	sp|Q08J23|NSUN2_HUMAN RNA cytosine C(5)-methyltransferase NSUN2 OS=Homo sapiens OX=9606 GN=NSUN2 PE=1 SV=2
g7189	25.4	0.1571	-0.038	NA	
g15817	32.7	0.2977	-0.479	0.8283	
g7554	29.4	0.2332	-0.226	0.9433	
g14524	33.7	0.3171	0.227	0.9351	
g1489	31.9	0.2833	0.223	0.9433	
g4393	29.4	0.2352	0.552	0.7746	
g15699	54.6	0.7210	0.790	0.5732	
g4749	56.9	0.7651	1.255	0.2001	
g11201	26.1	0.1707	0.221	0.9439	sp|P0C872|JMJD7_MOUSE Bifunctional peptidase and (3S)-lysyl hydroxylase Jmjd7 OS=Mus musculus OX=10090 GN=Jmjd7 PE=1 SV=1
g5790	73.9	1.0950	0.796	0.6113	sp|Q5FBC4|TMCC_DICDI Tiny macrocysts protein C OS=Dictyostelium discoideum OX=44689 GN=tmcC PE=2 SV=1
g11121	36.5	0.3731	-0.288	0.9321	
g13401	46.0	0.5570	-0.724	0.5732	
g3768	61.0	0.8488	1.385	0.1436	
g6740	31.3	0.2733	-0.034	0.9904	
g8568	27.6	0.2034	0.316	0.9126	sp|Q6PV68|SMZ_ARATH AP2-like ethylene-responsive transcription factor SMZ OS=Arabidopsis thaliana OX=3702 GN=SMZ PE=2 SV=1
g14535	31.7	0.2818	0.461	0.8226	
g4820	44.9	0.5380	-0.837	0.4571	
g10025	21.0	0.0751	-0.022	NA	sp|Q4V7E0|TRMO_RAT tRNA (adenine(37)-N6)-methyltransferase OS=Rattus norvegicus OX=10116 GN=Trmo PE=2 SV=1
g3008	47.7	0.5948	0.798	0.4844	
g6759	37.9	0.4045	-0.814	0.5079	
g1094	29.5	0.2407	-0.143	0.9665	
g14141	32.4	0.2976	0.706	0.6317	
g10749	32.1	0.2927	-0.189	0.9509	sp|Q9D600|PSF2_MOUSE DNA replication complex GINS protein PSF2 OS=Mus musculus OX=10090 GN=Gins2 PE=1 SV=1
g11253	32.0	0.2906	-0.175	0.9534	
g15264	31.4	0.2795	-0.033	0.9910	
g6079	24.8	0.1512	0.096	NA	sp|O14159|LCB4_SCHPO Sphingoid long chain base kinase 4 OS=Schizosaccharomyces pombe (strain 972 / ATCC 24843) OX=284812 GN=lcb4 PE=3 SV=1
g455	31.2	0.2779	-0.134	0.9666	sp|Q5AFH3|FEX1_CANAL Fluoride export protein 1 OS=Candida albicans (strain SC5314 / ATCC MYA-2876) OX=237561 GN=FEX1 PE=1 SV=1
g3536	41.1	0.4714	1.118	0.3871	sp|P43775|FOLC_HAEIN Dihydrofolate synthase/folylpolyglutamate synthase OS=Haemophilus influenzae (strain ATCC 51907 / DSM 11121 / KW20 / Rd) OX=71421 GN=folC PE=3 SV=1
g99	33.9	0.3300	0.732	0.6049	
g3975	24.8	0.1527	-0.054	NA	
g9354	38.1	0.4136	0.910	0.4252	
g9588	38.1	0.4125	-0.567	0.7676	sp|P73846|Y1717_SYNY3 Uncharacterized protein slr1717 OS=Synechocystis sp. (strain ATCC 27184 / PCC 6803 / Kazusa) OX=1111708 GN=slr1717 PE=3 SV=1
g14309	34.0	0.3342	0.125	0.9666	sp|Q5VUE5|CA053_HUMAN Uncharacterized protein C1orf53 OS=Homo sapiens OX=9606 GN=C1orf53 PE=1 SV=1
g13029	30.1	0.2575	-0.155	0.9614	sp|Q6DHG8|SKA1_DANRE SKA complex subunit 1 OS=Danio rerio OX=7955 GN=ska1 PE=2 SV=1
g11173	33.8	0.3300	0.656	0.7060	
g15862	39.9	0.4522	-0.058	0.9848	
g13072	25.8	0.1743	0.439	NA	sp|Q8L7M4|SDN5_ARATH Small RNA degrading nuclease 5 OS=Arabidopsis thaliana OX=3702 GN=SDN5 PE=2 SV=2
g7112	50.2	0.6553	0.069	0.9788	sp|P0CU29|KTU_DROWI Protein kintoun OS=Drosophila willistoni OX=7260 GN=Nop17l PE=3 SV=1
g11669	29.0	0.2372	0.373	0.8824	sp|Q940M4|OCT7_ARATH Organic cation/carnitine transporter 7 OS=Arabidopsis thaliana OX=3702 GN=OCT7 PE=2 SV=1
g12908	39.8	0.4505	0.579	0.6961	sp|Q5HZP1|RNH2B_XENLA Ribonuclease H2 subunit B OS=Xenopus laevis OX=8355 GN=rnaseh2b PE=2 SV=1
g804	28.2	0.2225	0.386	0.8742	sp|Q6Q2C2|HYES_PIG Bifunctional epoxide hydrolase 2 OS=Sus scrofa OX=9823 GN=EPHX2 PE=2 SV=1
g14918	42.0	0.4946	-1.254	0.2303	
g11602	36.2	0.3810	0.142	0.9614	sp|A8MLB5|SYE_ALKOO Glutamate--tRNA ligase OS=Alkaliphilus oremlandii (strain OhILAs) OX=350688 GN=gltX PE=3 SV=1
g15061	62.6	0.9030	0.218	0.9570	sp|Q49YW0|SDCS_STAS1 Sodium-dependent dicarboxylate transporter SdcS OS=Staphylococcus saprophyticus subsp. saprophyticus (strain ATCC 15305 / DSM 20229 / NCIMB 8711 / NCTC 7292 / S-41) OX=342451 GN=sdcS PE=3 SV=1
g3676	30.6	0.2708	0.370	0.8891	
g12642	50.9	0.6763	-1.392	0.0540	
g10611	80.1	1.2553	-0.899	0.3977	
g8654	33.8	0.3376	-0.140	0.9666	sp|Q9CA86|PEX2_ARATH Peroxisome biogenesis protein 2 OS=Arabidopsis thaliana OX=3702 GN=PEX2 PE=1 SV=1
g2571	29.6	0.2545	0.088	0.9788	sp|Q75AE1|ROK1_EREGS ATP-dependent RNA helicase ROK1 OS=Eremothecium gossypii (strain ATCC 10895 / CBS 109.51 / FGSC 9923 / NRRL Y-1056) OX=284811 GN=ROK1 PE=3 SV=1
g14864	35.1	0.3629	-0.667	0.6756	
g14117	31.7	0.2970	-0.453	0.8562	
g6787	27.3	0.2094	0.217	0.9450	
g8655	29.8	0.2598	-0.477	0.8162	sp|Q7SF72|PPIL1_NEUCR Peptidyl-prolyl cis-trans isomerase-like 1 OS=Neurospora crassa (strain ATCC 24698 / 74-OR23-1A / CBS 708.71 / DSM 1257 / FGSC 987) OX=367110 GN=ppi-1 PE=3 SV=2
g11302	28.7	0.2377	0.257	0.9317	sp|Q5XPT3|LARG2_MOUSE Xylosyl- and glucuronyltransferase LARGE2 OS=Mus musculus OX=10090 GN=Large2 PE=1 SV=1
g3289	34.8	0.3591	-0.006	0.9978	sp|B5XAM2|ICT1_SALSA Large ribosomal subunit protein mL62 OS=Salmo salar OX=8030 GN=mrpl58 PE=2 SV=1
g6581	29.6	0.2571	-0.127	0.9685	sp|Q9LXR9|PGPP1_ARATH Phosphatidylglycerophosphate phosphatase 1, chloroplastic/mitochondrial OS=Arabidopsis thaliana OX=3702 GN=PGPP1 PE=1 SV=1
g13084	27.8	0.2229	-0.130	0.9682	
g12107	42.5	0.5170	-1.359	0.1506	
g5866	50.3	0.6717	-1.040	0.2562	
g13329	33.4	0.3347	-0.123	0.9666	
g11168	38.2	0.4321	-0.111	0.9713	
g1279	24.2	0.1510	-0.225	NA	sp|Q9M8Y0|SEC_ARATH Probable UDP-N-acetylglucosamine--peptide N-acetylglucosaminyltransferase SEC OS=Arabidopsis thaliana OX=3702 GN=SEC PE=1 SV=1
g8192	32.0	0.3084	-0.833	0.5515	
g12848	36.4	0.3970	-0.608	0.7014	
g13551	48.6	0.6404	1.723	0.0944	
g6321	31.1	0.2913	-0.625	0.7433	
g4477	31.9	0.3088	-0.230	0.9461	
g8156	37.9	0.4288	-1.266	0.2471	
g14060	33.3	0.3366	-0.388	0.8895	
g9567	33.7	0.3459	-0.189	0.9481	
g15300	51.2	0.6985	0.095	0.9760	
g4674	44.6	0.5662	-0.139	0.9614	
g14903	37.7	0.4277	-0.791	0.6613	
g2217	28.1	0.2331	-0.076	0.9831	sp|Q90XF2|KPCI_DANRE Protein kinase C iota type OS=Danio rerio OX=7955 GN=prkci PE=2 SV=2
g14868	31.5	0.3039	-0.696	0.6610	
g11211	30.0	0.2733	-0.447	0.8333	
g12531	48.5	0.6489	-0.561	0.7115	sp|A0A0N9HP11|NOX_RHOER 4,4'-dithiodibutanoate disulfide reductase OS=Rhodococcus erythropolis OX=1833 GN=nox PE=1 SV=1
g4484	92.1	1.5328	-1.184	0.1981	sp|O95436|NPT2B_HUMAN Sodium-dependent phosphate transport protein 2B OS=Homo sapiens OX=9606 GN=SLC34A2 PE=1 SV=3
g9682	70.3	1.0942	-0.589	0.6628	sp|Q6ZMW3|EMAL6_HUMAN Echinoderm microtubule-associated protein-like 6 OS=Homo sapiens OX=9606 GN=EML6 PE=1 SV=2
g6880	28.7	0.2508	0.078	0.9823	sp|O43543|XRCC2_HUMAN DNA repair protein XRCC2 OS=Homo sapiens OX=9606 GN=XRCC2 PE=1 SV=1
g13738	39.7	0.4749	-1.227	0.3974	
g15388	24.8	0.1711	0.038	NA	
g10424	34.4	0.3672	-0.021	0.9936	
g6435	34.3	0.3661	0.592	0.7105	sp|Q55BN8|NEK2_DICDI Probable serine/threonine-protein kinase nek2 OS=Dictyostelium discoideum OX=44689 GN=nek2 PE=1 SV=1
g8313	40.8	0.4993	-1.408	0.0988	
g15790	44.6	0.5772	-0.837	0.5222	
g129	34.2	0.3649	-0.570	0.7955	
g10677	32.1	0.3230	0.251	0.9312	
g7638	30.2	0.2841	-0.382	0.8761	
g9057	30.5	0.2914	0.040	0.9903	
g14466	36.7	0.4181	-0.185	0.9469	sp|Q754F0|SYM1_EREGS Protein SYM1 OS=Eremothecium gossypii (strain ATCC 10895 / CBS 109.51 / FGSC 9923 / NRRL Y-1056) OX=284811 GN=SYM1 PE=3 SV=1
g2799	24.1	0.1611	0.158	NA	sp|O15066|KIF3B_HUMAN Kinesin-like protein KIF3B OS=Homo sapiens OX=9606 GN=KIF3B PE=1 SV=1
g6311	28.9	0.2615	-0.245	0.9375	sp|Q8R197|SAST_MOUSE S-acyl fatty acid synthase thioesterase, medium chain OS=Mus musculus OX=10090 GN=Olah PE=2 SV=1
g3357	32.4	0.3333	-0.538	0.7916	
g15978	64.1	0.9864	-0.232	0.9200	sp|Q55DA0|ABCGM_DICDI ABC transporter G family member 22 OS=Dictyostelium discoideum OX=44689 GN=abcG22 PE=2 SV=1
g7932	35.1	0.3902	-1.146	0.2384	sp|Q5FNQ1|RLME_GLUOX Ribosomal RNA large subunit methyltransferase E OS=Gluconobacter oxydans (strain 621H) OX=290633 GN=rlmE PE=3 SV=1
g9916	29.6	0.2765	0.183	0.9509	sp|P52046|CRT_CLOAB Short-chain-enoyl-CoA hydratase OS=Clostridium acetobutylicum (strain ATCC 824 / DSM 792 / JCM 1419 / IAM 19013 / LMG 5710 / NBRC 13948 / NRRL B-527 / VKM B-1787 / 2291 / W) OX=272562 GN=crt PE=1 SV=1
g13838	36.3	0.4155	-0.617	0.7497	
g6998	24.4	0.1701	-0.112	NA	
g9518	23.2	0.1460	-0.198	NA	
g2491	39.1	0.4750	0.703	0.6831	
g4338	41.0	0.5175	1.300	0.1952	
g12650	25.8	0.2017	0.399	NA	sp|Q8CFD5|ERCC8_MOUSE DNA excision repair protein ERCC-8 OS=Mus musculus OX=10090 GN=Ercc8 PE=1 SV=2
g6523	29.1	0.2716	-0.043	0.9873	
g2229	43.9	0.5806	0.469	0.8519	
g8892	29.8	0.2872	0.257	0.9362	
g3386	29.1	0.2732	-0.321	0.9041	
g12135	46.4	0.6342	-1.654	0.0673	
g5740	29.0	0.2727	-0.666	0.7005	sp|Q8K1E6|ALKB3_MOUSE Alpha-ketoglutarate-dependent dioxygenase alkB homolog 3 OS=Mus musculus OX=10090 GN=Alkbh3 PE=1 SV=1
g5946	33.0	0.3574	0.744	0.6100	sp|O15315|RA51B_HUMAN DNA repair protein RAD51 homolog 2 OS=Homo sapiens OX=9606 GN=RAD51B PE=1 SV=2
g7294	37.8	0.4570	0.324	0.9165	
g11681	30.5	0.3045	-0.206	0.9479	
g1609	36.1	0.4225	0.042	0.9866	
g8337	35.4	0.4067	-0.847	0.4852	
g15594	42.8	0.5634	-0.910	0.5453	
g11439	24.1	0.1721	0.079	NA	
g5365	33.0	0.3593	0.155	0.9614	
g12606	29.8	0.2939	-0.104	0.9742	
g621	37.1	0.4468	-0.642	0.6756	
g11588	39.6	0.5005	0.095	0.9714	
g9100	28.6	0.2701	0.241	0.9360	sp|Q9H3S4|TPK1_HUMAN Thiamine pyrophosphokinase 1 OS=Homo sapiens OX=9606 GN=TPK1 PE=1 SV=1
g15681	24.4	0.1819	-0.006	NA	sp|Q8VZ10|SOQ1_ARATH Protein SUPPRESSOR OF QUENCHING 1, chloroplastic OS=Arabidopsis thaliana OX=3702 GN=SOQ1 PE=1 SV=1
g11525	23.2	0.1558	-0.361	NA	sp|O81098|RPB5A_ARATH DNA-directed RNA polymerases II and IV subunit 5A OS=Arabidopsis thaliana OX=3702 GN=NRPB5A PE=1 SV=1
g3238	41.1	0.5349	0.812	0.5065	sp|Q54FR4|PX24D_DICDI PXMP2/4 family protein 4 OS=Dictyostelium discoideum OX=44689 GN=DDB_G0290631 PE=3 SV=1
g3466	50.8	0.7388	0.887	0.4131	sp|Q8IYY4|DZI1L_HUMAN Cilium assembly protein DZIP1L OS=Homo sapiens OX=9606 GN=DZIP1L PE=1 SV=2
g1582	38.2	0.4725	-1.255	0.3584	
g11296	26.9	0.2349	-0.456	0.8508	
g902	26.8	0.2335	-0.049	0.9866	sp|P0C8L4|Y4648_ARATH Uncharacterized protein At4g26485 OS=Arabidopsis thaliana OX=3702 GN=At4g26485 PE=4 SV=1
g6858	29.2	0.2845	0.073	0.9831	sp|Q54CI5|DPH4_DICDI DPH4 homolog OS=Dictyostelium discoideum OX=44689 GN=dph4 PE=3 SV=1
g6107	36.3	0.4346	0.062	0.9848	sp|Q8GYE8|NSUN5_ARATH 25S rRNA (cytosine-C(5))-methyltransferase NSUN5 OS=Arabidopsis thaliana OX=3702 GN=NSUN5 PE=1 SV=1
g14296	41.6	0.5460	0.254	0.9165	sp|Q10AZ7|GPA3_ORYSJ Protein GLUTELIN PRECURSOR ACCUMULATION 3 OS=Oryza sativa subsp. japonica OX=39947 GN=GPA3 PE=1 SV=1
g2176	30.2	0.3067	-0.412	0.8713	
g4612	26.2	0.2222	-0.140	0.9659	
g2460	29.3	0.2891	0.047	0.9867	
g11438	27.6	0.2519	-0.713	0.6657	sp|Q7XA87|FOLT1_ARATH Folate transporter 1, chloroplastic OS=Arabidopsis thaliana OX=3702 GN=FOLT1 PE=2 SV=1
g9489	27.4	0.2487	0.491	0.8225	
g1380	27.6	0.2530	0.146	0.9649	sp|Q9VZD2|BN3D3_DROME Probable RNA methyltransferase CG11342 OS=Drosophila melanogaster OX=7227 GN=CG11342 PE=3 SV=1
g11735	23.7	0.1697	0.016	NA	sp|Q3SZH6|TTLL9_BOVIN Probable tubulin polyglutamylase TTLL9 OS=Bos taurus OX=9913 GN=TTLL9 PE=2 SV=1
g3832	42.7	0.5738	-0.531	0.7746	sp|Q2R2P7|KN7L_ORYSJ Kinesin-like protein KIN-7L OS=Oryza sativa subsp. japonica OX=39947 GN=KIN7L PE=2 SV=1
g12858	39.0	0.4972	0.109	0.9718	
g8608	30.6	0.3181	-0.741	0.6562	
g7946	33.9	0.3886	-1.066	0.3226	sp|Q2JII9|GLMU_SYNJB Bifunctional protein GlmU OS=Synechococcus sp. (strain JA-2-3B'a(2-13)) OX=321332 GN=glmU PE=3 SV=1
g9243	22.5	0.1469	-0.029	NA	sp|Q6ZWL3|CP4V2_HUMAN Cytochrome P450 4V2 OS=Homo sapiens OX=9606 GN=CYP4V2 PE=1 SV=2
g5951	31.9	0.3498	0.563	0.7798	
g10427	28.4	0.2750	-0.797	0.5917	
g2879	34.0	0.3940	-0.185	0.9487	
g1034	37.5	0.4695	1.238	0.2384	
g3250	24.6	0.1936	-0.090	NA	sp|Q0VFD8|BL1S1_XENTR Biogenesis of lysosome-related organelles complex 1 subunit 1 OS=Xenopus tropicalis OX=8364 GN=bloc1s1 PE=2 SV=1
g10528	64.4	1.0523	0.398	0.8333	sp|G7IYC1|CAD2_MEDTR Cinnamoyl-CoA reductase CAD2 OS=Medicago truncatula OX=3880 GN=CAD2 PE=1 SV=1
g6956	31.9	0.3538	-0.192	0.9486	
g14420	33.0	0.3771	-0.966	0.4027	sp|Q3T0T8|RGS5_BOVIN Regulator of G protein signaling 5 OS=Bos taurus OX=9913 GN=RGS5 PE=2 SV=1
g2931	36.4	0.4497	-0.147	0.9581	
g423	28.1	0.2712	0.275	0.9264	sp|Q07G10|ALKB8_XENTR tRNA (carboxymethyluridine(34)-5-O)-methyltransferase alkbh8 OS=Xenopus tropicalis OX=8364 GN=alkbh8 PE=2 SV=2
g2308	62.2	1.0085	0.657	0.7443	sp|O43665|RGS10_HUMAN Regulator of G protein signaling 10 OS=Homo sapiens OX=9606 GN=RGS10 PE=1 SV=3
g6981	21.9	0.1394	-0.048	NA	sp|Q6C2X0|KAPR_YARLI cAMP-dependent protein kinase regulatory subunit OS=Yarrowia lipolytica (strain CLIB 122 / E 150) OX=284591 GN=PKAR PE=3 SV=1
g13273	38.0	0.4858	-1.217	0.1791	
g9780	30.0	0.3139	0.404	0.8620	sp|Q91X88|PMGT1_MOUSE Protein O-linked-mannose beta-1,2-N-acetylglucosaminyltransferase 1 OS=Mus musculus OX=10090 GN=Pomgnt1 PE=1 SV=1
g12953	69.3	1.1617	-0.987	0.3344	sp|Q15751|HERC1_HUMAN Probable E3 ubiquitin-protein ligase HERC1 OS=Homo sapiens OX=9606 GN=HERC1 PE=1 SV=2
g6241	45.0	0.6399	-1.150	0.2568	
g3176	28.9	0.2931	-0.023	0.9936	sp|Q9H0R3|TM222_HUMAN Transmembrane protein 222 OS=Homo sapiens OX=9606 GN=TMEM222 PE=1 SV=2
g1830	36.1	0.4490	1.163	0.2229	
g917	24.1	0.1907	0.442	NA	
g6786	32.4	0.3702	-0.533	0.7929	
g13382	45.4	0.6532	0.491	0.7685	
g10316	26.1	0.2351	0.602	0.7552	
g7472	25.6	0.2247	0.143	NA	
g14034	33.8	0.4045	-0.840	0.5246	sp|A5D3C3|YQGF_PELTS Putative pre-16S rRNA nuclease OS=Pelotomaculum thermopropionicum (strain DSM 13744 / JCM 10971 / SI) OX=370438 GN=PTH_1065 PE=3 SV=1
g9204	34.2	0.4131	0.455	0.8375	sp|Q9XWE6|MTHFS_CAEEL Probable 5-formyltetrahydrofolate cyclo-ligase OS=Caenorhabditis elegans OX=6239 GN=Y106G6E.4 PE=3 SV=1
g14685	30.2	0.3267	0.196	0.9509	
g1687	68.5	1.1647	0.145	0.9543	sp|O15259|NPHP1_HUMAN Nephrocystin-1 OS=Homo sapiens OX=9606 GN=NPHP1 PE=1 SV=1
g7705	26.3	0.2420	-0.470	0.8333	sp|Q5ZJ24|CEP20_CHICK Centrosomal protein 20 OS=Gallus gallus OX=9031 GN=CEP20 PE=2 SV=1
g10847	30.5	0.3354	-0.751	0.6491	
g3661	35.4	0.4456	0.890	0.4898	
g13805	31.0	0.3511	0.083	0.9811	
g6398	37.5	0.4963	-1.144	0.3464	
g9072	34.3	0.4258	0.435	0.8802	
g9436	29.8	0.3275	0.561	0.8217	
g3771	24.0	0.1973	-0.066	NA	sp|P31777|RLMJ_HAEIN Ribosomal RNA large subunit methyltransferase J OS=Haemophilus influenzae (strain ATCC 51907 / DSM 11121 / KW20 / Rd) OX=71421 GN=rlmJ PE=1 SV=1
g1322	28.8	0.3042	0.723	0.6756	
g9236	35.0	0.4420	-1.052	0.4748	
g5990	73.3	1.2939	0.160	0.9581	sp|Q8WXX0|DYH7_HUMAN Dynein axonemal heavy chain 7 OS=Homo sapiens OX=9606 GN=DNAH7 PE=1 SV=2
g1401	66.3	1.1379	0.411	0.8697	sp|Q16959|DYI2_HELCR Dynein intermediate chain 2, ciliary OS=Heliocidaris crassispina OX=1043166 PE=2 SV=1
g3150	29.3	0.3161	0.099	0.9779	
g151	39.8	0.5509	1.032	0.3429	
g2090	28.7	0.3037	-0.002	0.9993	
g8355	40.1	0.5591	0.904	0.6574	sp|Q9D119|PPR27_MOUSE Protein phosphatase 1 regulatory subunit 27 OS=Mus musculus OX=10090 GN=Ppp1r27 PE=2 SV=1
g1988	24.9	0.2220	0.442	NA	
g8371	44.8	0.6640	0.355	0.8949	
g12802	43.9	0.6446	0.549	0.8326	sp|C0HKA2|TRYDT_DROME Trypsin delta OS=Drosophila melanogaster OX=7227 GN=deltaTry PE=2 SV=1
g4708	29.3	0.3208	-0.184	0.9543	sp|Q9LLY4|LPAT1_BRANA 1-acyl-sn-glycerol-3-phosphate acyltransferase BAT2, chloroplastic OS=Brassica napus OX=3708 GN=BAT2 PE=1 SV=2
g5319	50.6	0.7967	-0.576	0.6736	sp|Q9LVK9|ALA7_ARATH Probable phospholipid-transporting ATPase 7 OS=Arabidopsis thaliana OX=3702 GN=ALA7 PE=3 SV=3
g6054	30.9	0.3561	0.223	0.9457	
g10621	24.4	0.2114	0.091	NA	
g13493	38.9	0.5379	-1.397	0.2326	sp|Q9P7E8|APP1_SCHPO Protein app1 OS=Schizosaccharomyces pombe (strain 972 / ATCC 24843) OX=284812 GN=app1 PE=2 SV=1
g4678	35.2	0.4553	0.885	0.5872	sp|Q9FN03|UVR8_ARATH Ultraviolet-B receptor UVR8 OS=Arabidopsis thaliana OX=3702 GN=UVR8 PE=1 SV=1
g6933	28.0	0.2938	-0.138	0.9685	
g4940	24.5	0.2170	0.132	NA	sp|Q9FY84|PEN2_ARATH Probable gamma-secretase subunit PEN-2 OS=Arabidopsis thaliana OX=3702 GN=At5g09310 PE=2 SV=1
g15609	27.8	0.2913	-0.562	0.7750	
g15763	31.4	0.3713	-0.990	0.4889	
g4554	43.4	0.6442	-0.438	0.8368	sp|B3NLX1|DAAF1_DROER Dynein axonemal assembly factor 1 homolog OS=Drosophila erecta OX=7220 GN=dtr PE=3 SV=1
g5370	28.3	0.3051	0.154	0.9614	
g76	24.8	0.2273	0.383	NA	sp|Q2LVL6|LPXA_SYNAS Acyl-[acyl-carrier-protein]--UDP-N-acetylglucosamine O-acyltransferase OS=Syntrophus aciditrophicus (strain SB) OX=56780 GN=lpxA PE=3 SV=1
g15821	33.1	0.4169	0.195	0.9543	
g5184	23.7	0.2040	0.072	NA	sp|Q6AZD3|EAF6_DANRE Chromatin modification-related protein MEAF6 OS=Danio rerio OX=7955 GN=meaf6 PE=2 SV=1
g10143	28.9	0.3241	0.677	0.7294	
g14152	32.1	0.3970	-0.351	0.8873	sp|Q9Y5B8|NDK7_HUMAN Nucleoside diphosphate kinase 7 OS=Homo sapiens OX=9606 GN=NME7 PE=1 SV=1
g283	76.7	1.4119	-0.730	0.5839	
g1210	25.6	0.2493	0.172	NA	
g14797	29.2	0.3312	0.293	0.9210	
g4179	30.3	0.3571	0.439	0.8563	sp|P39598|YWBO_BACSU Uncharacterized protein YwbO OS=Bacillus subtilis (strain 168) OX=224308 GN=ywbO PE=4 SV=1
g5204	27.3	0.2899	0.342	0.9049	
g14519	22.8	0.1882	-0.178	NA	
g9577	32.9	0.4180	-0.892	0.4852	
g5108	52.6	0.8698	-1.111	0.1777	sp|P32784|GPT1_YEAST Glycerol-3-phosphate O-acyltransferase 1 OS=Saccharomyces cerevisiae (strain ATCC 204508 / S288c) OX=559292 GN=SCT1 PE=1 SV=3
g12254	24.6	0.2301	-0.238	NA	
g6631	25.7	0.2549	-0.360	NA	
g12188	24.7	0.2321	-0.153	NA	
g15440	30.9	0.3756	0.683	0.6730	sp|Q9SF09|ANT1_ARATH Amino acid transporter ANT1 OS=Arabidopsis thaliana OX=3702 GN=ANT1 PE=1 SV=1
g8220	37.1	0.5209	-0.973	0.3865	
g6397	43.3	0.6632	-1.713	0.2302	
g11558	53.2	0.8920	-0.591	0.6729	
g10	29.4	0.3457	0.691	0.6979	
g8623	34.9	0.4733	-0.815	0.5761	
g3256	27.4	0.3001	-0.493	0.8307	sp|A0A7M7H6R7|FUTC_APIME Lewis-type alpha-(1,3)-fucosyltransferase OS=Apis mellifera OX=7460 GN=FucTC PE=1 SV=1
g2928	37.1	0.5233	0.140	0.9685	
g875	30.0	0.3607	-0.678	0.6924	sp|Q8W032|CDC6B_ARATH DNA replication factor CDC6B OS=Arabidopsis thaliana OX=3702 GN=CDC6B PE=2 SV=1
g2885	25.9	0.2656	-0.096	0.9781	sp|Q9ZRT5|GSTT1_ARATH Glutathione S-transferase T1 OS=Arabidopsis thaliana OX=3702 GN=GSTT1 PE=2 SV=1
g5944	44.0	0.6868	-1.606	0.0502	sp|Q8BUL6|PKHA1_MOUSE Pleckstrin homology domain-containing family A member 1 OS=Mus musculus OX=10090 GN=Plekha1 PE=1 SV=1
g1017	28.5	0.3283	0.066	0.9848	
g7738	24.4	0.2342	0.580	NA	
g8480	23.7	0.2183	0.261	NA	
g8386	44.1	0.6926	1.542	0.0521	
g13265	26.6	0.2842	0.650	0.7498	sp|O13644|SED5_SCHPO Integral membrane protein sed5 OS=Schizosaccharomyces pombe (strain 972 / ATCC 24843) OX=284812 GN=sed5 PE=3 SV=1
g6445	23.4	0.2107	0.064	NA	sp|Q3SWZ7|TCAB1_BOVIN Telomerase Cajal body protein 1 OS=Bos taurus OX=9913 GN=WRAP53 PE=2 SV=1
g1182	34.2	0.4633	-0.095	0.9807	sp|Q9FKT5|THOC3_ARATH THO complex subunit 3 OS=Arabidopsis thaliana OX=3702 GN=THO3 PE=1 SV=1
g5057	29.7	0.3584	-0.293	0.9155	
g7063	28.3	0.3258	0.005	0.9978	sp|Q9BRA0|NAA38_HUMAN N-alpha-acetyltransferase 38, NatC auxiliary subunit OS=Homo sapiens OX=9606 GN=NAA38 PE=1 SV=1
g466	30.2	0.3708	0.076	0.9846	
g12131	35.4	0.4921	-1.233	0.2109	
g1217	22.1	0.1835	-0.169	NA	sp|P9WGP8|SADH_MYCTO Putative oxidoreductase SadH OS=Mycobacterium tuberculosis (strain CDC 1551 / Oshkosh) OX=83331 GN=sadH PE=3 SV=1
g13191	26.6	0.2875	-0.277	0.9370	
g15297	50.7	0.8512	0.456	0.8314	
g10584	30.5	0.3807	0.578	0.7454	sp|A4IGU3|MT21A_XENTR Protein N-lysine methyltransferase METTL21A OS=Xenopus tropicalis OX=8364 GN=mettl21a PE=2 SV=1
g10693	30.8	0.3875	0.334	0.9151	
g11460	43.0	0.6732	0.801	0.5587	
g1620	24.3	0.2363	0.015	NA	
g9383	36.9	0.5321	0.642	0.7805	sp|Q91ZR4|NEK8_MOUSE Serine/threonine-protein kinase Nek8 OS=Mus musculus OX=10090 GN=Nek8 PE=1 SV=1
g8368	23.0	0.2073	-0.022	NA	
g7515	24.0	0.2305	0.112	NA	
g2288	23.4	0.2172	-0.096	NA	sp|Q7ZVZ7|AB17C_DANRE Alpha/beta hydrolase domain-containing protein 17C OS=Danio rerio OX=7955 GN=abhd17c PE=2 SV=1
g8482	32.9	0.4420	0.431	0.8585	
g10309	28.5	0.3373	0.284	0.9230	
g9173	30.3	0.3815	-0.691	0.6848	
g9668	46.2	0.7588	-0.719	0.5532	
g12060	47.2	0.7826	-1.376	0.0830	
g9020	29.6	0.3673	-0.694	0.6774	
g4344	24.6	0.2499	0.149	NA	
g14577	30.2	0.3817	0.666	0.7317	sp|P35084|RPB1_DICDI DNA-directed RNA polymerase II subunit rpb1 OS=Dictyostelium discoideum OX=44689 GN=polr2a PE=2 SV=2
g1352	40.7	0.6311	0.834	0.4742	
g10283	25.6	0.2720	-0.652	NA	
g15907	27.7	0.3240	0.007	0.9978	sp|C4R360|PSD2_KOMPG Phosphatidylserine decarboxylase proenzyme 2 OS=Komagataella phaffii (strain GS115 / ATCC 20864) OX=644223 GN=PSD2 PE=3 SV=1
g8839	28.0	0.3307	-0.252	0.9349	
g10240	26.1	0.2844	-0.398	0.8909	
g12196	29.2	0.3609	0.018	0.9946	sp|Q9P7B4|YI13_SCHPO NADP-dependent 3-hydroxy acid dehydrogenase OS=Schizosaccharomyces pombe (strain 972 / ATCC 24843) OX=284812 GN=SPAC521.03 PE=1 SV=1
g16038	47.7	0.8008	-0.733	0.6818	
g14746	22.7	0.2085	-0.241	NA	
g7154	40.8	0.6434	-1.665	0.1261	
g10733	32.0	0.4337	-0.470	0.8216	
g577	27.6	0.3288	0.790	0.6197	sp|Q9CB01|RABF1_ARATH Ras-related protein RABF1 OS=Arabidopsis thaliana OX=3702 GN=RABF1 PE=1 SV=1
g13355	26.9	0.3128	0.261	0.9349	sp|Q9STL4|CEP2_ARATH KDEL-tailed cysteine endopeptidase CEP2 OS=Arabidopsis thaliana OX=3702 GN=CEP2 PE=1 SV=1
g2762	26.2	0.2964	0.529	0.8311	sp|Q9BRP7|FDXA1_HUMAN Ferredoxin-fold anticodon-binding domain-containing protein 1 OS=Homo sapiens OX=9606 GN=FDXACB1 PE=1 SV=3
g2481	52.4	0.9277	-0.339	0.8853	
g13732	29.2	0.3718	-0.898	0.5496	
g3194	23.6	0.2353	0.514	NA	
g11806	29.0	0.3694	-0.535	0.7916	sp|P91685|GRM_DROME Metabotropic glutamate receptor OS=Drosophila melanogaster OX=7227 GN=mGluR PE=1 SV=2
g1631	29.7	0.3859	-0.884	0.5159	
g5325	39.5	0.6233	-1.228	0.2499	sp|Q3T0A0|ABHD1_BOVIN Protein ABHD1 OS=Bos taurus OX=9913 GN=ABHD1 PE=2 SV=1
g13626	31.5	0.4296	0.413	0.8627	
g2280	27.4	0.3321	-0.770	0.6694	
g15639	22.9	0.2225	0.524	NA	
g9821	34.4	0.5036	-0.941	0.4683	
g14642	27.5	0.3363	0.692	0.7219	sp|F4KB17|KTN83_ARATH Katanin p80 WD40 repeat-containing subunit B1 homolog KTN80.3 OS=Arabidopsis thaliana OX=3702 GN=KTN80.3 PE=1 SV=1
g5171	23.0	0.2266	0.032	NA	
g11556	24.0	0.2496	-0.392	NA	sp|Q32PL8|PRIPO_DANRE DNA-directed primase/polymerase protein OS=Danio rerio OX=7955 GN=primpol PE=2 SV=2
g5624	44.4	0.7479	-0.969	0.3109	
g918	25.9	0.2976	-0.298	0.9259	
g3283	30.2	0.4010	0.301	0.9210	
g1441	25.2	0.2814	0.057	NA	sp|O22558|STY8_ARATH Serine/threonine-protein kinase STY8 OS=Arabidopsis thaliana OX=3702 GN=STY8 PE=1 SV=2
g13494	42.4	0.7018	-0.857	0.4748	
g3125	28.3	0.3585	0.722	0.7222	
g10242	32.2	0.4544	0.847	0.5613	
g299	27.9	0.3484	0.788	0.6756	
g11379	43.6	0.7330	0.344	0.9126	
g12966	42.1	0.6964	0.717	0.7283	
g8511	22.0	0.2046	0.498	NA	
g7879	29.5	0.3889	-0.705	0.7077	
g13092	23.0	0.2310	-0.433	NA	
g13749	29.0	0.3804	-0.691	0.7787	
g4080	36.7	0.5710	0.118	0.9675	sp|I7MM07|C337A_TETTS Cilia- and flagella-associated protein 337 A OS=Tetrahymena thermophila (strain SB210) OX=312017 GN=CFAP337A PE=1 SV=1
g2227	38.9	0.6235	-1.345	0.1328	
g2060	30.2	0.4099	-1.039	0.4431	
g12603	24.5	0.2710	-0.247	NA	
g6691	31.4	0.4452	-0.192	0.9474	
g6434	26.7	0.3290	-0.766	0.6447	sp|Q8L4M1|THOC6_ARATH THO complex subunit 6 OS=Arabidopsis thaliana OX=3702 GN=THO6 PE=1 SV=1
g6281	20.7	0.1822	0.366	NA	sp|Q6AXR5|S35A3_RAT UDP-N-acetylglucosamine transporter OS=Rattus norvegicus OX=10116 GN=Slc35a3 PE=2 SV=1
g15295	25.2	0.2931	-0.453	NA	sp|Q9SSF1|SMD1A_ARATH Small nuclear ribonucleoprotein SmD1a OS=Arabidopsis thaliana OX=3702 GN=SMD1A PE=3 SV=1
g10376	34.6	0.5275	-0.125	0.9689	
g7425	31.2	0.4429	-0.942	0.5508	sp|Q8C436|MT21D_MOUSE Protein N-lysine methyltransferase METTL21D OS=Mus musculus OX=10090 GN=Vcpkmt PE=1 SV=2
g7174	35.0	0.5377	0.692	0.7554	sp|Q2TBT5|RNH2A_BOVIN Ribonuclease H2 subunit A OS=Bos taurus OX=9913 GN=RNASEH2A PE=1 SV=1
g12651	23.7	0.2558	-0.631	NA	sp|Q54GV7|SIR2D_DICDI NAD-dependent deacetylase sir2D OS=Dictyostelium discoideum OX=44689 GN=sir2D PE=2 SV=1
g15546	29.6	0.4053	-0.133	0.9690	
g3478	21.5	0.2031	-0.195	NA	
g6446	20.6	0.1810	-0.261	NA	
g9768	24.1	0.2703	-0.017	NA	sp|Q8K1A0|METL5_MOUSE rRNA N(6)-adenosine-methyltransferase METTL5 OS=Mus musculus OX=10090 GN=Mettl5 PE=1 SV=2
g1834	27.3	0.3514	0.985	0.4688	sp|Q6LLU2|TRMA_PHOPR tRNA/tmRNA (uracil-C(5))-methyltransferase OS=Photobacterium profundum (strain SS9) OX=298386 GN=trmA PE=3 SV=1
g13347	27.8	0.3633	0.259	0.9433	
g14949	56.8	1.0906	-0.648	0.6476	
g1494	28.2	0.3753	0.328	0.9099	
g11888	27.3	0.3524	0.691	0.7033	
g13429	23.5	0.2575	-0.404	NA	
g5475	35.6	0.5606	-0.199	0.9522	
g14998	22.2	0.2244	-0.266	NA	
g9834	19.9	0.1674	-0.030	NA	
g14816	25.0	0.2952	0.672	NA	
g1969	29.0	0.3988	-0.313	0.9093	
g9767	21.7	0.2146	0.070	NA	sp|Q7SDM8|THG1_NEUCR tRNA(His) guanylyltransferase OS=Neurospora crassa (strain ATCC 24698 / 74-OR23-1A / CBS 708.71 / DSM 1257 / FGSC 987) OX=367110 GN=rgt-1 PE=3 SV=1
g3327	27.7	0.3665	-0.873	0.6006	sp|Q7L5N7|PCAT2_HUMAN Lysophosphatidylcholine acyltransferase 2 OS=Homo sapiens OX=9606 GN=LPCAT2 PE=1 SV=1
g11378	22.0	0.2216	0.549	NA	
g575	32.2	0.4793	1.168	0.4265	sp|Q8IU85|KCC1D_HUMAN Calcium/calmodulin-dependent protein kinase type 1D OS=Homo sapiens OX=9606 GN=CAMK1D PE=1 SV=1
g2372	25.9	0.3216	0.547	0.8178	
g7597	27.3	0.3581	-0.433	0.8627	sp|Q17QW3|RDH14_BOVIN Retinol dehydrogenase 14 OS=Bos taurus OX=9913 GN=RDH14 PE=2 SV=1
g14065	25.9	0.3222	0.355	0.8965	
g7880	33.5	0.5174	-1.561	0.0953	
g9151	29.7	0.4221	0.336	0.9119	
g8920	22.3	0.2336	-0.249	NA	
g6489	24.9	0.3016	0.269	NA	
g15798	27.1	0.3572	-0.868	0.5969	
g9048	21.7	0.2205	-0.099	NA	
g15839	29.7	0.4255	-0.001	0.9995	
g5340	22.4	0.2400	0.542	NA	sp|A0A0U2IR85|MTT1_MYCMD Mitochondrial tricarboxylate transporter 1 OS=Mycosarcoma maydis OX=5270 GN=MTT1 PE=3 SV=1
g7689	24.6	0.2968	-0.756	NA	
g2538	28.8	0.4062	0.229	0.9439	
g12740	41.1	0.7218	-1.682	0.0561	
g12023	26.4	0.3450	-0.848	0.6331	sp|Q8K582|DUS1L_RAT tRNA-dihydrouridine(16/17) synthase [NAD(P)(+)]-like OS=Rattus norvegicus OX=10116 GN=Dus1l PE=2 SV=1
g3877	26.5	0.3508	-0.026	0.9925	
g3843	28.9	0.4150	-0.209	0.9474	sp|Q92JQ4|TSAE_RICCN tRNA threonylcarbamoyladenosine biosynthesis protein TsaE OS=Rickettsia conorii (strain ATCC VR-613 / Malish 7) OX=272944 GN=tsaE PE=3 SV=1
g10120	48.0	0.9084	-0.556	0.7190	
g3988	21.9	0.2318	0.414	NA	
g4910	36.0	0.5994	1.225	0.3776	sp|Q6ZFZ4|DEK1_ORYSJ Calpain-type cysteine protease ADL1 OS=Oryza sativa subsp. japonica OX=39947 GN=ADL1 PE=1 SV=1
g870	32.8	0.5172	-0.178	0.9561	
g10030	22.7	0.2539	-0.151	NA	
g6611	27.2	0.3735	-0.253	0.9362	
g12518	29.0	0.4194	-0.541	0.8101	
g3395	25.6	0.3329	-0.006	NA	sp|Q0IH24|SPEF1_XENLA Sperm flagella and cilia-associated protein 1 OS=Xenopus laevis OX=8355 GN=spef1 PE=2 SV=1
g12228	24.9	0.3169	-0.793	NA	
g10423	24.3	0.3002	-0.559	NA	
g7381	20.7	0.2070	-0.121	NA	
g3370	24.2	0.2992	-0.121	NA	sp|Q6P0H7|CBR4_DANRE Carbonyl reductase family member 4 OS=Danio rerio OX=7955 GN=cbr4 PE=2 SV=1
g10640	28.6	0.4161	0.544	0.8226	sp|Q7TP52|CMBL_RAT Carboxymethylenebutenolidase homolog OS=Rattus norvegicus OX=10116 GN=Cmbl PE=2 SV=1
g6557	27.4	0.3872	0.020	0.9946	sp|P18014|IPA7_SHIFL E3 ubiquitin-protein ligase ipaH7.8 OS=Shigella flexneri OX=623 GN=ipaH7.8 PE=1 SV=2
g6990	29.8	0.4503	0.932	0.4775	sp|Q8TCB7|METL6_HUMAN tRNA N(3)-cytidine methyltransferase METTL6 OS=Homo sapiens OX=9606 GN=METTL6 PE=1 SV=2
g15180	35.0	0.5884	-1.777	0.1887	
g228	25.1	0.3287	0.415	NA	sp|Q62217|SEM5A_MOUSE Semaphorin-5A OS=Mus musculus OX=10090 GN=Sema5a PE=2 SV=1
g3718	34.6	0.5803	-0.055	0.9848	
g10173	25.0	0.3282	-0.615	NA	sp|Q58909|Y1514_METJA Putative gamma-glutamylcyclotransferase MJ1514 OS=Methanocaldococcus jannaschii (strain ATCC 43067 / DSM 2661 / JAL-1 / JCM 10045 / NBRC 100440) OX=243232 GN=MJ1514 PE=3 SV=1
g1850	31.6	0.5028	0.772	0.6422	
g2402	29.9	0.4578	-0.013	0.9968	
g7205	27.7	0.3988	-0.701	0.7006	sp|Q91XT5|BCDO1_RAT Beta,beta-carotene 15,15'-dioxygenase OS=Rattus norvegicus OX=10116 GN=Bco1 PE=2 SV=1
g15963	40.3	0.7328	-0.251	0.9343	
g8806	29.5	0.4487	0.314	0.9144	
g15262	33.4	0.5508	-0.537	0.8007	
g10002	37.3	0.6562	-0.972	0.5258	
g12850	44.5	0.8505	0.929	0.5367	
g15503	25.7	0.3504	-0.734	NA	
g14956	39.4	0.7143	1.205	0.2273	
g13601	48.5	0.9596	0.537	0.7746	
g2462	26.3	0.3674	-0.031	0.9920	sp|Q99956|DUS9_HUMAN Dual specificity protein phosphatase 9 OS=Homo sapiens OX=9606 GN=DUSP9 PE=1 SV=1
g5650	33.5	0.5622	-0.027	0.9926	sp|D0E8I4|PHNY_UNCHF 2-aminoethylphosphonate dioxygenase OS=Uncultured bacterium HF130_AEPn_1 OX=663362 GN=phnY PE=1 SV=1
g15724	24.0	0.3068	-0.078	NA	
g6271	26.6	0.3779	-0.183	0.9611	sp|Q60SZ2|MPV17_CAEBR Mitochondrial inner membrane protein Mpv17 (Fragment) OS=Caenorhabditis briggsae OX=6238 GN=CBG20693 PE=3 SV=2
g9162	30.0	0.4700	-1.408	0.1531	
g8096	30.5	0.4863	-1.072	0.4898	
g6303	34.2	0.5855	0.145	0.9651	
g5962	20.2	0.2093	-0.101	NA	
g3707	28.9	0.4453	0.503	0.8174	sp|P0DPD7|EFMT4_HUMAN EEF1A lysine methyltransferase 4 OS=Homo sapiens OX=9606 GN=EEF1AKMT4 PE=1 SV=1
g9247	30.4	0.4842	-0.366	0.9198	
g15175	31.3	0.5104	-0.441	0.8579	sp|P14851|PPIA_CRIGR Peptidyl-prolyl cis-trans isomerase A OS=Cricetulus griseus OX=10029 GN=PPIA PE=2 SV=2
g13497	44.5	0.8642	-0.761	0.5324	
g13164	65.7	1.4348	-0.108	0.9740	sp|P51817|PRKX_HUMAN cAMP-dependent protein kinase catalytic subunit PRKX OS=Homo sapiens OX=9606 GN=PRKX PE=1 SV=1
g9586	35.4	0.6224	0.499	0.8307	sp|Q9CZH8|CCD77_MOUSE Coiled-coil domain-containing protein 77 OS=Mus musculus OX=10090 GN=Ccdc77 PE=1 SV=1
g6974	40.2	0.7517	0.825	0.5664	
g14871	26.8	0.3889	0.001	0.9995	
g13640	37.0	0.6650	-0.419	0.8532	sp|A0JMK5|MTMR2_DANRE Phosphatidylinositol-3,5-bisphosphate 3-phosphatase MTMR2 OS=Danio rerio OX=7955 GN=mtmr2 PE=2 SV=2
g15509	26.9	0.3925	-0.324	0.9127	
g8800	27.9	0.4232	-1.104	0.4536	
g5195	21.4	0.2472	0.589	NA	sp|B5X3X5|KTNA1_SALSA Katanin p60 ATPase-containing subunit A1 OS=Salmo salar OX=8030 GN=katna1 PE=2 SV=1
g13778	31.4	0.5180	0.240	0.9439	
g13215	29.4	0.4647	0.895	0.5427	
g11419	23.7	0.3127	-0.157	NA	
g14297	17.1	0.1343	-0.245	NA	sp|Q6IDB6|TAD2_ARATH tRNA-specific adenosine deaminase TAD2 OS=Arabidopsis thaliana OX=3702 GN=TAD2 PE=1 SV=1
g9170	19.9	0.2106	0.096	NA	sp|Q2QPW1|GMK1_ORYSJ Guanylate kinase 1 OS=Oryza sativa subsp. japonica OX=39947 GN=GK1 PE=2 SV=2
g9479	30.1	0.4896	1.475	0.2156	sp|Q9LYG9|MSL10_ARATH Mechanosensitive ion channel protein 10 OS=Arabidopsis thaliana OX=3702 GN=MSL10 PE=1 SV=1
g7123	22.3	0.2765	-0.637	NA	
g10757	29.2	0.4659	0.591	0.7811	
g7164	26.7	0.3978	0.318	0.9139	sp|P44842|Y722_HAEIN IMPACT family member HI_0722 OS=Haemophilus influenzae (strain ATCC 51907 / DSM 11121 / KW20 / Rd) OX=71421 GN=HI_0722 PE=3 SV=1
g4971	28.9	0.4574	0.200	0.9553	
g2220	21.7	0.2607	0.152	NA	sp|Q88K39|ASPQ_PSEPK Glutaminase-asparaginase OS=Pseudomonas putida (strain ATCC 47054 / DSM 6125 / CFBP 8728 / NCIMB 11950 / KT2440) OX=160488 GN=ansB PE=1 SV=1
g10094	29.7	0.4820	0.846	0.5988	sp|Q9HRF0|PANE_HALSA 2-dehydropantoate 2-reductase OS=Halobacterium salinarum (strain ATCC 700922 / JCM 11081 / NRC-1) OX=64091 GN=VNG_0730C PE=3 SV=1
g15087	23.5	0.3097	-0.013	NA	
g1392	45.4	0.9134	-1.339	0.1110	
g11536	24.9	0.3504	0.084	NA	sp|P55265|DSRAD_HUMAN Double-stranded RNA-specific adenosine deaminase OS=Homo sapiens OX=9606 GN=ADAR PE=1 SV=4
g12037	52.9	1.1235	-0.780	0.5928	
g10497	22.9	0.2970	-0.191	NA	
g14943	23.4	0.3104	-0.048	NA	
g3955	43.0	0.8518	1.320	0.2239	
g1218	32.5	0.5643	0.516	0.8225	sp|Q5RHI5|DTL_DANRE Denticleless protein homolog OS=Danio rerio OX=7955 GN=dtl PE=2 SV=1
g5375	31.0	0.5238	0.825	0.5818	
g4072	35.9	0.6582	-0.360	0.8703	
g5123	21.5	0.2625	-0.191	NA	sp|Q8VYB1|MED31_ARATH Mediator of RNA polymerase II transcription subunit 31 OS=Arabidopsis thaliana OX=3702 GN=MED31 PE=1 SV=1
g12550	20.5	0.2335	-0.401	NA	
g181	39.8	0.7678	-0.014	0.9955	sp|F1R8G2|TULP3_DANRE Tubby-related protein 3 OS=Danio rerio OX=7955 GN=tulp3 PE=2 SV=3
g3179	27.9	0.4397	0.802	0.6775	
g13477	36.5	0.6790	-0.912	0.5103	
g12276	23.6	0.3229	0.075	NA	
g4723	21.5	0.2682	-0.370	NA	
g6275	21.4	0.2640	-0.076	NA	
g78	20.8	0.2473	-0.174	NA	
g13870	47.5	0.9978	1.389	0.2776	sp|Q9XXC8|MECR2_CAEEL Enoyl-[acyl-carrier-protein] reductase, mitochondrial OS=Caenorhabditis elegans OX=6239 GN=mecr-2 PE=3 SV=1
g10381	26.7	0.4174	0.632	0.7970	
g596	31.9	0.5621	-0.626	0.7431	sp|P29290|TNNCA_HOMAM Troponin C, isoform 2A OS=Homarus americanus OX=6706 PE=1 SV=1
g5187	23.3	0.3204	-0.693	NA	sp|Q6K4V3|C3H15_ORYSJ Zinc finger CCCH domain-containing protein 15 OS=Oryza sativa subsp. japonica OX=39947 GN=Os02g0301000 PE=2 SV=1
g15081	25.1	0.3728	0.463	NA	
g5230	20.5	0.2462	0.023	NA	
g12471	28.1	0.4582	-0.378	0.9058	
g31	29.7	0.5062	0.529	0.8441	
g8975	25.5	0.3869	0.204	NA	sp|Q7XRV0|RMI1_ORYSJ RecQ-mediated genome instability protein 1 OS=Oryza sativa subsp. japonica OX=39947 GN=RMI1 PE=3 SV=2
g13375	41.9	0.8513	-0.733	0.7283	
g8356	28.7	0.4791	-0.318	0.9119	sp|Q5R780|PSN1_PONAB Presenilin-1 OS=Pongo abelii OX=9601 GN=PSEN1 PE=2 SV=1
g3885	26.1	0.4052	1.016	0.5611	
g26	48.5	1.0373	0.875	0.4016	
g13871	26.6	0.4207	-0.175	0.9570	
g13948	51.5	1.1280	-0.122	0.9713	sp|Q9WUM4|COR1C_MOUSE Coronin-1C OS=Mus musculus OX=10090 GN=Coro1c PE=1 SV=2
g4256	26.3	0.4125	-0.444	0.8611	
g14469	23.6	0.3388	-0.164	NA	sp|Q9TVW2|ADK_TOXGO Adenosine kinase OS=Toxoplasma gondii OX=5811 GN=AK PE=1 SV=1
g13188	33.4	0.6184	0.806	0.6037	
g1216	43.5	0.9064	-0.736	0.5750	sp|P23382|INA_BACTL Immune inhibitor A OS=Bacillus thuringiensis subsp. alesti OX=1440 GN=ina PE=1 SV=1
g14123	35.2	0.6698	1.501	0.0873	
g1628	46.6	0.9939	0.489	0.8539	
g11275	18.3	0.1916	-0.101	NA	sp|Q6GQ33|CMKMT_XENLA Calmodulin-lysine N-methyltransferase OS=Xenopus laevis OX=8355 GN=camkmt PE=1 SV=1
g13075	21.4	0.2804	0.190	NA	sp|Q8RWY1|ALKB8_ARATH Alkylated DNA repair protein ALKBH8 homolog OS=Arabidopsis thaliana OX=3702 GN=ALKBH8 PE=2 SV=2
g11773	33.1	0.6190	0.052	0.9849	sp|Q9LU89|2A5N_ARATH Serine/threonine protein phosphatase 2A 59 kDa regulatory subunit B' eta isoform OS=Arabidopsis thaliana OX=3702 GN=B'ETA PE=1 SV=1
g9145	42.7	0.8938	-0.369	0.8815	sp|A0A1C9CX56|CYC1_CAMAC (S)-8-oxocitronellyl enol synthase CYC1 OS=Camptotheca acuminata OX=16922 GN=CYC1 PE=1 SV=1
g7132	25.3	0.3962	0.054	NA	
g7948	43.1	0.9100	-0.920	0.4265	
g2058	29.5	0.5163	-0.371	0.9103	sp|Q27606|CP4E2_DROME Cytochrome P450 4e2 OS=Drosophila melanogaster OX=7227 GN=Cyp4e2 PE=2 SV=2
g4515	43.7	0.9271	0.215	0.9404	sp|Q9TW28|MYOM_DICDI Myosin-M heavy chain OS=Dictyostelium discoideum OX=44689 GN=myoM PE=1 SV=1
g4031	28.4	0.4870	-1.164	0.3707	
g4289	22.8	0.3284	0.505	NA	sp|O06745|YITJ_BACSU Bifunctional homocysteine S-methyltransferase/5,10-methylenetetrahydrofolate reductase OS=Bacillus subtilis (strain 168) OX=224308 GN=yitJ PE=2 SV=1
g10931	18.6	0.2062	-0.335	NA	
g1909	23.3	0.3437	-0.283	NA	
g14980	35.0	0.6854	-1.060	0.3977	sp|A5PK26|ACAP1_BOVIN Arf-GAP with coiled-coil, ANK repeat and PH domain-containing protein 1 OS=Bos taurus OX=9913 GN=ACAP1 PE=2 SV=1
g15625	26.7	0.4450	0.381	0.8822	sp|A4FV98|EFMT3_BOVIN EEF1A lysine methyltransferase 3 OS=Bos taurus OX=9913 GN=EEF1AKMT3 PE=2 SV=1
g11839	34.2	0.6655	-0.610	0.7286	sp|R9UTQ8|PROHY_STRGD L-proline trans-4-hydroxylase OS=Streptomyces griseoviridis OX=45398 PE=1 SV=1
g1015	24.4	0.3799	-0.852	NA	
g9816	23.9	0.3651	0.001	NA	sp|Q9I4V0|NQRED_PSEAE NADH:quinone reductase OS=Pseudomonas aeruginosa (strain ATCC 15692 / DSM 22644 / CIP 104116 / JCM 14847 / LMG 12228 / 1C / PRS 101 / PAO1) OX=208964 GN=PA1024 PE=1 SV=1
g2028	30.9	0.5695	0.616	0.7778	
g4223	35.7	0.7131	1.032	0.5369	
g14641	30.9	0.5733	0.364	0.8949	sp|Q9D7H3|RTCA_MOUSE RNA 3'-terminal phosphate cyclase OS=Mus musculus OX=10090 GN=RtcA PE=1 SV=2
g2623	29.5	0.5353	0.936	0.4866	
g11533	22.2	0.3195	0.328	NA	sp|E9QAU8|ARK2C_MOUSE E3 ubiquitin-protein ligase ARK2C OS=Mus musculus OX=10090 GN=Ark2c PE=1 SV=1
g9500	27.2	0.4666	-0.512	0.8325	
g19	23.9	0.3694	0.265	NA	
g5666	25.1	0.4059	-0.469	NA	sp|A0A7L5EB83|LNBLN_PARDI Lacto-N-biosidase/N-acetyllactosaminidase OS=Parabacteroides distasonis OX=823 GN=HHO38_02500 PE=1 SV=1
g8039	25.8	0.4272	-0.770	NA	sp|C4L424|DNAJ_EXISA Chaperone protein DnaJ OS=Exiguobacterium sp. (strain ATCC BAA-1283 / AT1b) OX=360911 GN=dnaJ PE=3 SV=1
g14028	20.9	0.2848	-0.542	NA	
g1455	25.9	0.4313	-0.382	0.8827	
g8743	23.1	0.3523	0.160	NA	sp|P53459|ACT6_DIBDE Actin-6 (Fragment) OS=Dibothriocephalus dendriticus OX=28845 GN=ACT6 PE=2 SV=1
g114	18.0	0.2027	0.378	NA	sp|Q7RVM2|ARF_NEUCR ADP-ribosylation factor OS=Neurospora crassa (strain ATCC 24698 / 74-OR23-1A / CBS 708.71 / DSM 1257 / FGSC 987) OX=367110 GN=NCU08340 PE=3 SV=3
g10765	18.3	0.2123	0.132	NA	
g3950	26.6	0.4575	-0.328	0.9262	
g4624	30.3	0.5710	-0.899	0.5246	
g6451	28.6	0.5203	0.401	0.8755	
g4274	26.5	0.4557	0.220	0.9450	
g1493	24.5	0.3984	-0.658	NA	
g9006	23.0	0.3535	0.392	NA	
g4921	26.6	0.4611	0.612	0.7685	
g6580	21.1	0.2980	-0.681	NA	sp|Q54QG0|PGFB_DICDI Bifunctional glycosyltransferase pgtA OS=Dictyostelium discoideum OX=44689 GN=pgtA PE=1 SV=1
g1876	27.2	0.4813	-0.709	0.7265	
g13847	27.9	0.5019	0.236	0.9439	sp|Q55CA5|ATP23_DICDI Mitochondrial inner membrane protease ATP23 homolog OS=Dictyostelium discoideum OX=44689 GN=DDB_G0270738 PE=3 SV=2
g4332	20.5	0.2815	0.386	NA	sp|Q10448|YDEF_SCHPO Uncharacterized protein C12B10.15c OS=Schizosaccharomyces pombe (strain 972 / ATCC 24843) OX=284812 GN=SPAC12B10.15c PE=4 SV=1
g11161	37.1	0.7793	-0.900	0.4577	
g8503	29.0	0.5368	0.178	0.9543	sp|Q8R368|DAAF4_MOUSE Dynein axonemal assembly factor 4 OS=Mus musculus OX=10090 GN=Dnaaf4 PE=1 SV=2
g10674	21.5	0.3124	-0.274	NA	
g7455	17.9	0.2037	0.206	NA	
g12934	37.0	0.7784	-1.047	0.4742	
g1816	23.6	0.3743	0.334	NA	
g9041	28.8	0.5328	0.230	0.9450	
g4047	20.0	0.2700	-0.311	NA	sp|Q9KU93|SHYC_VIBCH Peptidoglycan DD-endopeptidase ShyC OS=Vibrio cholerae serotype O1 (strain ATCC 39315 / El Tor Inaba N16961) OX=243277 GN=shyC PE=1 SV=1
g8438	35.0	0.7230	-0.405	0.8742	
g1125	21.1	0.3039	0.419	NA	sp|Q8L7W2|NUDT8_ARATH Nudix hydrolase 8 OS=Arabidopsis thaliana OX=3702 GN=NUDT8 PE=2 SV=2
g168	20.6	0.2898	-0.377	NA	
g8193	51.5	1.2226	0.605	0.8056	sp|D3YVL2|CFA70_MOUSE Cilia- and flagella-associated protein 70 OS=Mus musculus OX=10090 GN=Cfap70 PE=1 SV=2
g4351	23.7	0.3833	0.713	NA	sp|Q562D6|TRMO_MOUSE tRNA (adenine(37)-N6)-methyltransferase OS=Mus musculus OX=10090 GN=Trmo PE=2 SV=2
g11719	15.6	0.1371	-0.278	NA	sp|Q9CZ57|NSUN4_MOUSE 5-cytosine rRNA methyltransferase NSUN4 OS=Mus musculus OX=10090 GN=Nsun4 PE=1 SV=1
g9841	22.5	0.3458	-0.175	NA	
g3840	19.8	0.2660	0.719	NA	sp|Q9BRQ3|NUD22_HUMAN Uridine diphosphate glucose pyrophosphatase NUDT22 OS=Homo sapiens OX=9606 GN=NUDT22 PE=1 SV=3
g6953	17.5	0.1974	-0.312	NA	sp|A6TAN9|RF1_KLEP7 Peptide chain release factor 1 OS=Klebsiella pneumoniae subsp. pneumoniae (strain ATCC 700721 / MGH 78578) OX=272620 GN=prfA PE=3 SV=1
g688	21.7	0.3227	0.068	NA	
g1427	23.4	0.3747	1.112	NA	
g10645	17.4	0.1955	-0.017	NA	
g7463	22.0	0.3326	-0.117	NA	
g6365	26.6	0.4737	-0.659	0.7536	
g2451	16.5	0.1672	-0.149	NA	
g2989	28.5	0.5352	-1.377	0.1778	sp|P84227|H32_BOVIN Histone H3.2 OS=Bos taurus OX=9913 PE=1 SV=2
g5363	26.3	0.4696	0.182	0.9570	sp|Q6LCW8|H32_CHLRE Histone H3 type 2 OS=Chlamydomonas reinhardtii OX=3055 GN=ch3-II PE=1 SV=1
g13162	18.7	0.2355	-0.318	NA	
g15077	30.1	0.5865	-1.296	0.2440	sp|Q32LS6|ABHDD_DANRE Protein ABHD13 OS=Danio rerio OX=7955 GN=abhd13 PE=2 SV=1
g6883	14.0	0.0936	-0.095	NA	sp|Q31PL4|RSMH_SYNE7 Ribosomal RNA small subunit methyltransferase H OS=Synechococcus elongatus (strain ATCC 33912 / PCC 7942 / FACHB-805) OX=1140 GN=rsmH PE=3 SV=1
g14366	41.1	0.9217	0.774	0.7287	sp|Q0WPU1|MYO15_ARATH Myosin-15 OS=Arabidopsis thaliana OX=3702 GN=XI-I PE=1 SV=1
g5303	23.0	0.3698	-0.158	NA	
g3938	40.6	0.9075	0.154	0.9659	
g15284	24.7	0.4250	-0.351	NA	
g4973	41.9	0.9572	-0.479	0.8532	sp|P49275|DERF3_DERFA Mite allergen Der f 3 OS=Dermatophagoides farinae OX=6954 GN=DERF3 PE=1 SV=2
g3889	32.1	0.6560	-1.716	0.0873	sp|Q9I0R2|ALKB1_PSEAE Alkane 1-monooxygenase 1 OS=Pseudomonas aeruginosa (strain ATCC 15692 / DSM 22644 / CIP 104116 / JCM 14847 / LMG 12228 / 1C / PRS 101 / PAO1) OX=208964 GN=alkB1 PE=1 SV=1
g11158	21.2	0.3193	0.460	NA	sp|Q2PGG3|SRR_ARATH Serine racemase OS=Arabidopsis thaliana OX=3702 GN=SR PE=1 SV=1
g5970	20.5	0.3011	0.694	NA	
g13558	26.1	0.4744	0.719	0.7008	
g10422	29.2	0.5720	0.049	0.9862	
g15801	20.4	0.3000	0.585	NA	
g11131	28.5	0.5539	-0.834	0.6034	
g14431	16.7	0.1866	0.010	NA	sp|Q12405|LPX1_YEAST Peroxisomal membrane protein LPX1 OS=Saccharomyces cerevisiae (strain ATCC 204508 / S288c) OX=559292 GN=LPX1 PE=1 SV=1
g6448	21.6	0.3415	0.400	NA	sp|Q9Y3B2|EXOS1_HUMAN Exosome complex component CSL4 OS=Homo sapiens OX=9606 GN=EXOSC1 PE=1 SV=1
g4545	23.4	0.3978	-0.837	NA	sp|Q9Y333|LSM2_HUMAN U6 snRNA-associated Sm-like protein LSm2 OS=Homo sapiens OX=9606 GN=LSM2 PE=1 SV=1
g13285	23.8	0.4099	0.639	NA	
g6386	21.3	0.3322	-0.884	NA	
g7415	27.4	0.5241	0.232	0.9438	sp|Q9SKT4|FTCDL_ARATH Formiminotransferase cyclodeaminase-like protein OS=Arabidopsis thaliana OX=3702 GN=FTCD-L PE=2 SV=2
g3924	17.7	0.2212	0.031	NA	sp|Q568G4|EFC11_DANRE EF-hand calcium-binding domain-containing protein 11 OS=Danio rerio OX=7955 GN=efcab11 PE=2 SV=1
g5250	32.4	0.6818	-0.921	0.5412	
g12637	18.5	0.2466	0.022	NA	
g6490	19.5	0.2812	0.086	NA	
g14511	31.5	0.6585	0.292	0.9474	
g11342	27.3	0.5279	-0.385	0.8890	
g267	25.5	0.4707	-0.233	NA	sp|O44510|MOCS3_CAEEL Adenylyltransferase and sulfurtransferase MOCS3 OS=Caenorhabditis elegans OX=6239 GN=moc-3 PE=3 SV=2
g5208	24.0	0.4250	0.203	NA	
g4345	32.9	0.7053	-0.165	0.9563	
g4817	22.1	0.3659	0.301	NA	sp|Q4G073|TRDMT_RAT tRNA (cytosine(38)-C(5))-methyltransferase OS=Rattus norvegicus OX=10116 GN=Trdmt1 PE=2 SV=1
g6587	19.2	0.2747	0.070	NA	
g2144	26.4	0.5044	-0.257	0.9447	
g7043	17.9	0.2333	-0.175	NA	sp|Q9KWN1|SDH_AGRTU Serine 3-dehydrogenase OS=Agrobacterium tumefaciens OX=358 GN=sdh PE=1 SV=1
g15035	14.9	0.1397	0.129	NA	sp|Q589W8|ACTT3_ALTAL Enoyl-CoA hydratase ACTT3 OS=Alternaria alternata OX=5599 GN=ACTT3 PE=3 SV=1
g11593	20.2	0.3112	0.718	NA	sp|Q62419|SH3G1_MOUSE Endophilin-A2 OS=Mus musculus OX=10090 GN=Sh3gl1 PE=1 SV=1
g11737	20.9	0.3327	-0.414	NA	sp|Q493S6|DNAJ_BLOPB Chaperone protein DnaJ OS=Blochmanniella pennsylvanica (strain BPEN) OX=291272 GN=dnaJ PE=3 SV=1
g5259	16.3	0.1868	0.265	NA	sp|O28578|PANE_ARCFU 2-dehydropantoate 2-reductase OS=Archaeoglobus fulgidus (strain ATCC 49558 / DSM 4304 / JCM 9628 / NBRC 100126 / VC-16) OX=224325 GN=AF_1695 PE=3 SV=1
g10984	21.9	0.3660	-0.323	NA	
g1849	15.7	0.1676	-0.014	NA	
g50	31.1	0.6599	-0.628	0.7178	sp|Q6ZC69|KAD2_ORYSJ Probable adenylate kinase 2, chloroplastic OS=Oryza sativa subsp. japonica OX=39947 GN=Os08g0109300 PE=2 SV=1
g3567	20.4	0.3187	-0.068	NA	
g10974	21.5	0.3556	-0.002	NA	sp|Q8C436|MT21D_MOUSE Protein N-lysine methyltransferase METTL21D OS=Mus musculus OX=10090 GN=Vcpkmt PE=1 SV=2
g708	22.6	0.3932	0.073	NA	
g15941	30.3	0.6408	0.236	0.9439	sp|Q80T41|GABR2_MOUSE Gamma-aminobutyric acid type B receptor subunit 2 OS=Mus musculus OX=10090 GN=Gabbr2 PE=1 SV=2
g10092	17.9	0.2431	0.408	NA	sp|Q9P6N3|SHE9_SCHPO Sensitive to high expression protein 9 homolog, mitochondrial OS=Schizosaccharomyces pombe (strain 972 / ATCC 24843) OX=284812 GN=she9 PE=3 SV=1
g8444	22.5	0.3941	-0.470	NA	sp|P11707|CP3A6_RABIT Cytochrome P450 3A6 OS=Oryctolagus cuniculus OX=9986 GN=CYP3A6 PE=2 SV=2
g12041	31.1	0.6716	-0.454	0.8519	
g8040	19.6	0.2994	-0.701	NA	
g3089	38.1	0.9016	-0.113	0.9713	sp|Q70Z35|PREX2_HUMAN Phosphatidylinositol 3,4,5-trisphosphate-dependent Rac exchanger 2 protein OS=Homo sapiens OX=9606 GN=PREX2 PE=1 SV=1
g13348	18.7	0.2779	-0.313	NA	
g14858	25.8	0.5083	1.214	NA	
g10186	24.8	0.4785	0.914	NA	
g15472	21.8	0.3785	0.729	NA	
g13892	33.2	0.7541	-0.896	0.5130	sp|Q552C1|Y9957_DICDI Probable serine/threonine-protein kinase DDB_G0276181 OS=Dictyostelium discoideum OX=44689 GN=DDB_G0276181 PE=3 SV=1
g14720	32.4	0.7263	-1.457	0.1497	
g9697	17.5	0.2425	0.547	NA	
g11912	27.6	0.5731	1.399	0.3550	sp|P59722|EGLN1_RAT Egl nine homolog 1 (Fragment) OS=Rattus norvegicus OX=10116 GN=Egln1 PE=2 SV=2
g9546	28.3	0.6006	-0.894	0.5427	sp|Q9KUL5|SHYB_VIBCH Peptidoglycan DD-endopeptidase ShyB OS=Vibrio cholerae serotype O1 (strain ATCC 39315 / El Tor Inaba N16961) OX=243277 GN=shyB PE=1 SV=1
g4356	33.8	0.7797	1.044	0.5604	
g5193	17.2	0.2343	-0.577	NA	
g4197	18.7	0.2846	0.234	NA	sp|Q9BQ65|USB1_HUMAN U6 snRNA phosphodiesterase 1 OS=Homo sapiens OX=9606 GN=USB1 PE=1 SV=1
g12744	26.4	0.5373	-0.896	0.5617	sp|Q32P85|DLRB2_BOVIN Dynein light chain roadblock-type 2 OS=Bos taurus OX=9913 GN=DYNLRB2 PE=1 SV=1
g9783	32.7	0.7464	0.660	0.8152	
g2386	18.9	0.2930	-0.128	NA	sp|Q8NCQ5|FBX15_HUMAN F-box only protein 15 OS=Homo sapiens OX=9606 GN=FBXO15 PE=1 SV=2
g13486	17.3	0.2421	0.032	NA	sp|Q9RPT1|RHLG_PSEAE Rhamnolipids biosynthesis 3-oxoacyl-[acyl-carrier-protein] reductase OS=Pseudomonas aeruginosa (strain ATCC 15692 / DSM 22644 / CIP 104116 / JCM 14847 / LMG 12228 / 1C / PRS 101 / PAO1) OX=208964 GN=rhlG PE=1 SV=1
g9153	38.6	0.9475	-0.235	0.9457	sp|Q6GQT0|CC14A_MOUSE Dual specificity protein phosphatase CDC14A OS=Mus musculus OX=10090 GN=Cdc14a PE=1 SV=2
g14808	21.8	0.3913	-0.547	NA	sp|P61285|DYL1_BOVIN Dynein light chain 1, cytoplasmic OS=Bos taurus OX=9913 GN=DYNLL1 PE=1 SV=1
g2658	17.5	0.2489	-0.280	NA	
g4689	18.0	0.2675	0.721	NA	
g14952	20.3	0.3449	0.706	NA	sp|P9WK86|NLHH_MYCTO Carboxylesterase NlhH OS=Mycobacterium tuberculosis (strain CDC 1551 / Oshkosh) OX=83331 GN=nlhH PE=3 SV=1
g4064	21.2	0.3763	-0.526	NA	
g9007	15.2	0.1760	0.340	NA	
g4816	34.4	0.8199	-1.659	0.0834	
g5807	25.6	0.5237	-0.513	NA	
g7198	21.2	0.3782	0.600	NA	
g4875	26.7	0.5624	-0.593	0.8001	sp|Q8RXP6|WAV2_ARATH Alpha/beta hydrolase domain-containing protein WAV2 OS=Arabidopsis thaliana OX=3702 GN=WAV2 PE=2 SV=1
g13518	26.8	0.5672	-0.773	0.6567	sp|Q9LIE4|ZDHC8_ARATH Probable protein S-acyltransferase 20 OS=Arabidopsis thaliana OX=3702 GN=PAT20 PE=3 SV=2
g9028	27.5	0.5898	0.144	0.9666	
g3666	30.9	0.7072	-1.449	0.1964	
g6656	18.9	0.3046	-0.605	NA	sp|Q3ILJ1|TRMB_PSET1 tRNA (guanine-N(7)-)-methyltransferase OS=Pseudoalteromonas translucida (strain TAC 125) OX=326442 GN=trmB PE=3 SV=1
g4698	36.3	0.8961	-0.196	0.9508	sp|Q6F6U3|PNCA_ACIAD Nicotinamidase OS=Acinetobacter baylyi (strain ATCC 33305 / BD413 / ADP1) OX=62977 GN=pncA PE=1 SV=1
g12967	20.9	0.3750	-0.625	NA	
g2156	33.9	0.8157	1.125	0.4955	
g3480	22.0	0.4125	0.613	NA	sp|O13911|PNK1_SCHPO Bifunctional polynucleotide phosphatase/kinase OS=Schizosaccharomyces pombe (strain 972 / ATCC 24843) OX=284812 GN=pnk1 PE=1 SV=2
g9716	32.5	0.7690	-1.037	0.3776	
g6418	20.5	0.3647	0.129	NA	sp|Q23SI8|TTLL1_TETTS Probable alpha-tubulin polyglutamylase Ttll1 OS=Tetrahymena thermophila (strain SB210) OX=312017 GN=Ttll1 PE=3 SV=2
g3978	18.3	0.2893	0.090	NA	
g15031	34.2	0.8334	0.354	0.8948	sp|Q49QW1|PPAE1_SPOLT Phenoloxidase-activating enzyme 1 OS=Spodoptera litura OX=69820 GN=PPAE1 PE=1 SV=1
g2567	18.0	0.2798	-0.636	NA	
g10033	17.0	0.2457	-0.126	NA	
g14168	19.7	0.3393	-0.192	NA	sp|Q5R5W9|CE022_PONAB UPF0489 protein C5orf22 homolog OS=Pongo abelii OX=9601 PE=2 SV=1
g13998	25.0	0.5187	1.133	NA	
g12352	36.9	0.9268	0.706	0.6650	sp|Q14679|TTLL4_HUMAN Tubulin monoglutamylase TTLL4 OS=Homo sapiens OX=9606 GN=TTLL4 PE=1 SV=2
g1781	19.6	0.3355	0.383	NA	
g11259	23.3	0.4636	0.505	NA	
g15751	24.4	0.5002	-0.694	NA	
g5022	23.7	0.4777	-0.176	NA	
g11376	18.5	0.3012	-0.516	NA	
g4475	21.3	0.3957	-0.079	NA	sp|Q7ZT01|PSF3_XENLA DNA replication complex GINS protein PSF3 OS=Xenopus laevis OX=8355 GN=gins3 PE=1 SV=1
g10358	16.3	0.2249	-0.256	NA	
g12361	28.9	0.6591	-0.078	0.9823	
g13699	19.0	0.3178	-0.242	NA	
g13346	25.2	0.5315	-0.921	NA	
g15788	21.7	0.4133	-0.417	NA	sp|A6QNT4|F120B_BOVIN Constitutive coactivator of peroxisome proliferator-activated receptor gamma OS=Bos taurus OX=9913 GN=FAM120B PE=2 SV=1
g5649	22.4	0.4374	0.847	NA	
g8135	20.4	0.3673	-0.230	NA	
g5787	17.7	0.2748	-0.090	NA	
g14799	25.1	0.5302	0.969	NA	
g8180	19.4	0.3362	-0.340	NA	
g10246	17.9	0.2869	0.071	NA	
g10003	37.4	0.9620	0.709	0.7264	
g12623	20.0	0.3578	0.722	NA	
g2812	17.9	0.2880	0.433	NA	
g15800	43.5	1.1777	-0.299	0.9165	
g7779	24.5	0.5196	-0.968	NA	sp|Q86AD9|THIL1_DICDI Probable acetyl-CoA acetyltransferase OS=Dictyostelium discoideum OX=44689 GN=DDB_G0271544 PE=2 SV=1
g4919	16.4	0.2353	-0.282	NA	
g1848	21.1	0.4017	-0.954	NA	
g3131	22.0	0.4340	-0.421	NA	
g1048	15.1	0.1939	-0.449	NA	
g5202	30.1	0.7140	-0.764	0.6756	
g12663	16.6	0.2452	-0.297	NA	sp|Q9H0A8|COMD4_HUMAN COMM domain-containing protein 4 OS=Homo sapiens OX=9606 GN=COMMD4 PE=1 SV=1
g1921	20.3	0.3754	-0.381	NA	sp|P77467|PAAG_ECOLI 1,2-epoxyphenylacetyl-CoA isomerase OS=Escherichia coli (strain K12) OX=83333 GN=paaG PE=1 SV=1
g15257	22.8	0.4630	-1.299	NA	sp|P32138|SQASE_ECOLI Sulfoquinovosidase OS=Escherichia coli (strain K12) OX=83333 GN=yihQ PE=1 SV=3
g13559	22.3	0.4478	-1.070	NA	sp|Q8L870|GCC1_ARATH Guanylyl cyclase 1 OS=Arabidopsis thaliana OX=3702 GN=GC1 PE=1 SV=1
g12243	21.2	0.4084	-0.199	NA	sp|O59952|LIP_THELA Lipase OS=Thermomyces lanuginosus OX=5541 GN=LIP PE=1 SV=1
g14495	19.4	0.3466	0.482	NA	
g11627	22.5	0.4575	0.566	NA	sp|Q3T9Z9|ZUP1_MOUSE Zinc finger-containing ubiquitin peptidase 1 OS=Mus musculus OX=10090 GN=Zup1 PE=2 SV=2
g3163	24.8	0.5388	0.409	NA	
g8670	22.3	0.4516	-0.272	NA	
g2164	15.8	0.2251	-0.579	NA	
g14653	22.1	0.4476	0.288	NA	
g7350	37.2	0.9795	1.572	0.2910	
g6819	21.3	0.4211	-0.443	NA	
g10667	32.5	0.8158	-1.443	0.1430	
g8530	20.3	0.3870	-1.038	NA	
g1709	27.5	0.6421	-1.590	0.1138	
g4547	19.6	0.3642	-0.493	NA	sp|Q3B7H2|TAM41_DANRE Phosphatidate cytidylyltransferase, mitochondrial OS=Danio rerio OX=7955 GN=tamm41 PE=2 SV=1
g4343	16.6	0.2620	0.298	NA	sp|P14248|RPB1_PLAFD DNA-directed RNA polymerase II subunit RPB1 OS=Plasmodium falciparum (isolate CDC / Honduras) OX=5836 GN=RPII PE=3 SV=1
g697	16.0	0.2428	0.336	NA	
g12410	19.7	0.3759	0.400	NA	sp|Q29RK2|PYC_BOVIN Pyruvate carboxylase, mitochondrial OS=Bos taurus OX=9913 GN=PC PE=2 SV=2
g10077	16.7	0.2658	0.693	NA	
g1002	15.1	0.2115	0.436	NA	
g516	19.2	0.3589	-0.671	NA	
g13800	24.6	0.5539	0.289	NA	sp|P0ABU3|YCHF_ECO57 Ribosome-binding ATPase YchF OS=Escherichia coli O157:H7 OX=83334 GN=ychF PE=3 SV=2
g3504	19.9	0.3852	0.163	NA	
g15667	18.2	0.3214	0.674	NA	
g15542	22.1	0.4651	0.239	NA	sp|Q68CL5|TPGS2_HUMAN Tubulin polyglutamylase complex subunit 2 OS=Homo sapiens OX=9606 GN=TPGS2 PE=1 SV=2
g3247	23.7	0.5220	-0.179	NA	
g16018	21.1	0.4281	0.847	NA	
g661	26.0	0.6079	1.106	0.5175	
g14465	16.4	0.2591	0.472	NA	sp|O04469|ECI1_ARATH Enoyl-CoA delta isomerase 1, peroxisomal OS=Arabidopsis thaliana OX=3702 GN=ECI1 PE=1 SV=1
g9312	30.7	0.7774	-1.433	0.1681	
g2824	25.7	0.5987	-0.646	NA	sp|Q16YG0|CDC42_AEDAE Cdc42 homolog OS=Aedes aegypti OX=7159 GN=Cdc42 PE=3 SV=1
g13802	16.5	0.2670	0.303	NA	
g8134	20.9	0.4280	0.015	NA	
g14692	27.8	0.6785	-1.523	0.1417	sp|Q5PQ50|NUD19_XENLA Acyl-coenzyme A diphosphatase NUDT19 OS=Xenopus laevis OX=8355 GN=nudt19 PE=2 SV=1
g11993	18.5	0.3410	-0.608	NA	
g550	16.2	0.2567	0.308	NA	
g15459	17.1	0.2914	0.045	NA	
g13085	14.7	0.2036	-0.082	NA	
g395	18.2	0.3318	0.549	NA	
g11487	25.5	0.6015	1.286	NA	
g7566	18.5	0.3470	0.205	NA	
g1629	23.6	0.5318	-0.569	NA	sp|O82659|CML20_ARATH Probable calcium-binding protein CML20 OS=Arabidopsis thaliana OX=3702 GN=CML20 PE=1 SV=1
g4585	29.0	0.7305	1.946	0.0937	
g1701	20.1	0.4041	-1.168	NA	
g15007	18.1	0.3338	0.328	NA	
g1655	15.8	0.2489	-0.402	NA	
g1946	35.1	0.9611	-0.403	0.8936	
g1602	22.5	0.4992	-1.007	NA	
g3028	44.5	1.3117	-0.824	0.6331	sp|A6H8T2|DNAI7_DANRE Dynein axonemal intermediate chain 7 OS=Danio rerio OX=7955 GN=dnai7 PE=2 SV=2
g8625	19.2	0.3751	-0.402	NA	
g443	32.8	0.8809	0.175	0.9634	sp|I7MHB1|DYL7_TETTS Dynein light chain 7 OS=Tetrahymena thermophila (strain SB210) OX=312017 GN=TTHERM_00348650 PE=1 SV=2
g9197	23.0	0.5184	-1.113	NA	
g14923	21.0	0.4449	-0.035	NA	sp|Q9BV44|THUM3_HUMAN tRNA (guanine(6)-N(2))-methyltransferase THUMP3 OS=Homo sapiens OX=9606 GN=THUMPD3 PE=1 SV=1
g518	18.9	0.3657	-0.195	NA	
g13958	15.5	0.2408	0.156	NA	
g5322	22.3	0.4938	-0.096	NA	
g6758	27.2	0.6772	0.302	0.9237	sp|Q8BGF3|DAA10_MOUSE Dynein axonemal assembly factor 10 OS=Mus musculus OX=10090 GN=Dnaaf10 PE=1 SV=1
g12233	21.2	0.4545	-0.391	NA	
g4796	15.7	0.2503	0.136	NA	sp|Q8TCB7|METL6_HUMAN tRNA N(3)-cytidine methyltransferase METTL6 OS=Homo sapiens OX=9606 GN=METTL6 PE=1 SV=2
g12836	41.1	1.1988	-0.133	0.9685	sp|P80363|CCB23_FAXLI Crustacean calcium-binding protein 23 OS=Faxonius limosus OX=28379 PE=1 SV=1
g8728	20.7	0.4412	-0.747	NA	
g11906	36.0	1.0139	-0.406	0.8690	sp|A2ARP9|CTSR2_MOUSE Cation channel sperm-associated protein 2 OS=Mus musculus OX=10090 GN=Catsper2 PE=1 SV=2
g13913	32.4	0.8792	1.458	0.3567	
g2106	24.0	0.5668	0.170	NA	
g3205	19.7	0.4066	-0.843	NA	
g801	20.7	0.4442	-0.028	NA	
g5538	22.1	0.5003	1.257	NA	
g2851	25.8	0.6402	1.016	0.5518	
g15235	21.4	0.4739	-0.152	NA	sp|O94111|DYL1_EMENI Dynein light chain, cytoplasmic OS=Emericella nidulans (strain FGSC A4 / ATCC 38163 / CBS 112.46 / NRRL 194 / M139) OX=227321 GN=nudG PE=3 SV=1
g5173	29.5	0.7799	0.687	0.6977	sp|Q8K2G4|BBS7_MOUSE BBSome complex member BBS7 OS=Mus musculus OX=10090 GN=Bbs7 PE=1 SV=1
g8744	32.0	0.8770	-0.162	0.9614	
g4583	16.3	0.2855	0.351	NA	
g9894	20.5	0.4448	-0.308	NA	
g14054	15.7	0.2622	0.168	NA	
g3934	15.0	0.2358	-0.130	NA	sp|A2YAG8|ATG12_ORYSI Ubiquitin-like protein ATG12 OS=Oryza sativa subsp. indica OX=39946 GN=ATG12 PE=3 SV=2
g15891	22.7	0.5307	-0.085	NA	sp|Q8JZW4|CPNE5_MOUSE Copine-5 OS=Mus musculus OX=10090 GN=Cpne5 PE=1 SV=1
g12270	18.1	0.3546	-0.391	NA	
g3025	14.7	0.2287	0.170	NA	sp|Q54MZ4|MCFB_DICDI Mitochondrial substrate carrier family protein B OS=Dictyostelium discoideum OX=44689 GN=mcfB PE=3 SV=1
g7495	19.0	0.3932	-0.610	NA	
g1143	20.3	0.4435	0.817	NA	
g8211	31.4	0.8662	-0.634	0.7513	sp|P51812|KS6A3_HUMAN Ribosomal protein S6 kinase alpha-3 OS=Homo sapiens OX=9606 GN=RPS6KA3 PE=1 SV=1
g14220	24.9	0.6171	-0.580	NA	
g5380	27.5	0.7183	-1.796	0.0721	
g4482	14.9	0.2388	-0.102	NA	
g6339	16.1	0.2821	0.213	NA	
g13186	16.2	0.2895	-0.442	NA	sp|A2Z5S8|UFC1_ORYSI Ubiquitin-fold modifier-conjugating enzyme 1 OS=Oryza sativa subsp. indica OX=39946 GN=OsI_33008 PE=3 SV=1
g2528	20.5	0.4538	0.929	NA	
g4023	17.6	0.3445	0.750	NA	
g4894	23.0	0.5507	0.881	NA	
g3265	19.7	0.4253	0.440	NA	
g10684	32.6	0.9283	1.093	0.4928	sp|Q9FUM8|HMT3_MAIZE Homocysteine S-methyltransferase 3 OS=Zea mays OX=4577 GN=HMT-3 PE=2 SV=1
g3140	41.0	1.2528	-0.379	0.8847	sp|Q02280|KCNAE_DROME Potassium voltage-gated channel protein eag OS=Drosophila melanogaster OX=7227 GN=eag PE=1 SV=2
g15643	23.3	0.5669	0.490	NA	
g3624	16.4	0.3030	-0.527	NA	sp|Q08DH8|XRCC3_BOVIN DNA repair protein XRCC3 OS=Bos taurus OX=9913 GN=XRCC3 PE=2 SV=1
g9523	30.7	0.8608	0.259	0.9349	sp|Q499Q5|MKS1_RAT Tectonic-like complex member MKS1 OS=Rattus norvegicus OX=10116 GN=Mks1 PE=2 SV=2
g7210	17.3	0.3387	0.108	NA	
g5450	18.7	0.3960	0.666	NA	
g14906	33.8	0.9836	-0.262	0.9439	
g4229	20.0	0.4479	-0.491	NA	
g1989	16.8	0.3232	-0.534	NA	
g15323	24.1	0.6084	-0.431	NA	
g4246	18.4	0.3885	-0.281	NA	
g2927	18.9	0.4080	0.547	NA	
g7666	20.1	0.4555	0.367	NA	
g1464	17.3	0.3461	0.303	NA	
g7403	22.6	0.5534	-1.282	NA	
g9323	24.2	0.6175	0.235	NA	sp|Q9M5A9|GPT1_ARATH Glucose-6-phosphate/phosphate translocator 1, chloroplastic OS=Arabidopsis thaliana OX=3702 GN=GPT1 PE=1 SV=1
g4308	20.7	0.4797	-0.477	NA	
g2536	20.4	0.4700	-1.409	NA	
g2543	16.6	0.3222	-0.531	NA	
g13817	11.8	0.1302	0.002	NA	sp|Q92123|AT1A1_XENLA Sodium/potassium-transporting ATPase subunit alpha-1 OS=Xenopus laevis OX=8355 GN=atp1a1 PE=2 SV=1
g10371	18.0	0.3777	-0.710	NA	sp|A6LQP7|NTPPA_CLOB8 dTTP/UTP pyrophosphatase OS=Clostridium beijerinckii (strain ATCC 51743 / NCIMB 8052) OX=290402 GN=Cbei_0489 PE=3 SV=1
g15564	17.0	0.3395	0.440	NA	sp|Q9M9L0|APC11_ARATH Anaphase-promoting complex subunit 11 OS=Arabidopsis thaliana OX=3702 GN=APC11 PE=1 SV=3
g1419	16.4	0.3155	0.503	NA	
g3314	20.0	0.4560	0.270	NA	sp|Q5I047|ACKMT_XENLA ATP synthase subunit C lysine N-methyltransferase OS=Xenopus laevis OX=8355 GN=atpsckmt PE=2 SV=1
g799	21.7	0.5282	0.237	NA	
g10642	12.6	0.1653	0.166	NA	sp|Q96LU5|IMP1L_HUMAN Mitochondrial inner membrane protease subunit 1 OS=Homo sapiens OX=9606 GN=IMMP1L PE=1 SV=1
g7594	32.5	0.9579	0.474	0.8673	
g2494	38.1	1.1809	-1.258	0.2358	
g217	17.0	0.3436	0.500	NA	sp|A4FV98|EFMT3_BOVIN EEF1A lysine methyltransferase 3 OS=Bos taurus OX=9913 GN=EEF1AKMT3 PE=2 SV=1
g8686	17.5	0.3659	-0.409	NA	
g1981	17.4	0.3601	0.571	NA	sp|O53176|Y2449_MYCTU Putative trans-acting enoyl reductase Rv2449c OS=Mycobacterium tuberculosis (strain ATCC 25618 / H37Rv) OX=83332 GN=Rv2449c PE=1 SV=3
g5002	13.0	0.1885	-0.430	NA	sp|Q9WYG0|Y325_THEMA Uncharacterized oxidoreductase TM_0325 OS=Thermotoga maritima (strain ATCC 43589 / DSM 3109 / JCM 10099 / NBRC 100826 / MSB8) OX=243274 GN=TM_0325 PE=3 SV=1
g934	14.1	0.2316	-0.500	NA	
g8856	14.0	0.2293	0.233	NA	sp|Q9KG32|Y283_HALH5 Uncharacterized isomerase BH0283 OS=Halalkalibacterium halodurans (strain ATCC BAA-125 / DSM 18197 / FERM 7344 / JCM 9153 / C-125) OX=272558 GN=BH0283 PE=3 SV=1
g16051	20.9	0.5092	-1.032	NA	
g7369	20.5	0.4959	0.338	NA	
g5688	17.9	0.3900	0.280	NA	sp|Q7U0Y2|ACDC_MYCBO Acyl-CoA dehydrogenase fadE12 OS=Mycobacterium bovis (strain ATCC BAA-935 / AF2122/97) OX=233413 GN=fadE12 PE=3 SV=1
g9308	16.0	0.3128	-0.270	NA	
g4740	22.1	0.5652	0.294	NA	
g2323	17.7	0.3871	-0.325	NA	
g13066	23.8	0.6362	-0.580	NA	
g4369	16.0	0.3170	-0.714	NA	
g11947	14.6	0.2639	-0.611	NA	
g10545	20.1	0.4881	0.020	NA	sp|Q495B1|AKD1A_HUMAN Ankyrin repeat and death domain-containing protein 1A OS=Homo sapiens OX=9606 GN=ANKDD1A PE=1 SV=2
g1771	16.4	0.3394	0.259	NA	
g12171	23.9	0.6461	-1.092	NA	
g14972	14.9	0.2766	-0.289	NA	
g13360	32.7	1.0060	1.477	0.2934	
g1562	27.9	0.8112	-1.400	0.2273	sp|F4JLE5|SFH1_ARATH Phosphatidylinositol/phosphatidylcholine transfer protein SFH1 OS=Arabidopsis thaliana OX=3702 GN=SFH1 PE=2 SV=1
g624	13.5	0.2212	-0.386	NA	
g3064	18.8	0.4411	0.701	NA	sp|P04146|COPIA_DROME Copia protein OS=Drosophila melanogaster OX=7227 GN=GIP PE=1 SV=3
g15622	19.3	0.4632	-0.836	NA	
g15904	15.5	0.3073	-0.078	NA	
g9216	17.5	0.3905	-0.513	NA	
g8222	35.3	1.1252	0.103	0.9829	
g5169	15.3	0.3006	-0.636	NA	
g9805	16.6	0.3569	0.208	NA	
g15191	18.1	0.4203	0.048	NA	
g1959	12.9	0.2054	-0.138	NA	sp|O32472|PHAJ_AERCA (R)-specific enoyl-CoA hydratase OS=Aeromonas caviae OX=648 GN=phaJ PE=1 SV=1
g12426	21.1	0.5484	-1.262	NA	
g7058	19.6	0.4878	-0.381	NA	
g8004	18.0	0.4202	-0.895	NA	
g2443	15.8	0.3291	0.649	NA	
g10898	17.3	0.3922	0.347	NA	
g16057	14.8	0.2868	-0.293	NA	
g1769	20.0	0.5037	0.952	NA	sp|Q96FG2|ELMD3_HUMAN ELMO domain-containing protein 3 OS=Homo sapiens OX=9606 GN=ELMOD3 PE=1 SV=2
g2307	24.7	0.7027	1.087	NA	
g6850	24.2	0.6827	-0.167	NA	sp|Q852Q2|OSK1_ORYSJ Serine/threonine protein kinase OSK1 OS=Oryza sativa subsp. japonica OX=39947 GN=OSK1 PE=1 SV=1
g2226	17.0	0.3814	0.815	NA	sp|Q9M2F8|CCR4B_ARATH Carbon catabolite repressor protein 4 homolog 2 OS=Arabidopsis thaliana OX=3702 GN=CCR4-2 PE=2 SV=2
g8467	22.1	0.5973	1.805	NA	
g6842	17.6	0.4050	1.075	NA	
g12852	43.7	1.5057	-1.265	0.4742	sp|Q5Z6B1|SEN2_ORYSJ Probable tRNA-splicing endonuclease subunit Sen2 OS=Oryza sativa subsp. japonica OX=39947 GN=Os06g0530700 PE=2 SV=1
g6499	14.7	0.2872	-0.249	NA	
g1743	17.7	0.4118	0.677	NA	
g1422	20.8	0.5469	0.314	NA	
g6176	13.6	0.2431	-0.085	NA	
g4776	17.4	0.4057	0.627	NA	
g4455	19.6	0.4989	0.520	NA	sp|P64159|END8A_MYCBO Endonuclease 8 1 OS=Mycobacterium bovis (strain ATCC BAA-935 / AF2122/97) OX=233413 GN=nei1 PE=3 SV=3
g903	17.5	0.4139	0.179	NA	sp|Q93XM7|MCAT_ARATH Mitochondrial carnitine/acylcarnitine carrier-like protein OS=Arabidopsis thaliana OX=3702 GN=BOU PE=1 SV=1
g12573	16.2	0.3588	0.753	NA	
g15799	25.8	0.7669	-1.456	0.3358	sp|Q149M9|NWD1_HUMAN NACHT domain- and WD repeat-containing protein 1 OS=Homo sapiens OX=9606 GN=NWD1 PE=1 SV=3
g15000	15.6	0.3339	0.214	NA	sp|Q21921|SIR2_CAEEL NAD-dependent protein deacetylase sir-2.1 OS=Caenorhabditis elegans OX=6239 GN=sir-2.1 PE=1 SV=1
g10581	21.0	0.5632	0.349	NA	
g9741	18.8	0.4703	0.146	NA	
g10681	13.0	0.2226	-0.075	NA	sp|P0AAV9|YBHH_ECOL6 Putative isomerase YbhH OS=Escherichia coli O6:H1 (strain CFT073 / ATCC 700928 / UPEC) OX=199310 GN=ybhH PE=3 SV=1
g3798	19.0	0.4829	1.412	NA	
g11944	20.0	0.5296	-1.488	NA	
g3826	14.5	0.2934	0.012	NA	sp|Q9H8H3|TMT1A_HUMAN Thiol S-methyltransferase TMT1A OS=Homo sapiens OX=9606 GN=TMT1A PE=1 SV=1
g13780	22.7	0.6465	0.027	NA	
g14249	13.9	0.2711	0.044	NA	sp|Q9H0I2|ENKD1_HUMAN Enkurin domain-containing protein 1 OS=Homo sapiens OX=9606 GN=ENKD1 PE=1 SV=1
g15532	20.0	0.5347	0.797	NA	sp|P42322|CANB1_NAEGR Calcineurin subunit B OS=Naegleria gruberi OX=5762 GN=CNB1 PE=3 SV=1
g10357	14.9	0.3127	-0.660	NA	
g9800	18.4	0.4666	0.834	NA	
g12033	27.4	0.8563	-1.162	0.5375	
g14703	14.0	0.2780	-0.428	NA	sp|Q88Z39|PTH_LACPL Peptidyl-tRNA hydrolase OS=Lactiplantibacillus plantarum (strain ATCC BAA-793 / NCIMB 8826 / WCFS1) OX=220668 GN=pth PE=3 SV=1
g14347	28.5	0.9100	-0.221	0.9509	
g6837	14.1	0.2789	0.539	NA	
g599	24.7	0.7416	-0.732	NA	
g7727	18.8	0.4850	-0.505	NA	sp|A0A2H3D8Y2|ARMD4_ARMGA Short-chain dehydrogenase/reductase ARMGADRAFT_1018421 OS=Armillaria gallica OX=47427 GN=ARMGADRAFT_1018421 PE=1 SV=1
g4832	22.1	0.6311	0.025	NA	
g14815	13.0	0.2368	0.065	NA	
g7518	18.1	0.4582	-0.043	NA	
g12875	16.6	0.3942	0.365	NA	sp|Q7XPJ0|KN14I_ORYSJ Kinesin-like protein KIN-14I OS=Oryza sativa subsp. japonica OX=39947 GN=KIN14I PE=2 SV=1
g11180	25.4	0.7792	0.992	NA	
g14106	17.3	0.4283	-0.786	NA	
g7866	16.2	0.3773	-0.615	NA	
g7368	19.7	0.5347	0.657	NA	
g6242	21.9	0.6293	-1.094	NA	sp|P13607|ATNA_DROME Sodium/potassium-transporting ATPase subunit alpha OS=Drosophila melanogaster OX=7227 GN=Atpalpha PE=1 SV=3
g8820	30.0	0.9883	-0.953	0.5171	
g5452	23.8	0.7132	-1.466	NA	sp|Q9V6U9|MECR_DROME Enoyl-[acyl-carrier-protein] reductase, mitochondrial OS=Drosophila melanogaster OX=7227 GN=Mecr PE=1 SV=2
g3612	16.0	0.3715	0.653	NA	
g15511	15.0	0.3276	0.663	NA	sp|P0CG11|CTF8_BOVIN Chromosome transmission fidelity protein 8 homolog OS=Bos taurus OX=9913 GN=CHTF8 PE=3 SV=1
g7218	19.3	0.5230	-0.272	NA	sp|Q66HD8|F221B_RAT Protein FAM221B OS=Rattus norvegicus OX=10116 GN=Fam221b PE=1 SV=1
g3995	23.8	0.7226	0.035	NA	sp|P80299|HYES_RAT Bifunctional epoxide hydrolase 2 OS=Rattus norvegicus OX=10116 GN=Ephx2 PE=1 SV=1
g9331	13.5	0.2648	0.353	NA	
g15151	23.1	0.6908	0.337	NA	
g226	18.8	0.5034	-0.148	NA	
g12599	28.0	0.9109	0.627	0.7886	
g10036	19.3	0.5264	-0.332	NA	
g9959	19.5	0.5360	0.008	NA	
g1117	14.5	0.3127	0.353	NA	
g8787	22.7	0.6795	0.651	NA	
g14331	15.0	0.3361	0.811	NA	
g6244	15.1	0.3422	-0.478	NA	
g9288	17.7	0.4610	0.662	NA	
g1777	23.6	0.7245	1.640	NA	
g16079	21.0	0.6132	0.494	NA	
g13185	17.0	0.4322	0.454	NA	
g1935	26.7	0.8751	0.650	0.8001	
g14452	21.9	0.6589	-0.481	NA	
g7424	18.9	0.5228	-0.996	NA	
g2163	16.5	0.4157	-0.687	NA	sp|O15182|CETN3_HUMAN Centrin-3 OS=Homo sapiens OX=9606 GN=CETN3 PE=1 SV=2
g7281	30.6	1.0513	-0.807	0.7552	
g10276	17.7	0.4707	0.437	NA	sp|Q9SD88|ASTER_ARATH Protein Asterix OS=Arabidopsis thaliana OX=3702 GN=At5g07960 PE=3 SV=1
g5024	16.9	0.4359	0.906	NA	
g14985	14.6	0.3346	0.647	NA	sp|Q6KH30|KITH_MYCM1 Thymidine kinase OS=Mycoplasma mobile (strain ATCC 43663 / 163K / NCTC 11711) OX=267748 GN=tdk PE=3 SV=1
g3266	21.0	0.6247	1.795	NA	sp|C5BDA3|CLSA_EDWI9 Cardiolipin synthase A OS=Edwardsiella ictaluri (strain 93-146) OX=634503 GN=clsA PE=3 SV=1
g13218	25.5	0.8301	1.112	NA	
g14659	16.2	0.4067	-0.177	NA	sp|Q63068|PHAX_RAT Phosphorylated adapter RNA export protein OS=Rattus norvegicus OX=10116 GN=Phax PE=1 SV=2
g4069	17.6	0.4705	0.334	NA	
g4180	22.9	0.7164	0.619	NA	
g11549	19.6	0.5673	-0.545	NA	
g14523	15.2	0.3685	0.209	NA	
g5625	19.8	0.5835	-0.041	NA	sp|Q9Y3B1|PLD3B_HUMAN PRELI domain containing protein 3B OS=Homo sapiens OX=9606 GN=PRELID3B PE=1 SV=2
g12241	23.2	0.7413	-0.801	NA	sp|Q5S248|TM11E_MOUSE Transmembrane protease serine 11E OS=Mus musculus OX=10090 GN=Tmprss11e PE=1 SV=2
g6061	20.3	0.6064	-1.469	NA	
g8248	18.3	0.5168	-1.446	NA	
g4666	33.0	1.2024	0.035	0.9921	
g12769	18.6	0.5337	-0.393	NA	
g11845	21.4	0.6667	-1.389	NA	
g10032	18.2	0.5175	0.667	NA	
g11979	19.0	0.5580	1.071	NA	sp|Q9RPT1|RHLG_PSEAE Rhamnolipids biosynthesis 3-oxoacyl-[acyl-carrier-protein] reductase OS=Pseudomonas aeruginosa (strain ATCC 15692 / DSM 22644 / CIP 104116 / JCM 14847 / LMG 12228 / 1C / PRS 101 / PAO1) OX=208964 GN=rhlG PE=1 SV=1
g8174	14.3	0.3397	-0.131	NA	
g14444	18.4	0.5326	1.657	NA	
g12965	15.0	0.3722	0.413	NA	
g2264	17.6	0.4947	0.504	NA	
g7605	16.1	0.4234	0.469	NA	sp|Q5BLD8|MT21A_DANRE Protein N-lysine methyltransferase METTL21A OS=Danio rerio OX=7955 GN=mettl21a PE=2 SV=1
g922	13.8	0.3155	0.486	NA	
g2589	15.8	0.4111	-0.416	NA	
g11653	29.0	1.0353	-0.226	0.9482	sp|B3MJV8|WDR12_DROAN Ribosome biogenesis protein WDR12 homolog OS=Drosophila ananassae OX=7217 GN=GF14067 PE=3 SV=1
g5582	14.5	0.3544	-0.604	NA	
g8756	13.7	0.3163	0.055	NA	
g209	14.6	0.3593	0.498	NA	sp|O67550|EX53_AQUAE 5'-3' exonuclease OS=Aquifex aeolicus (strain VF5) OX=224324 GN=aq_1628 PE=3 SV=1
g876	13.2	0.2928	0.585	NA	
g11580	15.1	0.3866	0.328	NA	sp|Q52995|ECHH_RHIME Probable enoyl-CoA hydratase OS=Rhizobium meliloti (strain 1021) OX=266834 GN=fadB1 PE=3 SV=2
g3824	23.8	0.8018	-1.213	NA	
g10262	17.1	0.4816	-0.552	NA	
g1144	17.9	0.5224	0.978	NA	sp|O24496|GLO2C_ARATH Hydroxyacylglutathione hydrolase cytoplasmic OS=Arabidopsis thaliana OX=3702 GN=GLX2-2 PE=1 SV=2
g10710	18.5	0.5551	0.243	NA	sp|B1AVY7|KI16B_MOUSE Kinesin-like protein KIF16B OS=Mus musculus OX=10090 GN=Kif16b PE=1 SV=1
g6554	11.7	0.2284	-0.140	NA	
g11412	19.2	0.5871	1.090	NA	
g13252	14.4	0.3571	-0.429	NA	
g5451	16.3	0.4481	0.107	NA	
g1052	19.5	0.6018	0.031	NA	
g6180	26.6	0.9488	0.176	0.9611	
g3850	14.1	0.3465	0.634	NA	
g8828	15.2	0.4000	-0.705	NA	sp|Q9BU70|TRMO_HUMAN tRNA (adenine(37)-N6)-methyltransferase OS=Homo sapiens OX=9606 GN=TRMO PE=1 SV=2
g1739	30.3	1.1355	0.140	0.9690	
g13054	28.4	1.0456	1.865	0.1825	sp|O18635|C12A2_MUSDO Cytochrome P450 CYP12A2 OS=Musca domestica OX=7370 GN=CYP12A2 PE=2 SV=1
g9653	14.6	0.3769	-0.823	NA	
g13122	17.4	0.5163	1.318	NA	sp|A8IAD8|RUTD_AZOC5 Putative carbamate hydrolase RutD OS=Azorhizobium caulinodans (strain ATCC 43989 / DSM 5975 / JCM 20966 / LMG 6465 / NBRC 14845 / NCIMB 13405 / ORS 571) OX=438753 GN=rutD PE=3 SV=1
g6103	18.1	0.5530	-0.905	NA	
g12924	20.3	0.6579	1.011	NA	
g9848	15.5	0.4261	-0.549	NA	sp|S0ENH1|FUS7_GIBF5 Putative aldehyde dehydrogenase FUS7 OS=Gibberella fujikuroi (strain CBS 195.34 / IMI 58289 / NRRL A-6831) OX=1279085 GN=FUS7 PE=2 SV=1
g13318	15.1	0.4081	-0.456	NA	
g5032	16.0	0.4540	0.448	NA	
g4423	18.2	0.5608	-1.011	NA	
g12649	21.7	0.7348	0.320	NA	sp|Q9LP51|CIPKI_ARATH CBL-interacting serine/threonine-protein kinase 18 OS=Arabidopsis thaliana OX=3702 GN=CIPK18 PE=1 SV=1
g4347	11.1	0.2149	0.466	NA	
g11488	15.7	0.4421	-0.344	NA	sp|Q9NUD9|PIGV_HUMAN GPI alpha-1,6-mannosyltransferase 2 OS=Homo sapiens OX=9606 GN=PIGV PE=1 SV=1
g11213	21.9	0.7496	-0.165	NA	
g3026	14.4	0.3821	0.349	NA	
g12826	14.0	0.3631	-0.570	NA	
g13586	15.3	0.4298	0.188	NA	
g11068	13.5	0.3391	-0.210	NA	
g4426	12.8	0.3054	-0.405	NA	
g10370	21.4	0.7397	-1.169	NA	sp|O15539|RGS5_HUMAN Regulator of G protein signaling 5 OS=Homo sapiens OX=9606 GN=RGS5 PE=1 SV=1
g9562	19.3	0.6324	0.252	NA	
g11408	15.2	0.4277	-0.096	NA	
g11758	8.9	0.1155	-0.063	NA	
g13098	14.5	0.3972	0.337	NA	
g14605	16.5	0.4989	-0.871	NA	
g8473	15.8	0.4642	-0.325	NA	sp|Q2KIJ2|MET18_BOVIN Histidine protein methyltransferase 1 homolog OS=Bos taurus OX=9913 GN=METTL18 PE=2 SV=1
g4584	12.2	0.2821	0.209	NA	
g7307	15.2	0.4324	-0.901	NA	
g4642	12.4	0.2945	0.629	NA	
g332	12.2	0.2798	0.163	NA	
g8267	16.3	0.4897	-1.147	NA	
g14000	12.9	0.3194	-0.162	NA	
g10090	12.4	0.2966	-0.691	NA	
g3483	11.7	0.2632	-0.650	NA	
g14122	19.5	0.6595	-0.217	NA	
g3673	11.9	0.2735	0.597	NA	
g15483	20.8	0.7279	-0.655	NA	
g4158	25.8	0.9873	1.449	0.3082	
g13129	16.7	0.5215	-0.760	NA	sp|Q9M8K7|DUS1B_ARATH Dual specificity protein phosphatase 1B OS=Arabidopsis thaliana OX=3702 GN=DSPTP1B PE=1 SV=1
g17	13.5	0.3566	-0.935	NA	sp|Q42681|H31_CHLRE Histone H3 type 1 OS=Chlamydomonas reinhardtii OX=3055 GN=ch3-I PE=1 SV=1
g4005	16.2	0.4990	0.543	NA	
g14157	18.6	0.6240	-0.009	NA	sp|Q14679|TTLL4_HUMAN Tubulin monoglutamylase TTLL4 OS=Homo sapiens OX=9606 GN=TTLL4 PE=1 SV=2
g13618	15.9	0.4891	-0.613	NA	
g199	19.3	0.6654	-0.204	NA	
g538	27.1	1.0742	-0.705	0.7200	sp|Q7XJ96|DRC4_CHLRE Dynein regulatory complex subunit 4 OS=Chlamydomonas reinhardtii OX=3055 GN=DRC4 PE=1 SV=1
g15221	12.2	0.3004	-0.749	NA	sp|Q08DB2|STN1_BOVIN CST complex subunit STN1 OS=Bos taurus OX=9913 GN=STN1 PE=2 SV=1
g7353	18.7	0.6413	1.162	NA	sp|Q23K29|TTL3D_TETTS Tubulin glycylase 3D OS=Tetrahymena thermophila (strain SB210) OX=312017 GN=TTLL3D PE=3 SV=2
g340	15.3	0.4630	0.385	NA	sp|P40586|YIW2_YEAST Uncharacterized protein YIR042C OS=Saccharomyces cerevisiae (strain ATCC 204508 / S288c) OX=559292 GN=YIR042C PE=4 SV=1
g3597	23.2	0.8763	-0.188	NA	
g14043	17.5	0.5835	-0.088	NA	sp|Q72AT2|ACPS_NITV2 Holo-[acyl-carrier-protein] synthase OS=Nitratidesulfovibrio vulgaris (strain ATCC 29579 / DSM 644 / CCUG 34227 / NCIMB 8303 / VKM B-1760 / Hildenborough) OX=882 GN=acpS PE=3 SV=1
g3572	13.9	0.3908	-0.484	NA	sp|P77455|PAAZ_ECOLI Bifunctional protein PaaZ OS=Escherichia coli (strain K12) OX=83333 GN=paaZ PE=1 SV=1
g1054	13.0	0.3451	-0.881	NA	
g15491	12.1	0.2998	-0.027	NA	
g11107	20.2	0.7285	0.267	NA	sp|Q9U1M8|MYOI_DICDI Myosin-I heavy chain OS=Dictyostelium discoideum OX=44689 GN=myoI PE=1 SV=1
g16061	17.7	0.6008	0.686	NA	
g15931	14.6	0.4379	-0.162	NA	
g1434	17.0	0.5632	0.433	NA	
g9332	15.0	0.4623	-0.121	NA	
g7533	19.4	0.6979	0.390	NA	sp|O94111|DYL1_EMENI Dynein light chain, cytoplasmic OS=Emericella nidulans (strain FGSC A4 / ATCC 38163 / CBS 112.46 / NRRL 194 / M139) OX=227321 GN=nudG PE=3 SV=1
g10742	17.4	0.5897	1.111	NA	sp|Q51389|GLPF_PSEAE Glycerol uptake facilitator protein OS=Pseudomonas aeruginosa (strain ATCC 15692 / DSM 22644 / CIP 104116 / JCM 14847 / LMG 12228 / 1C / PRS 101 / PAO1) OX=208964 GN=glpF PE=3 SV=2
g11524	14.2	0.4224	-0.195	NA	
g1767	11.9	0.3020	0.227	NA	
g15320	12.2	0.3143	0.221	NA	sp|D8MKW4|TATD_ERWBE 3'-5' ssDNA/RNA exonuclease TatD OS=Erwinia billingiae (strain Eb661) OX=634500 GN=tatD PE=3 SV=1
g491	14.5	0.4415	-0.081	NA	
g8077	13.3	0.3766	0.400	NA	
g8907	22.7	0.8829	0.530	NA	sp|Q8L649|BB_ARATH E3 ubiquitin-protein ligase BIG BROTHER OS=Arabidopsis thaliana OX=3702 GN=BB PE=1 SV=1
g2724	13.5	0.3948	-0.211	NA	
g1019	13.9	0.4140	-0.727	NA	sp|B1H369|HDAC8_XENTR Histone deacetylase 8 OS=Xenopus tropicalis OX=8364 GN=hdac8 PE=2 SV=1
g8335	30.5	1.3122	0.067	0.9856	
g277	11.3	0.2790	0.284	NA	
g5834	17.6	0.6208	-0.348	NA	
g15726	16.3	0.5532	-1.010	NA	
g9271	12.8	0.3650	0.134	NA	sp|P23586|STP1_ARATH Sugar transport protein 1 OS=Arabidopsis thaliana OX=3702 GN=STP1 PE=1 SV=2
g2054	9.2	0.1702	0.143	NA	sp|Q9VIK9|EFNMT_DROME eEF1A lysine and N-terminal methyltransferase homolog OS=Drosophila melanogaster OX=7227 GN=CG2614 PE=2 SV=1
g238	13.6	0.4068	-0.080	NA	
g13533	13.4	0.3967	-1.079	NA	
g5752	13.0	0.3742	-0.892	NA	
g10964	12.1	0.3263	-0.283	NA	
g10280	16.9	0.5936	0.363	NA	
g2006	24.4	1.0129	-0.400	NA	sp|D4P3R7|CFA74_CHLRE Cilia- and flagella-associated protein 74 OS=Chlamydomonas reinhardtii OX=3055 GN=CFAP74 PE=1 SV=1
g10056	11.6	0.3036	-0.174	NA	
g2327	11.5	0.3042	0.272	NA	
g5784	13.1	0.3940	0.124	NA	
g12585	16.0	0.5551	0.495	NA	sp|O23939|ENOX_FRAVE 2-methylene-furan-3-one reductase OS=Fragaria vesca OX=57918 GN=EO PE=2 SV=2
g15881	20.4	0.7986	0.088	NA	
g12933	22.5	0.9203	-0.136	NA	
g15869	13.0	0.3953	0.196	NA	sp|Q9ZT94|POLR2_ARATH Retrovirus-related Pol polyprotein from transposon RE2 OS=Arabidopsis thaliana OX=3702 GN=RE2 PE=4 SV=1
g3403	15.3	0.5196	0.582	NA	
g15030	19.0	0.7295	1.447	NA	
g13349	13.8	0.4384	0.463	NA	
g4722	11.1	0.2990	0.694	NA	
g11968	11.1	0.2995	0.113	NA	
g13881	9.6	0.2106	-0.551	NA	
g5769	17.5	0.6603	0.299	NA	
g14057	16.5	0.6065	-0.368	NA	sp|Q8TDX7|NEK7_HUMAN Serine/threonine-protein kinase Nek7 OS=Homo sapiens OX=9606 GN=NEK7 PE=1 SV=1
g6970	14.1	0.4717	-0.323	NA	
g15828	15.0	0.5244	0.868	NA	
g6973	19.1	0.7637	0.492	NA	
g9205	11.5	0.3276	0.154	NA	sp|Q54HH8|SMDL_DICDI Small nuclear ribonucleoprotein Sm D-like protein OS=Dictyostelium discoideum OX=44689 GN=DDB_G0289453 PE=3 SV=1
g4255	14.0	0.4765	-0.422	NA	
g10997	16.3	0.6143	-0.386	NA	
g1947	12.0	0.3652	1.004	NA	sp|Q08AX9|SANBR_XENLA SANT and BTB domain regulator of class switch recombination OS=Xenopus laevis OX=8355 GN=sanbr PE=2 SV=1
g8404	9.4	0.2170	-0.190	NA	
g4138	9.9	0.2440	0.319	NA	
g4044	13.9	0.4839	1.321	NA	sp|Q9Z1P7|KANK3_MOUSE KN motif and ankyrin repeat domain-containing protein 3 OS=Mus musculus OX=10090 GN=Kank3 PE=1 SV=1
g14490	12.4	0.3980	0.211	NA	
g4006	14.0	0.4908	0.444	NA	
g8301	21.5	0.9282	-1.784	NA	
g11890	13.1	0.4432	-0.482	NA	
g10492	24.9	1.1362	-0.362	NA	
g8320	10.1	0.2669	-0.065	NA	
g10548	14.9	0.5515	-1.623	NA	
g11652	14.1	0.5021	0.531	NA	
g9793	15.5	0.5914	0.651	NA	
g6639	13.0	0.4431	-0.731	NA	
g8859	14.8	0.5513	-0.912	NA	
g10161	10.5	0.2958	-0.091	NA	sp|Q7ZVX0|CCNL1_DANRE Cyclin-L1 OS=Danio rerio OX=7955 GN=ccnl1 PE=1 SV=1
g9627	9.6	0.2432	0.306	NA	
g12726	7.8	0.1400	-0.014	NA	
g1440	10.1	0.2744	0.633	NA	sp|Q9JHB4|WDR31_MOUSE WD repeat-containing protein 31 OS=Mus musculus OX=10090 GN=Wdr31 PE=2 SV=1
g1679	13.7	0.5004	0.478	NA	sp|Q5BLD8|MT21A_DANRE Protein N-lysine methyltransferase METTL21A OS=Danio rerio OX=7955 GN=mettl21a PE=2 SV=1
g13707	10.1	0.2815	0.287	NA	sp|P0CB42|ALKB1_MOUSE Nucleic acid dioxygenase ALKBH1 OS=Mus musculus OX=10090 GN=Alkbh1 PE=1 SV=1
g11457	14.4	0.5467	-0.014	NA	
g1896	13.4	0.4856	-0.188	NA	
g9595	13.7	0.5036	-0.501	NA	
g2374	13.4	0.4946	-0.540	NA	
g7009	9.7	0.2665	-0.343	NA	
g6236	21.8	1.0273	-0.259	NA	
g7057	9.8	0.2821	0.057	NA	
g6784	11.4	0.3829	0.635	NA	
g15674	15.9	0.6656	0.852	NA	
g12937	16.3	0.6934	0.836	NA	
g11252	18.8	0.8586	1.209	NA	
g14600	13.8	0.5441	-0.880	NA	
g8146	21.6	1.0420	-0.885	NA	sp|Q8BLD6|ANR55_MOUSE Ankyrin repeat domain-containing protein 55 OS=Mus musculus OX=10090 GN=Ankrd55 PE=1 SV=2
g6629	14.3	0.5799	-0.365	NA	
g15705	15.0	0.6333	1.224	NA	
g13007	14.5	0.6014	0.708	NA	
g3084	16.9	0.7633	0.794	NA	sp|K4BW79|ENOX_SOLLC 2-methylene-furan-3-one reductase OS=Solanum lycopersicum OX=4081 GN=EO PE=1 SV=1
g14158	12.6	0.4902	-0.429	NA	sp|Q86X83|COMD2_HUMAN COMM domain-containing protein 2 OS=Homo sapiens OX=9606 GN=COMMD2 PE=1 SV=2
g9522	13.8	0.5717	-0.646	NA	
g10304	13.7	0.5709	-1.269	NA	
g6923	17.0	0.7915	1.338	NA	
g13487	8.4	0.2233	0.514	NA	sp|A8XXC0|TTL12_CAEBR Tubulin--tyrosine ligase-like protein 12 OS=Caenorhabditis briggsae OX=6238 GN=ttll-12 PE=3 SV=2
g10196	8.3	0.2203	0.017	NA	
g7956	15.5	0.7017	-0.624	NA	
g8968	10.4	0.3634	-0.065	NA	
g12056	9.5	0.3044	-0.252	NA	
g8583	10.5	0.3756	-0.708	NA	
g12190	10.4	0.3678	-0.161	NA	
g3240	11.7	0.4603	-0.653	NA	
g9827	11.4	0.4419	-0.446	NA	
g12436	8.8	0.2645	-0.143	NA	
g9058	10.4	0.3780	-0.402	NA	
g5665	14.7	0.6863	0.016	NA	
g13730	8.7	0.2764	-0.205	NA	
g14377	9.9	0.3600	-0.601	NA	
g11174	7.6	0.1994	-0.478	NA	
g6615	11.0	0.4425	0.004	NA	
g6712	12.8	0.5703	-0.112	NA	
g6545	12.3	0.5330	-0.918	NA	
g3827	7.8	0.2140	0.355	NA	
g15329	11.7	0.5014	0.204	NA	
g9060	18.0	0.9446	0.128	NA	sp|F2Z461|HERC6_MOUSE E3 ISG15--protein ligase Herc6 OS=Mus musculus OX=10090 GN=Herc6 PE=2 SV=1
g7025	12.3	0.5728	0.235	NA	
g11880	9.6	0.3775	0.250	NA	
g3127	11.7	0.5385	-0.847	NA	
g6900	8.9	0.3322	-0.624	NA	
g15202	11.0	0.4944	0.936	NA	
g9922	7.6	0.2414	-0.174	NA	
g2997	11.4	0.5359	0.857	NA	
g1250	10.7	0.4856	-0.682	NA	
g7433	10.2	0.4529	0.543	NA	
g12086	17.3	1.0121	-0.114	NA	
g6205	7.8	0.2753	0.150	NA	
g12257	10.9	0.5204	-0.094	NA	
g6216	7.6	0.2729	-0.448	NA	
g7754	12.3	0.6481	0.999	NA	
g9813	15.3	0.8900	-0.193	NA	
g11124	11.3	0.5684	-0.846	NA	
g10631	10.7	0.5526	0.821	NA	
g1078	10.5	0.5860	0.400	NA	
g8974	11.2	0.6570	-0.030	NA	sp|Q9Z324|DPM2_MOUSE Dolichol phosphate-mannose biosynthesis regulatory protein OS=Mus musculus OX=10090 GN=Dpm2 PE=3 SV=3
g675	8.6	0.4420	-0.663	NA	
g15709	7.4	0.3539	0.233	NA	
g11915	8.5	0.4689	0.813	NA	
g5702	10.5	0.7110	0.922	NA	
