gene	scaf	strand	n_exons	n_introns	utr5_start	utr5_end	utr5_len	utr3_start	utr3_end	utr3_len	n_utr5_introns	first_intron_start	first_intron_end
g827	Scaffolds_1	+	4	3			0	1336823	1337105	283	0	1331650	1332484
g14235	Scaffolds_4	-	1	0	2423537	2423776	240			0	0		
g5520	Scaffolds_19	+	1	0			0	718411	718560	150	0		
g11097	Scaffolds_29	-	1	0			0			0	0		
g2206	Scaffolds_14	-	1	0	483589	483631	43			0	0		
g9463	Scaffolds_25	+	1	0			0	511059	511697	639	0		
g5694	Scaffolds_19	-	1	0	1291375	1292506	1132			0	0		
g9189	Scaffolds_24	-	1	0	1354068	1354680	613			0	0		
g14162	Scaffolds_4	+	1	0			0			0	0		
g15361	Scaffolds_7	-	1	0	594578	594672	95			0	0		
g227	Scaffolds_0	+	1	0			0	933562	933632	71	0		
g10543	Scaffolds_28	+	8	7			0	793141	793225	85	0	786377	786504
g12706	Scaffolds_32	-	1	0	589186	589221	36			0	0		
g2560	Scaffolds_14	-	3	2			0			0	0	1716709	1717275
g2121	Scaffolds_14	-	1	0			0			0	0		
g3838	Scaffolds_17	+	1	0			0			0	0		
g14828	Scaffolds_5	-	3	2	975927	976023	97			0	0	975128	975183
g11466	Scaffolds_3	+	1	0			0			0	0		
g11084	Scaffolds_29	+	4	3			0	1843151	1843850	700	0	1842001	1842202
g4105	Scaffolds_17	-	1	0			0			0	0		
g2766	Scaffolds_15	+	4	3			0	628786	628972	187	0	626950	627334
g10868	Scaffolds_29	+	3	2			0	1033804	1033925	122	0	1024893	1026796
g13210	Scaffolds_33	-	1	0			0			0	0		
g6673	Scaffolds_20	-	1	0	874858	874958	101			0	0		
g979	Scaffolds_10	+	1	0			0			0	0		
g2861	Scaffolds_15	+	1	0			0	1036050	1036137	88	0		
g9251	Scaffolds_24	+	2	1			0	1589482	1591474	1993	0	1588344	1588389
g14921	Scaffolds_5	-	2	1			0			0	0	1322105	1323759
g9828	Scaffolds_26	+	1	0			0	386820	386960	141	0		
g2873	Scaffolds_15	+	3	2			0	1103614	1104113	500	0	1100689	1101047
g9208	Scaffolds_24	-	1	0			0			0	0		
g6093	Scaffolds_2	-	3	2	235816	235942	127			0	0	232176	235520
g14634	Scaffolds_5	+	1	0			0			0	0		
g5006	Scaffolds_18	-	1	0	2739376	2739408	33			0	0		
g15830	Scaffolds_9	+	1	0			0			0	0		
g10972	Scaffolds_29	+	1	0			0			0	0		
g3160	Scaffolds_15	+	1	0			0			0	0		
g1020	Scaffolds_10	-	1	0	731448	731483	36			0	0		
g5810	Scaffolds_19	+	4	3			0	1718230	1718387	158	0	1710002	1710102
g13803	Scaffolds_4	-	2	1	833164	833473	310			0	0	819766	819807
g7520	Scaffolds_21	-	1	0	1816275	1817550	1276			0	0		
g2683	Scaffolds_15	+	1	0			0			0	0		
g11446	Scaffolds_29	-	2	1			0			0	0	3166319	3166762
g8700	Scaffolds_23	-	4	3	1499440	1500495	1056			0	0	1465920	1465971
g919	Scaffolds_10	-	1	0			0			0	0		
g12521	Scaffolds_31	-	1	0			0			0	0		
g6630	Scaffolds_20	-	1	0			0			0	0		
g10324	Scaffolds_27	-	1	0			0			0	0		
g10511	Scaffolds_28	+	1	0			0	670032	670140	109	0		
g13341	Scaffolds_33	+	1	0			0			0	0		
g7840	Scaffolds_22	+	2	1			0	267638	268014	377	0	265029	265095
g10478	Scaffolds_28	-	1	0			0			0	0		
g11561	Scaffolds_3	-	8	7			0			0	0	369372	370771
g2102	Scaffolds_14	+	4	3			0	129556	129952	397	0	128399	128527
g15046	Scaffolds_6	+	1	0			0			0	0		
g9692	Scaffolds_25	+	1	0			0	1372278	1372359	82	0		
g9469	Scaffolds_25	+	4	3			0	534442	534664	223	0	532673	532733
g5698	Scaffolds_19	-	1	0	1306157	1306190	34			0	0		
g3564	Scaffolds_16	-	1	0	765744	765971	228			0	0		
g10839	Scaffolds_29	-	1	0			0			0	0		
g2184	Scaffolds_14	+	1	0			0			0	0		
g7519	Scaffolds_21	+	1	0			0			0	0		
g15924	Scaffolds_9	-	1	0			0			0	0		
g2400	Scaffolds_14	-	2	1			0			0	0	1174303	1174948
g15277	Scaffolds_7	+	1	0			0	279901	281355	1455	0		
g15631	Scaffolds_8	-	1	0			0			0	0		
g4979	Scaffolds_18	+	1	0			0			0	0		
g6042	Scaffolds_19	-	1	0			0			0	0		
g12183	Scaffolds_31	-	3	2			0			0	0	41886	41972
g13480	Scaffolds_33	+	1	0			0			0	0		
g7143	Scaffolds_21	+	1	0			0			0	0		
g4386	Scaffolds_18	-	1	0			0			0	0		
g13635	Scaffolds_4	+	1	0			0			0	0		
g1098	Scaffolds_10	-	2	1			0			0	0	985459	986558
g376	Scaffolds_0	-	1	0	1423499	1423752	254			0	0		
g11205	Scaffolds_29	+	3	2			0	2298590	2298961	372	0	2296278	2296445
g11898	Scaffolds_3	+	1	0			0			0	0		
g7899	Scaffolds_22	-	1	0			0			0	0		
g258	Scaffolds_0	+	1	0			0			0	0		
g7480	Scaffolds_21	+	1	0			0			0	0		
g7086	Scaffolds_21	+	1	0			0			0	0		
g9995	Scaffolds_26	+	1	0			0			0	0		
g2576	Scaffolds_14	-	1	0			0			0	0		
g5136	Scaffolds_18	+	1	0			0			0	0		
g15729	Scaffolds_8	+	4	3			0	1400870	1401560	691	0	1396087	1396158
g12579	Scaffolds_32	+	3	2			0	185922	186054	133	0	183347	183486
g7435	Scaffolds_21	+	2	1			0	1493480	1494897	1418	0	1492591	1492905
g12156	Scaffolds_30	+	1	0			0			0	0		
g14268	Scaffolds_4	-	1	0	2536788	2536879	92			0	0		
g2159	Scaffolds_14	+	5	4			0	326396	326535	140	0	325059	325263
g13368	Scaffolds_33	+	2	1			0			0	0	2156954	2157112
g10772	Scaffolds_29	-	2	1	633090	633150	61			0	0	632486	632915
g12433	Scaffolds_31	-	5	4			0			0	0	937211	937453
g15845	Scaffolds_9	-	1	0			0			0	0		
g14216	Scaffolds_4	-	1	0			0			0	0		
g7178	Scaffolds_21	+	1	0			0			0	0		
g9516	Scaffolds_25	-	4	3			0			0	0	718148	718373
g4716	Scaffolds_18	-	3	2			0			0	0	1743614	1744488
g14914	Scaffolds_5	+	2	1			0	1303241	1303855	615	0	1301067	1301176
g904	Scaffolds_10	-	4	3			0			0	0	282703	282749
g8699	Scaffolds_23	-	6	5	1414401	1414574	174			0	0	1404846	1405031
g1477	Scaffolds_11	+	1	0			0			0	0		
g13904	Scaffolds_4	+	3	2			0	1208520	1208763	244	0	1205919	1206292
g10537	Scaffolds_28	+	1	0			0			0	0		
g14332	Scaffolds_4	+	2	1			0	2782205	2782404	200	0	2781918	2782068
g1343	Scaffolds_11	+	2	1			0	245812	246112	301	0	240827	241012
g174	Scaffolds_0	-	12	11			0			0	0	741093	741186
g15769	Scaffolds_8	-	2	1			0			0	0	1523887	1523999
g12259	Scaffolds_31	-	1	0	264905	264925	21			0	0		
g5105	Scaffolds_18	-	1	0			0			0	0		
g13594	Scaffolds_33	-	1	0	3069710	3069799	90			0	0		
g12084	Scaffolds_30	+	7	6			0	370755	371232	478	0	367003	367283
g15457	Scaffolds_8	-	1	0			0			0	0		
g2578	Scaffolds_14	+	1	0	1773778	1774920	1143			0	0		
g15502	Scaffolds_8	-	2	1	582185	582797	613			0	0	568626	568682
g10257	Scaffolds_26	-	1	0			0			0	0		
g11042	Scaffolds_29	+	5	4			0	1679450	1679557	108	0	1676672	1676944
g11063	Scaffolds_29	+	1	0			0			0	0		
g15693	Scaffolds_8	+	1	0			0			0	0		
g1554	Scaffolds_11	-	1	0			0			0	0		
g9941	Scaffolds_26	+	1	0			0			0	0		
g2259	Scaffolds_14	-	1	0			0			0	0		
g5974	Scaffolds_19	-	1	0	2228150	2228511	362			0	0		
g15737	Scaffolds_8	-	2	1	1432194	1432632	439			0	0	1421644	1421715
g9917	Scaffolds_26	+	1	0			0	699569	699826	258	0		
g12704	Scaffolds_32	-	3	2			0			0	0	578144	578233
g15920	Scaffolds_9	-	2	1			0			0	0	341805	341868
g10585	Scaffolds_28	+	3	2			0	966092	966417	326	0	964903	965006
g11300	Scaffolds_29	+	1	0			0			0	0		
g2555	Scaffolds_14	+	1	0			0			0	0		
g11134	Scaffolds_29	-	1	0			0			0	0		
g3451	Scaffolds_16	-	4	3	388179	388379	201			0	0	386099	386841
g8517	Scaffolds_23	+	1	0			0			0	0		
g9880	Scaffolds_26	-	1	0	557383	557446	64			0	0		
g12289	Scaffolds_31	+	1	0			0	379976	380033	58	0		
g11022	Scaffolds_29	+	1	0			0			0	0		
g4700	Scaffolds_18	-	1	0	1700841	1700913	73			0	0		
g9438	Scaffolds_25	-	1	0	413984	414078	95			0	0		
g13692	Scaffolds_4	-	2	1	332255	332296	42			0	0	331821	332194
g35	Scaffolds_0	+	1	0			0	221469	222361	893	0		
g13439	Scaffolds_33	+	1	0			0	2462560	2462663	104	0		
g2486	Scaffolds_14	-	1	0			0			0	0		
g10312	Scaffolds_27	+	1	0			0			0	0		
g11881	Scaffolds_3	-	1	0			0			0	0		
g7997	Scaffolds_22	+	1	0			0			0	0		
g15922	Scaffolds_9	+	1	0			0			0	0		
g9582	Scaffolds_25	+	1	0			0			0	0		
g14039	Scaffolds_4	+	5	4			0	1700362	1701202	841	0	1698654	1698909
g8912	Scaffolds_24	+	1	0			0			0	0		
g11254	Scaffolds_29	-	1	0			0			0	0		
g1075	Scaffolds_10	-	1	0			0			0	0		
g15339	Scaffolds_7	-	1	0			0			0	0		
g6430	Scaffolds_20	-	1	0			0			0	0		
g10990	Scaffolds_29	-	2	1			0			0	0	1511577	1512407
g5973	Scaffolds_19	+	2	1			0			0	0	2219306	2220267
g8769	Scaffolds_23	-	3	2			0			0	0	1757798	1758005
g658	Scaffolds_1	+	1	0			0			0	0		
g7372	Scaffolds_21	+	1	0			0			0	0		
g6254	Scaffolds_2	+	4	3			0	786923	787881	959	0	781454	781814
g9558	Scaffolds_25	+	1	0			0	877132	877592	461	0		
g4329	Scaffolds_18	-	1	0	323412	323450	39			0	0		
g15283	Scaffolds_7	+	1	0			0			0	0		
g9721	Scaffolds_25	-	1	0			0			0	0		
g9531	Scaffolds_25	+	1	0			0			0	0		
g9135	Scaffolds_24	+	1	0			0	1039049	1039284	236	0		
g13935	Scaffolds_4	-	3	2	1324165	1324270	106			0	0	1323001	1323146
g3657	Scaffolds_16	-	1	0			0			0	0		
g319	Scaffolds_0	-	1	0			0			0	0		
g8075	Scaffolds_22	+	1	0			0			0	0		
g12626	Scaffolds_32	+	2	1			0	333792	334273	482	0	331999	332360
g4843	Scaffolds_18	-	1	0			0			0	0		
g90	Scaffolds_0	-	1	0			0			0	0		
g7563	Scaffolds_21	+	5	4			0	2004374	2004425	52	0	2001697	2001825
g8026	Scaffolds_22	-	1	0			0			0	0		
g13481	Scaffolds_33	-	2	1			0			0	0	2618979	2619191
g7155	Scaffolds_21	-	1	0	503585	503657	73			0	0		
g4401	Scaffolds_18	+	1	0			0			0	0		
g2767	Scaffolds_15	-	1	0			0			0	0		
g9191	Scaffolds_24	+	1	0			0			0	0		
g5783	Scaffolds_19	+	1	0			0	1605613	1606432	820	0		
g11065	Scaffolds_29	+	3	2			0	1772175	1772530	356	0	1766283	1770626
g10413	Scaffolds_28	-	1	0			0			0	0		
g4452	Scaffolds_18	-	3	2			0			0	0	803742	803864
g10572	Scaffolds_28	-	1	0			0			0	0		
g3691	Scaffolds_16	+	3	2			0	1183126	1183214	89	0	1182215	1182329
g10398	Scaffolds_28	-	1	0			0			0	0		
g9882	Scaffolds_26	-	1	0	563507	566515	3009			0	0		
g12614	Scaffolds_32	+	1	0			0	295351	296309	959	0		
g11730	Scaffolds_3	+	1	0			0	915119	915250	132	0		
g5315	Scaffolds_19	+	1	0			0			0	0		
g15001	Scaffolds_6	+	1	0			0			0	0		
g2694	Scaffolds_15	+	2	1			0			0	0	408521	409170
g2258	Scaffolds_14	+	1	0			0			0	0		
g6005	Scaffolds_19	-	1	0			0			0	0		
g11501	Scaffolds_3	+	1	0			0			0	0		
g14927	Scaffolds_5	+	1	0			0			0	0		
g7211	Scaffolds_21	+	1	0			0			0	0		
g10498	Scaffolds_28	+	3	2			0	620842	620936	95	0	618764	618806
g13864	Scaffolds_4	+	1	0			0			0	0		
g12963	Scaffolds_33	-	2	1			0			0	0	601674	602322
g12123	Scaffolds_30	-	1	0	476834	477056	223			0	0		
g2250	Scaffolds_14	-	1	0	650341	650505	165			0	0		
g5251	Scaffolds_18	+	1	0			0			0	0		
g16043	Scaffolds_9	-	1	0			0			0	0		
g14644	Scaffolds_5	+	2	1	223237	235880	12644			0	1	235309	235841
g6844	Scaffolds_20	+	1	0			0	1528143	1528197	55	0		
g402	Scaffolds_0	-	1	0			0			0	0		
g159	Scaffolds_0	+	2	1			0	693234	695197	1964	0	692870	693204
g8539	Scaffolds_23	-	1	0			0			0	0		
g7486	Scaffolds_21	-	3	2	1677219	1678403	1185			0	0	1676382	1676422
g7595	Scaffolds_21	+	1	0			0			0	0		
g9762	Scaffolds_26	-	1	0			0			0	0		
g10475	Scaffolds_28	-	1	0			0			0	0		
g9147	Scaffolds_24	+	1	0			0	1124692	1125178	487	0		
g235	Scaffolds_0	+	1	0			0			0	0		
g12838	Scaffolds_33	+	1	0			0			0	0		
g3039	Scaffolds_15	+	1	0			0	1787512	1787971	460	0		
g12563	Scaffolds_32	+	1	0			0			0	0		
g6671	Scaffolds_20	-	2	1			0			0	0	856638	856681
g14185	Scaffolds_4	-	1	0			0			0	0		
g2115	Scaffolds_14	-	3	2	167655	167742	88			0	0	166648	166957
g5785	Scaffolds_19	-	2	1	1608747	1609264	518			0	0	1607727	1607968
g10356	Scaffolds_27	-	1	0			0			0	0		
g7796	Scaffolds_22	-	2	1			0			0	0	103448	104284
g278	Scaffolds_0	-	2	1	1127880	1127932	53			0	0	1127541	1127876
g16053	Scaffolds_9	+	3	2			0	778254	778490	237	0	776986	777069
g7687	Scaffolds_21	-	1	0			0			0	0		
g1625	Scaffolds_11	-	6	5			0			0	0	1355357	1355625
g10764	Scaffolds_29	-	3	2	615194	615241	48			0	0	614247	614467
g11940	Scaffolds_3	+	3	2			0	1706901	1707335	435	0	1705510	1705596
g13028	Scaffolds_33	+	3	2			0	835411	835455	45	0	834309	834902
g14254	Scaffolds_4	+	2	1			0			0	0	2494871	2495668
g7420	Scaffolds_21	+	1	0			0			0	0		
g5470	Scaffolds_19	-	2	1			0			0	0	554610	554974
g3821	Scaffolds_17	+	1	0			0			0	0		
g10554	Scaffolds_28	-	1	0	830436	830477	42			0	0		
g11195	Scaffolds_29	+	1	0			0			0	0		
g9603	Scaffolds_25	+	2	1			0	1033400	1034207	808	0	1033318	1033373
g7685	Scaffolds_21	+	3	2			0	2524432	2524667	236	0	2519783	2519893
g1748	Scaffolds_12	+	1	0			0			0	0		
g995	Scaffolds_10	+	1	0			0			0	0		
g4938	Scaffolds_18	+	2	1			0	2525638	2525843	206	0	2524022	2524764
g12779	Scaffolds_32	-	1	0			0			0	0		
g3954	Scaffolds_17	+	1	0			0			0	0		
g5200	Scaffolds_18	-	2	1	3553213	3554541	1329			0	0	3551748	3551981
g9094	Scaffolds_24	-	2	1			0			0	0	884953	885041
g9184	Scaffolds_24	-	1	0			0			0	0		
g3665	Scaffolds_16	+	1	0			0			0	0		
g1531	Scaffolds_11	+	2	1			0			0	0	989992	990038
g4621	Scaffolds_18	-	1	0			0			0	0		
g6600	Scaffolds_20	+	4	3			0	589160	589215	56	0	582813	582890
g2418	Scaffolds_14	-	1	0	1237628	1238245	618			0	0		
g69	Scaffolds_0	-	2	1	336166	336206	41			0	0	335880	335963
g8460	Scaffolds_23	-	1	0	480613	480978	366			0	0		
g6359	Scaffolds_2	+	1	0			0			0	0		
g3711	Scaffolds_16	+	1	0			0			0	0		
g14354	Scaffolds_4	-	2	1			0			0	0	2957677	2958432
g13137	Scaffolds_33	+	2	1			0			0	0	1238751	1239128
g2342	Scaffolds_14	-	3	2	1000409	1000572	164			0	0	998640	998810
g2723	Scaffolds_15	-	1	0			0			0	0		
g12052	Scaffolds_30	-	1	0			0			0	0		
g9455	Scaffolds_25	+	1	0			0			0	0		
g15499	Scaffolds_8	+	1	0			0			0	0		
g1949	Scaffolds_13	+	2	1			0	742659	742750	92	0	742185	742404
g13328	Scaffolds_33	+	1	0			0			0	0		
g3381	Scaffolds_16	+	1	0			0			0	0		
g13553	Scaffolds_33	-	1	0	2906510	2906884	375			0	0		
g13719	Scaffolds_4	-	1	0			0			0	0		
g13587	Scaffolds_33	+	1	0			0			0	0		
g10592	Scaffolds_28	-	1	0			0			0	0		
g14881	Scaffolds_5	-	1	0			0			0	0		
g9761	Scaffolds_26	-	3	2			0			0	0	159886	160012
g8380	Scaffolds_23	-	1	0			0			0	0		
g11517	Scaffolds_3	-	1	0			0			0	0		
g3282	Scaffolds_15	-	1	0			0			0	0		
g9843	Scaffolds_26	-	1	0			0			0	0		
g14665	Scaffolds_5	-	5	4			0			0	0	291192	291343
g15302	Scaffolds_7	-	1	0			0			0	0		
g7001	Scaffolds_20	-	1	0	2103236	2103277	42			0	0		
g10053	Scaffolds_26	+	4	3			0	1224152	1224383	232	0	1219272	1219576
g12628	Scaffolds_32	+	2	1			0			0	0	337906	338234
g6642	Scaffolds_20	-	3	2			0			0	0	728226	728659
g699	Scaffolds_1	-	1	0	805564	805868	305			0	0		
g7110	Scaffolds_21	+	2	1			0			0	0	293758	294515
g3404	Scaffolds_16	-	1	0			0			0	0		
g13131	Scaffolds_33	-	1	0			0			0	0		
g3167	Scaffolds_15	-	8	7			0			0	0	2322884	2322987
g7317	Scaffolds_21	+	2	1			0	1068282	1068773	492	0	1067564	1067908
g2279	Scaffolds_14	+	4	3			0	760303	760510	208	0	757507	758249
g12128	Scaffolds_30	+	2	1			0			0	0	495795	496768
g7903	Scaffolds_22	+	3	2			0	496002	496441	440	0	494334	494420
g9654	Scaffolds_25	-	3	2			0			0	0	1210713	1210844
g4481	Scaffolds_18	+	1	0			0			0	0		
g5630	Scaffolds_19	-	1	0			0			0	0		
g10111	Scaffolds_26	+	1	0			0			0	0		
g15935	Scaffolds_9	+	2	1			0	410347	410536	190	0	409902	410283
g10737	Scaffolds_29	+	1	0			0	518318	518371	54	0		
g9355	Scaffolds_25	-	1	0			0			0	0		
g5686	Scaffolds_19	-	1	0			0			0	0		
g11348	Scaffolds_29	-	1	0			0			0	0		
g15404	Scaffolds_8	+	1	0			0			0	0		
g11484	Scaffolds_3	+	5	4			0	88430	88521	92	0	87184	87274
g11416	Scaffolds_29	+	1	0			0			0	0		
g14736	Scaffolds_5	-	8	7	597220	597678	459			0	0	592702	592847
g15066	Scaffolds_6	+	1	0			0			0	0		
g5237	Scaffolds_18	-	1	0	3720467	3720503	37			0	0		
g10212	Scaffolds_26	-	1	0			0			0	0		
g1220	Scaffolds_10	+	1	0			0	1424330	1424664	335	0		
g14243	Scaffolds_4	+	1	0			0			0	0		
g4334	Scaffolds_18	+	1	0			0			0	0		
g1479	Scaffolds_11	+	1	0			0			0	0		
g8481	Scaffolds_23	+	2	1			0	538791	538896	106	0	537796	538118
g4202	Scaffolds_17	+	1	0			0			0	0		
g6395	Scaffolds_2	-	2	1			0			0	0	1382168	1383391
g665	Scaffolds_1	-	6	5			0			0	0	711741	711795
g5058	Scaffolds_18	+	2	1			0	2913568	2913650	83	0	2909987	2910062
g5565	Scaffolds_19	+	1	0			0			0	0		
g3243	Scaffolds_15	-	1	0			0			0	0		
g7344	Scaffolds_21	+	25	24			0			0	0	1147851	1147931
g3935	Scaffolds_17	-	4	3			0			0	0	589519	589658
g14723	Scaffolds_5	-	1	0	543244	543310	67			0	0		
g11554	Scaffolds_3	+	1	0			0			0	0		
g10035	Scaffolds_26	-	1	0	1158581	1158623	43			0	0		
g1332	Scaffolds_11	+	1	0			0	191622	191726	105	0		
g14899	Scaffolds_5	+	6	5			0	1233895	1234308	414	0	1227959	1228039
g2301	Scaffolds_14	-	1	0			0			0	0		
g14101	Scaffolds_4	-	1	0			0			0	0		
g5869	Scaffolds_19	+	5	4			0	1892093	1892395	303	0	1890836	1890978
g10374	Scaffolds_27	-	1	0	382870	382967	98			0	0		
g2810	Scaffolds_15	+	1	0			0			0	0		
g1975	Scaffolds_13	+	1	0			0			0	0		
g13101	Scaffolds_33	+	4	3			0	1110389	1111100	712	0	1109191	1109339
g15500	Scaffolds_8	-	1	0			0			0	0		
g12078	Scaffolds_30	-	2	1	326442	327039	598			0	0	323759	323967
g9786	Scaffolds_26	+	1	0			0	240444	240662	219	0		
g1813	Scaffolds_13	+	2	1			0			0	0	237296	237887
g1914	Scaffolds_13	-	1	0			0			0	0		
g8634	Scaffolds_23	+	3	2			0			0	0	1188180	1189088
g14089	Scaffolds_4	+	1	0			0			0	0		
g8381	Scaffolds_23	+	2	1			0	196633	197088	456	0	184254	184305
g4541	Scaffolds_18	+	1	0			0			0	0		
g6660	Scaffolds_20	-	2	1			0			0	0	792299	792845
g5667	Scaffolds_19	-	4	3			0			0	0	1165406	1165506
g1497	Scaffolds_11	+	1	0			0			0	0		
g669	Scaffolds_1	+	1	0			0			0	0		
g10269	Scaffolds_26	-	4	3	1969395	1969580	186			0	0	1968725	1968776
g2547	Scaffolds_14	+	1	0			0	1691111	1691454	344	0		
g6082	Scaffolds_2	-	2	1			0			0	0	185474	186127
g14421	Scaffolds_4	+	2	1			0	3283455	3285836	2382	0	3280257	3280661
g4926	Scaffolds_18	-	1	0			0			0	0		
g7449	Scaffolds_21	+	1	0			0			0	0		
g2517	Scaffolds_14	-	6	5			0			0	0	1578573	1578631
g13301	Scaffolds_33	-	1	0	1882221	1882243	23			0	0		
g7583	Scaffolds_21	+	1	0			0			0	0		
g4616	Scaffolds_18	-	3	2			0			0	0	1358094	1358735
g4361	Scaffolds_18	+	2	1			0	425672	425754	83	0	412741	412790
g910	Scaffolds_10	-	2	1			0			0	0	316752	317214
g12281	Scaffolds_31	+	4	3			0	356557	356851	295	0	354286	354682
g6544	Scaffolds_20	-	1	0			0			0	0		
g8596	Scaffolds_23	-	1	0			0			0	0		
g5442	Scaffolds_19	+	1	0			0			0	0		
g7291	Scaffolds_21	+	3	2			0	971611	971675	65	0	969747	969969
g3894	Scaffolds_17	-	6	5	453548	454416	869			0	0	449940	450028
g4059	Scaffolds_17	+	1	0			0			0	0		
g2963	Scaffolds_15	+	2	1			0	1503758	1503836	79	0	1501293	1501753
g948	Scaffolds_10	-	1	0			0			0	0		
g11415	Scaffolds_29	+	3	2			0	3043817	3043896	80	0	3042628	3043176
g1606	Scaffolds_11	-	1	0	1245305	1245956	652			0	0		
g4514	Scaffolds_18	-	1	0	1002004	1002090	87			0	0		
g15013	Scaffolds_6	+	1	0			0			0	0		
g5349	Scaffolds_19	+	5	4			0	193858	194008	151	0	192564	192631
g11170	Scaffolds_29	+	2	1			0	2175351	2175624	274	0	2175024	2175077
g8690	Scaffolds_23	+	1	0			0			0	0		
g4741	Scaffolds_18	-	1	0	1839951	1840409	459			0	0		
g6104	Scaffolds_2	+	6	5			0	275995	276070	76	0	274484	274599
g13204	Scaffolds_33	-	1	0			0			0	0		
g2698	Scaffolds_15	-	2	1			0			0	0	418495	419005
g4835	Scaffolds_18	+	4	3			0	2167537	2172498	4962	0	2164329	2164691
g3633	Scaffolds_16	+	1	0			0			0	0		
g9390	Scaffolds_25	+	1	0			0			0	0		
g4395	Scaffolds_18	-	2	1			0			0	0	540755	541009
g6494	Scaffolds_20	-	1	0			0			0	0		
g830	Scaffolds_1	-	2	1	1360641	1360936	296			0	0	1349513	1349554
g12258	Scaffolds_31	+	1	0			0			0	0		
g13981	Scaffolds_4	-	1	0	1482933	1483099	167			0	0		
g1061	Scaffolds_10	-	1	0			0			0	0		
g13628	Scaffolds_4	-	2	1	118404	118575	172			0	0	117493	117541
g13437	Scaffolds_33	+	3	2			0	2452903	2453060	158	0	2449449	2449750
g14608	Scaffolds_5	-	1	0			0			0	0		
g2645	Scaffolds_15	-	1	0			0			0	0		
g140	Scaffolds_0	-	2	1	591850	591914	65			0	0	591479	591588
g11023	Scaffolds_29	-	5	4			0			0	0	1623975	1624275
g4176	Scaffolds_17	+	1	0			0			0	0		
g9155	Scaffolds_24	-	4	3			0			0	0	1155677	1155720
g8576	Scaffolds_23	-	2	1			0			0	0	947002	947318
g5690	Scaffolds_19	+	1	0			0			0	0		
g3453	Scaffolds_16	+	5	4			0	394030	394121	92	0	392285	392906
g5854	Scaffolds_19	-	1	0	1845850	1845885	36			0	0		
g15894	Scaffolds_9	+	1	0			0			0	0		
g9047	Scaffolds_24	+	4	3			0	628170	629343	1174	0	620744	620889
g3674	Scaffolds_16	+	1	0			0			0	0		
g11548	Scaffolds_3	+	1	0			0			0	0		
g3124	Scaffolds_15	-	5	4			0			0	0	2124542	2124587
g4952	Scaffolds_18	+	2	1			0	2579976	2580547	572	0	2579535	2579672
g10132	Scaffolds_26	+	4	3			0	1478257	1478692	436	0	1457296	1457604
g4866	Scaffolds_18	+	2	1			0			0	0	2278472	2279082
g7510	Scaffolds_21	+	1	0			0			0	0		
g5856	Scaffolds_19	+	1	0			0			0	0		
g8483	Scaffolds_23	-	4	3	545847	546971	1125			0	0	543865	543930
g9579	Scaffolds_25	-	3	2			0			0	0	955479	955866
g15207	Scaffolds_7	+	2	1			0	20219	20502	284	0	18046	18290
g2695	Scaffolds_15	+	5	4			0	412501	412652	152	0	411325	411377
g4781	Scaffolds_18	-	1	0	1989357	1989375	19			0	0		
g1953	Scaffolds_13	-	2	1			0			0	0	749026	749473
g6694	Scaffolds_20	+	1	0			0			0	0		
g920	Scaffolds_10	-	1	0			0			0	0		
g5104	Scaffolds_18	-	1	0			0			0	0		
g1120	Scaffolds_10	-	1	0	1085143	1085216	74			0	0		
g15534	Scaffolds_8	-	3	2			0			0	0	656866	657021
g15909	Scaffolds_9	-	1	0			0			0	0		
g4562	Scaffolds_18	-	1	0			0			0	0		
g7736	Scaffolds_21	-	1	0			0			0	0		
g12	Scaffolds_0	-	1	0			0			0	0		
g4499	Scaffolds_18	+	1	0			0			0	0		
g4898	Scaffolds_18	+	1	0			0			0	0		
g15688	Scaffolds_8	+	1	0			0	1197410	1197765	356	0		
g14888	Scaffolds_5	+	1	0			0			0	0		
g6237	Scaffolds_2	-	1	0			0			0	0		
g14994	Scaffolds_6	+	1	0			0	209751	209892	142	0		
g9592	Scaffolds_25	+	3	2			0	998941	999009	69	0	996770	997517
g1962	Scaffolds_13	-	2	1			0			0	0	776110	776894
g9219	Scaffolds_24	-	3	2			0			0	0	1468963	1469644
g5064	Scaffolds_18	+	2	1			0			0	0	2934732	2934867
g8457	Scaffolds_23	-	1	0			0			0	0		
g4714	Scaffolds_18	-	1	0			0			0	0		
g10641	Scaffolds_29	-	1	0			0			0	0		
g4445	Scaffolds_18	-	3	2			0			0	0	767261	768347
g13219	Scaffolds_33	+	1	0			0			0	0		
g12973	Scaffolds_33	-	1	0			0			0	0		
g3815	Scaffolds_17	-	1	0			0			0	0		
g5369	Scaffolds_19	+	2	1			0			0	0	239286	239566
g11864	Scaffolds_3	-	1	0			0			0	0		
g9556	Scaffolds_25	-	1	0			0			0	0		
g2523	Scaffolds_14	-	5	4			0			0	0	1601221	1601325
g13591	Scaffolds_33	-	4	3	3058682	3058748	67			0	0	3056969	3057179
g1770	Scaffolds_13	-	4	3			0			0	0	87366	87439
g3398	Scaffolds_16	+	1	0			0			0	0		
g6908	Scaffolds_20	+	1	0			0			0	0		
g15140	Scaffolds_6	+	1	0			0	746582	746746	165	0		
g9909	Scaffolds_26	-	4	3	676637	677744	1108			0	0	675790	675871
g13937	Scaffolds_4	-	1	0			0			0	0		
g13599	Scaffolds_33	+	1	0			0	3082163	3082345	183	0		
g6214	Scaffolds_2	-	1	0			0			0	0		
g3242	Scaffolds_15	+	1	0			0			0	0		
g5046	Scaffolds_18	+	1	0			0			0	0		
g6511	Scaffolds_20	-	6	5			0			0	0	300990	301174
g7264	Scaffolds_21	+	1	0			0			0	0		
g14250	Scaffolds_4	+	1	0			0			0	0		
g889	Scaffolds_10	-	1	0			0			0	0		
g3548	Scaffolds_16	+	1	0			0			0	0		
g2255	Scaffolds_14	+	1	0			0			0	0		
g3563	Scaffolds_16	+	1	0			0			0	0		
g7295	Scaffolds_21	+	1	0			0	981881	983070	1190	0		
g13117	Scaffolds_33	-	1	0			0			0	0		
g15713	Scaffolds_8	+	6	5			0	1346158	1346240	83	0	1338266	1338442
g8813	Scaffolds_23	+	1	0			0			0	0		
g7636	Scaffolds_21	-	7	6	2317736	2317815	80			0	0	2309201	2309332
g8833	Scaffolds_23	-	1	0			0			0	0		
g1432	Scaffolds_11	+	3	2			0	607895	608119	225	0	605410	605700
g4677	Scaffolds_18	+	5	4			0	1594231	1594538	308	0	1590500	1590797
g1991	Scaffolds_13	-	1	0			0			0	0		
g10524	Scaffolds_28	-	1	0			0			0	0		
g9482	Scaffolds_25	+	1	0			0	592936	593223	288	0		
g12225	Scaffolds_31	-	1	0			0			0	0		
g7624	Scaffolds_21	-	2	1			0			0	0	2262148	2262516
g7492	Scaffolds_21	+	4	3	1706295	1720579	14285			0	3	1706360	1706400
g15464	Scaffolds_8	-	1	0			0			0	0		
g11648	Scaffolds_3	+	1	0			0	626383	626517	135	0		
g7207	Scaffolds_21	-	1	0	716859	717206	348			0	0		
g15668	Scaffolds_8	-	3	2	1128080	1128226	147			0	0	1127544	1127638
g10446	Scaffolds_28	+	1	0			0			0	0		
g5555	Scaffolds_19	+	1	0			0			0	0		
g11961	Scaffolds_3	-	1	0			0			0	0		
g3511	Scaffolds_16	-	1	0			0			0	0		
g5042	Scaffolds_18	-	1	0	2855521	2856369	849			0	0		
g9838	Scaffolds_26	-	1	0			0			0	0		
g14071	Scaffolds_4	-	1	0			0			0	0		
g13297	Scaffolds_33	+	1	0			0			0	0		
g14335	Scaffolds_4	+	2	1			0	2803958	2804029	72	0	2800066	2800113
g1954	Scaffolds_13	+	2	1			0			0	0	750581	751321
g2680	Scaffolds_15	-	2	1	364255	364940	686			0	0	363235	364065
g13371	Scaffolds_33	-	2	1	2166923	2166977	55			0	0	2166306	2166890
g12082	Scaffolds_30	+	1	0			0	363486	366384	2899	0		
g4134	Scaffolds_17	-	5	4	1307140	1311007	3868			0	4	1308601	1310148
g5073	Scaffolds_18	+	5	4			0	2965103	2965188	86	0	2960282	2960442
g14315	Scaffolds_4	+	4	3			0	2710473	2710937	465	0	2707187	2707275
g7568	Scaffolds_21	-	1	0			0			0	0		
g10894	Scaffolds_29	+	1	0			0	1127616	1127727	112	0		
g10473	Scaffolds_28	+	3	2			0	522376	522450	75	0	520844	520884
g13275	Scaffolds_33	-	2	1			0			0	0	1732665	1732849
g9925	Scaffolds_26	+	1	0			0			0	0		
g11511	Scaffolds_3	-	1	0			0			0	0		
g3765	Scaffolds_16	-	1	0			0			0	0		
g2168	Scaffolds_14	+	3	2			0	354433	354632	200	0	352726	352777
g12300	Scaffolds_31	-	1	0			0			0	0		
g4030	Scaffolds_17	-	1	0	938399	938517	119			0	0		
g14494	Scaffolds_4	-	1	0			0			0	0		
g15767	Scaffolds_8	+	1	0			0			0	0		
g9551	Scaffolds_25	+	1	0			0			0	0		
g860	Scaffolds_10	+	1	0			0			0	0		
g14293	Scaffolds_4	+	3	2			0	2643758	2643834	77	0	2641840	2642208
g10761	Scaffolds_29	-	1	0			0			0	0		
g1176	Scaffolds_10	+	1	0			0	1281818	1281881	64	0		
g14105	Scaffolds_4	+	1	0			0	1965738	1966789	1052	0		
g9794	Scaffolds_26	-	1	0			0			0	0		
g11176	Scaffolds_29	+	1	0			0	2200390	2202929	2540	0		
g2161	Scaffolds_14	+	1	0			0			0	0		
g11145	Scaffolds_29	-	4	3			0			0	0	2107467	2108100
g11786	Scaffolds_3	+	1	0			0			0	0		
g13406	Scaffolds_33	-	1	0	2351463	2351485	23			0	0		
g2299	Scaffolds_14	-	1	0			0			0	0		
g4694	Scaffolds_18	+	1	0			0			0	0		
g14358	Scaffolds_4	-	1	0			0			0	0		
g8657	Scaffolds_23	-	3	2			0			0	0	1256103	1258694
g14925	Scaffolds_5	-	6	5			0			0	0	1339648	1339729
g10419	Scaffolds_28	+	1	0			0			0	0		
g12999	Scaffolds_33	+	2	1			0			0	0	728990	729074
g14599	Scaffolds_5	-	1	0			0			0	0		
g2340	Scaffolds_14	-	1	0	992598	993330	733			0	0		
g92	Scaffolds_0	-	1	0			0			0	0		
g9901	Scaffolds_26	-	2	1			0			0	0	656225	656412
g3790	Scaffolds_17	+	4	3			0	94362	94549	188	0	91965	92743
g7929	Scaffolds_22	+	1	0			0			0	0		
g4436	Scaffolds_18	-	1	0			0			0	0		
g14080	Scaffolds_4	+	1	0			0	1865239	1865299	61	0		
g5651	Scaffolds_19	-	2	1			0			0	0	1111514	1111559
g14385	Scaffolds_4	+	1	0			0			0	0		
g7618	Scaffolds_21	-	1	0			0			0	0		
g582	Scaffolds_1	-	1	0			0			0	0		
g8000	Scaffolds_22	+	3	2			0	810477	810558	82	0	803117	803302
g5076	Scaffolds_18	-	2	1			0			0	0	2987639	2987893
g5181	Scaffolds_18	-	1	0			0			0	0		
g15148	Scaffolds_6	+	6	5			0	769542	769919	378	0	767406	767465
g1957	Scaffolds_13	+	1	0			0	762535	762569	35	0		
g5212	Scaffolds_18	+	2	1			0			0	0	3598488	3599975
g2490	Scaffolds_14	-	2	1			0			0	0	1494024	1494541
g11301	Scaffolds_29	-	1	0			0			0	0		
g15334	Scaffolds_7	+	3	2			0	485481	485515	35	0	484492	484765
g3074	Scaffolds_15	+	1	0			0			0	0		
g11486	Scaffolds_3	-	2	1			0			0	0	91998	92543
g5878	Scaffolds_19	+	4	3			0	1918413	1918801	389	0	1916684	1917403
g981	Scaffolds_10	+	1	0			0			0	0		
g5484	Scaffolds_19	-	1	0	605049	605181	133			0	0		
g11105	Scaffolds_29	+	1	0			0	1953200	1953417	218	0		
g8118	Scaffolds_22	-	1	0			0			0	0		
g4648	Scaffolds_18	-	2	1			0			0	0	1468516	1468641
g1059	Scaffolds_10	+	1	0			0			0	0		
g79	Scaffolds_0	-	1	0			0			0	0		
g10831	Scaffolds_29	+	1	0			0			0	0		
g4301	Scaffolds_18	+	7	6			0	242345	242545	201	0	231090	231187
g11983	Scaffolds_3	-	1	0			0			0	0		
g9814	Scaffolds_26	+	1	0			0			0	0		
g13757	Scaffolds_4	-	3	2	607934	610265	2332			0	0	606938	607638
g6828	Scaffolds_20	+	1	0			0			0	0		
g10535	Scaffolds_28	+	1	0			0			0	0		
g6226	Scaffolds_2	-	1	0			0			0	0		
g6702	Scaffolds_20	-	1	0			0			0	0		
g2341	Scaffolds_14	+	3	2			0			0	0	997392	997547
g3157	Scaffolds_15	+	1	0			0			0	0		
g6296	Scaffolds_2	-	1	0			0			0	0		
g5592	Scaffolds_19	+	1	0			0			0	0		
g762	Scaffolds_1	+	1	0			0			0	0		
g5486	Scaffolds_19	+	1	0			0			0	0		
g3842	Scaffolds_17	+	1	0			0	274533	274653	121	0		
g6069	Scaffolds_2	+	5	4			0	142069	142320	252	0	140054	140099
g14486	Scaffolds_4	-	1	0			0			0	0		
g2016	Scaffolds_13	-	1	0			0			0	0		
g7023	Scaffolds_20	+	1	0			0			0	0		
g482	Scaffolds_1	-	1	0			0			0	0		
g3497	Scaffolds_16	-	1	0			0			0	0		
g9111	Scaffolds_24	-	6	5			0			0	0	939808	939970
g15174	Scaffolds_6	-	5	4			0			0	0	848216	848258
g6243	Scaffolds_2	+	3	2			0	730446	730519	74	0	729152	729214
g4906	Scaffolds_18	-	1	0			0			0	0		
g9443	Scaffolds_25	+	1	0			0	423634	423655	22	0		
g15446	Scaffolds_8	+	1	0			0			0	0		
g9092	Scaffolds_24	-	5	4			0			0	0	870149	870351
g2291	Scaffolds_14	-	1	0			0			0	0		
g13232	Scaffolds_33	+	1	0			0			0	0		
g1533	Scaffolds_11	+	2	1			0			0	0	996796	996842
g15438	Scaffolds_8	+	1	0			0			0	0		
g6565	Scaffolds_20	+	1	0			0			0	0		
g4398	Scaffolds_18	+	1	0			0	558209	558528	320	0		
g254	Scaffolds_0	-	1	0			0			0	0		
g2647	Scaffolds_15	+	1	0			0			0	0		
g10354	Scaffolds_27	+	1	0			0			0	0		
g8163	Scaffolds_22	+	4	3			0	1363434	1364035	602	0	1362058	1362346
g12895	Scaffolds_33	-	1	0			0			0	0		
g4865	Scaffolds_18	-	3	2			0			0	0	2276257	2277085
g5995	Scaffolds_19	-	2	1			0			0	0	2312827	2313294
g7314	Scaffolds_21	-	9	8			0	1046073	1054733	8661	0	1047788	1047846
g9836	Scaffolds_26	+	2	1			0			0	0	408331	408900
g11713	Scaffolds_3	+	1	0			0			0	0		
g1539	Scaffolds_11	+	1	0			0	1016104	1016372	269	0		
g3195	Scaffolds_15	+	2	1			0	2424005	2424485	481	0	2422761	2422994
g11396	Scaffolds_29	-	1	0	2973626	2973643	18			0	0		
g14477	Scaffolds_4	-	1	0			0			0	0		
g6727	Scaffolds_20	+	1	0			0			0	0		
g10849	Scaffolds_29	-	1	0			0			0	0		
g5900	Scaffolds_19	-	5	4	1991445	1991468	24			0	0	1989705	1989777
g9858	Scaffolds_26	+	1	0			0			0	0		
g4519	Scaffolds_18	-	1	0			0			0	0		
g6261	Scaffolds_2	-	1	0	813528	813759	232			0	0		
g12739	Scaffolds_32	-	1	0	677657	680089	2433			0	0		
g6573	Scaffolds_20	-	3	2	508987	509095	109			0	0	507516	507802
g11971	Scaffolds_3	+	4	3			0	1812584	1812796	213	0	1810967	1811107
g9939	Scaffolds_26	-	1	0			0			0	0		
g10910	Scaffolds_29	-	5	4			0			0	0	1182934	1183015
g4822	Scaffolds_18	-	4	3			0			0	0	2113719	2113893
g1540	Scaffolds_11	+	1	0			0			0	0		
g4190	Scaffolds_17	+	1	0			0	1480614	1480775	162	0		
g2938	Scaffolds_15	-	1	0			0			0	0		
g12974	Scaffolds_33	-	2	1			0			0	0	658645	658832
g5147	Scaffolds_18	+	1	0			0			0	0		
g11010	Scaffolds_29	+	1	0			0			0	0		
g11609	Scaffolds_3	-	2	1			0			0	0	497459	497965
g12151	Scaffolds_30	-	1	0	602414	602562	149			0	0		
g2001	Scaffolds_13	-	1	0			0			0	0		
g3507	Scaffolds_16	-	1	0			0			0	0		
g13209	Scaffolds_33	+	1	0			0			0	0		
g369	Scaffolds_0	+	1	0			0			0	0		
g15748	Scaffolds_8	-	1	0	1476111	1476541	431			0	0		
g11831	Scaffolds_3	-	2	1			0			0	0	1331713	1332469
g437	Scaffolds_0	-	2	1			0			0	0	1643166	1643322
g13835	Scaffolds_4	+	2	1			0			0	0	944496	945115
g12745	Scaffolds_32	-	4	3			0			0	0	703399	703561
g13166	Scaffolds_33	-	1	0			0			0	0		
g14990	Scaffolds_6	+	1	0			0			0	0		
g10075	Scaffolds_26	-	1	0			0			0	0		
g8519	Scaffolds_23	+	7	6			0	706349	706516	168	0	694951	694991
g3135	Scaffolds_15	+	1	0			0			0	0		
g9067	Scaffolds_24	-	1	0			0			0	0		
g5614	Scaffolds_19	+	1	0			0			0	0		
g4025	Scaffolds_17	+	1	0			0	926674	926952	279	0		
g6233	Scaffolds_2	-	1	0			0			0	0		
g6983	Scaffolds_20	-	1	0	2041711	2041949	239			0	0		
g10126	Scaffolds_26	-	2	1	1444748	1444880	133			0	0	1443876	1444548
g15168	Scaffolds_6	-	1	0			0			0	0		
g1827	Scaffolds_13	-	1	0			0			0	0		
g12223	Scaffolds_31	-	1	0			0			0	0		
g7367	Scaffolds_21	-	1	0	1234279	1234329	51			0	0		
g3271	Scaffolds_15	+	1	0			0			0	0		
g6228	Scaffolds_2	-	1	0			0			0	0		
g10937	Scaffolds_29	+	1	0			0	1271314	1271493	180	0		
g9412	Scaffolds_25	-	1	0			0			0	0		
g9371	Scaffolds_25	+	2	1			0			0	0	143134	143974
g998	Scaffolds_10	-	1	0			0			0	0		
g12001	Scaffolds_3	+	3	2			0			0	0	1901388	1901435
g14891	Scaffolds_5	-	1	0			0			0	0		
g11346	Scaffolds_29	+	2	1			0			0	0	2798797	2799431
g16083	Scaffolds_9	-	1	0			0			0	0		
g11471	Scaffolds_3	+	2	1			0			0	0	44702	45393
g10172	Scaffolds_26	-	1	0			0			0	0		
g3551	Scaffolds_16	+	1	0			0			0	0		
g13648	Scaffolds_4	-	1	0			0			0	0		
g1104	Scaffolds_10	-	2	1	1017543	1017592	50			0	0	1017429	1017511
g6873	Scaffolds_20	+	1	0			0			0	0		
g5215	Scaffolds_18	-	1	0			0			0	0		
g6505	Scaffolds_20	-	2	1	288225	288522	298			0	0	273361	273405
g11716	Scaffolds_3	-	1	0			0			0	0		
g9080	Scaffolds_24	+	1	0			0			0	0		
g603	Scaffolds_1	+	1	0			0			0	0		
g12839	Scaffolds_33	+	3	2			0			0	0	117951	118224
g1009	Scaffolds_10	+	1	0			0			0	0		
g5496	Scaffolds_19	-	1	0			0			0	0		
g15355	Scaffolds_7	+	1	0			0			0	0		
g4150	Scaffolds_17	+	3	2			0			0	0	1361682	1362357
g6890	Scaffolds_20	-	1	0			0			0	0		
g11072	Scaffolds_29	+	2	1			0	1796960	1798507	1548	0	1794144	1794404
g7587	Scaffolds_21	-	1	0			0			0	0		
g5991	Scaffolds_19	+	1	0			0			0	0		
g11001	Scaffolds_29	+	1	0			0			0	0		
g8175	Scaffolds_22	+	5	4			0	1410141	1410499	359	0	1404974	1405093
g5724	Scaffolds_19	+	4	3			0	1410191	1410350	160	0	1397116	1397164
g2412	Scaffolds_14	+	1	0			0			0	0		
g15461	Scaffolds_8	+	1	0			0			0	0		
g7470	Scaffolds_21	+	4	3			0	1612665	1613229	565	0	1610804	1610853
g14215	Scaffolds_4	-	5	4			0			0	0	2353679	2353722
g9662	Scaffolds_25	+	3	2			0	1231086	1231267	182	0	1229392	1229469
g11216	Scaffolds_29	+	1	0			0	2342962	2343200	239	0		
g613	Scaffolds_1	-	1	0			0			0	0		
g10493	Scaffolds_28	-	1	0	605254	605294	41			0	0		
g12465	Scaffolds_31	+	1	0			0			0	0		
g14228	Scaffolds_4	+	1	0			0			0	0		
g12772	Scaffolds_32	+	1	0			0			0	0		
g61	Scaffolds_0	-	3	2	303772	304030	259			0	0	301948	302062
g8486	Scaffolds_23	+	3	2			0	565716	565902	187	0	564875	565174
g8390	Scaffolds_23	-	1	0			0			0	0		
g2763	Scaffolds_15	-	2	1	614881	615248	368			0	0	614020	614747
g7354	Scaffolds_21	-	3	2			0			0	0	1176299	1176359
g13496	Scaffolds_33	+	1	0			0			0	0		
g12816	Scaffolds_32	-	1	0			0			0	0		
g3309	Scaffolds_15	+	3	2			0	2812750	2812882	133	0	2811291	2811509
g15156	Scaffolds_6	-	1	0			0			0	0		
g6212	Scaffolds_2	+	1	0			0			0	0		
g9865	Scaffolds_26	-	1	0			0			0	0		
g1805	Scaffolds_13	-	1	0			0			0	0		
g7144	Scaffolds_21	-	1	0	440353	440362	10			0	0		
g1189	Scaffolds_10	+	1	0			0			0	0		
g8811	Scaffolds_23	-	1	0			0			0	0		
g7157	Scaffolds_21	+	2	1			0	517431	517497	67	0	517275	517381
g394	Scaffolds_0	+	5	4			0			0	0	1501817	1501884
g3961	Scaffolds_17	-	3	2			0			0	0	694286	694530
g12611	Scaffolds_32	+	4	3			0	285225	285882	658	0	283673	283764
g7698	Scaffolds_21	-	2	1	2584419	2584732	314			0	0	2582634	2582680
g11601	Scaffolds_3	+	2	1			0	478117	478436	320	0	477128	477197
g14507	Scaffolds_4	-	1	0			0			0	0		
g10017	Scaffolds_26	-	2	1			0			0	0	1110104	1110520
g2732	Scaffolds_15	-	1	0			0			0	0		
g10941	Scaffolds_29	+	1	0			0			0	0		
g6834	Scaffolds_20	-	1	0			0			0	0		
g10401	Scaffolds_28	-	2	1			0			0	0	216946	217259
g6294	Scaffolds_2	-	1	0			0			0	0		
g4667	Scaffolds_18	-	2	1			0			0	0	1536921	1537117
g1126	Scaffolds_10	-	1	0			0			0	0		
g7910	Scaffolds_22	+	3	2			0	519788	519945	158	0	512452	512528
g13226	Scaffolds_33	-	3	2			0			0	0	1560725	1560835
g10219	Scaffolds_26	+	1	0			0			0	0		
g4617	Scaffolds_18	+	1	0			0			0	0		
g12513	Scaffolds_31	-	1	0			0			0	0		
g11409	Scaffolds_29	+	1	0			0			0	0		
g6118	Scaffolds_2	+	1	0			0			0	0		
g12232	Scaffolds_31	+	1	0			0			0	0		
g3989	Scaffolds_17	-	2	1			0			0	0	790404	790645
g10658	Scaffolds_29	+	1	0			0	209366	209613	248	0		
g1370	Scaffolds_11	-	1	0			0			0	0		
g643	Scaffolds_1	-	1	0	630352	630427	76			0	0		
g13760	Scaffolds_4	-	1	0			0			0	0		
g8939	Scaffolds_24	-	1	0			0			0	0		
g9420	Scaffolds_25	+	1	0			0			0	0		
g13308	Scaffolds_33	-	2	1	1900428	1900487	60			0	0	1899076	1899233
g8602	Scaffolds_23	-	1	0			0			0	0		
g6801	Scaffolds_20	+	7	6			0	1395437	1396177	741	0	1391434	1391486
g9845	Scaffolds_26	-	1	0			0			0	0		
g8499	Scaffolds_23	+	1	0			0			0	0		
g9870	Scaffolds_26	+	4	3			0	531580	531957	378	0	528723	528766
g5125	Scaffolds_18	-	1	0	3184094	3184503	410			0	0		
g5448	Scaffolds_19	+	5	4			0	481546	482214	669	0	478425	478756
g8553	Scaffolds_23	-	2	1	845487	845526	40			0	0	845131	845359
g11206	Scaffolds_29	+	1	0			0			0	0		
g14844	Scaffolds_5	+	1	0			0			0	0		
g14870	Scaffolds_5	+	2	1			0	1139945	1140560	616	0	1128194	1128395
g13147	Scaffolds_33	+	1	0			0			0	0		
g3617	Scaffolds_16	+	1	0			0			0	0		
g14984	Scaffolds_6	+	1	0			0			0	0		
g9868	Scaffolds_26	+	2	1			0	520948	521774	827	0	519524	519593
g6164	Scaffolds_2	+	1	0			0	477989	478267	279	0		
g15233	Scaffolds_7	+	1	0			0	128984	129165	182	0		
g6699	Scaffolds_20	+	1	0			0			0	0		
g5979	Scaffolds_19	+	1	0			0			0	0		
g1484	Scaffolds_11	+	3	2			0	793943	794361	419	0	792887	793294
g11838	Scaffolds_3	+	1	0			0			0	0		
g5144	Scaffolds_18	-	1	0	3303834	3304280	447			0	0		
g1603	Scaffolds_11	+	3	2			0	1230787	1230943	157	0	1228340	1228525
g144	Scaffolds_0	+	3	2			0	622418	622704	287	0	610313	610489
g8570	Scaffolds_23	+	2	1			0			0	0	932882	933066
g12251	Scaffolds_31	-	1	0			0			0	0		
g773	Scaffolds_1	+	2	1			0			0	0	1108400	1109234
g6870	Scaffolds_20	+	1	0			0			0	0		
g14666	Scaffolds_5	+	2	1			0			0	0	303533	303581
g3495	Scaffolds_16	+	2	1			0	526341	526432	92	0	526091	526214
g2656	Scaffolds_15	-	6	5			0			0	0	296417	296523
g6495	Scaffolds_20	-	1	0			0			0	0		
g3456	Scaffolds_16	-	1	0			0			0	0		
g15238	Scaffolds_7	+	5	4			0	140700	140779	80	0	138841	138915
g9942	Scaffolds_26	-	1	0			0			0	0		
g4493	Scaffolds_18	-	1	0	928891	929116	226			0	0		
g4266	Scaffolds_18	+	1	0			0			0	0		
g14111	Scaffolds_4	+	1	0			0			0	0		
g9932	Scaffolds_26	+	1	0			0			0	0		
g3948	Scaffolds_17	-	1	0			0			0	0		
g14013	Scaffolds_4	+	1	0			0	1586551	1586944	394	0		
g14032	Scaffolds_4	+	1	0			0			0	0		
g10558	Scaffolds_28	-	1	0			0			0	0		
g6023	Scaffolds_19	-	1	0			0			0	0		
g6138	Scaffolds_2	+	1	0			0			0	0		
g2492	Scaffolds_14	-	2	1			0			0	0	1497252	1497533
g14794	Scaffolds_5	-	1	0			0			0	0		
g10275	Scaffolds_26	+	1	0			0			0	0		
g44	Scaffolds_0	+	1	0			0			0	0		
g15176	Scaffolds_6	+	2	1			0	871090	873649	2560	0	860469	860621
g9842	Scaffolds_26	+	1	0			0			0	0		
g10650	Scaffolds_29	+	1	0			0			0	0		
g10305	Scaffolds_27	-	1	0			0			0	0		
g13726	Scaffolds_4	-	5	4			0			0	0	496015	496073
g11406	Scaffolds_29	+	1	0			0	3004784	3005805	1022	0		
g4427	Scaffolds_18	+	1	0			0			0	0		
g7501	Scaffolds_21	-	1	0			0			0	0		
g9948	Scaffolds_26	-	1	0			0			0	0		
g2469	Scaffolds_14	+	1	0			0			0	0		
g14518	Scaffolds_4	-	1	0			0			0	0		
g8563	Scaffolds_23	-	2	1			0			0	0	874723	874835
g9322	Scaffolds_24	+	3	2			0	1861126	1861695	570	0	1858278	1860022
g10751	Scaffolds_29	-	1	0			0			0	0		
g15814	Scaffolds_8	-	1	0	1696639	1696785	147			0	0		
g15408	Scaffolds_8	+	1	0			0			0	0		
g5645	Scaffolds_19	-	2	1			0			0	0	1092317	1092405
g6327	Scaffolds_2	-	1	0			0			0	0		
g11047	Scaffolds_29	-	1	0			0			0	0		
g2959	Scaffolds_15	+	2	1			0	1494053	1495346	1294	0	1482632	1482872
g13158	Scaffolds_33	+	1	0			0			0	0		
g3332	Scaffolds_15	-	1	0			0			0	0		
g250	Scaffolds_0	+	3	2			0	1030813	1031242	430	0	1028703	1029330
g13539	Scaffolds_33	-	1	0	2845409	2845542	134			0	0		
g4870	Scaffolds_18	+	1	0			0			0	0		
g14261	Scaffolds_4	+	1	0			0			0	0		
g2382	Scaffolds_14	+	1	0			0			0	0		
g7564	Scaffolds_21	+	4	3			0	2010541	2011036	496	0	2006404	2006486
g4491	Scaffolds_18	+	2	1			0			0	0	923360	923851
g2262	Scaffolds_14	-	1	0			0			0	0		
g14374	Scaffolds_4	+	1	0			0			0	0		
g6366	Scaffolds_2	+	4	3			0	1277406	1277543	138	0	1273814	1274141
g9784	Scaffolds_26	-	1	0			0			0	0		
g15604	Scaffolds_8	+	1	0			0			0	0		
g9824	Scaffolds_26	+	3	2			0	374410	374619	210	0	374012	374066
g4647	Scaffolds_18	+	1	0			0			0	0		
g11782	Scaffolds_3	-	1	0			0			0	0		
g14909	Scaffolds_5	+	4	3			0	1265240	1265644	405	0	1261863	1261982
g4888	Scaffolds_18	+	1	0			0			0	0		
g1682	Scaffolds_11	-	4	3			0			0	0	1553789	1554166
g60	Scaffolds_0	-	3	2			0			0	0	298057	298153
g10555	Scaffolds_28	+	1	0			0			0	0		
g15638	Scaffolds_8	-	1	0			0			0	0		
g7109	Scaffolds_21	+	1	0			0			0	0		
g10989	Scaffolds_29	-	1	0			0			0	0		
g4540	Scaffolds_18	-	1	0	1104044	1104128	85			0	0		
g14422	Scaffolds_4	-	1	0			0			0	0		
g8832	Scaffolds_23	+	2	1			0			0	0	1974870	1975407
g10900	Scaffolds_29	-	3	2			0			0	0	1148032	1148080
g16080	Scaffolds_9	+	3	2			0			0	0	855647	856080
g9673	Scaffolds_25	+	1	0			0			0	0		
g4304	Scaffolds_18	+	1	0			0	253850	253978	129	0		
g3421	Scaffolds_16	-	3	2			0			0	0	296934	296992
g4112	Scaffolds_17	-	1	0			0			0	0		
g12271	Scaffolds_31	+	1	0			0			0	0		
g6384	Scaffolds_2	+	1	0			0			0	0		
g15463	Scaffolds_8	+	1	0			0			0	0		
g11970	Scaffolds_3	+	1	0			0			0	0		
g13342	Scaffolds_33	-	1	0			0			0	0		
g5930	Scaffolds_19	+	1	0			0			0	0		
g3024	Scaffolds_15	+	3	2			0	1737143	1737326	184	0	1735275	1735871
g2620	Scaffolds_15	-	3	2			0			0	0	179203	179252
g7397	Scaffolds_21	+	1	0	1333367	1338427	5061	1339658	1339788	131	0		
g13373	Scaffolds_33	+	6	5			0	2170741	2170793	53	0	2168308	2168409
g1931	Scaffolds_13	+	1	0			0			0	0		
g14438	Scaffolds_4	+	1	0			0			0	0		
g15531	Scaffolds_8	+	1	0			0			0	0		
g8477	Scaffolds_23	+	3	2			0	529393	529829	437	0	525479	525539
g15645	Scaffolds_8	-	1	0			0			0	0		
g4169	Scaffolds_17	-	2	1	1421772	1421997	226			0	0	1421479	1421698
g1318	Scaffolds_11	-	4	3			0			0	0	148737	149145
g1893	Scaffolds_13	-	1	0			0			0	0		
g13745	Scaffolds_4	-	1	0	568221	568418	198			0	0		
g5175	Scaffolds_18	-	2	1			0			0	0	3470300	3470656
g11463	Scaffolds_3	+	1	0			0			0	0		
g12969	Scaffolds_33	+	4	3			0			0	0	633257	634217
g14131	Scaffolds_4	-	1	0	2044374	2044494	121			0	0		
g5048	Scaffolds_18	-	1	0			0			0	0		
g3559	Scaffolds_16	+	4	3			0	744410	744584	175	0	740875	740957
g15653	Scaffolds_8	-	3	2			0			0	0	1046550	1046853
g12883	Scaffolds_33	+	1	0			0			0	0		
g8613	Scaffolds_23	+	1	0			0			0	0		
g2154	Scaffolds_14	+	3	2			0	313326	314200	875	0	312413	312907
g12019	Scaffolds_30	+	1	0			0			0	0		
g7598	Scaffolds_21	-	1	0			0			0	0		
g11811	Scaffolds_3	-	2	1			0			0	0	1225201	1225266
g15809	Scaffolds_8	+	1	0			0			0	0		
g1863	Scaffolds_13	+	3	2			0	394459	395028	570	0	393849	394146
g973	Scaffolds_10	-	1	0			0			0	0		
g9829	Scaffolds_26	-	4	3			0			0	0	389327	389778
g5065	Scaffolds_18	+	1	0			0			0	0		
g12777	Scaffolds_32	+	1	0			0			0	0		
g10496	Scaffolds_28	+	1	0			0			0	0		
g10945	Scaffolds_29	-	2	1			0			0	0	1297072	1297459
g211	Scaffolds_0	-	1	0	876265	876696	432			0	0		
g1070	Scaffolds_10	+	1	0			0	895675	895790	116	0		
g7528	Scaffolds_21	+	2	1			0	1869252	1869331	80	0	1862638	1862691
g4206	Scaffolds_17	-	1	0			0			0	0		
g1561	Scaffolds_11	+	2	1			0	1096769	1096869	101	0	1094506	1094603
g13917	Scaffolds_4	+	5	4			0	1273907	1274040	134	0	1267316	1267623
g11227	Scaffolds_29	+	2	1			0	2376814	2376897	84	0	2376596	2376659
g11337	Scaffolds_29	+	1	0			0			0	0		
g14300	Scaffolds_4	+	1	0			0			0	0		
g7193	Scaffolds_21	+	1	0			0			0	0		
g13537	Scaffolds_33	-	2	1	2841942	2842325	384			0	0	2840318	2840681
g12901	Scaffolds_33	-	1	0			0			0	0		
g5186	Scaffolds_18	+	3	2			0	3501295	3502649	1355	0	3498134	3498211
g291	Scaffolds_0	+	1	0			0			0	0		
g5859	Scaffolds_19	+	2	1			0			0	0	1861372	1861572
g2666	Scaffolds_15	+	1	0			0			0	0		
g2311	Scaffolds_14	-	1	0			0			0	0		
g11707	Scaffolds_3	-	1	0			0			0	0		
g691	Scaffolds_1	+	1	0			0			0	0		
g1333	Scaffolds_11	+	2	1			0	194122	197975	3854	0	192736	192828
g15279	Scaffolds_7	-	1	0	285567	285616	50			0	0		
g8837	Scaffolds_23	+	1	0			0			0	0		
g11891	Scaffolds_3	+	1	0			0			0	0		
g12929	Scaffolds_33	+	4	3			0	415107	415135	29	0	413840	414368
g10500	Scaffolds_28	-	1	0			0			0	0		
g4117	Scaffolds_17	+	1	0			0			0	0		
g14784	Scaffolds_5	-	1	0			0			0	0		
g7428	Scaffolds_21	+	1	0			0			0	0		
g4548	Scaffolds_18	+	1	0			0			0	0		
g9593	Scaffolds_25	+	3	2			0			0	0	1001493	1001589
g12718	Scaffolds_32	-	4	3			0			0	0	619156	619401
g1621	Scaffolds_11	+	2	1			0			0	0	1342422	1343476
g2712	Scaffolds_15	+	1	0			0			0	0		
g11705	Scaffolds_3	-	3	2			0			0	0	828468	828540
g6915	Scaffolds_20	+	4	3			0	1789339	1789393	55	0	1786200	1786253
g10023	Scaffolds_26	+	1	0			0			0	0		
g5447	Scaffolds_19	-	1	0			0			0	0		
g1612	Scaffolds_11	-	5	4			0			0	0	1277303	1277365
g4367	Scaffolds_18	+	2	1			0			0	0	456322	456875
g12061	Scaffolds_30	+	1	0			0			0	0		
g40	Scaffolds_0	-	1	0			0			0	0		
g12314	Scaffolds_31	-	4	3			0			0	0	469314	469371
g14663	Scaffolds_5	+	3	2			0			0	0	285806	286105
g15268	Scaffolds_7	+	1	0			0			0	0		
g1124	Scaffolds_10	-	4	3			0			0	0	1093703	1093957
g15981	Scaffolds_9	-	1	0			0			0	0		
g10372	Scaffolds_27	-	1	0			0			0	0		
g14138	Scaffolds_4	+	1	0			0			0	0		
g504	Scaffolds_1	-	2	1			0			0	0	147930	148150
g10130	Scaffolds_26	+	1	0			0			0	0		
g15787	Scaffolds_8	+	1	0			0			0	0		
g2689	Scaffolds_15	+	1	0			0			0	0		
g10865	Scaffolds_29	-	1	0			0			0	0		
g14832	Scaffolds_5	-	1	0			0			0	0		
g9708	Scaffolds_25	-	1	0	1426396	1426416	21			0	0		
g15371	Scaffolds_8	-	1	0			0			0	0		
g13093	Scaffolds_33	-	1	0			0			0	0		
g6278	Scaffolds_2	-	1	0			0			0	0		
g11043	Scaffolds_29	+	2	1			0	1683890	1684612	723	0	1682669	1682841
g14287	Scaffolds_4	+	1	0			0			0	0		
g13148	Scaffolds_33	+	1	0			0	1293921	1293970	50	0		
g10232	Scaffolds_26	+	1	0			0			0	0		
g5001	Scaffolds_18	-	1	0			0			0	0		
g10523	Scaffolds_28	+	1	0			0			0	0		
g604	Scaffolds_1	-	1	0			0			0	0		
g7285	Scaffolds_21	+	1	0			0			0	0		
g2219	Scaffolds_14	+	11	10			0	555591	555857	267	0	546412	546486
g12673	Scaffolds_32	+	1	0			0			0	0		
g448	Scaffolds_0	+	1	0			0			0	0		
g11911	Scaffolds_3	+	1	0			0	1600734	1601012	279	0		
g7121	Scaffolds_21	+	4	3			0	343036	343456	421	0	341640	341729
g7567	Scaffolds_21	-	1	0			0			0	0		
g3188	Scaffolds_15	-	4	3	2386395	2386892	498			0	0	2385980	2386066
g15744	Scaffolds_8	+	2	1			0			0	0	1457940	1458353
g13695	Scaffolds_4	+	1	0			0	344932	345080	149	0		
g2012	Scaffolds_13	-	3	2	928948	928962	15			0	0	928484	928573
g5960	Scaffolds_19	+	2	1			0			0	0	2175396	2175858
g12185	Scaffolds_31	-	1	0			0			0	0		
g4422	Scaffolds_18	-	1	0	679097	680926	1830			0	0		
g9	Scaffolds_0	-	3	2			0			0	0	74444	74586
g2878	Scaffolds_15	-	6	5	1115283	1116043	761			0	0	1113996	1114084
g5671	Scaffolds_19	-	1	0			0			0	0		
g11741	Scaffolds_3	-	1	0			0			0	0		
g4466	Scaffolds_18	-	1	0			0			0	0		
g1557	Scaffolds_11	+	6	5			0	1088189	1088276	88	0	1083421	1083583
g4775	Scaffolds_18	-	1	0			0			0	0		
g2177	Scaffolds_14	+	2	1			0	399222	399499	278	0	394745	395011
g6259	Scaffolds_2	-	1	0			0			0	0		
g12668	Scaffolds_32	-	1	0	469439	477586	8148			0	0		
g13079	Scaffolds_33	+	1	0			0			0	0		
g13575	Scaffolds_33	-	4	3			0			0	0	2993355	2993620
g13173	Scaffolds_33	+	1	0			0			0	0		
g264	Scaffolds_0	-	1	0			0			0	0		
g1347	Scaffolds_11	+	2	1			0			0	0	256651	257167
g5883	Scaffolds_19	-	3	2	1940168	1940867	700			0	0	1938357	1939609
g462	Scaffolds_0	+	2	1			0			0	0	1714724	1715194
g13025	Scaffolds_33	-	1	0			0			0	0		
g4693	Scaffolds_18	-	2	1			0			0	0	1667320	1667367
g10670	Scaffolds_29	-	1	0			0			0	0		
g1955	Scaffolds_13	-	1	0			0			0	0		
g6158	Scaffolds_2	-	1	0			0			0	0		
g9962	Scaffolds_26	-	1	0			0			0	0		
g6912	Scaffolds_20	+	1	0			0			0	0		
g4307	Scaffolds_18	-	1	0			0			0	0		
g14732	Scaffolds_5	+	1	0			0			0	0		
g9419	Scaffolds_25	-	1	0			0			0	0		
g282	Scaffolds_0	+	1	0			0			0	0		
g11964	Scaffolds_3	+	1	0			0			0	0		
g112	Scaffolds_0	+	1	0			0	491477	491679	203	0		
g15525	Scaffolds_8	+	2	1			0			0	0	633437	634160
g2364	Scaffolds_14	-	1	0			0			0	0		
g210	Scaffolds_0	+	1	0			0			0	0		
g7084	Scaffolds_21	-	1	0			0			0	0		
g15860	Scaffolds_9	-	1	0			0			0	0		
g6340	Scaffolds_2	-	1	0			0			0	0		
g4472	Scaffolds_18	-	1	0			0			0	0		
g7188	Scaffolds_21	+	1	0			0	633199	633441	243	0		
g6840	Scaffolds_20	-	1	0			0			0	0		
g15837	Scaffolds_9	+	1	0			0			0	0		
g6716	Scaffolds_20	-	3	2	1039733	1039800	68			0	0	1039062	1039183
g11756	Scaffolds_3	-	5	4			0			0	0	979797	980042
g12735	Scaffolds_32	+	2	1			0	668885	669022	138	0	665783	667367
g10071	Scaffolds_26	-	8	7			0			0	0	1285083	1285153
g15166	Scaffolds_6	+	4	3			0	822378	823300	923	0	819260	819334
g6185	Scaffolds_2	+	1	0			0	537446	537579	134	0		
g7186	Scaffolds_21	-	2	1	615813	616102	290			0	0	608496	608674
g12299	Scaffolds_31	+	1	0			0			0	0		
g6020	Scaffolds_19	+	3	2			0	2403897	2403967	71	0	2401904	2402001
g1071	Scaffolds_10	-	1	0			0			0	0		
g14563	Scaffolds_4	-	5	4			0			0	0	3755332	3755591
g4099	Scaffolds_17	-	1	0			0			0	0		
g502	Scaffolds_1	-	1	0			0			0	0		
g2993	Scaffolds_15	+	1	0			0			0	0		
g12630	Scaffolds_32	+	1	0			0			0	0		
g14025	Scaffolds_4	-	1	0	1639292	1639594	303			0	0		
g7028	Scaffolds_20	-	3	2			0			0	0	2205434	2205541
g15310	Scaffolds_7	-	3	2			0			0	0	384880	385387
g10509	Scaffolds_28	-	2	1	654776	654793	18			0	0	654380	654660
g6486	Scaffolds_20	-	1	0			0			0	0		
g8645	Scaffolds_23	-	1	0			0			0	0		
g2079	Scaffolds_14	-	1	0			0			0	0		
g96	Scaffolds_0	-	1	0			0			0	0		
g8831	Scaffolds_23	-	3	2			0			0	0	1973459	1973628
g15598	Scaffolds_8	-	1	0			0			0	0		
g15431	Scaffolds_8	+	2	1			0	286207	286478	272	0	285979	286124
g9644	Scaffolds_25	-	1	0			0			0	0		
g12503	Scaffolds_31	-	1	0			0			0	0		
g5863	Scaffolds_19	-	1	0			0			0	0		
g2413	Scaffolds_14	+	2	1			0	1210828	1211827	1000	0	1207877	1208237
g14327	Scaffolds_4	-	1	0			0			0	0		
g4596	Scaffolds_18	-	1	0			0			0	0		
g14090	Scaffolds_4	+	1	0			0			0	0		
g13281	Scaffolds_33	-	5	4			0			0	0	1752880	1752982
g6204	Scaffolds_2	-	1	0			0			0	0		
g6677	Scaffolds_20	+	1	0			0			0	0		
g13374	Scaffolds_33	-	1	0			0			0	0		
g7361	Scaffolds_21	+	1	0			0			0	0		
g3197	Scaffolds_15	+	1	0			0			0	0		
g1387	Scaffolds_11	+	1	0			0			0	0		
g11229	Scaffolds_29	+	1	0			0			0	0		
g923	Scaffolds_10	-	5	4			0			0	0	365688	365861
g15875	Scaffolds_9	-	2	1			0			0	0	164249	165317
g14229	Scaffolds_4	+	2	1			0			0	0	2399209	2399258
g14338	Scaffolds_4	-	1	0			0			0	0		
g12976	Scaffolds_33	+	1	0			0			0	0		
g3235	Scaffolds_15	+	1	0			0			0	0		
g9512	Scaffolds_25	+	4	3			0	709229	709412	184	0	696884	697091
g2153	Scaffolds_14	-	3	2			0			0	0	308261	308649
g11109	Scaffolds_29	+	1	0			0			0	0		
g8781	Scaffolds_23	+	4	3			0	1792634	1792800	167	0	1791411	1791950
g12476	Scaffolds_31	+	1	0			0			0	0		
g14292	Scaffolds_4	-	1	0			0			0	0		
g16015	Scaffolds_9	+	1	0			0			0	0		
g4483	Scaffolds_18	+	2	1			0	898343	898706	364	0	896708	896822
g7577	Scaffolds_21	+	1	0			0			0	0		
g8310	Scaffolds_22	-	1	0			0			0	0		
g9953	Scaffolds_26	-	1	0			0			0	0		
g4001	Scaffolds_17	-	4	3	841191	841811	621			0	0	838899	839453
g2142	Scaffolds_14	-	5	4			0			0	0	268750	268888
g5356	Scaffolds_19	-	2	1			0			0	0	207706	208092
g6657	Scaffolds_20	+	1	0			0			0	0		
g14622	Scaffolds_5	+	1	0			0			0	0		
g932	Scaffolds_10	-	1	0			0			0	0		
g6593	Scaffolds_20	-	3	2			0			0	0	563396	564421
g3316	Scaffolds_15	+	1	0			0			0	0		
g5429	Scaffolds_19	-	1	0			0			0	0		
g14803	Scaffolds_5	+	3	2			0			0	0	879093	879399
g5099	Scaffolds_18	-	1	0			0			0	0		
g12932	Scaffolds_33	+	1	0			0			0	0		
g6636	Scaffolds_20	+	2	1			0	712423	713601	1179	0	710898	711185
g3702	Scaffolds_16	-	2	1			0			0	0	1217524	1217763
g3130	Scaffolds_15	-	2	1	2152383	2152825	443			0	0	2151546	2151601
g10614	Scaffolds_29	-	22	21	53734	53881	148			0	0	41614	46230
g4392	Scaffolds_18	+	1	0			0			0	0		
g7691	Scaffolds_21	-	3	2	2538427	2539083	657			0	0	2536440	2536604
g1133	Scaffolds_10	-	1	0			0			0	0		
g4465	Scaffolds_18	-	1	0			0			0	0		
g3703	Scaffolds_16	+	2	1			0			0	0	1221386	1221660
g15572	Scaffolds_8	-	1	0			0			0	0		
g9015	Scaffolds_24	-	1	0			0			0	0		
g6921	Scaffolds_20	-	3	2			0			0	0	1803963	1804275
g12776	Scaffolds_32	-	1	0			0			0	0		
g12909	Scaffolds_33	+	1	0			0			0	0		
g424	Scaffolds_0	-	1	0			0			0	0		
g10906	Scaffolds_29	+	1	0			0			0	0		
g6515	Scaffolds_20	-	1	0			0			0	0		
g10507	Scaffolds_28	+	1	0			0			0	0		
g10414	Scaffolds_28	+	1	0			0			0	0		
g8860	Scaffolds_23	+	1	0			0			0	0		
g9221	Scaffolds_24	-	1	0			0			0	0		
g1814	Scaffolds_13	+	1	0			0			0	0		
g772	Scaffolds_1	+	4	3			0	1105637	1106443	807	0	1104463	1104696
g490	Scaffolds_1	+	2	1			0			0	0	106819	107327
g4857	Scaffolds_18	+	1	0			0			0	0		
g11708	Scaffolds_3	+	3	2			0	832994	833045	52	0	832018	832070
g12554	Scaffolds_32	+	1	0			0			0	0		
g13300	Scaffolds_33	+	2	1			0			0	0	1877890	1877951
g9286	Scaffolds_24	-	1	0	1731958	1732217	260			0	0		
g653	Scaffolds_1	-	1	0	660240	660451	212			0	0		
g2692	Scaffolds_15	-	1	0			0			0	0		
g16072	Scaffolds_9	-	3	2	839739	839835	97			0	0	838930	839085
g7681	Scaffolds_21	-	1	0			0			0	0		
g13742	Scaffolds_4	-	1	0			0			0	0		
g11272	Scaffolds_29	-	1	0	2554256	2554273	18			0	0		
g9496	Scaffolds_25	-	1	0			0			0	0		
g11024	Scaffolds_29	-	1	0			0			0	0		
g5730	Scaffolds_19	-	3	2			0			0	0	1443520	1444030
g14381	Scaffolds_4	+	1	0			0	3102882	3103051	170	0		
g8719	Scaffolds_23	+	1	0			0			0	0		
g3663	Scaffolds_16	+	1	0			0			0	0		
g7522	Scaffolds_21	-	2	1	1825836	1825953	118			0	0	1825425	1825485
g3396	Scaffolds_16	-	1	0			0			0	0		
g64	Scaffolds_0	-	1	0			0			0	0		
g4096	Scaffolds_17	-	1	0			0			0	0		
g12234	Scaffolds_31	-	1	0	189556	189651	96			0	0		
g11801	Scaffolds_3	-	1	0			0			0	0		
g3143	Scaffolds_15	+	1	0			0	2228102	2229347	1246	0		
g15317	Scaffolds_7	-	1	0			0			0	0		
g865	Scaffolds_10	-	1	0			0			0	0		
g1221	Scaffolds_10	+	3	2			0	1426782	1427133	352	0	1426201	1426463
g10536	Scaffolds_28	-	1	0			0			0	0		
g9696	Scaffolds_25	-	1	0			0			0	0		
g14323	Scaffolds_4	+	1	0			0			0	0		
g7742	Scaffolds_21	+	1	0			0			0	0		
g4131	Scaffolds_17	+	1	0			0			0	0		
g7991	Scaffolds_22	-	1	0			0			0	0		
g1138	Scaffolds_10	-	1	0	1144682	1145420	739			0	0		
g2901	Scaffolds_15	-	1	0			0			0	0		
g8882	Scaffolds_24	+	12	11			0	39083	39110	28	0	32225	32401
g3998	Scaffolds_17	+	2	1			0	832967	833207	241	0	830783	831007
g3276	Scaffolds_15	-	1	0			0			0	0		
g11143	Scaffolds_29	+	1	0			0	2104537	2104767	231	0		
g11600	Scaffolds_3	-	1	0			0			0	0		
g6165	Scaffolds_2	-	1	0			0			0	0		
g2129	Scaffolds_14	-	1	0			0			0	0		
g13727	Scaffolds_4	+	4	3			0	501954	502001	48	0	498771	499024
g5685	Scaffolds_19	+	1	0			0			0	0		
g9649	Scaffolds_25	+	1	0			0			0	0		
g14176	Scaffolds_4	+	1	0			0			0	0		
g14776	Scaffolds_5	+	2	1			0			0	0	736778	737376
g4420	Scaffolds_18	-	1	0			0			0	0		
g9336	Scaffolds_25	-	1	0			0			0	0		
g900	Scaffolds_10	-	4	3			0			0	0	269188	269495
g14741	Scaffolds_5	+	2	1			0			0	0	632398	632564
g4381	Scaffolds_18	+	1	0			0	502108	502679	572	0		
g7078	Scaffolds_21	-	1	0			0			0	0		
g11049	Scaffolds_29	-	1	0			0			0	0		
g1623	Scaffolds_11	+	3	2			0	1352788	1353659	872	0	1348335	1348454
g10589	Scaffolds_28	-	1	0			0			0	0		
g14543	Scaffolds_4	-	1	0			0			0	0		
g6697	Scaffolds_20	-	1	0	969116	970141	1026			0	0		
g5767	Scaffolds_19	-	3	2	1566202	1566351	150			0	0	1563961	1564016
g14896	Scaffolds_5	-	1	0			0			0	0		
g12205	Scaffolds_31	-	1	0			0			0	0		
g14755	Scaffolds_5	-	2	1			0			0	0	680424	680641
g14769	Scaffolds_5	-	4	3			0			0	0	725066	725154
g14082	Scaffolds_4	+	2	1			0	1874234	1874307	74	0	1872950	1872993
g414	Scaffolds_0	+	1	0			0			0	0		
g2349	Scaffolds_14	-	1	0			0			0	0		
g10819	Scaffolds_29	-	1	0			0			0	0		
g9938	Scaffolds_26	+	3	2			0			0	0	782129	782663
g5683	Scaffolds_19	+	1	0			0			0	0		
g3792	Scaffolds_17	+	1	0			0			0	0		
g3210	Scaffolds_15	+	1	0			0	2471452	2471499	48	0		
g7238	Scaffolds_21	+	1	0			0			0	0		
g6668	Scaffolds_20	+	1	0			0			0	0		
g3900	Scaffolds_17	-	2	1	476707	476881	175			0	0	476261	476551
g14865	Scaffolds_5	-	1	0			0			0	0		
g13484	Scaffolds_33	-	2	1	2634452	2634987	536			0	0	2627883	2627968
g4747	Scaffolds_18	+	1	0			0			0	0		
g9933	Scaffolds_26	-	1	0			0			0	0		
g14825	Scaffolds_5	+	1	0			0			0	0		
g15943	Scaffolds_9	+	1	0			0			0	0		
g7539	Scaffolds_21	+	3	2			0	1906499	1906972	474	0	1905249	1905635
g6129	Scaffolds_2	-	1	0			0			0	0		
g3422	Scaffolds_16	+	1	0			0			0	0		
g11108	Scaffolds_29	-	3	2	1961173	1961274	102			0	0	1960347	1960477
g8137	Scaffolds_22	+	1	0			0			0	0		
g1470	Scaffolds_11	-	1	0			0			0	0		
g326	Scaffolds_0	+	1	0			0			0	0		
g10718	Scaffolds_29	+	1	0			0			0	0		
g8650	Scaffolds_23	-	5	4			0			0	0	1236244	1236308
g1645	Scaffolds_11	+	3	2			0	1422954	1423137	184	0	1418713	1418931
g12345	Scaffolds_31	-	1	0	608367	608385	19			0	0		
g10294	Scaffolds_26	-	1	0			0			0	0		
g7325	Scaffolds_21	+	1	0			0			0	0		
g11159	Scaffolds_29	-	1	0			0			0	0		
g2452	Scaffolds_14	+	1	0			0			0	0		
g12722	Scaffolds_32	-	1	0			0			0	0		
g9213	Scaffolds_24	+	1	0			0			0	0		
g5220	Scaffolds_18	-	3	2	3649655	3650084	430			0	0	3640208	3640251
g16011	Scaffolds_9	-	1	0			0			0	0		
g429	Scaffolds_0	+	2	1			0	1622537	1622676	140	0	1622229	1622492
g8770	Scaffolds_23	-	3	2			0			0	0	1763456	1763715
g379	Scaffolds_0	-	4	3			0			0	0	1432243	1432413
g7200	Scaffolds_21	+	1	0			0			0	0		
g1472	Scaffolds_11	+	1	0			0			0	0		
g4966	Scaffolds_18	+	1	0			0			0	0		
g14811	Scaffolds_5	-	1	0			0			0	0		
g15	Scaffolds_0	+	1	0			0			0	0		
g15976	Scaffolds_9	+	1	0			0			0	0		
g2831	Scaffolds_15	-	1	0			0			0	0		
g4682	Scaffolds_18	-	1	0			0			0	0		
g15961	Scaffolds_9	+	1	0			0			0	0		
g13255	Scaffolds_33	-	1	0			0			0	0		
g5040	Scaffolds_18	+	1	0			0			0	0		
g6173	Scaffolds_2	-	3	2			0			0	0	508264	508934
g4941	Scaffolds_18	+	1	0			0			0	0		
g571	Scaffolds_1	+	1	0			0			0	0		
g5846	Scaffolds_19	-	1	0	1813582	1814069	488			0	0		
g1393	Scaffolds_11	-	1	0			0			0	0		
g9669	Scaffolds_25	-	1	0	1246910	1246930	21			0	0		
g1695	Scaffolds_11	-	1	0			0			0	0		
g13828	Scaffolds_4	-	3	2			0			0	0	915983	916522
g9711	Scaffolds_25	+	1	0			0			0	0		
g10736	Scaffolds_29	-	1	0			0			0	0		
g3129	Scaffolds_15	+	1	0			0			0	0		
g7319	Scaffolds_21	+	1	0			0			0	0		
g385	Scaffolds_0	-	1	0			0			0	0		
g12227	Scaffolds_31	-	1	0			0			0	0		
g3785	Scaffolds_17	-	1	0			0			0	0		
g4126	Scaffolds_17	+	1	0			0			0	0		
g13002	Scaffolds_33	+	1	0			0			0	0		
g10248	Scaffolds_26	-	17	16	1871542	1871834	293			0	0	1864306	1864407
g1389	Scaffolds_11	+	1	0			0	482826	482900	75	0		
g15597	Scaffolds_8	-	3	2	883097	883331	235			0	0	880935	881094
g13345	Scaffolds_33	+	1	0			0	2044329	2044621	293	0		
g13568	Scaffolds_33	+	1	0			0			0	0		
g2829	Scaffolds_15	-	1	0			0			0	0		
g9167	Scaffolds_24	+	2	1			0	1222783	1223764	982	0	1222649	1222725
g2598	Scaffolds_15	+	1	0			0			0	0		
g10410	Scaffolds_28	-	1	0			0			0	0		
g8374	Scaffolds_23	-	2	1	153937	154531	595			0	0	153669	153889
g13741	Scaffolds_4	+	1	0			0			0	0		
g14399	Scaffolds_4	+	2	1			0	3189832	3190067	236	0	3186137	3186679
g4020	Scaffolds_17	+	1	0			0			0	0		
g4462	Scaffolds_18	-	3	2			0			0	0	841567	841626
g4097	Scaffolds_17	-	3	2			0			0	0	1148477	1148810
g11267	Scaffolds_29	-	1	0	2538049	2538105	57			0	0		
g5597	Scaffolds_19	-	1	0	950780	950850	71			0	0		
g9228	Scaffolds_24	+	2	1			0	1498400	1499583	1184	0	1498094	1498255
g10514	Scaffolds_28	-	16	15	692194	692706	513			0	0	679811	683882
g11282	Scaffolds_29	+	1	0			0			0	0		
g1390	Scaffolds_11	-	1	0	485020	485655	636			0	0		
g12598	Scaffolds_32	-	11	10			0			0	0	233591	234256
g13643	Scaffolds_4	-	3	2	159205	160084	880			0	1	159118	159293
g7018	Scaffolds_20	+	4	3			0	2162579	2162817	239	0	2160506	2160605
g4013	Scaffolds_17	-	1	0			0			0	0		
g5443	Scaffolds_19	-	1	0			0			0	0		
g13827	Scaffolds_4	+	1	0			0			0	0		
g10596	Scaffolds_28	+	1	0			0			0	0		
g14313	Scaffolds_4	-	1	0			0			0	0		
g2654	Scaffolds_15	-	1	0			0			0	0		
g8730	Scaffolds_23	-	1	0			0			0	0		
g10270	Scaffolds_26	+	1	0			0			0	0		
g10403	Scaffolds_28	-	1	0			0			0	0		
g4787	Scaffolds_18	-	1	0			0			0	0		
g6391	Scaffolds_2	+	1	0			0			0	0		
g7524	Scaffolds_21	+	1	0			0			0	0		
g8908	Scaffolds_24	-	1	0	138440	139142	703			0	0		
g6199	Scaffolds_2	+	1	0			0			0	0		
g4530	Scaffolds_18	-	1	0			0			0	0		
g5255	Scaffolds_18	+	1	0			0			0	0		
g8325	Scaffolds_22	+	1	0			0	1998467	1998541	75	0		
g1933	Scaffolds_13	+	2	1			0			0	0	672123	672194
g7292	Scaffolds_21	-	4	3	974814	974913	100			0	0	973992	974191
g1027	Scaffolds_10	+	1	0			0			0	0		
g7737	Scaffolds_21	+	1	0			0			0	0		
g12448	Scaffolds_31	-	1	0			0			0	0		
g6324	Scaffolds_2	+	1	0			0			0	0		
g4533	Scaffolds_18	+	1	0			0			0	0		
g192	Scaffolds_0	-	1	0			0			0	0		
g2996	Scaffolds_15	+	1	0			0	1623743	1623991	249	0		
g13112	Scaffolds_33	-	4	3			0			0	0	1140094	1140245
g3822	Scaffolds_17	-	1	0			0			0	0		
g2640	Scaffolds_15	-	1	0			0			0	0		
g14045	Scaffolds_4	+	1	0			0			0	0		
g15322	Scaffolds_7	-	1	0			0			0	0		
g9506	Scaffolds_25	+	2	1			0			0	0	681064	681190
g8937	Scaffolds_24	+	1	0			0			0	0		
g13103	Scaffolds_33	-	1	0			0			0	0		
g4026	Scaffolds_17	-	2	1			0			0	0	928275	928318
g10915	Scaffolds_29	-	1	0			0			0	0		
g3714	Scaffolds_16	+	1	0			0			0	0		
g13901	Scaffolds_4	+	1	0			0	1198323	1198383	61	0		
g11691	Scaffolds_3	+	1	0			0			0	0		
g9913	Scaffolds_26	+	1	0			0			0	0		
g4959	Scaffolds_18	-	1	0			0			0	0		
g2803	Scaffolds_15	-	1	0			0			0	0		
g7497	Scaffolds_21	+	2	1			0			0	0	1734217	1734761
g4771	Scaffolds_18	-	1	0			0			0	0		
g2298	Scaffolds_14	+	1	0			0	817904	818652	749	0		
g5763	Scaffolds_19	+	1	0			0			0	0		
g14015	Scaffolds_4	-	1	0			0			0	0		
g14173	Scaffolds_4	+	4	3			0	2193424	2195249	1826	0	2190119	2190221
g14062	Scaffolds_4	-	1	0			0			0	0		
g5663	Scaffolds_19	+	1	0			0			0	0		
g14820	Scaffolds_5	-	2	1			0			0	0	940028	940413
g1151	Scaffolds_10	-	1	0			0			0	0		
g9707	Scaffolds_25	+	1	0			0			0	0		
g4075	Scaffolds_17	-	4	3			0			0	0	1074028	1074094
g10947	Scaffolds_29	-	6	5			0			0	0	1302383	1302573
g15484	Scaffolds_8	+	3	2			0	481008	481326	319	0	477764	477863
g1844	Scaffolds_13	+	1	0			0			0	0		
g4236	Scaffolds_17	+	1	0			0			0	0		
g14579	Scaffolds_4	+	1	0			0			0	0		
g10319	Scaffolds_27	+	1	0			0			0	0		
g6219	Scaffolds_2	+	5	4			0	642660	642774	115	0	641263	641400
g7061	Scaffolds_21	+	4	3			0	77520	77941	422	0	74607	74653
g6368	Scaffolds_2	-	1	0			0			0	0		
g2969	Scaffolds_15	-	1	0			0			0	0		
g14022	Scaffolds_4	+	1	0			0			0	0		
g10944	Scaffolds_29	+	1	0			0			0	0		
g2286	Scaffolds_14	-	1	0			0			0	0		
g10020	Scaffolds_26	+	1	0			0			0	0		
g2370	Scaffolds_14	-	1	0			0			0	0		
g6860	Scaffolds_20	+	1	0			0			0	0		
g3005	Scaffolds_15	-	1	0			0			0	0		
g4095	Scaffolds_17	+	1	0			0			0	0		
g6617	Scaffolds_20	+	1	0			0			0	0		
g9991	Scaffolds_26	-	2	1			0			0	0	1039330	1039634
g7678	Scaffolds_21	-	5	4	2502431	2502571	141			0	0	2501005	2501295
g15774	Scaffolds_8	+	1	0			0			0	0		
g13280	Scaffolds_33	-	1	0			0			0	0		
g13036	Scaffolds_33	-	1	0	885429	886276	848			0	0		
g11276	Scaffolds_29	-	1	0	2573656	2573919	264			0	0		
g13883	Scaffolds_4	-	1	0			0			0	0		
g1215	Scaffolds_10	+	4	3			0	1409954	1410175	222	0	1407083	1407546
g15617	Scaffolds_8	-	1	0			0			0	0		
g4288	Scaffolds_18	-	3	2	196342	196597	256			0	0	195670	195764
g2068	Scaffolds_14	+	1	0			0			0	0		
g8488	Scaffolds_23	+	1	0			0	577500	577662	163	0		
g447	Scaffolds_0	-	1	0			0			0	0		
g6109	Scaffolds_2	+	1	0			0			0	0		
g15633	Scaffolds_8	-	1	0			0			0	0		
g6518	Scaffolds_20	-	1	0			0			0	0		
g856	Scaffolds_10	-	3	2	76526	76576	51			0	0	75924	75977
g2218	Scaffolds_14	-	1	0			0			0	0		
g15579	Scaffolds_8	+	1	0			0			0	0		
g4559	Scaffolds_18	+	1	0			0	1155640	1155888	249	0		
g6521	Scaffolds_20	+	1	0			0			0	0		
g5242	Scaffolds_18	-	1	0			0			0	0		
g15968	Scaffolds_9	+	2	1			0	523446	524144	699	0	521451	521546
g7400	Scaffolds_21	+	1	0			0			0	0		
g15989	Scaffolds_9	-	3	2	608682	610230	1549			0	0	606922	606995
g788	Scaffolds_1	+	1	0			0	1172502	1172783	282	0		
g4154	Scaffolds_17	+	2	1			0	1379006	1381225	2220	0	1378145	1378689
g9791	Scaffolds_26	+	1	0			0			0	0		
g11816	Scaffolds_3	+	1	0			0			0	0		
g14928	Scaffolds_5	-	1	0	1358063	1359573	1511			0	0		
g306	Scaffolds_0	-	3	2	1213595	1213625	31			0	0	1213097	1213269
g7380	Scaffolds_21	+	1	0			0			0	0		
g9022	Scaffolds_24	-	1	0			0			0	0		
g1913	Scaffolds_13	+	1	0			0			0	0		
g13799	Scaffolds_4	-	1	0	799464	800244	781			0	0		
g4529	Scaffolds_18	+	18	17			0	1067922	1067950	29	0	1062489	1062608
g3246	Scaffolds_15	-	1	0			0			0	0		
g6174	Scaffolds_2	+	6	5			0	511441	511511	71	0	509819	509930
g12343	Scaffolds_31	+	1	0			0			0	0		
g11064	Scaffolds_29	-	5	4	1764929	1765366	438			0	0	1763120	1763388
g15520	Scaffolds_8	+	1	0			0			0	0		
g11078	Scaffolds_29	+	1	0			0			0	0		
g9887	Scaffolds_26	-	1	0			0			0	0		
g7096	Scaffolds_21	-	1	0			0			0	0		
g14675	Scaffolds_5	-	1	0			0			0	0		
g3230	Scaffolds_15	-	1	0			0			0	0		
g11007	Scaffolds_29	+	1	0			0			0	0		
g12917	Scaffolds_33	+	4	3			0	378269	379867	1599	0	372179	372273
g14656	Scaffolds_5	+	1	0			0			0	0		
g623	Scaffolds_1	-	1	0	560470	562353	1884			0	0		
g5845	Scaffolds_19	+	1	0			0			0	0		
g15619	Scaffolds_8	+	1	0			0			0	0		
g14541	Scaffolds_4	+	2	1			0	3684623	3685021	399	0	3683800	3683899
g5316	Scaffolds_19	+	1	0			0			0	0		
g1520	Scaffolds_11	+	1	0			0			0	0		
g12894	Scaffolds_33	+	4	3			0	302716	303413	698	0	301195	301266
g888	Scaffolds_10	+	3	2			0			0	0	185806	186002
g13567	Scaffolds_33	-	1	0			0			0	0		
g9327	Scaffolds_24	+	1	0			0			0	0		
g10455	Scaffolds_28	+	1	0			0			0	0		
g4066	Scaffolds_17	+	1	0			0			0	0		
g13065	Scaffolds_33	+	1	0			0			0	0		
g7017	Scaffolds_20	-	1	0			0			0	0		
g13965	Scaffolds_4	-	4	3	1437341	1437448	108			0	0	1436495	1436619
g13767	Scaffolds_4	+	1	0			0			0	0		
g8652	Scaffolds_23	-	1	0			0			0	0		
g5371	Scaffolds_19	+	3	2			0	249209	249442	234	0	247573	248273
g529	Scaffolds_1	-	3	2			0			0	0	223810	224707
g11814	Scaffolds_3	-	1	0			0			0	0		
g11496	Scaffolds_3	+	1	0			0			0	0		
g14044	Scaffolds_4	-	1	0			0			0	0		
g14401	Scaffolds_4	-	3	2			0			0	0	3194024	3194077
g9202	Scaffolds_24	+	1	0			0			0	0		
g9769	Scaffolds_26	-	1	0	185637	185658	22			0	0		
g6987	Scaffolds_20	-	1	0	2055560	2055806	247			0	0		
g2249	Scaffolds_14	+	1	0			0			0	0		
g3116	Scaffolds_15	-	1	0			0			0	0		
g6692	Scaffolds_20	+	1	0			0			0	0		
g7452	Scaffolds_21	-	1	0			0			0	0		
g679	Scaffolds_1	-	1	0			0			0	0		
g8038	Scaffolds_22	+	2	1			0			0	0	948210	948810
g10985	Scaffolds_29	+	1	0			0			0	0		
g14256	Scaffolds_4	+	5	4			0	2503873	2504038	166	0	2501877	2502175
g12995	Scaffolds_33	+	4	3			0	719591	720430	840	0	717390	717463
g7493	Scaffolds_21	-	7	6	1728493	1728619	127			0	0	1726162	1726479
g3080	Scaffolds_15	+	2	1			0	1966708	1967209	502	0	1962712	1963019
g7337	Scaffolds_21	-	1	0			0			0	0		
g5472	Scaffolds_19	-	1	0			0			0	0		
g4774	Scaffolds_18	+	1	0			0			0	0		
g212	Scaffolds_0	+	1	0			0			0	0		
g15382	Scaffolds_8	-	4	3	99227	101052	1826			0	0	96491	96694
g2257	Scaffolds_14	-	2	1	676841	676926	86			0	0	676726	676801
g14160	Scaffolds_4	-	7	6	2147227	2147840	614			0	0	2145245	2145293
g3990	Scaffolds_17	+	1	0			0			0	0		
g10149	Scaffolds_26	-	1	0			0			0	0		
g11678	Scaffolds_3	-	1	0			0			0	0		
g15312	Scaffolds_7	+	1	0			0	410735	411060	326	0		
g3533	Scaffolds_16	-	1	0			0			0	0		
g2353	Scaffolds_14	+	1	0			0	1035225	1035341	117	0		
g2344	Scaffolds_14	+	1	0			0	1009781	1010172	392	0		
g1132	Scaffolds_10	+	1	0			0			0	0		
g2240	Scaffolds_14	-	2	1	619814	620241	428			0	0	618081	618149
g14804	Scaffolds_5	+	2	1			0			0	0	881717	881926
g14728	Scaffolds_5	+	2	1			0	571085	571178	94	0	558928	559585
g2641	Scaffolds_15	-	1	0			0			0	0		
g15784	Scaffolds_8	+	1	0			0			0	0		
g8906	Scaffolds_24	-	2	1			0			0	0	130478	130702
g2998	Scaffolds_15	+	1	0			0			0	0		
g13873	Scaffolds_4	+	1	0			0			0	0		
g8200	Scaffolds_22	-	1	0			0			0	0		
g4156	Scaffolds_17	-	2	1			0			0	0	1381704	1381886
g2863	Scaffolds_15	-	1	0			0			0	0		
g13178	Scaffolds_33	-	1	0			0			0	0		
g4853	Scaffolds_18	+	1	0			0			0	0		
g13082	Scaffolds_33	-	1	0			0			0	0		
g930	Scaffolds_10	-	1	0			0			0	0		
g11249	Scaffolds_29	+	5	4			0	2463111	2463496	386	0	2460212	2460308
g5289	Scaffolds_18	+	1	0			0	3870744	3871056	313	0		
g1396	Scaffolds_11	+	1	0			0			0	0		
g7530	Scaffolds_21	-	1	0			0			0	0		
g638	Scaffolds_1	-	1	0			0			0	0		
g9334	Scaffolds_25	-	1	0	10443	10559	117			0	0		
g8112	Scaffolds_22	-	1	0			0			0	0		
g1819	Scaffolds_13	-	1	0			0			0	0		
g8691	Scaffolds_23	+	1	0			0			0	0		
g13233	Scaffolds_33	+	1	0			0			0	0		
g5092	Scaffolds_18	+	1	0			0			0	0		
g359	Scaffolds_0	-	1	0			0			0	0		
g12181	Scaffolds_31	+	1	0			0			0	0		
g678	Scaffolds_1	+	3	2			0			0	0	745346	745564
g9990	Scaffolds_26	+	4	3			0	1037818	1039637	1820	0	1029899	1030177
g4567	Scaffolds_18	+	1	0			0			0	0		
g117	Scaffolds_0	+	1	0			0			0	0		
g2835	Scaffolds_15	-	1	0			0			0	0		
g13180	Scaffolds_33	+	1	0			0			0	0		
g9759	Scaffolds_26	-	1	0			0			0	0		
g7612	Scaffolds_21	-	3	2	2223681	2223991	311			0	0	2208786	2209039
g5427	Scaffolds_19	-	1	0			0			0	0		
g11033	Scaffolds_29	+	1	0			0			0	0		
g6556	Scaffolds_20	-	1	0			0			0	0		
g13035	Scaffolds_33	-	1	0			0			0	0		
g14783	Scaffolds_5	+	1	0			0			0	0		
g3168	Scaffolds_15	+	1	0			0			0	0		
g2450	Scaffolds_14	-	1	0			0			0	0		
g15285	Scaffolds_7	+	1	0			0	309564	309613	50	0		
g5113	Scaffolds_18	+	1	0			0			0	0		
g9239	Scaffolds_24	-	1	0	1547342	1547585	244			0	0		
g7022	Scaffolds_20	+	3	2			0	2186968	2187177	210	0	2185574	2185616
g868	Scaffolds_10	+	1	0			0	123343	123580	238	0		
g3531	Scaffolds_16	+	3	2			0			0	0	646164	646769
g3171	Scaffolds_15	+	3	2			0	2346053	2346085	33	0	2344473	2344675
g1448	Scaffolds_11	+	1	0			0	656828	656925	98	0		
g3947	Scaffolds_17	-	2	1			0			0	0	650454	650551
g5455	Scaffolds_19	+	1	0			0			0	0		
g3378	Scaffolds_16	+	1	0			0	138562	138982	421	0		
g10154	Scaffolds_26	+	1	0			0			0	0		
g11879	Scaffolds_3	+	2	1			0	1479183	1479311	129	0	1477860	1477933
g9789	Scaffolds_26	+	1	0			0			0	0		
g3393	Scaffolds_16	-	2	1			0			0	0	177559	178249
g12620	Scaffolds_32	+	1	0			0			0	0		
g9857	Scaffolds_26	+	1	0			0			0	0		
g9164	Scaffolds_24	-	1	0	1193095	1194290	1196			0	0		
g14522	Scaffolds_4	-	2	1			0			0	0	3638975	3639180
g1809	Scaffolds_13	-	1	0	227887	228110	224			0	0		
g4863	Scaffolds_18	-	1	0			0			0	0		
g7284	Scaffolds_21	-	2	1			0			0	0	944481	944760
g15287	Scaffolds_7	+	1	0			0	314427	314476	50	0		
g10435	Scaffolds_28	+	1	0			0			0	0		
g15923	Scaffolds_9	+	2	1			0			0	0	357712	357896
g8706	Scaffolds_23	+	1	0			0			0	0		
g8056	Scaffolds_22	+	1	0			0			0	0		
g12762	Scaffolds_32	+	1	0			0			0	0		
g5882	Scaffolds_19	-	2	1			0			0	0	1933377	1933540
g15073	Scaffolds_6	-	3	2			0			0	0	510092	510467
g10914	Scaffolds_29	+	1	0			0			0	0		
g10909	Scaffolds_29	+	2	1			0			0	0	1176229	1176375
g12790	Scaffolds_32	-	1	0			0			0	0		
g7438	Scaffolds_21	+	4	3			0	1504206	1505335	1130	0	1497704	1501896
g5100	Scaffolds_18	+	3	2			0	3063806	3065416	1611	0	3060688	3060988
g12994	Scaffolds_33	+	1	0			0			0	0		
g12900	Scaffolds_33	+	2	1			0	318651	318915	265	0	317074	317116
g9719	Scaffolds_25	-	1	0			0			0	0		
g12711	Scaffolds_32	+	1	0	601700	602566	867			0	0		
g8802	Scaffolds_23	-	1	0			0			0	0		
g6903	Scaffolds_20	-	1	0			0			0	0		
g9620	Scaffolds_25	+	1	0			0			0	0		
g6543	Scaffolds_20	+	1	0			0			0	0		
g10728	Scaffolds_29	-	1	0			0			0	0		
g7746	Scaffolds_21	+	1	0			0			0	0		
g8474	Scaffolds_23	+	4	3			0	519340	519734	395	0	515867	516041
g15255	Scaffolds_7	-	4	3			0			0	0	195375	195417
g3384	Scaffolds_16	-	1	0			0			0	0		
g6606	Scaffolds_20	-	3	2			0			0	0	614734	614967
g6854	Scaffolds_20	+	1	0			0			0	0		
g5393	Scaffolds_19	+	2	1			0			0	0	299695	299740
g5043	Scaffolds_18	+	1	0			0			0	0		
g13573	Scaffolds_33	+	1	0			0			0	0		
g15047	Scaffolds_6	-	1	0			0			0	0		
g7444	Scaffolds_21	+	1	0			0			0	0		
g1630	Scaffolds_11	-	2	1			0			0	0	1374192	1374495
g13846	Scaffolds_4	+	1	0			0	985598	986115	518	0		
g11746	Scaffolds_3	-	1	0			0			0	0		
g8599	Scaffolds_23	+	2	1			0			0	0	1056906	1057554
g3941	Scaffolds_17	+	5	4			0	624859	625718	860	0	622436	622549
g11565	Scaffolds_3	-	1	0			0			0	0		
g14963	Scaffolds_6	+	1	0			0			0	0		
g9893	Scaffolds_26	-	1	0			0			0	0		
g6535	Scaffolds_20	-	1	0	382363	382548	186			0	0		
g10195	Scaffolds_26	-	1	0			0			0	0		
g952	Scaffolds_10	-	1	0	500378	500485	108			0	0		
g13316	Scaffolds_33	-	1	0			0			0	0		
g3295	Scaffolds_15	+	2	1			0	2760365	2760844	480	0	2759829	2759893
g4748	Scaffolds_18	-	1	0			0			0	0		
g5337	Scaffolds_19	+	3	2			0	160130	160279	150	0	159535	159616
g5641	Scaffolds_19	-	1	0			0			0	0		
g4690	Scaffolds_18	-	1	0			0			0	0		
g3623	Scaffolds_16	+	2	1			0	945245	946609	1365	0	945019	945240
g11361	Scaffolds_29	-	1	0			0			0	0		
g14651	Scaffolds_5	-	1	0			0			0	0		
g9714	Scaffolds_25	+	1	0			0			0	0		
g9508	Scaffolds_25	-	1	0			0			0	0		
g2900	Scaffolds_15	+	1	0			0			0	0		
g3077	Scaffolds_15	+	1	0			0			0	0		
g34	Scaffolds_0	+	1	0			0			0	0		
g7608	Scaffolds_21	-	5	4			0			0	0	2195097	2195355
g9361	Scaffolds_25	+	3	2			0	115409	115506	98	0	109268	109314
g13581	Scaffolds_33	+	1	0			0			0	0		
g10950	Scaffolds_29	+	1	0			0			0	0		
g9645	Scaffolds_25	+	1	0			0			0	0		
g3027	Scaffolds_15	-	3	2	1744909	1745072	164			0	0	1743889	1744107
g9958	Scaffolds_26	-	3	2	885789	886024	236			0	0	885505	885565
g5662	Scaffolds_19	-	3	2			0			0	0	1141811	1142109
g9296	Scaffolds_24	-	2	1			0			0	0	1776521	1776946
g13943	Scaffolds_4	+	1	0			0			0	0		
g8895	Scaffolds_24	-	1	0			0			0	0		
g1037	Scaffolds_10	+	4	3			0	774684	774836	153	0	773805	774150
g5853	Scaffolds_19	+	1	0			0			0	0		
g8078	Scaffolds_22	+	1	0			0			0	0		
g12610	Scaffolds_32	-	4	3			0			0	0	279220	279286
g13734	Scaffolds_4	+	1	0			0			0	0		
g15240	Scaffolds_7	-	1	0			0			0	0		
g2778	Scaffolds_15	-	1	0			0			0	0		
g1187	Scaffolds_10	+	1	0			0			0	0		
g3022	Scaffolds_15	+	1	0			0			0	0		
g5585	Scaffolds_19	-	1	0			0			0	0		
g407	Scaffolds_0	+	1	0			0			0	0		
g9573	Scaffolds_25	+	1	0			0			0	0		
g4788	Scaffolds_18	-	5	4	2008167	2010617	2451			0	0	2006942	2007021
g5756	Scaffolds_19	-	1	0			0			0	0		
g8688	Scaffolds_23	+	1	0			0			0	0		
g3963	Scaffolds_17	+	3	2			0	701953	702115	163	0	699898	699985
g12774	Scaffolds_32	-	1	0			0			0	0		
g1060	Scaffolds_10	-	1	0			0			0	0		
g14340	Scaffolds_4	-	1	0			0			0	0		
g14977	Scaffolds_6	+	1	0			0			0	0		
g12980	Scaffolds_33	+	1	0			0			0	0		
g5676	Scaffolds_19	+	1	0			0			0	0		
g2438	Scaffolds_14	-	1	0			0			0	0		
g9744	Scaffolds_26	+	1	0			0			0	0		
g752	Scaffolds_1	+	1	0			0			0	0		
g12245	Scaffolds_31	-	2	1			0			0	0	222342	222528
g8458	Scaffolds_23	+	1	0			0			0	0		
g15476	Scaffolds_8	-	1	0			0			0	0		
g7552	Scaffolds_21	+	2	1			0			0	0	1963520	1964509
g239	Scaffolds_0	+	1	0			0			0	0		
g10921	Scaffolds_29	-	1	0			0			0	0		
g2737	Scaffolds_15	+	1	0			0			0	0		
g9416	Scaffolds_25	-	1	0			0			0	0		
g11122	Scaffolds_29	+	1	0			0	2011080	2011775	696	0		
g7603	Scaffolds_21	-	2	1			0			0	0	2177383	2177495
g6110	Scaffolds_2	-	1	0			0			0	0		
g2235	Scaffolds_14	-	1	0			0			0	0		
g13495	Scaffolds_33	-	1	0			0			0	0		
g11937	Scaffolds_3	+	1	0			0			0	0		
g13393	Scaffolds_33	+	1	0			0			0	0		
g13972	Scaffolds_4	-	1	0			0			0	0		
g10583	Scaffolds_28	+	4	3			0	962586	963091	506	0	961431	961674
g9179	Scaffolds_24	+	1	0			0			0	0		
g1740	Scaffolds_12	-	1	0			0			0	0		
g2165	Scaffolds_14	+	1	0			0	342026	342214	189	0		
g2330	Scaffolds_14	-	1	0			0			0	0		
g4918	Scaffolds_18	-	2	1	2465718	2465788	71			0	0	2465368	2465589
g9385	Scaffolds_25	-	1	0			0			0	0		
g15123	Scaffolds_6	+	1	0			0			0	0		
g4168	Scaffolds_17	+	1	0			0			0	0		
g10756	Scaffolds_29	+	1	0			0			0	0		
g9984	Scaffolds_26	-	1	0			0			0	0		
g13833	Scaffolds_4	-	1	0			0			0	0		
g15330	Scaffolds_7	+	1	0			0			0	0		
g3460	Scaffolds_16	+	1	0			0			0	0		
g6746	Scaffolds_20	-	1	0			0			0	0		
g9966	Scaffolds_26	-	1	0			0			0	0		
g12601	Scaffolds_32	+	1	0			0			0	0		
g3360	Scaffolds_16	-	1	0			0			0	0		
g14884	Scaffolds_5	+	1	0			0			0	0		
g780	Scaffolds_1	+	2	1			0	1136555	1136697	143	0	1132576	1132825
g2243	Scaffolds_14	-	1	0			0			0	0		
g4665	Scaffolds_18	-	1	0			0			0	0		
g3931	Scaffolds_17	-	1	0			0			0	0		
g13942	Scaffolds_4	+	1	0			0			0	0		
g5214	Scaffolds_18	+	1	0			0			0	0		
g10902	Scaffolds_29	-	1	0			0			0	0		
g2949	Scaffolds_15	+	1	0			0			0	0		
g1780	Scaffolds_13	-	1	0			0			0	0		
g12332	Scaffolds_31	+	1	0			0			0	0		
g12955	Scaffolds_33	-	3	2			0			0	0	516304	516474
g1270	Scaffolds_10	-	1	0			0			0	0		
g11398	Scaffolds_29	-	1	0			0			0	0		
g6307	Scaffolds_2	+	1	0			0			0	0		
g1403	Scaffolds_11	-	1	0			0			0	0		
g9931	Scaffolds_26	-	3	2			0			0	0	748344	748452
g2324	Scaffolds_14	+	1	0			0			0	0		
g14751	Scaffolds_5	-	1	0			0			0	0		
g10870	Scaffolds_29	+	4	3			0	1038360	1038730	371	0	1037125	1037314
g10893	Scaffolds_29	+	1	0			0			0	0		
g11527	Scaffolds_3	+	1	0			0			0	0		
g12977	Scaffolds_33	+	7	6			0	670265	670328	64	0	667489	667576
g5238	Scaffolds_18	+	1	0			0	3725130	3725182	53	0		
g12341	Scaffolds_31	-	1	0			0			0	0		
g5277	Scaffolds_18	+	1	0			0			0	0		
g22	Scaffolds_0	+	1	0			0			0	0		
g11775	Scaffolds_3	+	1	0			0			0	0		
g14447	Scaffolds_4	+	1	0			0			0	0		
g3362	Scaffolds_16	+	1	0			0			0	0		
g720	Scaffolds_1	+	1	0			0			0	0		
g262	Scaffolds_0	-	3	2	1070827	1070845	19			0	0	1070499	1070567
g15091	Scaffolds_6	+	1	0			0			0	0		
g5095	Scaffolds_18	-	1	0			0			0	0		
g1817	Scaffolds_13	+	1	0			0			0	0		
g13491	Scaffolds_33	+	3	2			0	2656062	2656807	746	0	2653717	2653774
g16074	Scaffolds_9	+	1	0			0			0	0		
g10872	Scaffolds_29	+	1	0			0			0	0		
g59	Scaffolds_0	+	1	0			0			0	0		
g12615	Scaffolds_32	-	1	0			0			0	0		
g8555	Scaffolds_23	-	1	0	851632	852496	865			0	0		
g214	Scaffolds_0	-	1	0			0			0	0		
g7473	Scaffolds_21	-	1	0			0			0	0		
g2198	Scaffolds_14	-	1	0			0			0	0		
g7215	Scaffolds_21	+	1	0			0			0	0		
g10750	Scaffolds_29	+	1	0			0			0	0		
g3933	Scaffolds_17	+	1	0			0			0	0		
g15657	Scaffolds_8	-	1	0			0			0	0		
g6266	Scaffolds_2	+	1	0			0			0	0		
g20	Scaffolds_0	+	1	0			0			0	0		
g3239	Scaffolds_15	-	1	0			0			0	0		
g9975	Scaffolds_26	+	3	2			0	965436	965548	113	0	961632	961683
g13198	Scaffolds_33	-	1	0			0			0	0		
g222	Scaffolds_0	+	1	0			0	915897	916105	209	0		
g4790	Scaffolds_18	+	1	0			0			0	0		
g2419	Scaffolds_14	-	4	3	1239861	1240503	643			0	0	1238622	1238896
g7113	Scaffolds_21	-	1	0			0			0	0		
g13549	Scaffolds_33	+	1	0			0	2892064	2893223	1160	0		
g13177	Scaffolds_33	+	5	4			0	1418757	1419088	332	0	1417120	1417187
g3783	Scaffolds_17	+	1	0			0			0	0		
g12304	Scaffolds_31	+	1	0			0			0	0		
g5551	Scaffolds_19	+	1	0			0			0	0		
g14707	Scaffolds_5	-	1	0			0			0	0		
g1807	Scaffolds_13	-	1	0			0			0	0		
g15984	Scaffolds_9	+	1	0			0			0	0		
g1344	Scaffolds_11	-	1	0			0			0	0		
g14489	Scaffolds_4	+	1	0			0			0	0		
g2500	Scaffolds_14	+	1	0			0			0	0		
g15635	Scaffolds_8	-	1	0			0			0	0		
g13788	Scaffolds_4	+	1	0			0			0	0		
g13623	Scaffolds_4	+	1	0			0			0	0		
g13331	Scaffolds_33	-	1	0			0			0	0		
g15863	Scaffolds_9	-	1	0			0			0	0		
g6144	Scaffolds_2	+	1	0			0			0	0		
g10632	Scaffolds_29	+	1	0			0			0	0		
g15939	Scaffolds_9	-	1	0			0			0	0		
g7708	Scaffolds_21	+	1	0			0			0	0		
g12847	Scaffolds_33	-	4	3	141403	141409	7			0	0	140512	140613
g13704	Scaffolds_4	+	7	6			0	417798	419037	1240	0	415812	415956
g1944	Scaffolds_13	+	2	1			0	731181	731394	214	0	730463	730655
g6533	Scaffolds_20	-	1	0			0			0	0		
g15680	Scaffolds_8	-	1	0			0			0	0		
g3359	Scaffolds_16	+	2	1			0	67786	71502	3717	0	60879	60939
g445	Scaffolds_0	-	1	0	1670230	1670317	88			0	0		
g13449	Scaffolds_33	-	1	0			0			0	0		
g5182	Scaffolds_18	+	2	1			0			0	0	3490247	3490529
g2192	Scaffolds_14	-	2	1	445570	445573	4			0	0	445110	445217
g696	Scaffolds_1	+	1	0			0			0	0		
g7488	Scaffolds_21	+	2	1			0	1690679	1690924	246	0	1687548	1687821
g5598	Scaffolds_19	-	1	0	953561	953650	90			0	0		
g14752	Scaffolds_5	+	1	0			0			0	0		
g601	Scaffolds_1	+	2	1			0	471228	471874	647	0	470114	470198
g8607	Scaffolds_23	+	1	0			0	1081754	1081795	42	0		
g5621	Scaffolds_19	+	3	2			0	1025064	1026289	1226	0	1023307	1023455
g11110	Scaffolds_29	-	1	0			0			0	0		
g13627	Scaffolds_4	+	1	0			0			0	0		
g14317	Scaffolds_4	+	1	0			0			0	0		
g6640	Scaffolds_20	-	6	5			0			0	0	719210	719368
g1474	Scaffolds_11	+	1	0			0			0	0		
g11572	Scaffolds_3	+	2	1			0	412282	412703	422	0	407279	407571
g4730	Scaffolds_18	-	1	0	1808480	1808537	58			0	0		
g5013	Scaffolds_18	+	1	0			0			0	0		
g3268	Scaffolds_15	-	4	3			0			0	0	2683790	2683853
g15897	Scaffolds_9	-	2	1			0			0	0	224421	224569
g9817	Scaffolds_26	-	1	0			0			0	0		
g5601	Scaffolds_19	-	1	0			0			0	0		
g6074	Scaffolds_2	+	1	0			0			0	0		
g9590	Scaffolds_25	-	1	0			0			0	0		
g9798	Scaffolds_26	+	5	4			0	281016	281455	440	0	279254	279312
g8678	Scaffolds_23	-	1	0			0			0	0		
g10113	Scaffolds_26	+	1	0			0			0	0		
g6152	Scaffolds_2	+	1	0			0			0	0		
g9859	Scaffolds_26	-	1	0			0			0	0		
g12635	Scaffolds_32	-	1	0			0			0	0		
g11791	Scaffolds_3	+	1	0			0			0	0		
g5821	Scaffolds_19	-	1	0			0			0	0		
g15745	Scaffolds_8	+	1	0			0			0	0		
g9052	Scaffolds_24	-	1	0	638942	639169	228			0	0		
g986	Scaffolds_10	+	3	2			0	624687	624936	250	0	621924	622168
g4733	Scaffolds_18	-	1	0			0			0	0		
g9231	Scaffolds_24	+	1	0			0			0	0		
g12565	Scaffolds_32	-	1	0			0			0	0		
g1906	Scaffolds_13	-	3	2			0			0	0	537298	537349
g14574	Scaffolds_4	-	3	2	3788065	3788138	74			0	0	3786589	3786748
g12260	Scaffolds_31	+	1	0			0			0	0		
g11447	Scaffolds_29	-	1	0			0			0	0		
g81	Scaffolds_0	-	1	0			0			0	0		
g4594	Scaffolds_18	+	1	0			0			0	0		
g8736	Scaffolds_23	-	1	0			0			0	0		
g5063	Scaffolds_18	-	1	0			0			0	0		
g5867	Scaffolds_19	-	1	0			0			0	0		
g8778	Scaffolds_23	+	1	0			0			0	0		
g8560	Scaffolds_23	-	2	1			0			0	0	865221	865398
g14683	Scaffolds_5	-	2	1	370580	370653	74			0	0	358358	358441
g9912	Scaffolds_26	-	1	0			0			0	0		
g5661	Scaffolds_19	-	1	0			0			0	0		
g2131	Scaffolds_14	+	1	0			0			0	0		
g289	Scaffolds_0	-	4	3	1167602	1167776	175			0	0	1166396	1166667
g5444	Scaffolds_19	+	1	0			0			0	0		
g8759	Scaffolds_23	+	1	0			0	1730008	1730687	680	0		
g1605	Scaffolds_11	-	1	0			0			0	0		
g11235	Scaffolds_29	-	1	0			0			0	0		
g9871	Scaffolds_26	-	1	0			0			0	0		
g13515	Scaffolds_33	+	1	0			0	2758830	2759190	361	0		
g8277	Scaffolds_22	+	1	0			0			0	0		
g11429	Scaffolds_29	-	1	0			0			0	0		
g14430	Scaffolds_4	+	1	0			0			0	0		
g3148	Scaffolds_15	+	1	0			0			0	0		
g1779	Scaffolds_13	+	2	1			0	138368	138753	386	0	135483	136457
g14930	Scaffolds_5	-	1	0			0			0	0		
g3613	Scaffolds_16	+	3	2			0	910330	910476	147	0	908970	909061
g2565	Scaffolds_14	-	1	0			0			0	0		
g5243	Scaffolds_18	-	1	0			0			0	0		
g13327	Scaffolds_33	-	1	0			0			0	0		
g11128	Scaffolds_29	-	4	3	2030852	2031984	1133			0	0	2030161	2030203
g1720	Scaffolds_12	+	1	0			0			0	0		
g2179	Scaffolds_14	+	1	0			0			0	0		
g5082	Scaffolds_18	-	1	0			0			0	0		
g5499	Scaffolds_19	+	1	0			0			0	0		
g7471	Scaffolds_21	-	1	0			0			0	0		
g1252	Scaffolds_10	+	3	2			0	1518707	1519640	934	0	1514638	1515788
g4794	Scaffolds_18	-	1	0			0			0	0		
g14708	Scaffolds_5	-	3	2			0			0	0	463771	463837
g14046	Scaffolds_4	+	1	0			0			0	0		
g14609	Scaffolds_5	+	1	0			0			0	0		
g13161	Scaffolds_33	-	1	0			0			0	0		
g5709	Scaffolds_19	+	2	1			0			0	0	1348949	1349182
g10180	Scaffolds_26	-	1	0			0			0	0		
g7151	Scaffolds_21	-	1	0	475927	476297	371			0	0		
g11387	Scaffolds_29	-	1	0			0			0	0		
g14119	Scaffolds_4	+	1	0			0			0	0		
g5904	Scaffolds_19	+	1	0			0	2001415	2001906	492	0		
g5898	Scaffolds_19	-	3	2	1987489	1988438	950			0	0	1986464	1986611
g13743	Scaffolds_4	+	1	0			0	562917	563055	139	0		
g11307	Scaffolds_29	-	2	1	2677232	2677362	131			0	0	2676600	2676763
g8594	Scaffolds_23	-	4	3	1011090	1011156	67			0	0	1010337	1010577
g11955	Scaffolds_3	-	1	0			0			0	0		
g7775	Scaffolds_22	+	1	0			0			0	0		
g10353	Scaffolds_27	-	1	0			0			0	0		
g4438	Scaffolds_18	+	6	5			0	742914	743447	534	0	740896	740963
g15624	Scaffolds_8	+	1	0			0			0	0		
g10383	Scaffolds_28	-	2	1			0			0	0	68416	70214
g13810	Scaffolds_4	-	1	0			0			0	0		
g13689	Scaffolds_4	+	1	0			0			0	0		
g1173	Scaffolds_10	-	1	0			0			0	0		
g14628	Scaffolds_5	+	1	0			0	159861	159919	59	0		
g3471	Scaffolds_16	+	2	1			0	455224	455385	162	0	452372	452539
g7693	Scaffolds_21	+	1	0			0			0	0		
g10735	Scaffolds_29	-	1	0			0			0	0		
g4249	Scaffolds_17	-	1	0			0			0	0		
g10878	Scaffolds_29	+	10	9			0	1073861	1074214	354	0	1064903	1065134
g9930	Scaffolds_26	-	1	0			0			0	0		
g11974	Scaffolds_3	+	3	2			0	1827983	1828428	446	0	1824002	1824335
g15155	Scaffolds_6	+	1	0			0	786767	786942	176	0		
g14505	Scaffolds_4	-	1	0			0			0	0		
g8437	Scaffolds_23	+	2	1			0	384210	387973	3764	0	377057	377418
g15911	Scaffolds_9	-	2	1			0			0	0	271255	271713
g13483	Scaffolds_33	+	1	0			0	2627686	2631834	4149	0		
g8965	Scaffolds_24	+	1	0			0			0	0		
g5390	Scaffolds_19	-	1	0			0			0	0		
g11884	Scaffolds_3	-	1	0			0			0	0		
g10203	Scaffolds_26	+	1	0			0			0	0		
g11945	Scaffolds_3	+	1	0			0			0	0		
g5206	Scaffolds_18	+	2	1			0	3578941	3579082	142	0	3576642	3576746
g10996	Scaffolds_29	+	1	0			0			0	0		
g15962	Scaffolds_9	+	1	0			0			0	0		
g9217	Scaffolds_24	+	1	0			0			0	0		
g7106	Scaffolds_21	+	4	3			0	280656	284004	3349	0	278417	278543
g11666	Scaffolds_3	-	1	0			0			0	0		
g14957	Scaffolds_6	-	2	1			0			0	0	43904	44120
g3000	Scaffolds_15	-	3	2			0			0	0	1636573	1637044
g12877	Scaffolds_33	+	1	0			0			0	0		
g12295	Scaffolds_31	-	1	0			0			0	0		
g7542	Scaffolds_21	+	1	0			0			0	0		
g12693	Scaffolds_32	-	4	3			0			0	0	546673	546837
g9914	Scaffolds_26	-	1	0	695218	695673	456			0	0		
g13386	Scaffolds_33	+	3	2			0	2209546	2209935	390	0	2204982	2205281
g8130	Scaffolds_22	-	1	0			0			0	0		
g558	Scaffolds_1	-	1	0			0			0	0		
g12236	Scaffolds_31	+	1	0			0			0	0		
g13600	Scaffolds_33	-	1	0			0			0	0		
g13326	Scaffolds_33	-	1	0			0			0	0		
g9624	Scaffolds_25	-	3	2			0			0	0	1110461	1110929
g3371	Scaffolds_16	+	2	1			0			0	0	106735	106835
g5154	Scaffolds_18	+	2	1			0			0	0	3389743	3389971
g4697	Scaffolds_18	-	1	0			0			0	0		
g12187	Scaffolds_31	-	1	0			0			0	0		
g6139	Scaffolds_2	-	1	0			0			0	0		
g13436	Scaffolds_33	-	1	0			0			0	0		
g13469	Scaffolds_33	+	1	0			0			0	0		
g6267	Scaffolds_2	-	1	0	821311	822981	1671			0	0		
g10771	Scaffolds_29	+	1	0			0			0	0		
g2898	Scaffolds_15	+	1	0			0			0	0		
g15208	Scaffolds_7	+	1	0			0	22838	22969	132	0		
g1728	Scaffolds_12	-	1	0			0			0	0		
g7000	Scaffolds_20	+	1	0			0			0	0		
g6002	Scaffolds_19	+	1	0			0			0	0		
g132	Scaffolds_0	+	1	0			0			0	0		
g3191	Scaffolds_15	-	3	2	2409136	2409722	587			0	0	2408336	2408382
g13376	Scaffolds_33	+	1	0			0			0	0		
g11218	Scaffolds_29	-	1	0			0			0	0		
g880	Scaffolds_10	-	1	0			0			0	0		
g13545	Scaffolds_33	-	2	1			0			0	0	2862851	2863528
g6954	Scaffolds_20	+	1	0			0	1954637	1954978	342	0		
g8092	Scaffolds_22	+	1	0			0			0	0		
g8783	Scaffolds_23	-	4	3			0			0	0	1802563	1802618
g6011	Scaffolds_19	-	1	0			0			0	0		
g6551	Scaffolds_20	+	8	7			0	448558	448600	43	0	446463	446683
g13144	Scaffolds_33	+	1	0			0			0	0		
g14437	Scaffolds_4	-	1	0			0			0	0		
g7296	Scaffolds_21	-	1	0			0			0	0		
g3835	Scaffolds_17	-	1	0			0			0	0		
g2095	Scaffolds_14	+	1	0			0			0	0		
g10538	Scaffolds_28	-	2	1			0			0	0	769316	771862
g4880	Scaffolds_18	-	3	2	2345814	2346110	297			0	0	2344726	2344800
g5758	Scaffolds_19	-	1	0			0			0	0		
g12734	Scaffolds_32	-	2	1			0			0	0	662266	662967
g15791	Scaffolds_8	-	1	0			0			0	0		
g5766	Scaffolds_19	+	1	0			0			0	0		
g432	Scaffolds_0	+	1	0			0			0	0		
g1504	Scaffolds_11	-	1	0			0			0	0		
g5572	Scaffolds_19	+	1	0			0			0	0		
g13334	Scaffolds_33	-	1	0			0			0	0		
g5056	Scaffolds_18	+	1	0			0			0	0		
g10588	Scaffolds_28	+	1	0			0			0	0		
g8352	Scaffolds_23	-	1	0			0			0	0		
g11366	Scaffolds_29	+	1	0			0			0	0		
g13026	Scaffolds_33	+	2	1			0			0	0	829266	829663
g7216	Scaffolds_21	-	2	1			0			0	0	754225	754277
g626	Scaffolds_1	+	1	0			0			0	0		
g12034	Scaffolds_30	+	1	0			0			0	0		
g12457	Scaffolds_31	+	1	0			0			0	0		
g1543	Scaffolds_11	-	1	0			0			0	0		
g13837	Scaffolds_4	-	1	0			0			0	0		
g7498	Scaffolds_21	+	1	0			0			0	0		
g15857	Scaffolds_9	+	3	2			0	108130	108339	210	0	106471	106535
g15271	Scaffolds_7	-	1	0			0			0	0		
g4975	Scaffolds_18	+	3	2			0	2638007	2638473	467	0	2635383	2635446
g6924	Scaffolds_20	+	1	0			0			0	0		
g5842	Scaffolds_19	-	3	2			0			0	0	1798876	1799017
g3491	Scaffolds_16	+	1	0			0			0	0		
g784	Scaffolds_1	+	1	0			0			0	0		
g15377	Scaffolds_8	+	3	2			0	74982	75688	707	0	71748	72036
g3101	Scaffolds_15	+	1	0			0	2058432	2058615	184	0		
g7237	Scaffolds_21	-	3	2	804254	804552	299			0	0	803375	803573
g6040	Scaffolds_19	+	2	1			0	2482568	2482775	208	0	2482154	2482286
g3802	Scaffolds_17	+	1	0			0			0	0		
g14203	Scaffolds_4	-	1	0			0			0	0		
g6444	Scaffolds_20	+	1	0			0			0	0		
g3618	Scaffolds_16	-	3	2			0			0	0	928283	928440
g7592	Scaffolds_21	-	2	1			0			0	0	2144847	2145130
g3431	Scaffolds_16	+	1	0			0			0	0		
g15387	Scaffolds_8	-	4	3	112747	112851	105			0	0	111734	112041
g4504	Scaffolds_18	-	1	0			0			0	0		
g485	Scaffolds_1	-	2	1	96163	97573	1411			0	0	95923	96004
g15098	Scaffolds_6	+	1	0			0			0	0		
g9196	Scaffolds_24	-	1	0			0			0	0		
g3499	Scaffolds_16	-	1	0			0			0	0		
g10412	Scaffolds_28	+	1	0			0			0	0		
g12301	Scaffolds_31	-	1	0			0			0	0		
g2818	Scaffolds_15	+	2	1			0			0	0	828273	828331
g10576	Scaffolds_28	+	4	3			0			0	0	944805	945097
g7765	Scaffolds_21	+	1	0			0			0	0		
g11802	Scaffolds_3	+	3	2			0	1170867	1171038	172	0	1169244	1169464
g2687	Scaffolds_15	+	1	0			0	383727	384044	318	0		
g1719	Scaffolds_12	-	4	3			0			0	0	64486	64772
g10395	Scaffolds_28	-	2	1			0			0	0	188194	188276
g11214	Scaffolds_29	+	10	9			0	2335824	2335932	109	0	2327960	2328291
g15429	Scaffolds_8	-	3	2			0			0	0	278976	279280
g12982	Scaffolds_33	+	1	0			0			0	0		
g12643	Scaffolds_32	-	1	0			0			0	0		
g11541	Scaffolds_3	+	2	1			0			0	0	263406	263698
g5682	Scaffolds_19	+	1	0			0			0	0		
g11794	Scaffolds_3	-	1	0			0			0	0		
g5907	Scaffolds_19	-	1	0			0			0	0		
g5804	Scaffolds_19	+	1	0			0			0	0		
g7122	Scaffolds_21	-	1	0			0			0	0		
g11009	Scaffolds_29	-	1	0			0			0	0		
g2470	Scaffolds_14	-	1	0			0			0	0		
g14580	Scaffolds_4	-	3	2			0			0	0	3809325	3809489
g8782	Scaffolds_23	+	1	0			0			0	0		
g11494	Scaffolds_3	-	1	0	118683	118742	60			0	0		
g11799	Scaffolds_3	-	1	0	1159238	1159716	479			0	0		
g10569	Scaffolds_28	-	1	0			0			0	0		
g6393	Scaffolds_2	+	1	0			0			0	0		
g11089	Scaffolds_29	-	3	2	1859840	1859906	67			0	0	1859307	1859465
g9698	Scaffolds_25	+	1	0			0			0	0		
g161	Scaffolds_0	+	3	2			0	697207	697460	254	0	695554	695616
g4494	Scaffolds_18	+	2	1			0	933430	933651	222	0	932073	932243
g5361	Scaffolds_19	-	1	0			0			0	0		
g7474	Scaffolds_21	-	1	0	1627269	1627561	293			0	0		
g10651	Scaffolds_29	+	1	0			0			0	0		
g4119	Scaffolds_17	+	1	0			0	1262918	1263190	273	0		
g8790	Scaffolds_23	+	1	0			0	1828370	1828403	34	0		
g12582	Scaffolds_32	-	1	0			0			0	0		
g8595	Scaffolds_23	+	1	0			0			0	0		
g1146	Scaffolds_10	+	1	0			0			0	0		
g1351	Scaffolds_11	+	1	0			0			0	0		
g1508	Scaffolds_11	-	1	0	867911	868015	105			0	0		
g9140	Scaffolds_24	-	1	0			0			0	0		
g3603	Scaffolds_16	-	4	3			0			0	0	891573	891918
g13716	Scaffolds_4	+	1	0			0			0	0		
g6773	Scaffolds_20	+	1	0			0			0	0		
g11152	Scaffolds_29	-	2	1	2128588	2128610	23			0	0	2128350	2128502
g10825	Scaffolds_29	-	1	0			0			0	0		
g783	Scaffolds_1	+	1	0			0			0	0		
g5031	Scaffolds_18	-	1	0			0			0	0		
g13535	Scaffolds_33	+	3	2			0	2832346	2832716	371	0	2829583	2829625
g9063	Scaffolds_24	+	3	2			0	715117	716901	1785	0	712350	712565
g4868	Scaffolds_18	+	1	0			0			0	0		
g13751	Scaffolds_4	-	1	0			0			0	0		
g15746	Scaffolds_8	-	5	4			0			0	0	1465852	1466419
g4772	Scaffolds_18	+	2	1			0			0	0	1966923	1967514
g13313	Scaffolds_33	+	1	0			0			0	0		
g10958	Scaffolds_29	-	1	0			0			0	0		
g14322	Scaffolds_4	+	2	1			0			0	0	2749841	2750243
g8741	Scaffolds_23	-	1	0			0			0	0		
g8417	Scaffolds_23	+	1	0			0			0	0		
g6704	Scaffolds_20	+	1	0			0			0	0		
g11069	Scaffolds_29	-	1	0			0			0	0		
g1841	Scaffolds_13	-	1	0	343040	343044	5			0	0		
g13561	Scaffolds_33	-	1	0			0			0	0		
g4240	Scaffolds_17	-	1	0			0			0	0		
g14562	Scaffolds_4	+	1	0			0	3753451	3754030	580	0		
g121	Scaffolds_0	-	1	0			0			0	0		
g9132	Scaffolds_24	+	4	3			0	1021127	1022642	1516	0	1016055	1016179
g6930	Scaffolds_20	+	6	5			0	1841510	1841803	294	0	1834846	1834976
g8523	Scaffolds_23	-	2	1	718568	718790	223			0	0	718162	718523
g9752	Scaffolds_26	-	5	4	125580	130365	4786			0	4	127185	129379
g11809	Scaffolds_3	-	2	1	1207848	1208388	541			0	0	1207762	1207825
g1212	Scaffolds_10	-	4	3			0			0	0	1401634	1401704
g8379	Scaffolds_23	+	1	0			0			0	0		
g5910	Scaffolds_19	-	1	0			0			0	0		
g9333	Scaffolds_25	+	1	0			0			0	0		
g3481	Scaffolds_16	+	1	0			0			0	0		
g208	Scaffolds_0	-	1	0			0			0	0		
g9811	Scaffolds_26	-	1	0			0			0	0		
g14355	Scaffolds_4	-	1	0			0			0	0		
g3221	Scaffolds_15	+	1	0			0			0	0		
g7280	Scaffolds_21	-	1	0			0			0	0		
g15846	Scaffolds_9	-	1	0			0			0	0		
g5445	Scaffolds_19	-	2	1	457828	458018	191			0	0	457728	457795
g104	Scaffolds_0	+	1	0			0			0	0		
g3177	Scaffolds_15	-	1	0			0			0	0		
g4580	Scaffolds_18	-	1	0			0			0	0		
g13912	Scaffolds_4	-	1	0			0			0	0		
g13240	Scaffolds_33	+	3	2			0	1622744	1623460	717	0	1621784	1621923
g13295	Scaffolds_33	+	1	0			0			0	0		
g1288	Scaffolds_10	-	1	0			0			0	0		
g2615	Scaffolds_15	+	1	0			0			0	0		
g10932	Scaffolds_29	+	1	0			0			0	0		
g7861	Scaffolds_22	-	1	0			0			0	0		
g1881	Scaffolds_13	-	1	0			0			0	0		
g2411	Scaffolds_14	+	2	1			0			0	0	1204503	1204633
g14435	Scaffolds_4	+	1	0			0			0	0		
g6902	Scaffolds_20	+	1	0			0	1741189	1741706	518	0		
g4348	Scaffolds_18	-	1	0			0			0	0		
g2138	Scaffolds_14	+	1	0			0			0	0		
g15915	Scaffolds_9	-	1	0			0			0	0		
g5558	Scaffolds_19	+	1	0			0			0	0		
g14127	Scaffolds_4	-	1	0	2031914	2032068	155			0	0		
g5532	Scaffolds_19	-	1	0			0			0	0		
g5851	Scaffolds_19	-	5	4			0			0	0	1828975	1829066
g13777	Scaffolds_4	+	1	0			0			0	0		
g11246	Scaffolds_29	-	5	4	2451884	2453046	1163			0	0	2450661	2450800
g3380	Scaffolds_16	-	1	0			0			0	0		
g9677	Scaffolds_25	-	1	0			0			0	0		
g10315	Scaffolds_27	+	1	0			0			0	0		
g2181	Scaffolds_14	-	1	0			0			0	0		
g2167	Scaffolds_14	-	1	0			0			0	0		
g293	Scaffolds_0	-	1	0			0			0	0		
g2224	Scaffolds_14	+	1	0			0			0	0		
g9960	Scaffolds_26	+	1	0			0	903634	903709	76	0		
g15985	Scaffolds_9	+	1	0			0			0	0		
g14108	Scaffolds_4	+	1	0			0			0	0		
g3085	Scaffolds_15	-	1	0			0			0	0		
g4869	Scaffolds_18	-	1	0			0			0	0		
g3621	Scaffolds_16	-	1	0			0			0	0		
g12495	Scaffolds_31	-	1	0			0			0	0		
g14873	Scaffolds_5	-	2	1			0			0	0	1143533	1143856
g107	Scaffolds_0	-	1	0			0			0	0		
g2865	Scaffolds_15	-	1	0	1060120	1060225	106			0	0		
g11876	Scaffolds_3	-	3	2			0			0	0	1470463	1470745
g1259	Scaffolds_10	+	3	2			0	1535345	1535452	108	0	1532430	1532470
g11044	Scaffolds_29	+	1	0			0			0	0		
g6317	Scaffolds_2	-	1	0			0			0	0		
g1495	Scaffolds_11	-	1	0			0			0	0		
g13105	Scaffolds_33	+	1	0	1117674	1119482	1809			0	0		
g13094	Scaffolds_33	+	1	0			0			0	0		
g8772	Scaffolds_23	+	1	0			0			0	0		
g14684	Scaffolds_5	+	3	2			0	373646	375689	2044	0	371598	371653
g9225	Scaffolds_24	+	1	0			0			0	0		
g10564	Scaffolds_28	-	1	0			0			0	0		
g12242	Scaffolds_31	-	1	0			0			0	0		
g7663	Scaffolds_21	+	6	5			0	2453692	2454055	364	0	2451265	2451498
g3114	Scaffolds_15	+	1	0			0			0	0		
g13352	Scaffolds_33	+	1	0			0			0	0		
g11684	Scaffolds_3	+	1	0			0			0	0		
g13768	Scaffolds_4	-	1	0			0			0	0		
g13569	Scaffolds_33	-	1	0			0			0	0		
g4653	Scaffolds_18	-	1	0			0			0	0		
g15575	Scaffolds_8	-	1	0			0			0	0		
g274	Scaffolds_0	-	1	0			0			0	0		
g10122	Scaffolds_26	-	1	0	1424338	1424688	351			0	0		
g6170	Scaffolds_2	+	2	1			0	499725	499965	241	0	497922	498110
g945	Scaffolds_10	-	1	0			0			0	0		
g12683	Scaffolds_32	-	1	0			0			0	0		
g3952	Scaffolds_17	+	1	0			0			0	0		
g616	Scaffolds_1	-	1	0			0			0	0		
g16019	Scaffolds_9	+	1	0			0			0	0		
g15426	Scaffolds_8	-	1	0			0			0	0		
g1828	Scaffolds_13	+	9	8			0	305670	307096	1427	0	302845	303576
g2305	Scaffolds_14	+	1	0			0			0	0		
g6683	Scaffolds_20	-	1	0			0			0	0		
g4860	Scaffolds_18	-	1	0			0			0	0		
g15734	Scaffolds_8	+	2	1			0	1414863	1415106	244	0	1414144	1414337
g13395	Scaffolds_33	-	1	0			0			0	0		
g6962	Scaffolds_20	+	1	0			0			0	0		
g2459	Scaffolds_14	+	2	1			0	1380373	1381168	796	0	1380024	1380081
g411	Scaffolds_0	+	3	2			0	1552595	1552688	94	0	1550300	1550408
g8179	Scaffolds_22	-	1	0			0			0	0		
g4077	Scaffolds_17	-	1	0	1079151	1079978	828			0	0		
g9988	Scaffolds_26	-	2	1			0			0	0	1025487	1025872
g14791	Scaffolds_5	+	2	1			0	824488	825215	728	0	822408	822581
g3433	Scaffolds_16	+	1	0			0			0	0		
g5328	Scaffolds_19	-	1	0			0			0	0		
g10695	Scaffolds_29	-	1	0			0			0	0		
g9284	Scaffolds_24	+	1	0			0			0	0		
g8927	Scaffolds_24	+	2	1			0	198190	199812	1623	0	190102	193384
g7333	Scaffolds_21	-	2	1			0			0	0	1115919	1116389
g9108	Scaffolds_24	+	4	3			0	926042	926142	101	0	924056	924420
g2368	Scaffolds_14	+	2	1			0	1073733	1074638	906	0	1072795	1073199
g2435	Scaffolds_14	+	1	0			0			0	0		
g6832	Scaffolds_20	+	1	0			0			0	0		
g5678	Scaffolds_19	+	1	0			0	1230605	1231488	884	0		
g498	Scaffolds_1	+	1	0			0	130414	130762	349	0		
g4760	Scaffolds_18	-	1	0			0			0	0		
g10926	Scaffolds_29	+	1	0			0			0	0		
g4195	Scaffolds_17	+	1	0			0			0	0		
g13239	Scaffolds_33	-	1	0			0			0	0		
g14678	Scaffolds_5	-	1	0			0			0	0		
g13816	Scaffolds_4	+	1	0			0			0	0		
g13527	Scaffolds_33	-	1	0			0			0	0		
g13585	Scaffolds_33	-	1	0			0			0	0		
g1643	Scaffolds_11	+	1	0			0			0	0		
g2710	Scaffolds_15	-	1	0			0			0	0		
g1983	Scaffolds_13	-	3	2			0			0	0	841868	842023
g6163	Scaffolds_2	-	1	0			0			0	0		
g12961	Scaffolds_33	+	33	32			0	589957	592777	2821	0	573867	573999
g9578	Scaffolds_25	+	1	0			0			0	0		
g12553	Scaffolds_32	-	1	0			0			0	0		
g10633	Scaffolds_29	-	2	1	121738	122837	1100			0	0	121186	121580
g8464	Scaffolds_23	-	1	0	490619	490743	125			0	0		
g12201	Scaffolds_31	-	1	0			0			0	0		
g9139	Scaffolds_24	+	1	0			0			0	0		
g7761	Scaffolds_21	-	1	0			0			0	0		
g3376	Scaffolds_16	-	1	0			0			0	0		
g6406	Scaffolds_2	-	1	0			0			0	0		
g12664	Scaffolds_32	+	1	0			0			0	0		
g3542	Scaffolds_16	+	1	0			0	680375	680438	64	0		
g7402	Scaffolds_21	-	1	0			0			0	0		
g14878	Scaffolds_5	-	4	3	1154730	1154821	92			0	0	1153855	1153963
g14088	Scaffolds_4	-	1	0			0			0	0		
g5920	Scaffolds_19	+	1	0			0			0	0		
g1161	Scaffolds_10	+	1	0			0			0	0		
g6646	Scaffolds_20	-	1	0			0			0	0		
g3549	Scaffolds_16	-	2	1			0			0	0	700860	700997
g6621	Scaffolds_20	-	1	0			0			0	0		
g9445	Scaffolds_25	+	1	0			0			0	0		
g9320	Scaffolds_24	-	1	0			0			0	0		
g7169	Scaffolds_21	+	3	2			0	562560	562953	394	0	561768	561808
g3724	Scaffolds_16	+	1	0			0			0	0		
g4418	Scaffolds_18	+	1	0			0			0	0		
g1290	Scaffolds_10	-	4	3			0			0	0	1625080	1625385
g10789	Scaffolds_29	-	3	2			0			0	0	683707	683760
g5753	Scaffolds_19	-	5	4	1499829	1500485	657			0	0	1497624	1497679
g895	Scaffolds_10	-	1	0			0			0	0		
g4685	Scaffolds_18	-	1	0			0			0	0		
g3420	Scaffolds_16	+	1	0			0			0	0		
g15270	Scaffolds_7	+	1	0			0			0	0		
g3918	Scaffolds_17	+	4	3			0	538430	538989	560	0	537070	537182
g5931	Scaffolds_19	-	1	0			0			0	0		
g3249	Scaffolds_15	+	1	0			0			0	0		
g2357	Scaffolds_14	-	1	0			0			0	0		
g15347	Scaffolds_7	-	2	1			0			0	0	532552	532709
g15590	Scaffolds_8	+	2	1			0			0	0	850700	851282
g13651	Scaffolds_4	-	1	0			0			0	0		
g14839	Scaffolds_5	+	1	0			0			0	0		
g14038	Scaffolds_4	-	1	0			0			0	0		
g2283	Scaffolds_14	+	2	1			0	768479	768776	298	0	767492	767592
g6283	Scaffolds_2	-	1	0			0			0	0		
g118	Scaffolds_0	-	1	0			0			0	0		
g3940	Scaffolds_17	-	1	0			0			0	0		
g1530	Scaffolds_11	-	4	3			0			0	0	985256	985376
g263	Scaffolds_0	-	5	4	1074074	1074496	423			0	0	1072011	1072195
g10467	Scaffolds_28	+	1	0			0			0	0		
g5526	Scaffolds_19	-	5	4			0			0	0	730379	730427
g1112	Scaffolds_10	-	1	0			0			0	0		
g2064	Scaffolds_14	-	1	0			0			0	0		
g15918	Scaffolds_9	+	2	1			0			0	0	332822	332980
g6399	Scaffolds_2	+	1	0			0			0	0		
g3449	Scaffolds_16	-	1	0	383188	385562	2375			0	0		
g2265	Scaffolds_14	-	1	0	696083	696335	253			0	0		
g11846	Scaffolds_3	-	1	0			0			0	0		
g12684	Scaffolds_32	-	3	2			0			0	0	523305	523434
g7248	Scaffolds_21	+	1	0			0			0	0		
g9364	Scaffolds_25	+	1	0			0			0	0		
g3261	Scaffolds_15	-	1	0	2638648	2638688	41			0	0		
g14302	Scaffolds_4	+	1	0			0			0	0		
g4732	Scaffolds_18	+	1	0			0	1816224	1816436	213	0		
g13552	Scaffolds_33	+	1	0			0	2903726	2903954	229	0		
g1671	Scaffolds_11	-	6	5			0			0	0	1518200	1518245
g1038	Scaffolds_10	-	1	0	777099	777848	750			0	0		
g11041	Scaffolds_29	-	1	0			0			0	0		
g6695	Scaffolds_20	+	1	0			0			0	0		
g5347	Scaffolds_19	-	1	0			0			0	0		
g3753	Scaffolds_16	+	2	1			0			0	0	1397246	1397564
g303	Scaffolds_0	-	1	0			0			0	0		
g13489	Scaffolds_33	-	2	1	2649767	2650878	1112			0	0	2648628	2649023
g2674	Scaffolds_15	+	1	0			0			0	0		
g4143	Scaffolds_17	-	3	2			0			0	0	1336570	1336835
g13929	Scaffolds_4	+	1	0			0	1307696	1307806	111	0		
g3951	Scaffolds_17	+	1	0			0			0	0		
g2984	Scaffolds_15	+	1	0			0			0	0		
g7258	Scaffolds_21	+	1	0			0	862672	863149	478	0		
g953	Scaffolds_10	+	1	0			0			0	0		
g9287	Scaffolds_24	-	1	0	1735462	1735761	300			0	0		
g7064	Scaffolds_21	+	3	2			0	89504	90217	714	0	87729	88024
g2721	Scaffolds_15	+	2	1			0			0	0	482133	482329
g9643	Scaffolds_25	+	1	0			0			0	0		
g4380	Scaffolds_18	+	2	1			0	495649	495707	59	0	494086	494408
g12892	Scaffolds_33	+	1	0			0			0	0		
g2085	Scaffolds_14	-	3	2	74344	74407	64			0	0	72921	73108
g2944	Scaffolds_15	+	1	0			0			0	0		
g7108	Scaffolds_21	+	7	6			0			0	0	284510	284589
g769	Scaffolds_1	-	3	2			0			0	0	1096800	1097081
g11789	Scaffolds_3	-	1	0			0			0	0		
g9395	Scaffolds_25	+	1	0			0			0	0		
g6823	Scaffolds_20	+	1	0			0			0	0		
g5843	Scaffolds_19	+	1	0			0			0	0		
g3884	Scaffolds_17	-	1	0			0			0	0		
g5569	Scaffolds_19	-	1	0			0			0	0		
g13652	Scaffolds_4	-	6	5	186469	186702	234			0	0	183169	183326
g10835	Scaffolds_29	+	1	0			0			0	0		
g12494	Scaffolds_31	+	1	0			0			0	0		
g9055	Scaffolds_24	-	1	0			0			0	0		
g1804	Scaffolds_13	+	1	0			0	210054	210283	230	0		
g288	Scaffolds_0	-	1	0			0			0	0		
g11234	Scaffolds_29	+	1	0			0			0	0		
g935	Scaffolds_10	+	1	0			0			0	0		
g10506	Scaffolds_28	+	1	0			0			0	0		
g15912	Scaffolds_9	-	1	0			0			0	0		
g4553	Scaffolds_18	+	1	0			0			0	0		
g14135	Scaffolds_4	+	1	0			0			0	0		
g4628	Scaffolds_18	-	1	0			0			0	0		
g13801	Scaffolds_4	+	1	0			0			0	0		
g11048	Scaffolds_29	+	1	0			0			0	0		
g4331	Scaffolds_18	+	2	1			0			0	0	330584	330663
g4349	Scaffolds_18	-	3	2			0			0	0	376360	377094
g4449	Scaffolds_18	-	6	5			0			0	0	794463	794508
g12725	Scaffolds_32	+	4	3			0	638980	639019	40	0	637822	637918
g4578	Scaffolds_18	+	1	0			0			0	0		
g8941	Scaffolds_24	+	1	0			0			0	0		
g15451	Scaffolds_8	+	2	1			0			0	0	358274	358322
g2267	Scaffolds_14	+	1	0			0			0	0		
g15345	Scaffolds_7	+	1	0			0			0	0		
g5800	Scaffolds_19	-	1	0			0			0	0		
g10361	Scaffolds_27	+	1	0			0			0	0		
g15211	Scaffolds_7	+	1	0			0			0	0		
g7352	Scaffolds_21	+	1	0			0			0	0		
g3858	Scaffolds_17	-	2	1	317282	317328	47			0	0	316772	317065
g6886	Scaffolds_20	-	1	0	1668248	1668287	40			0	0		
g695	Scaffolds_1	-	3	2			0			0	0	793509	793614
g9704	Scaffolds_25	+	1	0			0			0	0		
g11092	Scaffolds_29	+	1	0			0			0	0		
g2295	Scaffolds_14	-	1	0			0			0	0		
g15179	Scaffolds_6	+	1	0			0			0	0		
g8536	Scaffolds_23	+	1	0			0			0	0		
g5819	Scaffolds_19	-	6	5			0			0	0	1748314	1748412
g2221	Scaffolds_14	+	2	1			0			0	0	557762	558212
g5768	Scaffolds_19	+	1	0			0			0	0		
g4779	Scaffolds_18	+	1	0			0			0	0		
g6460	Scaffolds_20	-	1	0			0			0	0		
g15515	Scaffolds_8	+	1	0			0	614878	615185	308	0		
g12206	Scaffolds_31	+	1	0			0			0	0		
g12705	Scaffolds_32	+	1	0			0			0	0		
g13128	Scaffolds_33	-	1	0			0			0	0		
g15937	Scaffolds_9	+	2	1			0	421501	423054	1554	0	418436	420159
g13504	Scaffolds_33	+	1	0			0			0	0		
g11515	Scaffolds_3	-	2	1			0			0	0	183277	183421
g12670	Scaffolds_32	+	1	0			0			0	0		
g5288	Scaffolds_18	-	3	2			0			0	0	3861218	3861468
g2048	Scaffolds_13	-	1	0			0			0	0		
g12902	Scaffolds_33	-	1	0			0			0	0		
g7179	Scaffolds_21	+	3	2			0			0	0	578529	578614
g7148	Scaffolds_21	-	1	0			0			0	0		
g6282	Scaffolds_2	+	1	0			0			0	0		
g13521	Scaffolds_33	+	2	1			0	2774449	2774565	117	0	2772386	2772658
g12514	Scaffolds_31	+	1	0			0			0	0		
g10137	Scaffolds_26	+	2	1			0			0	0	1490691	1491074
g296	Scaffolds_0	-	3	2	1183837	1183840	4			0	0	1183495	1183643
g13170	Scaffolds_33	-	1	0	1380425	1380694	270			0	0		
g2715	Scaffolds_15	+	1	0			0			0	0		
g147	Scaffolds_0	-	4	3			0			0	0	632152	632300
g3546	Scaffolds_16	+	1	0			0			0	0		
g609	Scaffolds_1	-	1	0			0			0	0		
g10191	Scaffolds_26	+	1	0			0			0	0		
g9010	Scaffolds_24	+	2	1			0	513370	513409	40	0	511592	512007
g3044	Scaffolds_15	+	2	1			0			0	0	1799586	1799721
g1650	Scaffolds_11	-	1	0			0			0	0		
g5669	Scaffolds_19	-	1	0			0			0	0		
g1649	Scaffolds_11	+	4	3			0	1435862	1442484	6623	0	1433417	1433558
g11855	Scaffolds_3	+	5	4			0	1406256	1407007	752	0	1404277	1404439
g14037	Scaffolds_4	+	1	0			0			0	0		
g4619	Scaffolds_18	-	1	0			0			0	0		
g1446	Scaffolds_11	-	1	0			0			0	0		
g5588	Scaffolds_19	+	1	0			0			0	0		
g4039	Scaffolds_17	+	1	0			0			0	0		
g10369	Scaffolds_27	+	1	0			0			0	0		
g14971	Scaffolds_6	-	2	1	91696	91785	90			0	0	91378	91627
g12688	Scaffolds_32	-	1	0			0			0	0		
g14030	Scaffolds_4	+	1	0			0			0	0		
g12330	Scaffolds_31	-	7	6	547529	547582	54			0	0	545753	545957
g9605	Scaffolds_25	-	1	0	1042161	1044169	2009			0	0		
g12884	Scaffolds_33	-	1	0	252410	252465	56			0	0		
g9908	Scaffolds_26	-	1	0			0			0	0		
g12312	Scaffolds_31	-	1	0			0			0	0		
g9152	Scaffolds_24	+	4	3			0			0	0	1144889	1145115
g8588	Scaffolds_23	+	1	0			0			0	0		
g3575	Scaffolds_16	+	1	0			0	812952	813014	63	0		
g6971	Scaffolds_20	+	1	0			0			0	0		
g9309	Scaffolds_24	+	1	0			0			0	0		
g13199	Scaffolds_33	-	1	0			0			0	0		
g6644	Scaffolds_20	-	1	0			0			0	0		
g7358	Scaffolds_21	+	1	0			0			0	0		
g9923	Scaffolds_26	+	1	0			0			0	0		
g11286	Scaffolds_29	+	1	0			0			0	0		
g5436	Scaffolds_19	+	1	0			0	426990	427359	370	0		
g28	Scaffolds_0	-	1	0			0			0	0		
g10691	Scaffolds_29	-	4	3			0			0	0	311035	311078
g10318	Scaffolds_27	+	1	0			0			0	0		
g11392	Scaffolds_29	-	1	0			0			0	0		
g2096	Scaffolds_14	-	1	0			0			0	0		
g12186	Scaffolds_31	+	2	1			0	56136	57457	1322	0	55400	55556
g820	Scaffolds_1	-	1	0			0			0	0		
g2930	Scaffolds_15	+	1	0			0			0	0		
g10694	Scaffolds_29	+	2	1			0	323470	323767	298	0	321681	321721
g13831	Scaffolds_4	+	1	0			0			0	0		
g13234	Scaffolds_33	-	1	0			0			0	0		
g9755	Scaffolds_26	+	1	0			0			0	0		
g8526	Scaffolds_23	+	2	1			0	730951	731969	1019	0	729028	729114
g6809	Scaffolds_20	+	1	0			0			0	0		
g14439	Scaffolds_4	+	1	0			0			0	0		
g9542	Scaffolds_25	-	1	0			0			0	0		
g10481	Scaffolds_28	+	4	3			0	555137	557262	2126	0	554633	554684
g10879	Scaffolds_29	-	1	0			0			0	0		
g13926	Scaffolds_4	+	1	0			0			0	0		
g5674	Scaffolds_19	-	1	0			0			0	0		
g14434	Scaffolds_4	-	1	0			0			0	0		
g7548	Scaffolds_21	+	1	0			0			0	0		
g14209	Scaffolds_4	+	1	0			0			0	0		
g4267	Scaffolds_18	-	1	0			0			0	0		
g13197	Scaffolds_33	+	2	1			0			0	0	1479426	1479555
g15512	Scaffolds_8	-	3	2	608205	608902	698			0	0	607757	608010
g14098	Scaffolds_4	-	1	0	1932714	1932782	69			0	0		
g5935	Scaffolds_19	+	5	4	2101987	2102891	905			0	3	2102085	2102248
g9137	Scaffolds_24	+	1	0			0			0	0		
g11783	Scaffolds_3	+	1	0			0			0	0		
g14063	Scaffolds_4	+	1	0			0			0	0		
g15555	Scaffolds_8	-	1	0			0			0	0		
g13725	Scaffolds_4	+	1	0			0			0	0		
g4070	Scaffolds_17	+	1	0			0			0	0		
g3201	Scaffolds_15	-	1	0			0			0	0		
g9144	Scaffolds_24	-	4	3			0			0	0	1109957	1110405
g1688	Scaffolds_11	-	1	0			0			0	0		
g9211	Scaffolds_24	-	1	0			0			0	0		
g15908	Scaffolds_9	-	1	0			0			0	0		
g1790	Scaffolds_13	+	1	0			0			0	0		
g7012	Scaffolds_20	-	1	0			0			0	0		
g3225	Scaffolds_15	+	1	0	2513977	2514444	468			0	0		
g4928	Scaffolds_18	-	1	0			0			0	0		
g641	Scaffolds_1	+	1	0			0			0	0		
g7805	Scaffolds_22	+	2	1			0	164395	164471	77	0	156982	157026
g9294	Scaffolds_24	+	1	0			0			0	0		
g4033	Scaffolds_17	-	1	0	953286	954055	770			0	0		
g8745	Scaffolds_23	-	1	0			0			0	0		
g10346	Scaffolds_27	-	1	0			0			0	0		
g1005	Scaffolds_10	-	1	0			0			0	0		
g887	Scaffolds_10	-	1	0			0			0	0		
g13221	Scaffolds_33	-	1	0			0			0	0		
g13152	Scaffolds_33	-	2	1			0			0	0	1311715	1312035
g7469	Scaffolds_21	-	4	3			0			0	0	1608118	1608581
g9126	Scaffolds_24	-	1	0			0			0	0		
g5391	Scaffolds_19	-	2	1			0			0	0	295697	295902
g3863	Scaffolds_17	-	1	0	332989	333075	87			0	0		
g15655	Scaffolds_8	-	1	0			0			0	0		
g6591	Scaffolds_20	-	1	0			0			0	0		
g10471	Scaffolds_28	+	1	0			0			0	0		
g2017	Scaffolds_13	-	1	0			0			0	0		
g4	Scaffolds_0	+	1	0			0			0	0		
g3448	Scaffolds_16	-	1	0			0			0	0		
g1362	Scaffolds_11	+	1	0			0			0	0		
g201	Scaffolds_0	-	1	0			0			0	0		
g190	Scaffolds_0	-	1	0			0			0	0		
g4970	Scaffolds_18	+	1	0			0			0	0		
g1942	Scaffolds_13	+	1	0			0			0	0		
g6547	Scaffolds_20	+	2	1			0	434475	434685	211	0	433339	433432
g8621	Scaffolds_23	+	1	0			0			0	0		
g14126	Scaffolds_4	-	1	0			0			0	0		
g11304	Scaffolds_29	+	2	1			0	2667302	2667493	192	0	2666426	2666696
g10559	Scaffolds_28	-	1	0			0			0	0		
g7660	Scaffolds_21	-	1	0	2441808	2442904	1097			0	0		
g11788	Scaffolds_3	+	1	0			0			0	0		
g10350	Scaffolds_27	-	2	1	303075	303221	147			0	0	302746	303006
g3164	Scaffolds_15	-	1	0			0			0	0		
g14047	Scaffolds_4	+	1	0			0			0	0		
g1802	Scaffolds_13	-	2	1			0			0	0	205703	205863
g10715	Scaffolds_29	-	2	1			0			0	0	443856	444479
g15100	Scaffolds_6	-	1	0			0			0	0		
g10116	Scaffolds_26	+	3	2			0	1404619	1406774	2156	0	1402847	1403142
g11717	Scaffolds_3	+	1	0			0	871913	872210	298	0		
g6652	Scaffolds_20	-	1	0			0			0	0		
g9541	Scaffolds_25	-	1	0			0			0	0		
g13145	Scaffolds_33	-	1	0			0			0	0		
g3260	Scaffolds_15	+	2	1			0	2633149	2634878	1730	0	2632946	2633027
g11603	Scaffolds_3	+	1	0			0			0	0		
g5218	Scaffolds_18	-	1	0			0			0	0		
g12732	Scaffolds_32	-	1	0			0			0	0		
g1653	Scaffolds_11	+	6	5			0	1451992	1452622	631	0	1448785	1448855
g3107	Scaffolds_15	+	1	0			0	2074787	2074924	138	0		
g12479	Scaffolds_31	-	1	0			0			0	0		
g12287	Scaffolds_31	-	1	0			0			0	0		
g9952	Scaffolds_26	+	1	0			0			0	0		
g15587	Scaffolds_8	+	1	0			0			0	0		
g10942	Scaffolds_29	-	1	0			0			0	0		
g1505	Scaffolds_11	+	1	0			0			0	0		
g5897	Scaffolds_19	-	1	0			0			0	0		
g12988	Scaffolds_33	-	1	0			0			0	0		
g13163	Scaffolds_33	-	2	1			0			0	0	1355306	1355666
g3855	Scaffolds_17	+	2	1			0			0	0	305903	306168
g7037	Scaffolds_20	-	1	0			0			0	0		
g251	Scaffolds_0	-	3	2			0			0	0	1034541	1034647
g6175	Scaffolds_2	-	2	1			0			0	0	515737	515869
g10491	Scaffolds_28	-	2	1			0			0	0	599164	599467
g3375	Scaffolds_16	-	1	0			0			0	0		
g7667	Scaffolds_21	+	1	0			0			0	0		
g7578	Scaffolds_21	-	1	0			0			0	0		
g689	Scaffolds_1	-	1	0			0			0	0		
g11489	Scaffolds_3	-	2	1			0			0	0	97553	97964
g1490	Scaffolds_11	+	1	0			0			0	0		
g14763	Scaffolds_5	-	1	0			0			0	0		
g6839	Scaffolds_20	+	1	0			0			0	0		
g677	Scaffolds_1	+	1	0			0			0	0		
g2539	Scaffolds_14	+	1	0			0			0	0		
g15348	Scaffolds_7	-	1	0			0			0	0		
g15409	Scaffolds_8	-	1	0	213257	217732	4476			0	0		
g10311	Scaffolds_27	-	1	0			0			0	0		
g6404	Scaffolds_2	-	3	2			0			0	0	1399036	1399081
g6811	Scaffolds_20	+	1	0			0	1423727	1424093	367	0		
g7445	Scaffolds_21	-	1	0			0			0	0		
g6618	Scaffolds_20	+	1	0			0			0	0		
g9019	Scaffolds_24	-	1	0			0			0	0		
g13705	Scaffolds_4	-	5	4			0			0	0	423441	423783
g13510	Scaffolds_33	+	3	2			0	2739284	2739625	342	0	2732645	2732798
g6417	Scaffolds_2	+	1	0			0			0	0		
g14660	Scaffolds_5	-	1	0			0			0	0		
g5775	Scaffolds_19	-	1	0			0			0	0		
g2537	Scaffolds_14	+	1	0			0			0	0		
g5703	Scaffolds_19	+	1	0			0			0	0		
g8901	Scaffolds_24	-	1	0			0			0	0		
g12421	Scaffolds_31	+	1	0			0			0	0		
g893	Scaffolds_10	-	1	0			0			0	0		
g14182	Scaffolds_4	-	1	0			0			0	0		
g7985	Scaffolds_22	-	1	0			0			0	0		
g5513	Scaffolds_19	-	1	0			0			0	0		
g14113	Scaffolds_4	-	1	0	1997540	1997787	248			0	0		
g509	Scaffolds_1	+	1	0			0			0	0		
g230	Scaffolds_0	-	1	0			0			0	0		
g5426	Scaffolds_19	+	1	0			0			0	0		
g3619	Scaffolds_16	+	1	0			0			0	0		
g12759	Scaffolds_32	-	1	0			0			0	0		
g9232	Scaffolds_24	-	1	0			0			0	0		
g3851	Scaffolds_17	+	1	0			0			0	0		
g891	Scaffolds_10	-	6	5			0			0	0	206267	206368
g167	Scaffolds_0	-	1	0			0			0	0		
g8132	Scaffolds_22	-	1	0			0			0	0		
g9183	Scaffolds_24	+	1	0			0	1327840	1327899	60	0		
g3976	Scaffolds_17	+	1	0			0			0	0		
g4003	Scaffolds_17	-	1	0			0			0	0		
g4012	Scaffolds_17	+	1	0			0			0	0		
g11453	Scaffolds_29	-	6	5	3195161	3195326	166			0	0	3194308	3194381
g11664	Scaffolds_3	+	1	0			0			0	0		
g7088	Scaffolds_21	-	4	3			0			0	0	180917	180990
g10086	Scaffolds_26	-	1	0			0			0	0		
g2356	Scaffolds_14	+	1	0			0			0	0		
g12844	Scaffolds_33	+	1	0			0			0	0		
g879	Scaffolds_10	-	5	4			0			0	0	159406	159711
g2051	Scaffolds_13	+	1	0			0			0	0		
g5741	Scaffolds_19	+	4	3			0	1473598	1474825	1228	0	1464962	1465262
g3593	Scaffolds_16	+	1	0			0			0	0		
g14470	Scaffolds_4	-	1	0			0			0	0		
g13880	Scaffolds_4	-	1	0			0			0	0		
g11230	Scaffolds_29	-	1	0			0			0	0		
g11761	Scaffolds_3	+	1	0			0			0	0		
g1456	Scaffolds_11	+	1	0			0	699441	700092	652	0		
g10009	Scaffolds_26	+	1	0			0			0	0		
g8498	Scaffolds_23	-	1	0			0			0	0		
g6010	Scaffolds_19	+	1	0			0			0	0		
g6440	Scaffolds_20	+	1	0			0			0	0		
g13236	Scaffolds_33	-	1	0			0			0	0		
g11391	Scaffolds_29	+	1	0			0	2959848	2960978	1131	0		
g15195	Scaffolds_6	+	21	20			0	945164	945195	32	0	937348	937778
g368	Scaffolds_0	-	4	3			0			0	0	1399018	1399141
g13946	Scaffolds_4	-	1	0			0			0	0		
g12062	Scaffolds_30	+	1	0			0			0	0		
g739	Scaffolds_1	-	1	0			0			0	0		
g11147	Scaffolds_29	-	3	2	2112613	2114113	1501			0	0	2112194	2112348
g1589	Scaffolds_11	+	1	0			0			0	0		
g906	Scaffolds_10	+	1	0			0			0	0		
g1469	Scaffolds_11	+	2	1			0	738874	739526	653	0	736449	737026
g1413	Scaffolds_11	-	1	0			0			0	0		
g5993	Scaffolds_19	-	1	0			0			0	0		
g3967	Scaffolds_17	+	1	0			0			0	0		
g13171	Scaffolds_33	+	1	0			0			0	0		
g11374	Scaffolds_29	+	1	0			0			0	0		
g14095	Scaffolds_4	+	1	0			0			0	0		
g300	Scaffolds_0	+	1	0			0			0	0		
g4726	Scaffolds_18	-	3	2	1797943	1797992	50			0	0	1796825	1796971
g1334	Scaffolds_11	-	1	0			0			0	0		
g13475	Scaffolds_33	+	1	0			0			0	0		
g12317	Scaffolds_31	+	3	2			0			0	0	483798	484511
g9563	Scaffolds_25	+	1	0			0			0	0		
g10082	Scaffolds_26	+	1	0			0			0	0		
g7684	Scaffolds_21	-	4	3			0			0	0	2516513	2516667
g3528	Scaffolds_16	+	1	0			0			0	0		
g6347	Scaffolds_2	-	1	0			0			0	0		
g949	Scaffolds_10	+	1	0			0			0	0		
g358	Scaffolds_0	+	1	0			0			0	0		
g4187	Scaffolds_17	-	2	1			0			0	0	1470431	1470930
g2346	Scaffolds_14	+	1	0			0			0	0		
g2211	Scaffolds_14	+	1	0			0			0	0		
g5921	Scaffolds_19	-	1	0			0			0	0		
g11120	Scaffolds_29	-	1	0			0			0	0		
g13876	Scaffolds_4	-	1	0			0			0	0		
g7240	Scaffolds_21	-	1	0			0			0	0		
g11720	Scaffolds_3	+	1	0			0			0	0		
g8071	Scaffolds_22	+	1	0			0			0	0		
g7401	Scaffolds_21	+	4	3			0	1350914	1351650	737	0	1350342	1350446
g2747	Scaffolds_15	-	1	0			0			0	0		
g10954	Scaffolds_29	-	2	1			0			0	0	1326586	1326703
g5668	Scaffolds_19	+	1	0			0	1174333	1174827	495	0		
g1097	Scaffolds_10	-	1	0			0			0	0		
g14993	Scaffolds_6	-	1	0			0			0	0		
g2191	Scaffolds_14	+	1	0			0			0	0		
g13174	Scaffolds_33	-	1	0	1407815	1407900	86			0	0		
g10229	Scaffolds_26	-	1	0			0			0	0		
g6711	Scaffolds_20	-	3	2	1027254	1028159	906			0	0	1023858	1024085
g11909	Scaffolds_3	+	3	2			0	1590542	1591623	1082	0	1588373	1588674
g6729	Scaffolds_20	+	1	0			0	1094410	1094619	210	0		
g13544	Scaffolds_33	+	1	0			0			0	0		
g7585	Scaffolds_21	+	1	0			0			0	0		
g10233	Scaffolds_26	+	1	0			0			0	0		
g13922	Scaffolds_4	+	2	1			0	1284770	1285458	689	0	1284546	1284755
g15467	Scaffolds_8	-	1	0			0			0	0		
g1316	Scaffolds_11	-	2	1			0			0	0	140594	141264
g6332	Scaffolds_2	-	1	0			0			0	0		
g14231	Scaffolds_4	+	1	0			0			0	0		
g5799	Scaffolds_19	+	1	0			0			0	0		
g4936	Scaffolds_18	-	1	0			0			0	0		
g4327	Scaffolds_18	+	1	0			0			0	0		
g13051	Scaffolds_33	-	1	0			0			0	0		
g1731	Scaffolds_12	-	1	0			0			0	0		
g4309	Scaffolds_18	+	1	0			0			0	0		
g4542	Scaffolds_18	+	2	1			0			0	0	1115011	1115229
g3298	Scaffolds_15	-	1	0			0			0	0		
g13455	Scaffolds_33	+	1	0			0			0	0		
g7762	Scaffolds_21	-	1	0	2836700	2837004	305			0	0		
g9350	Scaffolds_25	+	1	0			0			0	0		
g7341	Scaffolds_21	+	1	0			0			0	0		
g10517	Scaffolds_28	+	1	0			0			0	0		
g13250	Scaffolds_33	-	2	1			0			0	0	1659183	1659278
g8949	Scaffolds_24	+	2	1			0	284718	284791	74	0	283025	283066
g10190	Scaffolds_26	-	1	0			0			0	0		
g2416	Scaffolds_14	-	1	0			0			0	0		
g165	Scaffolds_0	-	4	3			0			0	0	705950	706159
g6658	Scaffolds_20	-	1	0			0			0	0		
g5817	Scaffolds_19	+	1	0			0			0	0		
g11271	Scaffolds_29	+	1	0			0			0	0		
g10769	Scaffolds_29	+	1	0			0			0	0		
g2982	Scaffolds_15	-	1	0			0			0	0		
g14498	Scaffolds_4	-	1	0			0			0	0		
g2746	Scaffolds_15	+	1	0			0			0	0		
g2076	Scaffolds_14	+	1	0			0			0	0		
g6000	Scaffolds_19	-	1	0			0			0	0		
g316	Scaffolds_0	+	1	0			0	1246159	1246383	225	0		
g11287	Scaffolds_29	-	6	5	2627659	2628607	949			0	0	2626245	2626326
g10946	Scaffolds_29	+	1	0			0			0	0		
g14564	Scaffolds_4	+	3	2			0	3760759	3761323	565	0	3759715	3759895
g14436	Scaffolds_4	+	1	0			0			0	0		
g5553	Scaffolds_19	-	1	0	827596	827655	60			0	0		
g11490	Scaffolds_3	+	1	0			0			0	0		
g10759	Scaffolds_29	+	1	0			0			0	0		
g5011	Scaffolds_18	+	1	0			0			0	0		
g4385	Scaffolds_18	-	1	0	512733	513060	328			0	0		
g13939	Scaffolds_4	-	2	1			0			0	0	1333118	1333297
g1320	Scaffolds_11	-	1	0			0			0	0		
g10134	Scaffolds_26	-	1	0			0			0	0		
g2046	Scaffolds_13	+	1	0			0	1064749	1065034	286	0		
g10382	Scaffolds_28	+	1	0			0			0	0		
g13657	Scaffolds_4	+	1	0			0			0	0		
g3401	Scaffolds_16	-	19	18	204764	204964	201			0	0	200608	200699
g9109	Scaffolds_24	-	1	0			0			0	0		
g3854	Scaffolds_17	+	3	2			0	304379	304683	305	0	302562	302640
g1641	Scaffolds_11	+	1	0			0	1405886	1405997	112	0		
g12320	Scaffolds_31	+	1	0			0			0	0		
g13045	Scaffolds_33	-	1	0			0			0	0		
g4388	Scaffolds_18	+	1	0			0			0	0		
g13566	Scaffolds_33	+	1	0			0			0	0		
g15393	Scaffolds_8	-	2	1	139403	139499	97			0	0	138839	139144
g7377	Scaffolds_21	+	1	0			0			0	0		
g5244	Scaffolds_18	+	1	0			0			0	0		
g10433	Scaffolds_28	+	5	4			0	350879	353262	2384	0	347857	347949
g6193	Scaffolds_2	+	4	3			0	558503	558638	136	0	556571	556918
g1391	Scaffolds_11	+	1	0			0			0	0		
g15453	Scaffolds_8	-	3	2	366161	366323	163			0	0	365510	365552
g15185	Scaffolds_6	+	1	0			0	903344	903552	209	0		
g10527	Scaffolds_28	+	4	3			0	738562	738867	306	0	730377	730582
g6817	Scaffolds_20	+	1	0			0	1444871	1444988	118	0		
g13472	Scaffolds_33	-	2	1			0			0	0	2574953	2575233
g1847	Scaffolds_13	+	1	0			0			0	0		
g3534	Scaffolds_16	+	1	0			0	655685	655824	140	0		
g14390	Scaffolds_4	+	1	0			0			0	0		
g9612	Scaffolds_25	-	1	0			0			0	0		
g5832	Scaffolds_19	+	1	0			0			0	0		
g9307	Scaffolds_24	-	3	2			0			0	0	1804856	1804980
g8695	Scaffolds_23	-	2	1			0			0	0	1383003	1383589
g6866	Scaffolds_20	-	1	0	1597085	1597092	8			0	0		
g1339	Scaffolds_11	+	1	0			0			0	0		
g2961	Scaffolds_15	-	1	0			0			0	0		
g12616	Scaffolds_32	+	1	0			0			0	0		
g12837	Scaffolds_33	-	1	0			0			0	0		
g10664	Scaffolds_29	-	1	0			0			0	0		
g759	Scaffolds_1	+	3	2			0	1061016	1062118	1103	0	1060072	1060140
g10986	Scaffolds_29	-	1	0			0			0	0		
g6116	Scaffolds_2	-	5	4	312436	312752	317			0	0	310469	310651
g13720	Scaffolds_4	+	1	0			0			0	0		
g2921	Scaffolds_15	-	1	0			0			0	0		
g9663	Scaffolds_25	-	2	1			0			0	0	1232775	1233503
g14450	Scaffolds_4	-	5	4	3380523	3380691	169			0	0	3377176	3377496
g8518	Scaffolds_23	-	1	0			0			0	0		
g576	Scaffolds_1	+	1	0			0			0	0		
g10874	Scaffolds_29	+	1	0			0			0	0		
g3930	Scaffolds_17	+	2	1			0	571988	572132	145	0	570874	570919
g11425	Scaffolds_29	-	1	0			0			0	0		
g10458	Scaffolds_28	+	1	0			0			0	0		
g8580	Scaffolds_23	-	1	0			0			0	0		
g732	Scaffolds_1	+	2	1			0			0	0	933284	933422
g15239	Scaffolds_7	+	2	1			0	145441	145486	46	0	141257	141400
g4376	Scaffolds_18	+	1	0			0			0	0		
g3752	Scaffolds_16	+	1	0			0	1396592	1396891	300	0		
g14521	Scaffolds_4	+	1	0			0			0	0		
g10983	Scaffolds_29	-	1	0			0			0	0		
g15052	Scaffolds_6	-	1	0			0			0	0		
g939	Scaffolds_10	-	1	0			0			0	0		
g10702	Scaffolds_29	+	1	0			0			0	0		
g14021	Scaffolds_4	-	1	0			0			0	0		
g1457	Scaffolds_11	-	1	0			0			0	0		
g9465	Scaffolds_25	-	1	0	515060	516228	1169			0	0		
g7565	Scaffolds_21	-	1	0	2014933	2014966	34			0	0		
g7100	Scaffolds_21	-	1	0			0			0	0		
g14690	Scaffolds_5	-	4	3	399975	401545	1571			0	0	399278	399400
g5836	Scaffolds_19	+	1	0			0			0	0		
g4577	Scaffolds_18	-	1	0			0			0	0		
g10171	Scaffolds_26	+	5	4			0	1600600	1601450	851	0	1599721	1599807
g12246	Scaffolds_31	+	3	2			0	225990	226067	78	0	225141	225366
g266	Scaffolds_0	+	1	0			0			0	0		
g10577	Scaffolds_28	+	3	2			0	949214	949446	233	0	947981	948170
g6310	Scaffolds_2	+	1	0			0	1022468	1022565	98	0		
g7150	Scaffolds_21	+	1	0			0			0	0		
g5536	Scaffolds_19	+	1	0			0			0	0		
g5673	Scaffolds_19	+	2	1			0			0	0	1204472	1204611
g1011	Scaffolds_10	+	1	0			0			0	0		
g11347	Scaffolds_29	+	2	1			0			0	0	2802559	2802737
g8005	Scaffolds_22	+	1	0			0	827624	827928	305	0		
g13498	Scaffolds_33	+	1	0			0			0	0		
g10999	Scaffolds_29	+	1	0			0			0	0		
g507	Scaffolds_1	+	1	0			0			0	0		
g1431	Scaffolds_11	+	1	0			0			0	0		
g15896	Scaffolds_9	+	1	0			0	219706	224779	5074	0		
g41	Scaffolds_0	-	1	0			0			0	0		
g4998	Scaffolds_18	-	1	0			0			0	0		
g8618	Scaffolds_23	+	1	0			0			0	0		
g15062	Scaffolds_6	-	1	0			0			0	0		
g10877	Scaffolds_29	-	1	0			0			0	0		
g10273	Scaffolds_26	-	2	1	2011766	2011772	7			0	0	2011579	2011691
g11987	Scaffolds_3	-	2	1			0			0	0	1867697	1868418
g8396	Scaffolds_23	+	3	2			0	251888	252383	496	0	247654	247730
g7852	Scaffolds_22	-	2	1	317376	317746	371			0	0	317069	317230
g5456	Scaffolds_19	-	3	2			0			0	0	497624	498117
g13294	Scaffolds_33	-	1	0			0			0	0		
g14893	Scaffolds_5	+	1	0			0	1212909	1213204	296	0		
g13961	Scaffolds_4	-	1	0			0			0	0		
g8504	Scaffolds_23	-	1	0			0			0	0		
g5005	Scaffolds_18	-	1	0			0			0	0		
g434	Scaffolds_0	+	3	2			0			0	0	1630811	1631086
g6800	Scaffolds_20	+	1	0			0			0	0		
g8725	Scaffolds_23	+	1	0			0			0	0		
g12761	Scaffolds_32	+	2	1			0	761469	761771	303	0	761021	761323
g2242	Scaffolds_14	-	1	0			0			0	0		
g5026	Scaffolds_18	-	5	4			0			0	0	2792863	2792903
g8275	Scaffolds_22	+	1	0			0			0	0		
g8817	Scaffolds_23	+	5	4			0	1938318	1938449	132	0	1937090	1937172
g15743	Scaffolds_8	-	1	0			0			0	0		
g15082	Scaffolds_6	+	1	0			0			0	0		
g8427	Scaffolds_23	+	4	3			0	347099	347255	157	0	343945	343996
g13713	Scaffolds_4	-	1	0			0			0	0		
g8403	Scaffolds_23	+	2	1			0	268191	268668	478	0	265794	265911
g105	Scaffolds_0	-	6	5	472791	473031	241			0	0	471701	471901
g15651	Scaffolds_8	+	2	1			0			0	0	1035942	1036424
g8398	Scaffolds_23	+	3	2			0	257589	257827	239	0	255901	256013
g9290	Scaffolds_24	-	1	0			0			0	0		
g11844	Scaffolds_3	-	1	0			0			0	0		
g1325	Scaffolds_11	-	1	0			0			0	0		
g6113	Scaffolds_2	+	1	0			0			0	0		
g12333	Scaffolds_31	-	1	0			0			0	0		
g8561	Scaffolds_23	+	1	0			0			0	0		
g4943	Scaffolds_18	-	1	0	2538203	2538625	423			0	0		
g7052	Scaffolds_21	+	1	0			0			0	0		
g6585	Scaffolds_20	-	1	0			0			0	0		
g4945	Scaffolds_18	+	1	0			0			0	0		
g1042	Scaffolds_10	-	2	1	792664	793195	532			0	0	792466	792624
g4672	Scaffolds_18	-	1	0			0			0	0		
g7347	Scaffolds_21	+	1	0			0			0	0		
g12927	Scaffolds_33	-	1	0			0			0	0		
g12622	Scaffolds_32	+	1	0			0			0	0		
g15637	Scaffolds_8	-	1	0			0			0	0		
g10635	Scaffolds_29	+	1	0			0	129413	130129	717	0		
g15027	Scaffolds_6	-	1	0			0			0	0		
g12519	Scaffolds_31	+	1	0			0			0	0		
g9062	Scaffolds_24	-	1	0			0			0	0		
g5837	Scaffolds_19	-	1	0			0			0	0		
g16037	Scaffolds_9	-	1	0			0			0	0		
g664	Scaffolds_1	+	1	0			0			0	0		
g8922	Scaffolds_24	+	1	0			0			0	0		
g5876	Scaffolds_19	+	1	0			0			0	0		
g3678	Scaffolds_16	-	3	2			0			0	0	1122643	1122802
g4252	Scaffolds_17	+	20	19			0			0	0	1694839	1694910
g13605	Scaffolds_33	-	1	0			0			0	0		
g2338	Scaffolds_14	+	1	0			0	986331	986715	385	0		
g2988	Scaffolds_15	-	1	0			0			0	0		
g16054	Scaffolds_9	+	1	0			0			0	0		
g8520	Scaffolds_23	-	2	1			0			0	0	707789	708909
g13391	Scaffolds_33	+	1	0			0			0	0		
g8459	Scaffolds_23	+	1	0			0			0	0		
g15473	Scaffolds_8	+	1	0			0			0	0		
g5490	Scaffolds_19	+	1	0			0			0	0		
g9030	Scaffolds_24	-	1	0			0			0	0		
g11199	Scaffolds_29	-	2	1			0			0	0	2275476	2276035
g10183	Scaffolds_26	-	1	0			0			0	0		
g170	Scaffolds_0	-	5	4			0			0	0	729775	729894
g7	Scaffolds_0	-	1	0			0			0	0		
g11665	Scaffolds_3	-	1	0			0			0	0		
g12221	Scaffolds_31	-	3	2			0			0	0	150484	150566
g16002	Scaffolds_9	+	1	0			0			0	0		
g3078	Scaffolds_15	-	2	1	1956016	1956033	18			0	0	1952429	1952755
g1594	Scaffolds_11	+	4	3			0			0	0	1200485	1200574
g10619	Scaffolds_29	-	1	0			0			0	0		
g5012	Scaffolds_18	+	4	3			0	2759713	2760107	395	0	2755167	2755233
g1331	Scaffolds_11	+	1	0			0			0	0		
g5109	Scaffolds_18	-	1	0			0			0	0		
g8676	Scaffolds_23	+	1	0			0			0	0		
g7694	Scaffolds_21	+	3	2			0	2560274	2560569	296	0	2557933	2558237
g15242	Scaffolds_7	-	1	0	154018	154272	255			0	0		
g1920	Scaffolds_13	+	4	3			0	593252	593661	410	0	589419	589584
g11821	Scaffolds_3	-	2	1			0			0	0	1296943	1297206
g3876	Scaffolds_17	+	2	1			0	392488	393893	1406	0	392090	392190
g3219	Scaffolds_15	-	1	0			0			0	0		
g15352	Scaffolds_7	+	1	0			0	548800	548995	196	0		
g6578	Scaffolds_20	+	1	0			0			0	0		
g9000	Scaffolds_24	-	1	0			0			0	0		
g1922	Scaffolds_13	+	2	1			0	597913	597982	70	0	596184	596334
g461	Scaffolds_0	+	1	0			0			0	0		
g11269	Scaffolds_29	+	2	1			0	2543052	2548106	5055	0	2542892	2542932
g11002	Scaffolds_29	-	2	1	1549342	1549836	495			0	0	1548852	1549284
g4846	Scaffolds_18	-	1	0			0			0	0		
g15772	Scaffolds_8	+	1	0			0			0	0		
g8696	Scaffolds_23	+	2	1			0	1387057	1387298	242	0	1386436	1386561
g8173	Scaffolds_22	-	1	0			0			0	0		
g8998	Scaffolds_24	-	1	0			0			0	0		
g3442	Scaffolds_16	+	1	0			0			0	0		
g8605	Scaffolds_23	-	3	2	1078174	1078520	347			0	0	1074370	1074519
g3341	Scaffolds_15	+	19	18			0	2918839	2918861	23	0	2911620	2912003
g578	Scaffolds_1	+	3	2			0	396029	396119	91	0	394511	394993
g12347	Scaffolds_31	+	1	0			0			0	0		
g602	Scaffolds_1	-	3	2	474171	474304	134			0	0	473431	473598
g4440	Scaffolds_18	-	1	0	751883	752386	504			0	0		
g11200	Scaffolds_29	-	1	0			0			0	0		
g1519	Scaffolds_11	-	1	0			0			0	0		
g3118	Scaffolds_15	-	1	0			0			0	0		
g3742	Scaffolds_16	+	2	1			0	1368697	1369041	345	0	1367952	1368252
g10676	Scaffolds_29	-	1	0			0			0	0		
g11910	Scaffolds_3	-	1	0			0			0	0		
g8981	Scaffolds_24	+	1	0			0			0	0		
g14027	Scaffolds_4	-	1	0			0			0	0		
g8930	Scaffolds_24	+	1	0			0			0	0		
g12026	Scaffolds_30	-	1	0			0			0	0		
g15282	Scaffolds_7	-	1	0			0			0	0		
g9949	Scaffolds_26	+	1	0			0			0	0		
g7774	Scaffolds_22	+	1	0			0			0	0		
g2915	Scaffolds_15	+	1	0			0			0	0		
g232	Scaffolds_0	+	1	0			0			0	0		
g3492	Scaffolds_16	-	1	0			0			0	0		
g7107	Scaffolds_21	-	1	0			0			0	0		
g4098	Scaffolds_17	+	1	0			0			0	0		
g9750	Scaffolds_26	-	1	0	117048	117089	42			0	0		
g8405	Scaffolds_23	+	1	0			0	277621	281035	3415	0		
g12214	Scaffolds_31	+	2	1			0	132775	133454	680	0	132614	132658
g6084	Scaffolds_2	+	1	0			0			0	0		
g8548	Scaffolds_23	+	1	0			0			0	0		
g3510	Scaffolds_16	+	1	0			0			0	0		
g6732	Scaffolds_20	-	1	0	1103397	1103717	321			0	0		
g9127	Scaffolds_24	+	1	0			0			0	0		
g5639	Scaffolds_19	+	1	0			0			0	0		
g4518	Scaffolds_18	+	2	1			0			0	0	1012294	1012839
g6538	Scaffolds_20	+	1	0			0			0	0		
g5093	Scaffolds_18	-	3	2	3037238	3037385	148			0	0	3036618	3036803
g9392	Scaffolds_25	+	1	0			0			0	0		
g11913	Scaffolds_3	+	1	0			0			0	0		
g11013	Scaffolds_29	+	1	0			0			0	0		
g5148	Scaffolds_18	-	1	0			0			0	0		
g15676	Scaffolds_8	-	2	1	1155150	1155319	170			0	0	1153460	1153638
g5941	Scaffolds_19	-	1	0	2123455	2123828	374			0	0		
g7871	Scaffolds_22	-	1	0			0			0	0		
g6686	Scaffolds_20	+	1	0			0			0	0		
g4207	Scaffolds_17	+	2	1			0	1529411	1529559	149	0	1528580	1528684
g3525	Scaffolds_16	-	2	1			0			0	0	621663	622190
g15849	Scaffolds_9	-	2	1	79879	79887	9			0	0	79271	79736
g5581	Scaffolds_19	+	2	1			0	907182	907737	556	0	906748	906867
g892	Scaffolds_10	+	1	0			0			0	0		
g14291	Scaffolds_4	+	1	0			0	2630410	2630755	346	0		
g907	Scaffolds_10	-	4	3			0			0	0	305136	305178
g11127	Scaffolds_29	-	1	0			0			0	0		
g14944	Scaffolds_6	+	1	0			0			0	0		
g10734	Scaffolds_29	-	1	0			0			0	0		
g7485	Scaffolds_21	+	3	2			0	1675113	1675166	54	0	1671655	1671715
g14571	Scaffolds_4	+	1	0			0			0	0		
g11004	Scaffolds_29	-	1	0			0			0	0		
g4382	Scaffolds_18	-	1	0			0			0	0		
g12890	Scaffolds_33	+	1	0			0			0	0		
g9661	Scaffolds_25	-	2	1			0			0	0	1226203	1226426
g13115	Scaffolds_33	+	1	0			0			0	0		
g1619	Scaffolds_11	-	1	0			0			0	0		
g3912	Scaffolds_17	+	1	0			0			0	0		
g15779	Scaffolds_8	+	1	0			0			0	0		
g6625	Scaffolds_20	-	1	0			0			0	0		
g9373	Scaffolds_25	+	1	0			0			0	0		
g3273	Scaffolds_15	+	1	0			0			0	0		
g10724	Scaffolds_29	+	1	0			0	479952	480213	262	0		
g8370	Scaffolds_23	+	1	0			0			0	0		
g15024	Scaffolds_6	-	1	0			0			0	0		
g13523	Scaffolds_33	+	1	0			0			0	0		
g12721	Scaffolds_32	+	4	3			0	626391	626711	321	0	623200	623275
g15333	Scaffolds_7	+	1	0			0			0	0		
g8774	Scaffolds_23	+	2	1			0	1776691	1776833	143	0	1776441	1776591
g15254	Scaffolds_7	+	1	0			0			0	0		
g3809	Scaffolds_17	-	1	0			0			0	0		
g16022	Scaffolds_9	-	1	0	687640	687815	176			0	0		
g7226	Scaffolds_21	-	1	0			0			0	0		
g9700	Scaffolds_25	+	1	0			0			0	0		
g15889	Scaffolds_9	+	1	0			0			0	0		
g10904	Scaffolds_29	+	1	0			0			0	0		
g14128	Scaffolds_4	-	1	0			0			0	0		
g16060	Scaffolds_9	-	1	0	797344	797742	399			0	0		
g12926	Scaffolds_33	+	1	0			0			0	0		
g8785	Scaffolds_23	+	4	3			0	1811345	1811619	275	0	1809519	1809812
g11209	Scaffolds_29	-	1	0			0			0	0		
g12813	Scaffolds_32	+	1	0			0			0	0		
g2059	Scaffolds_14	-	2	1			0			0	0	3044	3199
g11014	Scaffolds_29	+	1	0			0			0	0		
g4172	Scaffolds_17	-	2	1			0			0	0	1425498	1425541
g8779	Scaffolds_23	-	2	1			0			0	0	1786942	1787227
g15403	Scaffolds_8	+	3	2			0	182598	182914	317	0	180157	180457
g13982	Scaffolds_4	-	6	5	1484346	1485087	742			0	0	1483242	1483395
g3193	Scaffolds_15	-	1	0			0			0	0		
g3831	Scaffolds_17	+	1	0			0			0	0		
g7104	Scaffolds_21	-	3	2			0			0	0	255093	255161
g14149	Scaffolds_4	+	1	0			0	2103708	2103897	190	0		
g10012	Scaffolds_26	-	1	0			0			0	0		
g9174	Scaffolds_24	-	1	0			0			0	0		
g3571	Scaffolds_16	+	1	0			0			0	0		
g8347	Scaffolds_23	-	18	17	62066	62251	186			0	0	55453	55792
g13782	Scaffolds_4	-	2	1			0			0	0	739330	739915
g832	Scaffolds_1	+	1	0			0			0	0		
g2713	Scaffolds_15	-	1	0			0			0	0		
g10440	Scaffolds_28	+	1	0			0			0	0		
g14902	Scaffolds_5	+	3	2			0	1244431	1245215	785	0	1243087	1243402
g6026	Scaffolds_19	+	2	1			0			0	0	2426318	2426370
g14225	Scaffolds_4	-	1	0			0			0	0		
g122	Scaffolds_0	+	1	0			0			0	0		
g7553	Scaffolds_21	+	3	2			0	1968864	1968978	115	0	1967360	1967592
g11464	Scaffolds_3	+	1	0			0			0	0		
g14924	Scaffolds_5	-	1	0			0			0	0		
g14398	Scaffolds_4	+	1	0			0			0	0		
g8735	Scaffolds_23	+	1	0			0			0	0		
g2702	Scaffolds_15	-	1	0			0			0	0		
g5552	Scaffolds_19	-	2	1	825109	825269	161			0	0	824583	825084
g7586	Scaffolds_21	-	1	0			0			0	0		
g6280	Scaffolds_2	+	1	0			0			0	0		
g16075	Scaffolds_9	-	1	0			0			0	0		
g3739	Scaffolds_16	-	1	0	1358313	1358571	259			0	0		
g15413	Scaffolds_8	+	1	0			0			0	0		
g9456	Scaffolds_25	-	1	0			0			0	0		
g13851	Scaffolds_4	+	1	0	997671	998096	426			0	0		
g1651	Scaffolds_11	+	2	1			0	1444647	1444983	337	0	1443471	1443979
g2335	Scaffolds_14	-	1	0			0			0	0		
g15316	Scaffolds_7	+	3	2			0	431898	432694	797	0	429737	429845
g2175	Scaffolds_14	-	1	0			0			0	0		
g7134	Scaffolds_21	-	2	1			0			0	0	401258	401603
g1765	Scaffolds_13	-	14	13	69514	69742	229			0	0	64314	64605
g5021	Scaffolds_18	+	1	0			0			0	0		
g382	Scaffolds_0	+	1	0			0			0	0		
g3035	Scaffolds_15	+	1	0			0			0	0		
g2534	Scaffolds_14	-	1	0			0			0	0		
g12520	Scaffolds_31	-	1	0			0			0	0		
g791	Scaffolds_1	-	2	1	1181253	1181751	499			0	0	1180752	1180873
g5151	Scaffolds_18	+	1	0			0			0	0		
g6632	Scaffolds_20	+	3	2			0			0	0	699796	699986
g2065	Scaffolds_14	-	1	0			0			0	0		
g3716	Scaffolds_16	-	1	0			0			0	0		
g5934	Scaffolds_19	-	2	1			0			0	0	2101213	2101288
g11133	Scaffolds_29	-	1	0			0			0	0		
g14585	Scaffolds_4	+	19	18			0	3838390	3838470	81	0	3830932	3831522
g3019	Scaffolds_15	+	5	4			0	1713713	1713867	155	0	1712612	1712714
g12865	Scaffolds_33	+	2	1			0	205656	206286	631	0	204427	204764
g3502	Scaffolds_16	+	1	0			0			0	0		
g15131	Scaffolds_6	-	1	0			0			0	0		
g1260	Scaffolds_10	-	3	2			0			0	0	1536194	1536371
g8850	Scaffolds_23	-	1	0			0			0	0		
g15855	Scaffolds_9	-	1	0			0			0	0		
g13133	Scaffolds_33	+	1	0			0			0	0		
g1900	Scaffolds_13	-	2	1	523609	523642	34			0	0	523335	523427
g4633	Scaffolds_18	+	2	1			0	1404423	1404610	188	0	1403142	1403375
g6744	Scaffolds_20	-	1	0			0			0	0		
g1888	Scaffolds_13	+	1	0			0			0	0		
g14632	Scaffolds_5	-	3	2	172953	174286	1334			0	0	172115	172628
g14107	Scaffolds_4	+	1	0			0			0	0		
g7629	Scaffolds_21	+	5	4			0	2284816	2287143	2328	0	2282950	2283045
g13983	Scaffolds_4	-	3	2	1487479	1488921	1443			0	0	1486715	1487002
g10566	Scaffolds_28	-	1	0	891125	891670	546			0	0		
g244	Scaffolds_0	+	2	1			0	993951	996020	2070	0	992697	992996
g2973	Scaffolds_15	-	1	0			0			0	0		
g1940	Scaffolds_13	+	1	0			0			0	0		
g10151	Scaffolds_26	+	2	1			0			0	0	1538151	1539004
g7569	Scaffolds_21	-	1	0			0			0	0		
g10102	Scaffolds_26	-	2	1			0			0	0	1368777	1369060
g7299	Scaffolds_21	+	7	6			0	1002696	1003336	641	0	1000360	1000564
g15620	Scaffolds_8	-	1	0			0			0	0		
g3780	Scaffolds_17	+	2	1			0			0	0	74959	75062
g13524	Scaffolds_33	-	1	0			0			0	0		
g10396	Scaffolds_28	+	1	0			0			0	0		
g1878	Scaffolds_13	-	1	0			0			0	0		
g9178	Scaffolds_24	-	1	0			0			0	0		
g9401	Scaffolds_25	-	1	0			0			0	0		
g10215	Scaffolds_26	-	2	1	1746322	1746685	364			0	0	1745615	1746036
g14860	Scaffolds_5	-	2	1	1086139	1088425	2287			0	0	1085704	1085850
g13470	Scaffolds_33	+	1	0			0	2571486	2571737	252	0		
g7711	Scaffolds_21	-	1	0			0			0	0		
g14975	Scaffolds_6	+	1	0			0			0	0		
g52	Scaffolds_0	-	1	0	267970	268020	51			0	0		
g14294	Scaffolds_4	+	1	0			0			0	0		
g5994	Scaffolds_19	+	7	6			0	2311474	2311547	74	0	2309468	2309774
g4912	Scaffolds_18	-	1	0			0			0	0		
g9553	Scaffolds_25	+	1	0			0			0	0		
g544	Scaffolds_1	+	1	0			0			0	0		
g5027	Scaffolds_18	+	1	0			0			0	0		
g14166	Scaffolds_4	-	1	0			0			0	0		
g4441	Scaffolds_18	-	1	0			0			0	0		
g10948	Scaffolds_29	+	3	2			0	1308781	1308897	117	0	1305981	1306344
g1717	Scaffolds_12	-	1	0			0			0	0		
g6125	Scaffolds_2	+	5	4			0	354814	355603	790	0	351695	351949
g3017	Scaffolds_15	+	1	0			0			0	0		
g1323	Scaffolds_11	+	1	0			0			0	0		
g11355	Scaffolds_29	+	1	0			0			0	0		
g4111	Scaffolds_17	+	1	0			0			0	0		
g9734	Scaffolds_26	-	8	7			0			0	0	46319	46588
g2834	Scaffolds_15	+	1	0			0			0	0		
g785	Scaffolds_1	-	1	0			0			0	0		
g12515	Scaffolds_31	+	2	1			0			0	0	1195589	1195655
g6095	Scaffolds_2	+	1	0			0			0	0		
g7002	Scaffolds_20	+	1	0			0	2109190	2109791	602	0		
g8510	Scaffolds_23	-	1	0			0			0	0		
g7190	Scaffolds_21	+	1	0			0			0	0		
g15436	Scaffolds_8	-	1	0			0			0	0		
g5617	Scaffolds_19	+	1	0			0			0	0		
g15359	Scaffolds_7	-	1	0			0			0	0		
g5433	Scaffolds_19	+	1	0			0			0	0		
g12199	Scaffolds_31	+	1	0			0			0	0		
g5279	Scaffolds_18	+	1	0			0	3835550	3836619	1070	0		
g15608	Scaffolds_8	-	1	0	910915	910997	83			0	0		
g12964	Scaffolds_33	+	2	1			0	609483	610379	897	0	607636	607762
g3263	Scaffolds_15	-	2	1			0			0	0	2670134	2670253
g4954	Scaffolds_18	-	1	0			0			0	0		
g6742	Scaffolds_20	+	7	6			0	1142138	1142703	566	0	1139849	1140156
g4927	Scaffolds_18	+	1	0			0			0	0		
g3856	Scaffolds_17	+	1	0			0			0	0		
g12505	Scaffolds_31	+	1	0			0			0	0		
g519	Scaffolds_1	-	1	0			0			0	0		
g6808	Scaffolds_20	-	2	1	1415181	1415251	71			0	0	1414832	1415153
g2690	Scaffolds_15	-	1	0			0			0	0		
g6757	Scaffolds_20	+	1	0			0			0	0		
g9302	Scaffolds_24	-	1	0			0			0	0		
g15086	Scaffolds_6	-	1	0			0			0	0		
g8966	Scaffolds_24	-	1	0			0			0	0		
g5506	Scaffolds_19	-	2	1			0			0	0	674288	674530
g5550	Scaffolds_19	-	1	0			0			0	0		
g2594	Scaffolds_15	-	2	1	78931	79069	139			0	0	78810	78850
g5999	Scaffolds_19	+	1	0			0			0	0		
g14055	Scaffolds_4	+	1	0			0	1756734	1756798	65	0		
g12765	Scaffolds_32	+	1	0			0			0	0		
g4362	Scaffolds_18	-	2	1			0			0	0	427035	427245
g10953	Scaffolds_29	-	1	0			0			0	0		
g14336	Scaffolds_4	+	4	3			0	2820525	2821208	684	0	2815534	2815928
g15485	Scaffolds_8	-	1	0			0			0	0		
g1451	Scaffolds_11	-	5	4			0			0	0	663630	663904
g10615	Scaffolds_29	+	17	16			0	59420	59634	215	0	54734	54845
g3355	Scaffolds_16	+	1	0			0			0	0		
g13660	Scaffolds_4	+	1	0			0			0	0		
g11919	Scaffolds_3	-	1	0			0			0	0		
g6720	Scaffolds_20	-	3	2			0			0	0	1058377	1058558
g6537	Scaffolds_20	-	1	0			0			0	0		
g12729	Scaffolds_32	+	1	0			0			0	0		
g1789	Scaffolds_13	+	1	0			0			0	0		
g9238	Scaffolds_24	+	1	0			0			0	0		
g7305	Scaffolds_21	-	1	0			0			0	0		
g13109	Scaffolds_33	+	1	0			0	1126707	1126858	152	0		
g13879	Scaffolds_4	+	2	1			0	1098704	1099334	631	0	1096602	1096902
g11479	Scaffolds_3	-	1	0			0			0	0		
g11003	Scaffolds_29	+	1	0			0			0	0		
g3735	Scaffolds_16	-	1	0			0			0	0		
g10582	Scaffolds_28	-	1	0			0			0	0		
g3122	Scaffolds_15	-	3	2			0			0	0	2116847	2116914
g7389	Scaffolds_21	-	1	0			0			0	0		
g520	Scaffolds_1	+	2	1			0	196012	196098	87	0	194371	194417
g13947	Scaffolds_4	-	2	1			0			0	0	1380961	1381412
g2525	Scaffolds_14	-	2	1			0			0	0	1607590	1607942
g15260	Scaffolds_7	-	1	0			0			0	0		
g11724	Scaffolds_3	-	2	1			0			0	0	893768	894265
g191	Scaffolds_0	+	1	0			0			0	0		
g10995	Scaffolds_29	-	2	1	1529245	1529449	205			0	0	1526590	1526632
g3279	Scaffolds_15	+	1	0			0			0	0		
g9313	Scaffolds_24	+	1	0			0			0	0		
g10299	Scaffolds_27	+	6	5			0	44072	44231	160	0	41799	41906
g11606	Scaffolds_3	-	1	0			0			0	0		
g877	Scaffolds_10	-	1	0			0			0	0		
g9972	Scaffolds_26	-	1	0			0			0	0		
g10697	Scaffolds_29	+	1	0			0			0	0		
g500	Scaffolds_1	-	1	0			0			0	0		
g13850	Scaffolds_4	+	1	0			0			0	0		
g4573	Scaffolds_18	-	1	0	1193378	1193445	68			0	0		
g7363	Scaffolds_21	-	1	0			0			0	0		
g2013	Scaffolds_13	-	1	0	933150	933302	153			0	0		
g11512	Scaffolds_3	+	1	0			0			0	0		
g4791	Scaffolds_18	+	1	0			0			0	0		
g742	Scaffolds_1	+	1	0			0			0	0		
g8958	Scaffolds_24	+	1	0			0			0	0		
g15026	Scaffolds_6	-	1	0	328393	328524	132			0	0		
g1282	Scaffolds_10	-	1	0			0			0	0		
g15477	Scaffolds_8	+	1	0			0	453717	453745	29	0		
g2919	Scaffolds_15	+	2	1			0	1288568	1290997	2430	0	1287711	1287763
g1877	Scaffolds_13	+	1	0			0			0	0		
g10063	Scaffolds_26	+	1	0			0			0	0		
g7247	Scaffolds_21	+	1	0			0			0	0		
g2173	Scaffolds_14	+	1	0			0	379617	379767	151	0		
g1006	Scaffolds_10	+	1	0			0			0	0		
g12322	Scaffolds_31	+	1	0			0			0	0		
g10617	Scaffolds_29	+	1	0			0			0	0		
g2300	Scaffolds_14	+	1	0			0			0	0		
g15936	Scaffolds_9	-	1	0			0			0	0		
g9059	Scaffolds_24	+	1	0			0			0	0		
g789	Scaffolds_1	-	1	0			0			0	0		
g8076	Scaffolds_22	-	1	0			0			0	0		
g3086	Scaffolds_15	+	1	0			0			0	0		
g14056	Scaffolds_4	+	1	0			0			0	0		
g3262	Scaffolds_15	-	8	7	2646688	2646952	265			0	0	2640718	2641026
g11266	Scaffolds_29	-	1	0	2534799	2535285	487			0	0		
g5249	Scaffolds_18	-	1	0			0			0	0		
g911	Scaffolds_10	-	1	0			0			0	0		
g3960	Scaffolds_17	-	1	0			0			0	0		
g1225	Scaffolds_10	-	1	0	1439976	1440089	114			0	0		
g11800	Scaffolds_3	+	2	1			0	1162785	1162873	89	0	1162033	1162402
g11274	Scaffolds_29	+	1	0			0			0	0		
g4093	Scaffolds_17	+	1	0			0			0	0		
g12544	Scaffolds_32	-	2	1	34618	34766	149			0	0	34128	34386
g14147	Scaffolds_4	+	1	0			0			0	0		
g24	Scaffolds_0	+	1	0			0			0	0		
g2991	Scaffolds_15	-	3	2	1606303	1606362	60			0	0	1604944	1605767
g11697	Scaffolds_3	-	1	0			0			0	0		
g10875	Scaffolds_29	-	2	1			0			0	0	1057091	1057177
g10662	Scaffolds_29	+	2	1			0	219663	220318	656	0	217756	218049
g9490	Scaffolds_25	-	1	0	619672	619793	122			0	0		
g982	Scaffolds_10	-	1	0			0			0	0		
g2572	Scaffolds_14	+	1	0			0			0	0		
g2120	Scaffolds_14	+	1	0			0			0	0		
g9233	Scaffolds_24	+	1	0			0			0	0		
g7441	Scaffolds_21	-	1	0			0			0	0		
g14532	Scaffolds_4	-	1	0			0			0	0		
g4570	Scaffolds_18	+	1	0			0	1186343	1186620	278	0		
g14822	Scaffolds_5	+	1	0			0			0	0		
g8551	Scaffolds_23	+	1	0			0			0	0		
g11616	Scaffolds_3	-	2	1			0			0	0	508466	508816
g15019	Scaffolds_6	-	1	0			0			0	0		
g13377	Scaffolds_33	+	1	0			0			0	0		
g12459	Scaffolds_31	-	1	0			0			0	0		
g12432	Scaffolds_31	-	1	0	933617	935455	1839			0	0		
g7093	Scaffolds_21	+	1	0			0			0	0		
g14536	Scaffolds_4	+	1	0			0			0	0		
g1195	Scaffolds_10	+	2	1			0			0	0	1349518	1349760
g6295	Scaffolds_2	+	1	0			0	930821	930937	117	0		
g11941	Scaffolds_3	-	1	0			0			0	0		
g5033	Scaffolds_18	+	1	0			0			0	0		
g13014	Scaffolds_33	-	2	1			0			0	0	790384	790779
g1324	Scaffolds_11	+	1	0			0			0	0		
g4987	Scaffolds_18	+	2	1			0	2680654	2682542	1889	0	2673203	2673283
g9393	Scaffolds_25	+	1	0			0			0	0		
g13462	Scaffolds_33	+	1	0			0			0	0		
g2091	Scaffolds_14	-	1	0			0			0	0		
g9628	Scaffolds_25	-	1	0			0			0	0		
g4032	Scaffolds_17	+	3	2			0			0	0	943037	943532
g14730	Scaffolds_5	-	2	1			0			0	0	576372	576841
g15762	Scaffolds_8	+	1	0			0			0	0		
g8707	Scaffolds_23	-	1	0			0			0	0		
g273	Scaffolds_0	+	1	0			0			0	0		
g3532	Scaffolds_16	-	2	1	649426	649672	247			0	0	649098	649351
g15738	Scaffolds_8	+	1	0			0	1437333	1438172	840	0		
g13311	Scaffolds_33	-	1	0			0			0	0		
g4221	Scaffolds_17	-	1	0			0			0	0		
g3196	Scaffolds_15	-	3	2			0			0	0	2424979	2425249
g1926	Scaffolds_13	-	6	5	610733	611015	283			0	0	608845	608915
g15383	Scaffolds_8	+	1	0			0			0	0		
g13499	Scaffolds_33	+	1	0			0			0	0		
g10386	Scaffolds_28	+	1	0			0			0	0		
g12511	Scaffolds_31	-	2	1			0			0	0	1178576	1179163
g1721	Scaffolds_12	-	3	2			0			0	0	75758	75842
g12972	Scaffolds_33	+	1	0			0			0	0		
g13394	Scaffolds_33	-	1	0			0			0	0		
g10224	Scaffolds_26	-	3	2	1767573	1767641	69			0	0	1766928	1767058
g1171	Scaffolds_10	+	11	10			0			0	0	1257196	1257342
g13259	Scaffolds_33	+	1	0			0			0	0		
g12439	Scaffolds_31	+	2	1			0			0	0	961531	961826
g1200	Scaffolds_10	-	1	0			0			0	0		
g130	Scaffolds_0	-	1	0	559658	559927	270			0	0		
g9751	Scaffolds_26	-	1	0			0			0	0		
g4799	Scaffolds_18	+	1	0			0			0	0		
g14443	Scaffolds_4	+	1	0			0			0	0		
g11612	Scaffolds_3	+	1	0			0			0	0		
g3354	Scaffolds_16	-	2	1			0			0	0	43015	43055
g15864	Scaffolds_9	-	1	0			0			0	0		
g2884	Scaffolds_15	-	2	1			0			0	0	1139372	1139464
g8904	Scaffolds_24	+	1	0			0			0	0		
g11795	Scaffolds_3	-	1	0			0			0	0		
g5089	Scaffolds_18	-	2	1			0			0	0	3026224	3026517
g7429	Scaffolds_21	-	1	0			0			0	0		
g13809	Scaffolds_4	+	1	0			0			0	0		
g1825	Scaffolds_13	+	1	0			0			0	0		
g14267	Scaffolds_4	+	1	0			0			0	0		
g7153	Scaffolds_21	-	1	0	488684	489433	750			0	0		
g7322	Scaffolds_21	-	1	0			0			0	0		
g9776	Scaffolds_26	-	3	2			0			0	0	206784	207157
g4957	Scaffolds_18	-	1	0			0			0	0		
g4226	Scaffolds_17	-	4	3	1606322	1606474	153			0	0	1605354	1605510
g5039	Scaffolds_18	-	1	0			0			0	0		
g3810	Scaffolds_17	-	1	0			0			0	0		
g2049	Scaffolds_13	-	1	0			0			0	0		
g7146	Scaffolds_21	-	1	0			0			0	0		
g11427	Scaffolds_29	-	1	0			0			0	0		
g5292	Scaffolds_18	-	1	0			0			0	0		
g1365	Scaffolds_11	+	1	0			0	369120	369255	136	0		
g9548	Scaffolds_25	-	1	0			0			0	0		
g13058	Scaffolds_33	+	1	0			0			0	0		
g15353	Scaffolds_7	+	1	0			0			0	0		
g8557	Scaffolds_23	+	1	0			0			0	0		
g7842	Scaffolds_22	-	1	0			0			0	0		
g13194	Scaffolds_33	+	1	0			0			0	0		
g13019	Scaffolds_33	-	2	1			0			0	0	805586	805693
g15474	Scaffolds_8	-	1	0			0			0	0		
g1711	Scaffolds_11	+	22	21			0	1659703	1659784	82	0	1651129	1651458
g12024	Scaffolds_30	-	1	0			0			0	0		
g14180	Scaffolds_4	+	1	0			0			0	0		
g3770	Scaffolds_16	+	1	0			0			0	0		
g3971	Scaffolds_17	-	1	0			0			0	0		
g10014	Scaffolds_26	+	1	0			0			0	0		
g521	Scaffolds_1	-	1	0	198973	199095	123			0	0		
g7230	Scaffolds_21	+	3	2			0	787124	787238	115	0	785860	785915
g13052	Scaffolds_33	-	1	0			0			0	0		
g15232	Scaffolds_7	-	1	0	114948	114989	42			0	0		
g6864	Scaffolds_20	-	1	0	1585913	1586304	392			0	0		
g409	Scaffolds_0	+	2	1			0	1545009	1545720	712	0	1544119	1544527
g12506	Scaffolds_31	-	1	0			0			0	0		
g13184	Scaffolds_33	-	1	0			0			0	0		
g5293	Scaffolds_18	-	1	0			0			0	0		
g3637	Scaffolds_16	-	1	0			0			0	0		
g10133	Scaffolds_26	-	1	0			0			0	0		
g13997	Scaffolds_4	-	1	0	1543546	1543611	66			0	0		
g8431	Scaffolds_23	-	4	3	363216	363451	236			0	0	357581	357627
g11643	Scaffolds_3	-	1	0			0			0	0		
g7959	Scaffolds_22	+	2	1			0			0	0	659487	659589
g7709	Scaffolds_21	+	2	1			0	2627726	2627939	214	0	2623936	2624045
g9810	Scaffolds_26	+	6	5			0			0	0	327437	327512
g15603	Scaffolds_8	+	3	2			0			0	0	899654	900110
g11295	Scaffolds_29	-	1	0			0			0	0		
g633	Scaffolds_1	-	4	3			0			0	0	592811	593337
g1756	Scaffolds_12	+	1	0			0			0	0		
g5041	Scaffolds_18	-	1	0			0			0	0		
g3592	Scaffolds_16	+	1	0			0			0	0		
g4000	Scaffolds_17	+	1	0			0			0	0		
g11029	Scaffolds_29	-	1	0			0			0	0		
g15419	Scaffolds_8	-	1	0			0			0	0		
g2671	Scaffolds_15	-	4	3			0			0	0	333246	333391
g430	Scaffolds_0	-	2	1			0			0	0	1624363	1624502
g8803	Scaffolds_23	+	1	0			0			0	0		
g366	Scaffolds_0	-	1	0			0			0	0		
g14248	Scaffolds_4	-	1	0			0			0	0		
g11703	Scaffolds_3	-	1	0			0			0	0		
g5918	Scaffolds_19	+	1	0			0			0	0		
g9123	Scaffolds_24	-	1	0			0			0	0		
g10451	Scaffolds_28	+	1	0			0			0	0		
g6799	Scaffolds_20	-	1	0			0			0	0		
g5190	Scaffolds_18	-	3	2			0			0	0	3513979	3514073
g4526	Scaffolds_18	-	1	0			0			0	0		
g8754	Scaffolds_23	+	1	0			0			0	0		
g10287	Scaffolds_26	-	1	0	2059437	2059826	390			0	0		
g8989	Scaffolds_24	-	2	1			0			0	0	437831	438394
g2709	Scaffolds_15	+	1	0			0			0	0		
g13411	Scaffolds_33	+	3	2			0	2366033	2366558	526	0	2363143	2363324
g3513	Scaffolds_16	+	1	0			0			0	0		
g10057	Scaffolds_26	-	1	0			0			0	0		
g740	Scaffolds_1	-	1	0			0			0	0		
g12008	Scaffolds_3	-	1	0			0			0	0		
g9825	Scaffolds_26	-	1	0			0			0	0		
g2126	Scaffolds_14	+	1	0			0			0	0		
g14140	Scaffolds_4	+	4	3			0	2076313	2078169	1857	0	2074194	2074326
g14654	Scaffolds_5	-	2	1			0			0	0	261085	261325
g6112	Scaffolds_2	-	1	0			0			0	0		
g4629	Scaffolds_18	+	1	0			0			0	0		
g3729	Scaffolds_16	+	1	0	1309873	1311078	1206			0	0		
g14480	Scaffolds_4	-	1	0			0			0	0		
g11771	Scaffolds_3	-	1	0			0			0	0		
g9796	Scaffolds_26	-	1	0	273036	273090	55			0	0		
g10010	Scaffolds_26	-	1	0			0			0	0		
g4085	Scaffolds_17	+	1	0			0			0	0		
g4597	Scaffolds_18	+	1	0			0			0	0		
g10519	Scaffolds_28	+	4	3			0	712838	713090	253	0	711037	711506
g6798	Scaffolds_20	+	4	3			0	1379592	1379827	236	0	1372729	1372805
g8311	Scaffolds_22	-	1	0			0			0	0		
g5870	Scaffolds_19	+	3	2			0	1893966	1894001	36	0	1892983	1893261
g205	Scaffolds_0	-	4	3			0			0	0	857625	857692
g4924	Scaffolds_18	+	1	0			0			0	0		
g12715	Scaffolds_32	-	2	1			0			0	0	612083	612386
g5579	Scaffolds_19	+	4	3			0	903016	903394	379	0	901498	901856
g9076	Scaffolds_24	+	1	0			0			0	0		
g14417	Scaffolds_4	+	1	0			0	3271279	3273459	2181	0		
g271	Scaffolds_0	-	2	1			0			0	0	1106376	1106658
g4123	Scaffolds_17	-	1	0			0			0	0		
g9976	Scaffolds_26	+	1	0			0			0	0		
g5594	Scaffolds_19	+	1	0			0			0	0		
g1093	Scaffolds_10	+	1	0			0	970243	970919	677	0		
g7095	Scaffolds_21	+	2	1			0			0	0	204833	205289
g7099	Scaffolds_21	+	1	0			0			0	0		
g15576	Scaffolds_8	+	1	0			0			0	0		
g11900	Scaffolds_3	-	1	0			0			0	0		
g5792	Scaffolds_19	-	2	1			0			0	0	1637961	1638600
g496	Scaffolds_1	-	1	0			0			0	0		
g2889	Scaffolds_15	+	1	0			0			0	0		
g1242	Scaffolds_10	-	1	0			0			0	0		
g15253	Scaffolds_7	+	5	4			0	188817	189295	479	0	187462	187545
g13438	Scaffolds_33	-	1	0	2455046	2457142	2097			0	0		
g4451	Scaffolds_18	-	1	0			0			0	0		
g6190	Scaffolds_2	+	1	0			0			0	0		
g47	Scaffolds_0	-	2	1			0			0	0	257361	257955
g3866	Scaffolds_17	-	1	0			0			0	0		
g1498	Scaffolds_11	+	1	0			0			0	0		
g10661	Scaffolds_29	+	5	4			0	216986	217410	425	0	215858	215991
g308	Scaffolds_0	+	1	0			0	1219051	1220677	1627	0		
g9406	Scaffolds_25	+	1	0			0			0	0		
g187	Scaffolds_0	+	1	0			0	789370	789604	235	0		
g9353	Scaffolds_25	+	1	0			0			0	0		
g11989	Scaffolds_3	+	1	0			0			0	0		
g14795	Scaffolds_5	-	1	0			0			0	0		
g16081	Scaffolds_9	-	1	0			0			0	0		
g11765	Scaffolds_3	-	1	0			0			0	0		
g5097	Scaffolds_18	-	1	0			0			0	0		
g7606	Scaffolds_21	-	1	0	2184180	2184894	715			0	0		
g1407	Scaffolds_11	+	1	0			0			0	0		
g9040	Scaffolds_24	-	1	0	596195	597163	969			0	0		
g8554	Scaffolds_23	+	1	0			0			0	0		
g6491	Scaffolds_20	+	2	1			0	217655	217875	221	0	217013	217311
g6433	Scaffolds_20	-	2	1	45385	45472	88			0	0	43700	44147
g3754	Scaffolds_16	-	1	0			0			0	0		
g3183	Scaffolds_15	-	2	1	2374605	2374628	24			0	0	2374166	2374304
g146	Scaffolds_0	+	1	0			0	628780	629197	418	0		
g5654	Scaffolds_19	+	1	0			0			0	0		
g2653	Scaffolds_15	+	1	0			0	290119	290200	82	0		
g13068	Scaffolds_33	-	2	1			0			0	0	980005	980157
g7102	Scaffolds_21	+	4	3			0	238075	238132	58	0	234597	234639
g15482	Scaffolds_8	-	1	0			0			0	0		
g5326	Scaffolds_19	-	1	0			0			0	0		
g5886	Scaffolds_19	-	2	1			0			0	0	1950379	1950970
g14698	Scaffolds_5	+	3	2			0	420843	426183	5341	0	420564	420606
g15561	Scaffolds_8	-	4	3			0			0	0	757023	757065
g14757	Scaffolds_5	-	1	0			0			0	0		
g9064	Scaffolds_24	-	1	0			0			0	0		
g13519	Scaffolds_33	-	1	0			0			0	0		
g1190	Scaffolds_10	-	3	2			0			0	0	1321045	1321099
g4876	Scaffolds_18	-	2	1	2336816	2337272	457			0	0	2333849	2333992
g5281	Scaffolds_18	-	1	0			0			0	0		
g7992	Scaffolds_22	+	1	0			0			0	0		
g11046	Scaffolds_29	+	1	0			0			0	0		
g15215	Scaffolds_7	+	1	0			0	66008	66487	480	0		
g15447	Scaffolds_8	+	3	2			0	349689	350002	314	0	348160	348233
g5010	Scaffolds_18	-	1	0			0			0	0		
g12785	Scaffolds_32	-	1	0			0			0	0		
g13135	Scaffolds_33	-	1	0			0			0	0		
g12943	Scaffolds_33	+	1	0			0			0	0		
g5623	Scaffolds_19	+	1	0			0	1027328	1027418	91	0		
g16050	Scaffolds_9	-	1	0			0			0	0		
g9729	Scaffolds_25	-	1	0			0			0	0		
g11242	Scaffolds_29	-	2	1			0			0	0	2433679	2434136
g9672	Scaffolds_25	+	2	1			0			0	0	1258239	1258463
g11331	Scaffolds_29	+	1	0			0			0	0		
g14676	Scaffolds_5	+	1	0			0			0	0		
g12546	Scaffolds_32	-	1	0			0			0	0		
g4052	Scaffolds_17	-	1	0			0			0	0		
g7159	Scaffolds_21	-	1	0			0			0	0		
g11686	Scaffolds_3	-	1	0	756327	756362	36			0	0		
g11019	Scaffolds_29	+	1	0			0			0	0		
g506	Scaffolds_1	-	1	0			0			0	0		
g11812	Scaffolds_3	+	1	0			0			0	0		
g1978	Scaffolds_13	+	1	0			0			0	0		
g15335	Scaffolds_7	+	1	0			0			0	0		
g2233	Scaffolds_14	-	1	0			0			0	0		
g2070	Scaffolds_14	-	2	1			0			0	0	31516	31789
g2720	Scaffolds_15	-	1	0			0			0	0		
g2904	Scaffolds_15	-	1	0			0			0	0		
g5036	Scaffolds_18	-	2	1			0			0	0	2821850	2821959
g15827	Scaffolds_9	+	1	0			0			0	0		
g14130	Scaffolds_4	+	2	1			0			0	0	2040616	2041032
g10587	Scaffolds_28	-	1	0			0			0	0		
g1916	Scaffolds_13	+	1	0			0			0	0		
g11150	Scaffolds_29	-	1	0			0			0	0		
g6178	Scaffolds_2	-	1	0			0			0	0		
g4074	Scaffolds_17	+	1	0			0			0	0		
g2902	Scaffolds_15	+	1	0			0			0	0		
g10747	Scaffolds_29	+	1	0			0			0	0		
g4986	Scaffolds_18	-	1	0			0			0	0		
g12588	Scaffolds_32	-	1	0			0			0	0		
g12451	Scaffolds_31	+	1	0			0			0	0		
g11966	Scaffolds_3	-	1	0			0			0	0		
g8963	Scaffolds_24	+	1	0			0			0	0		
g15895	Scaffolds_9	-	1	0			0			0	0		
g6014	Scaffolds_19	+	1	0			0			0	0		
g13270	Scaffolds_33	+	2	1			0			0	0	1717267	1718065
g6200	Scaffolds_2	-	4	3	579010	579410	401			0	2	576885	576985
g4464	Scaffolds_18	-	1	0			0			0	0		
g2784	Scaffolds_15	-	1	0			0			0	0		
g6576	Scaffolds_20	+	1	0			0			0	0		
g11975	Scaffolds_3	-	1	0	1832619	1832876	258			0	0		
g15163	Scaffolds_6	-	1	0	809796	810343	548			0	0		
g11764	Scaffolds_3	+	1	0			0			0	0		
g4618	Scaffolds_18	-	2	1			0			0	0	1363261	1363381
g5497	Scaffolds_19	+	3	2			0	649276	649461	186	0	648138	648517
g6100	Scaffolds_2	-	4	3			0			0	0	252732	252891
g5524	Scaffolds_19	+	1	0			0			0	0		
g2894	Scaffolds_15	+	1	0			0			0	0		
g5629	Scaffolds_19	+	2	1			0			0	0	1038266	1038638
g8578	Scaffolds_23	-	2	1			0			0	0	950862	951077
g7254	Scaffolds_21	+	1	0			0	850787	854451	3665	0		
g9504	Scaffolds_25	-	4	3			0			0	0	676190	676377
g4696	Scaffolds_18	+	2	1			0	1678507	1678624	118	0	1674206	1674727
g7224	Scaffolds_21	-	1	0			0			0	0		
g7244	Scaffolds_21	+	1	0			0			0	0		
g7541	Scaffolds_21	-	2	1	1910768	1910881	114			0	0	1910026	1910305
g4537	Scaffolds_18	+	1	0			0			0	0		
g3476	Scaffolds_16	-	2	1			0			0	0	468208	468398
g11332	Scaffolds_29	-	1	0			0			0	0		
g7540	Scaffolds_21	-	5	4	1908268	1908640	373			0	0	1907059	1907195
g5840	Scaffolds_19	+	1	0			0			0	0		
g6270	Scaffolds_2	-	1	0			0			0	0		
g4319	Scaffolds_18	-	1	0			0			0	0		
g6723	Scaffolds_20	+	2	1			0	1070478	1070896	419	0	1069584	1069661
g12000	Scaffolds_3	+	4	3			0	1900899	1901073	175	0	1899019	1899122
g9831	Scaffolds_26	-	2	1			0			0	0	396887	397042
g2758	Scaffolds_15	-	1	0			0			0	0		
g4974	Scaffolds_18	-	4	3	2634299	2635026	728			0	0	2633410	2633496
g11156	Scaffolds_29	-	1	0			0			0	0		
g377	Scaffolds_0	+	1	0			0			0	0		
g9169	Scaffolds_24	-	1	0			0			0	0		
g6126	Scaffolds_2	+	1	0			0			0	0		
g4765	Scaffolds_18	-	2	1			0			0	0	1947341	1947513
g536	Scaffolds_1	+	1	0			0			0	0		
g1067	Scaffolds_10	-	1	0			0			0	0		
g14565	Scaffolds_4	-	1	0			0			0	0		
g4681	Scaffolds_18	+	1	0			0			0	0		
g9875	Scaffolds_26	-	1	0			0			0	0		
g13764	Scaffolds_4	-	1	0			0			0	0		
g12496	Scaffolds_31	+	1	0			0			0	0		
g2417	Scaffolds_14	-	1	0			0			0	0		
g12653	Scaffolds_32	+	1	0			0			0	0		
g229	Scaffolds_0	-	3	2			0			0	0	937813	938168
g123	Scaffolds_0	-	2	1			0			0	0	538284	538528
g846	Scaffolds_1	-	4	3			0			0	0	1422724	1423057
g10321	Scaffolds_27	+	1	0			0			0	0		
g13124	Scaffolds_33	-	1	0			0			0	0		
g3686	Scaffolds_16	+	1	0			0	1170519	1176221	5703	0		
g5939	Scaffolds_19	-	4	3	2116392	2116718	327			0	0	2115474	2115667
g6967	Scaffolds_20	+	1	0			0			0	0		
g6717	Scaffolds_20	+	3	2			0	1045566	1045944	379	0	1043292	1043373
g8986	Scaffolds_24	-	3	2			0			0	0	430593	430803
g10274	Scaffolds_26	-	1	0			0			0	0		
g14289	Scaffolds_4	-	1	0			0			0	0		
g399	Scaffolds_0	-	1	0			0			0	0		
g14270	Scaffolds_4	+	3	2			0	2543484	2543727	244	0	2542579	2542670
g13022	Scaffolds_33	+	1	0			0			0	0		
g1084	Scaffolds_10	+	1	0			0			0	0		
g686	Scaffolds_1	-	1	0			0			0	0		
g14086	Scaffolds_4	+	1	0			0			0	0		
g13243	Scaffolds_33	+	1	0			0			0	0		
g1040	Scaffolds_10	+	1	0			0			0	0		
g10074	Scaffolds_26	+	1	0			0			0	0		
g6422	Scaffolds_2	+	1	0			0			0	0		
g12730	Scaffolds_32	-	1	0			0			0	0		
g6877	Scaffolds_20	+	1	0			0			0	0		
g8430	Scaffolds_23	+	2	1			0			0	0	356588	357010
g11437	Scaffolds_29	-	1	0			0			0	0		
g2044	Scaffolds_13	+	2	1			0	1058429	1058877	449	0	1055826	1055923
g2148	Scaffolds_14	+	1	0			0			0	0		
g6898	Scaffolds_20	+	1	0			0			0	0		
g13258	Scaffolds_33	-	1	0			0			0	0		
g10202	Scaffolds_26	+	1	0			0			0	0		
g951	Scaffolds_10	+	1	0			0			0	0		
g11723	Scaffolds_3	+	1	0			0			0	0		
g2371	Scaffolds_14	+	1	0			0			0	0		
g7502	Scaffolds_21	+	7	6			0	1753639	1754559	921	0	1748549	1748634
g4359	Scaffolds_18	+	1	0			0			0	0		
g1156	Scaffolds_10	-	1	0			0			0	0		
g14667	Scaffolds_5	-	2	1	306013	306109	97			0	0	305283	305354
g882	Scaffolds_10	+	1	0			0			0	0		
g3202	Scaffolds_15	-	4	3			0			0	0	2445450	2445637
g7630	Scaffolds_21	-	2	1	2289737	2290199	463			0	0	2287168	2287276
g2247	Scaffolds_14	+	1	0			0			0	0		
g8495	Scaffolds_23	+	1	0			0	599095	599842	748	0		
g8041	Scaffolds_22	+	1	0			0			0	0		
g11714	Scaffolds_3	-	1	0	861877	862125	249			0	0		
g4290	Scaffolds_18	+	1	0			0			0	0		
g5145	Scaffolds_18	+	2	1			0	3362906	3363030	125	0	3357415	3357842
g5861	Scaffolds_19	-	4	3			0			0	0	1869093	1869218
g8838	Scaffolds_23	-	3	2	2006423	2006749	327			0	0	2005683	2005876
g1563	Scaffolds_11	+	2	1			0	1103047	1103611	565	0	1099830	1099939
g15454	Scaffolds_8	+	3	2			0	370145	370401	257	0	368978	369645
g12571	Scaffolds_32	-	3	2	153159	153355	197			0	0	151937	152444
g3594	Scaffolds_16	-	3	2			0			0	0	862563	862739
g9121	Scaffolds_24	-	1	0			0			0	0		
g14031	Scaffolds_4	-	1	0			0			0	0		
g807	Scaffolds_1	-	1	0			0			0	0		
g8825	Scaffolds_23	-	1	0			0			0	0		
g2942	Scaffolds_15	-	2	1	1409467	1409587	121			0	0	1409303	1409399
g14020	Scaffolds_4	-	1	0			0			0	0		
g7324	Scaffolds_21	+	4	3			0	1092533	1092653	121	0	1091291	1091469
g6469	Scaffolds_20	-	1	0			0			0	0		
g13127	Scaffolds_33	+	1	0			0			0	0		
g1604	Scaffolds_11	-	1	0			0			0	0		
g12478	Scaffolds_31	-	1	0			0			0	0		
g12499	Scaffolds_31	-	1	0			0			0	0		
g15707	Scaffolds_8	-	1	0			0			0	0		
g7558	Scaffolds_21	+	1	0			0			0	0		
g13781	Scaffolds_4	+	1	0			0			0	0		
g2111	Scaffolds_14	-	1	0			0			0	0		
g15002	Scaffolds_6	-	1	0			0			0	0		
g11939	Scaffolds_3	-	1	0			0			0	0		
g14310	Scaffolds_4	+	1	0			0			0	0		
g3173	Scaffolds_15	-	3	2	2349243	2349318	76			0	0	2348693	2348797
g383	Scaffolds_0	-	1	0			0			0	0		
g11436	Scaffolds_29	+	2	1			0			0	0	3129402	3129773
g9502	Scaffolds_25	+	3	2			0			0	0	664769	664847
g13766	Scaffolds_4	+	3	2			0			0	0	649241	649402
g14747	Scaffolds_5	-	2	1			0			0	0	644101	644330
g6751	Scaffolds_20	-	3	2	1181439	1182754	1316			0	0	1180668	1180863
g15580	Scaffolds_8	-	1	0			0			0	0		
g14530	Scaffolds_4	+	1	0			0			0	0		
g9177	Scaffolds_24	-	1	0			0			0	0		
g2805	Scaffolds_15	+	2	1			0			0	0	788080	788433
g11135	Scaffolds_29	-	1	0			0			0	0		
g15411	Scaffolds_8	-	8	7	222279	222322	44			0	0	218416	218489
g15229	Scaffolds_7	+	2	1			0			0	0	104758	104801
g2384	Scaffolds_14	+	1	0			0	1131270	1131692	423	0		
g6001	Scaffolds_19	-	3	2			0			0	0	2330397	2330578
g3782	Scaffolds_17	-	2	1			0			0	0	79538	79796
g4275	Scaffolds_18	+	1	0			0	110549	110803	255	0		
g1737	Scaffolds_12	+	1	0			0			0	0		
g14467	Scaffolds_4	-	4	3			0			0	0	3435469	3435628
g14631	Scaffolds_5	+	1	0			0			0	0		
g4501	Scaffolds_18	+	1	0			0			0	0		
g9133	Scaffolds_24	-	1	0			0			0	0		
g13814	Scaffolds_4	-	1	0			0			0	0		
g2398	Scaffolds_14	-	1	0			0			0	0		
g10118	Scaffolds_26	-	4	3			0			0	0	1408241	1408283
g9778	Scaffolds_26	+	1	0			0			0	0		
g8698	Scaffolds_23	-	3	2	1395742	1395940	199			0	0	1394292	1394491
g7160	Scaffolds_21	-	1	0			0			0	0		
g9555	Scaffolds_25	-	1	0			0			0	0		
g7715	Scaffolds_21	-	1	0			0			0	0		
g2055	Scaffolds_13	+	1	0			0			0	0		
g13574	Scaffolds_33	-	1	0			0			0	0		
g12690	Scaffolds_32	+	1	0			0			0	0		
g9934	Scaffolds_26	+	1	0			0			0	0		
g8738	Scaffolds_23	+	5	4			0			0	0	1649346	1649421
g14619	Scaffolds_5	-	2	1	116194	116346	153			0	0	115799	115923
g10352	Scaffolds_27	-	1	0			0			0	0		
g7405	Scaffolds_21	+	1	0			0			0	0		
g11035	Scaffolds_29	+	1	0			0			0	0		
g1004	Scaffolds_10	+	2	1			0			0	0	689459	689546
g7580	Scaffolds_21	+	1	0			0			0	0		
g307	Scaffolds_0	+	1	0			0			0	0		
g7662	Scaffolds_21	+	1	0			0	2449527	2450724	1198	0		
g12541	Scaffolds_32	-	4	3	29626	29792	167			0	0	28033	28152
g1430	Scaffolds_11	+	1	0			0			0	0		
g8903	Scaffolds_24	-	1	0			0			0	0		
g11992	Scaffolds_3	+	1	0			0			0	0		
g8531	Scaffolds_23	+	1	0			0	748725	749137	413	0		
g15050	Scaffolds_6	-	1	0			0			0	0		
g416	Scaffolds_0	-	1	0	1571378	1571668	291			0	0		
g14889	Scaffolds_5	-	2	1			0			0	0	1186969	1187222
g11984	Scaffolds_3	-	2	1			0			0	0	1860490	1860792
g15034	Scaffolds_6	-	1	0			0			0	0		
g7611	Scaffolds_21	+	3	2			0	2206721	2216810	10090	0	2205108	2205214
g5498	Scaffolds_19	-	1	0	652151	652352	202			0	0		
g1615	Scaffolds_11	+	6	5			0	1319154	1319332	179	0	1317077	1317285
g7958	Scaffolds_22	-	3	2	658438	658612	175			0	0	657933	658021
g14556	Scaffolds_4	-	1	0			0			0	0		
g1584	Scaffolds_11	+	1	0			0	1169123	1169355	233	0		
g14319	Scaffolds_4	+	1	0			0	2740257	2740544	288	0		
g1277	Scaffolds_10	+	2	1			0	1582854	1582912	59	0	1580300	1580370
g14053	Scaffolds_4	-	1	0			0			0	0		
g12675	Scaffolds_32	+	1	0			0			0	0		
g11820	Scaffolds_3	+	1	0			0			0	0		
g10817	Scaffolds_29	+	1	0			0			0	0		
g2119	Scaffolds_14	+	2	1			0			0	0	181817	181932
g12498	Scaffolds_31	-	1	0			0			0	0		
g8692	Scaffolds_23	+	1	0			0			0	0		
g14761	Scaffolds_5	-	1	0			0			0	0		
g3741	Scaffolds_16	-	2	1			0			0	0	1365321	1365378
g15690	Scaffolds_8	-	1	0			0			0	0		
g3217	Scaffolds_15	-	1	0	2497546	2497615	70			0	0		
g3494	Scaffolds_16	-	1	0			0			0	0		
g361	Scaffolds_0	+	1	0			0			0	0		
g6599	Scaffolds_20	-	2	1	580745	580765	21			0	0	580216	580390
g3385	Scaffolds_16	+	1	0			0			0	0		
g598	Scaffolds_1	-	1	0	463782	464408	627			0	0		
g13471	Scaffolds_33	+	2	1			0	2573947	2574040	94	0	2573575	2573816
g10477	Scaffolds_28	-	1	0			0			0	0		
g12746	Scaffolds_32	+	1	0			0			0	0		
g14198	Scaffolds_4	+	1	0			0	2275185	2275399	215	0		
g6887	Scaffolds_20	+	1	0			0			0	0		
g15455	Scaffolds_8	-	3	2			0			0	0	370770	370870
g7255	Scaffolds_21	-	6	5			0			0	0	854253	854328
g12874	Scaffolds_33	+	1	0			0			0	0		
g5425	Scaffolds_19	+	1	0			0	402025	402218	194	0		
g9659	Scaffolds_25	+	1	0			0			0	0		
g2771	Scaffolds_15	-	1	0			0			0	0		
g14611	Scaffolds_5	-	1	0			0			0	0		
g12604	Scaffolds_32	-	4	3			0			0	0	260403	260843
g2906	Scaffolds_15	-	1	0	1243776	1243943	168			0	0		
g8689	Scaffolds_23	-	1	0			0			0	0		
g393	Scaffolds_0	+	1	0			0	1500273	1501530	1258	0		
g1759	Scaffolds_12	+	19	18			0	215725	215743	19	0	208342	208766
g6579	Scaffolds_20	+	1	0			0			0	0		
g5367	Scaffolds_19	-	2	1			0			0	0	237326	237732
g15554	Scaffolds_8	-	1	0			0			0	0		
g2213	Scaffolds_14	-	1	0			0			0	0		
g14935	Scaffolds_5	-	1	0			0			0	0		
g15402	Scaffolds_8	+	1	0			0			0	0		
g730	Scaffolds_1	+	1	0			0	930961	931364	404	0		
g3356	Scaffolds_16	+	1	0			0			0	0		
g10609	Scaffolds_28	-	4	3	1090554	1090703	150			0	0	1088014	1088075
g4565	Scaffolds_18	+	1	0			0			0	0		
g8815	Scaffolds_23	+	1	0			0			0	0		
g15650	Scaffolds_8	-	1	0			0			0	0		
g13963	Scaffolds_4	+	1	0			0			0	0		
g5919	Scaffolds_19	-	1	0			0			0	0		
g5205	Scaffolds_18	+	2	1			0	3575435	3576478	1044	0	3573717	3573987
g14904	Scaffolds_5	+	1	0			0	1247332	1247994	663	0		
g6761	Scaffolds_20	+	1	0			0			0	0		
g8935	Scaffolds_24	+	1	0			0			0	0		
g14501	Scaffolds_4	-	4	3			0			0	0	3567410	3567533
g13165	Scaffolds_33	-	1	0			0			0	0		
g6528	Scaffolds_20	+	1	0			0			0	0		
g15868	Scaffolds_9	-	1	0			0			0	0		
g1997	Scaffolds_13	+	3	2			0	884394	884653	260	0	883591	883681
g15138	Scaffolds_6	-	1	0	735127	735322	196			0	0		
g9886	Scaffolds_26	+	15	14			0	621253	621337	85	0	616348	616520
g13999	Scaffolds_4	+	1	0			0			0	0		
g14845	Scaffolds_5	+	1	0			0			0	0		
g4837	Scaffolds_18	-	1	0			0			0	0		
g14550	Scaffolds_4	-	1	0			0			0	0		
g3897	Scaffolds_17	-	1	0			0			0	0		
g12805	Scaffolds_32	+	1	0			0			0	0		
g14633	Scaffolds_5	+	1	0			0			0	0		
g11323	Scaffolds_29	+	1	0			0			0	0		
g3744	Scaffolds_16	-	1	0			0			0	0		
g7704	Scaffolds_21	-	1	0			0			0	0		
g2071	Scaffolds_14	-	1	0			0			0	0		
g11306	Scaffolds_29	-	1	0	2674052	2675003	952			0	0		
g10281	Scaffolds_26	-	1	0			0			0	0		
g6804	Scaffolds_20	+	1	0			0	1408167	1408227	61	0		
g4132	Scaffolds_17	+	4	3			0	1302622	1302958	337	0	1300113	1300305
g245	Scaffolds_0	-	1	0			0			0	0		
g15524	Scaffolds_8	+	4	3			0	632585	632766	182	0	631036	631259
g5830	Scaffolds_19	-	1	0			0			0	0		
g10008	Scaffolds_26	-	1	0			0			0	0		
g13473	Scaffolds_33	-	3	2	2577669	2577781	113			0	0	2577040	2577144
g1658	Scaffolds_11	-	1	0			0			0	0		
g2981	Scaffolds_15	+	1	0			0			0	0		
g8429	Scaffolds_23	+	1	0			0			0	0		
g2507	Scaffolds_14	-	4	3	1544330	1544341	12			0	0	1543470	1543513
g3516	Scaffolds_16	+	1	0			0			0	0		
g6566	Scaffolds_20	-	4	3	494614	495013	400			0	0	493164	493231
g10123	Scaffolds_26	-	18	17			0			0	0	1424945	1425027
g9101	Scaffolds_24	-	1	0			0			0	0		
g13017	Scaffolds_33	-	3	2			0			0	0	800657	801041
g14040	Scaffolds_4	-	3	2	1703934	1703947	14			0	0	1703552	1703597
g1296	Scaffolds_10	+	36	35			0	1670827	1670897	71	0	1650466	1650682
g12754	Scaffolds_32	+	1	0			0			0	0		
g10570	Scaffolds_28	+	1	0			0			0	0		
g9023	Scaffolds_24	+	1	0			0			0	0		
g1939	Scaffolds_13	-	1	0			0			0	0		
g1397	Scaffolds_11	-	1	0			0			0	0		
g1681	Scaffolds_11	+	2	1			0			0	0	1551529	1551864
g14573	Scaffolds_4	-	2	1			0			0	0	3783964	3784145
g6596	Scaffolds_20	+	1	0			0			0	0		
g6678	Scaffolds_20	+	1	0			0			0	0		
g632	Scaffolds_1	+	2	1			0			0	0	590742	590888
g12466	Scaffolds_31	+	1	0			0			0	0		
g10048	Scaffolds_26	+	1	0			0			0	0		
g9616	Scaffolds_25	-	1	0			0			0	0		
g7547	Scaffolds_21	+	1	0			0			0	0		
g9491	Scaffolds_25	-	2	1	622936	623682	747			0	0	621277	621325
g5420	Scaffolds_19	+	1	0			0			0	0		
g6895	Scaffolds_20	-	1	0			0			0	0		
g11683	Scaffolds_3	-	1	0			0			0	0		
g869	Scaffolds_10	+	1	0			0			0	0		
g2350	Scaffolds_14	-	1	0			0			0	0		
g4346	Scaffolds_18	+	1	0			0			0	0		
g4805	Scaffolds_18	+	1	0			0			0	0		
g4523	Scaffolds_18	-	1	0			0			0	0		
g5015	Scaffolds_18	-	1	0	2767320	2767455	136			0	0		
g5241	Scaffolds_18	+	1	0			0			0	0		
g15154	Scaffolds_6	+	1	0			0			0	0		
g142	Scaffolds_0	-	1	0			0			0	0		
g3096	Scaffolds_15	+	1	0			0			0	0		
g14070	Scaffolds_4	+	3	2			0	1796720	1796919	200	0	1795512	1795709
g15545	Scaffolds_8	-	1	0			0			0	0		
g14150	Scaffolds_4	-	1	0			0			0	0		
g7622	Scaffolds_21	-	1	0			0			0	0		
g14442	Scaffolds_4	-	1	0			0			0	0		
g6287	Scaffolds_2	+	1	0			0			0	0		
g12275	Scaffolds_31	+	1	0			0			0	0		
g10394	Scaffolds_28	+	1	0			0	188076	190127	2052	0		
g14033	Scaffolds_4	-	1	0			0			0	0		
g9720	Scaffolds_25	-	1	0			0			0	0		
g7747	Scaffolds_21	-	2	1			0			0	0	2784871	2784995
g12285	Scaffolds_31	+	1	0			0			0	0		
g13842	Scaffolds_4	-	1	0			0			0	0		
g2616	Scaffolds_15	+	1	0			0			0	0		
g2553	Scaffolds_14	-	1	0			0			0	0		
g14979	Scaffolds_6	-	1	0			0			0	0		
g15541	Scaffolds_8	+	2	1			0			0	0	670804	671096
g15899	Scaffolds_9	-	1	0			0			0	0		
g12921	Scaffolds_33	+	2	1			0			0	0	386130	386475
g4316	Scaffolds_18	+	1	0			0	282424	282459	36	0		
g15916	Scaffolds_9	-	1	0			0			0	0		
g9519	Scaffolds_25	+	1	0			0			0	0		
g5571	Scaffolds_19	+	1	0			0			0	0		
g7854	Scaffolds_22	-	3	2	323786	323912	127			0	0	323365	323425
g8863	Scaffolds_23	-	2	1			0			0	0	2074173	2074546
g11279	Scaffolds_29	-	2	1			0			0	0	2597470	2597598
g5379	Scaffolds_19	-	2	1			0			0	0	270978	271369
g14502	Scaffolds_4	-	1	0			0			0	0		
g11313	Scaffolds_29	-	1	0			0			0	0		
g1000	Scaffolds_10	+	1	0			0			0	0		
g10286	Scaffolds_26	+	2	1			0	2057231	2059436	2206	0	2054868	2054974
g11621	Scaffolds_3	-	3	2			0			0	0	525839	525905
g890	Scaffolds_10	+	1	0			0	196827	206186	9360	0		
g7894	Scaffolds_22	+	1	0			0			0	0		
g4502	Scaffolds_18	-	1	0			0			0	0		
g15218	Scaffolds_7	-	1	0			0			0	0		
g5608	Scaffolds_19	-	1	0			0			0	0		
g11857	Scaffolds_3	-	1	0			0			0	0		
g4706	Scaffolds_18	+	1	0			0			0	0		
g14581	Scaffolds_4	+	1	0			0			0	0		
g9394	Scaffolds_25	-	1	0			0			0	0		
g15186	Scaffolds_6	+	3	2			0	907517	908058	542	0	905927	906426
g12066	Scaffolds_30	-	1	0			0			0	0		
g9460	Scaffolds_25	-	4	3	499254	499501	248			0	0	497794	497910
g5604	Scaffolds_19	+	1	0			0			0	0		
g7079	Scaffolds_21	-	1	0			0			0	0		
g13155	Scaffolds_33	-	1	0	1325184	1325227	44			0	0		
g766	Scaffolds_1	-	1	0			0			0	0		
g1736	Scaffolds_12	+	1	0			0			0	0		
g4897	Scaffolds_18	-	1	0			0			0	0		
g14069	Scaffolds_4	-	2	1			0			0	0	1792685	1792819
g5814	Scaffolds_19	+	2	1			0			0	0	1726785	1726828
g1369	Scaffolds_11	-	1	0			0			0	0		
g7320	Scaffolds_21	+	2	1			0			0	0	1079565	1080282
g11931	Scaffolds_3	+	3	2			0	1658715	1659780	1066	0	1655675	1655853
g10243	Scaffolds_26	+	1	0			0	1852014	1852594	581	0		
g4181	Scaffolds_17	+	1	0			0	1454620	1454876	257	0		
g11038	Scaffolds_29	+	3	2			0			0	0	1668741	1668948
g5273	Scaffolds_18	-	1	0			0			0	0		
g659	Scaffolds_1	+	1	0			0			0	0		
g15093	Scaffolds_6	+	1	0			0			0	0		
g1835	Scaffolds_13	+	1	0			0			0	0		
g15187	Scaffolds_6	-	1	0			0			0	0		
g4242	Scaffolds_17	-	1	0			0			0	0		
g14862	Scaffolds_5	-	1	0			0			0	0		
g10646	Scaffolds_29	+	1	0			0			0	0		
g11388	Scaffolds_29	-	2	1			0			0	0	2945757	2946095
g1211	Scaffolds_10	+	1	0			0	1396546	1402079	5534	0		
g9732	Scaffolds_26	-	18	17			0			0	0	26712	26995
g5890	Scaffolds_19	-	2	1	1960128	1960226	99			0	0	1959908	1959997
g324	Scaffolds_0	-	1	0			0			0	0		
g2779	Scaffolds_15	-	1	0			0			0	0		
g10198	Scaffolds_26	-	1	0	1689935	1690300	366			0	0		
g1194	Scaffolds_10	-	1	0			0			0	0		
g6542	Scaffolds_20	-	1	0			0			0	0		
g10447	Scaffolds_28	-	1	0			0			0	0		
g6514	Scaffolds_20	+	1	0			0			0	0		
g996	Scaffolds_10	+	1	0			0			0	0		
g9116	Scaffolds_24	+	2	1			0	959343	961984	2642	0	959120	959162
g11581	Scaffolds_3	-	2	1			0			0	0	430110	430357
g7509	Scaffolds_21	+	2	1			0			0	0	1771256	1771524
g3301	Scaffolds_15	+	1	0			0			0	0		
g14213	Scaffolds_4	+	1	0			0			0	0		
g7048	Scaffolds_20	+	16	15			0			0	0	2284497	2284857
g9928	Scaffolds_26	-	2	1			0			0	0	734307	734569
g10837	Scaffolds_29	-	5	4	892143	892322	180			0	0	888878	889147
g3968	Scaffolds_17	-	1	0			0			0	0		
g13991	Scaffolds_4	-	1	0			0			0	0		
g3092	Scaffolds_15	+	1	0			0			0	0		
g8715	Scaffolds_23	-	1	0	1579362	1582448	3087			0	0		
g5302	Scaffolds_19	-	19	18	25892	25996	105			0	0	18750	19046
g909	Scaffolds_10	+	4	3			0	315320	315520	201	0	312368	312502
g11239	Scaffolds_29	-	1	0			0			0	0		
g8711	Scaffolds_23	-	1	0			0			0	0		
g4463	Scaffolds_18	+	3	2			0	845980	846120	141	0	844623	844746
g2891	Scaffolds_15	-	1	0	1157513	1157717	205			0	0		
g5632	Scaffolds_19	+	1	0			0			0	0		
g9384	Scaffolds_25	-	1	0			0			0	0		
g2953	Scaffolds_15	+	2	1			0	1457281	1457445	165	0	1454245	1454547
g9085	Scaffolds_24	+	1	0			0			0	0		
g4804	Scaffolds_18	-	1	0			0			0	0		
g6965	Scaffolds_20	-	1	0			0			0	0		
g7072	Scaffolds_21	+	1	0			0			0	0		
g14301	Scaffolds_4	-	1	0			0			0	0		
g4610	Scaffolds_18	-	1	0			0			0	0		
g13953	Scaffolds_4	+	1	0			0			0	0		
g14806	Scaffolds_5	+	1	0			0			0	0		
g13755	Scaffolds_4	-	3	2			0			0	0	601456	601545
g10439	Scaffolds_28	+	1	0			0			0	0		
g4684	Scaffolds_18	-	1	0			0			0	0		
g11395	Scaffolds_29	-	1	0			0			0	0		
g12607	Scaffolds_32	-	1	0			0			0	0		
g15015	Scaffolds_6	+	1	0			0			0	0		
g9710	Scaffolds_25	-	1	0			0			0	0		
g4186	Scaffolds_17	+	3	2			0	1468391	1469021	631	0	1466979	1467156
g5318	Scaffolds_19	-	1	0			0			0	0		
g3330	Scaffolds_15	+	1	0			0			0	0		
g3862	Scaffolds_17	+	1	0			0			0	0		
g5628	Scaffolds_19	-	2	1			0			0	0	1036761	1036977
g13296	Scaffolds_33	-	3	2			0			0	0	1864668	1864722
g2557	Scaffolds_14	+	1	0			0			0	0		
g6672	Scaffolds_20	-	1	0			0			0	0		
g6867	Scaffolds_20	+	1	0			0			0	0		
g12224	Scaffolds_31	-	3	2			0			0	0	162000	162052
g14076	Scaffolds_4	-	1	0	1852388	1852837	450			0	0		
g12936	Scaffolds_33	-	1	0			0			0	0		
g1116	Scaffolds_10	-	1	0			0			0	0		
g14517	Scaffolds_4	+	1	0			0			0	0		
g13369	Scaffolds_33	-	1	0			0			0	0		
g14895	Scaffolds_5	-	4	3			0			0	0	1217788	1217934
g11294	Scaffolds_29	+	1	0			0			0	0		
g10858	Scaffolds_29	+	1	0			0			0	0		
g13248	Scaffolds_33	-	1	0			0			0	0		
g1080	Scaffolds_10	-	1	0			0			0	0		
g15301	Scaffolds_7	-	1	0			0			0	0		
g12467	Scaffolds_31	-	1	0			0			0	0		
g13048	Scaffolds_33	+	1	0			0			0	0		
g6572	Scaffolds_20	+	2	1			0	506829	507451	623	0	505801	505881
g13459	Scaffolds_33	+	1	0			0			0	0		
g13637	Scaffolds_4	-	1	0			0			0	0		
g4454	Scaffolds_18	+	1	0			0			0	0		
g10601	Scaffolds_28	+	8	7			0	1065246	1065319	74	0	1062246	1062574
g1694	Scaffolds_11	+	1	0			0			0	0		
g14549	Scaffolds_4	+	1	0			0			0	0		
g4750	Scaffolds_18	-	2	1	1887222	1887544	323			0	0	1886711	1887190
g13650	Scaffolds_4	+	1	0			0			0	0		
g13592	Scaffolds_33	+	1	0			0			0	0		
g2626	Scaffolds_15	+	3	2			0	199573	200500	928	0	198244	198632
g925	Scaffolds_10	-	2	1	376437	376502	66			0	0	375044	375128
g14061	Scaffolds_4	+	2	1			0			0	0	1769315	1769815
g1782	Scaffolds_13	+	1	0			0			0	0		
g4010	Scaffolds_17	-	1	0			0			0	0		
g7277	Scaffolds_21	-	1	0			0			0	0		
g9424	Scaffolds_25	+	1	0			0	372670	373540	871	0		
g8697	Scaffolds_23	+	1	0			0			0	0		
g3427	Scaffolds_16	+	1	0			0			0	0		
g14223	Scaffolds_4	-	1	0			0			0	0		
g3848	Scaffolds_17	+	1	0			0			0	0		
g194	Scaffolds_0	-	2	1			0			0	0	816573	816625
g5478	Scaffolds_19	-	1	0			0			0	0		
g11535	Scaffolds_3	+	1	0			0			0	0		
g2185	Scaffolds_14	+	1	0			0			0	0		
g1692	Scaffolds_11	-	1	0			0			0	0		
g10568	Scaffolds_28	+	1	0			0			0	0		
g10663	Scaffolds_29	-	1	0	222914	224186	1273			0	0		
g8891	Scaffolds_24	+	2	1			0			0	0	90790	91264
g4695	Scaffolds_18	-	1	0			0			0	0		
g1213	Scaffolds_10	-	1	0			0			0	0		
g6274	Scaffolds_2	-	1	0			0			0	0		
g9777	Scaffolds_26	-	1	0			0			0	0		
g8103	Scaffolds_22	-	3	2			0			0	0	1167819	1168170
g611	Scaffolds_1	+	1	0			0			0	0		
g10899	Scaffolds_29	+	1	0			0	1142939	1150649	7711	0		
g5094	Scaffolds_18	+	3	2			0	3040409	3040458	50	0	3039351	3039594
g8439	Scaffolds_23	+	1	0			0			0	0		
g362	Scaffolds_0	+	4	3			0	1387075	1387779	705	0	1384943	1385005
g4600	Scaffolds_18	-	1	0			0			0	0		
g15859	Scaffolds_9	+	1	0			0			0	0		
g13141	Scaffolds_33	+	1	0			0			0	0		
g8470	Scaffolds_23	-	1	0			0			0	0		
g7562	Scaffolds_21	+	1	0			0	1998886	1999180	295	0		
g4294	Scaffolds_18	+	1	0			0			0	0		
g2948	Scaffolds_15	-	1	0	1432716	1433265	550			0	0		
g4903	Scaffolds_18	-	1	0			0			0	0		
g15882	Scaffolds_9	-	1	0			0			0	0		
g7120	Scaffolds_21	-	1	0			0			0	0		
g13099	Scaffolds_33	+	1	0			0			0	0		
g5857	Scaffolds_19	-	1	0			0			0	0		
g5640	Scaffolds_19	-	1	0			0			0	0		
g9359	Scaffolds_25	+	2	1			0	106179	107731	1553	0	105599	105833
g7089	Scaffolds_21	+	1	0			0			0	0		
g6959	Scaffolds_20	-	1	0			0			0	0		
g7066	Scaffolds_21	+	2	1			0			0	0	94432	94620
g7070	Scaffolds_21	+	1	0			0			0	0		
g14592	Scaffolds_5	-	1	0			0			0	0		
g7090	Scaffolds_21	-	1	0			0			0	0		
g13580	Scaffolds_33	-	1	0			0			0	0		
g13572	Scaffolds_33	+	1	0			0			0	0		
g9971	Scaffolds_26	+	1	0			0	945297	945632	336	0		
g3870	Scaffolds_17	+	2	1			0	360640	360899	260	0	359555	359755
g5684	Scaffolds_19	+	1	0			0			0	0		
g6371	Scaffolds_2	+	1	0			0			0	0		
g3185	Scaffolds_15	+	1	0			0			0	0		
g3423	Scaffolds_16	-	1	0	302198	302515	318			0	0		
g13225	Scaffolds_33	+	1	0			0			0	0		
g14440	Scaffolds_4	-	1	0			0			0	0		
g12677	Scaffolds_32	+	1	0			0			0	0		
g2941	Scaffolds_15	-	1	0			0			0	0		
g1208	Scaffolds_10	-	3	2	1386603	1386944	342			0	0	1385932	1386036
g6151	Scaffolds_2	+	1	0			0			0	0		
g10209	Scaffolds_26	+	1	0			0			0	0		
g3335	Scaffolds_15	+	1	0			0			0	0		
g9349	Scaffolds_25	-	1	0			0			0	0		
g4637	Scaffolds_18	+	1	0			0			0	0		
g4239	Scaffolds_17	+	1	0			0			0	0		
g4434	Scaffolds_18	-	1	0			0			0	0		
g9161	Scaffolds_24	-	1	0			0			0	0		
g6421	Scaffolds_2	+	1	0			0	1467472	1467782	311	0		
g4508	Scaffolds_18	+	1	0			0			0	0		
g595	Scaffolds_1	+	4	3			0	454376	454573	198	0	451273	451343
g1669	Scaffolds_11	+	1	0			0			0	0		
g3997	Scaffolds_17	-	3	2			0			0	0	826120	826216
g11311	Scaffolds_29	-	1	0			0			0	0		
g11918	Scaffolds_3	-	1	0			0			0	0		
g11785	Scaffolds_3	-	1	0			0			0	0		
g10472	Scaffolds_28	-	1	0			0			0	0		
g1784	Scaffolds_13	+	1	0			0	154482	154974	493	0		
g15234	Scaffolds_7	+	2	1			0			0	0	131522	131711
g11895	Scaffolds_3	+	1	0			0			0	0		
g488	Scaffolds_1	-	1	0			0			0	0		
g3047	Scaffolds_15	+	1	0			0			0	0		
g6083	Scaffolds_2	+	4	3			0	187943	188382	440	0	186653	187036
g5511	Scaffolds_19	+	1	0			0			0	0		
g6223	Scaffolds_2	+	1	0			0			0	0		
g2918	Scaffolds_15	-	1	0			0			0	0		
g14714	Scaffolds_5	-	1	0			0			0	0		
g374	Scaffolds_0	-	1	0			0			0	0		
g6789	Scaffolds_20	+	1	0			0			0	0		
g4538	Scaffolds_18	-	1	0			0			0	0		
g1031	Scaffolds_10	+	2	1			0			0	0	758442	758627
g6553	Scaffolds_20	-	1	0			0			0	0		
g2770	Scaffolds_15	+	1	0	639549	640301	753	644973	645212	240	0		
g11579	Scaffolds_3	+	1	0			0			0	0		
g15128	Scaffolds_6	+	1	0			0			0	0		
g1833	Scaffolds_13	+	1	0			0			0	0		
g1219	Scaffolds_10	-	2	1	1420022	1420133	112			0	0	1419709	1419764
g381	Scaffolds_0	-	3	2			0			0	0	1439423	1439575
g5396	Scaffolds_19	-	1	0			0			0	0		
g2093	Scaffolds_14	-	1	0			0			0	0		
g8600	Scaffolds_23	-	3	2			0			0	0	1059336	1059464
g12978	Scaffolds_33	+	1	0			0			0	0		
g10066	Scaffolds_26	+	1	0			0			0	0		
g14604	Scaffolds_5	-	1	0			0			0	0		
g11020	Scaffolds_29	+	1	0			0			0	0		
g12717	Scaffolds_32	+	2	1			0	617375	617844	470	0	616598	616770
g4766	Scaffolds_18	+	1	0			0			0	0		
g2933	Scaffolds_15	-	1	0			0			0	0		
g1083	Scaffolds_10	+	1	0			0			0	0		
g9176	Scaffolds_24	+	1	0			0			0	0		
g3991	Scaffolds_17	+	1	0			0			0	0		
g13143	Scaffolds_33	-	2	1	1269177	1269513	337			0	0	1268661	1268972
g8425	Scaffolds_23	-	1	0			0			0	0		
g7560	Scaffolds_21	-	1	0			0			0	0		
g12002	Scaffolds_3	-	1	0			0			0	0		
g4721	Scaffolds_18	-	1	0			0			0	0		
g13596	Scaffolds_33	+	1	0			0			0	0		
g15979	Scaffolds_9	-	2	1	562357	562452	96			0	0	561812	561954
g15505	Scaffolds_8	-	3	2	590732	591292	561			0	0	590274	590426
g4882	Scaffolds_18	+	1	0			0			0	0		
g9258	Scaffolds_24	-	1	0			0			0	0		
g7396	Scaffolds_21	-	1	0			0			0	0		
g541	Scaffolds_1	-	1	0			0			0	0		
g11126	Scaffolds_29	+	2	1			0	2025252	2025313	62	0	2021108	2021425
g14194	Scaffolds_4	-	1	0			0			0	0		
g11090	Scaffolds_29	+	3	2			0	1861573	1861736	164	0	1860866	1861183
g4818	Scaffolds_18	+	1	0			0			0	0		
g10520	Scaffolds_28	+	1	0			0	714525	714638	114	0		
g9787	Scaffolds_26	-	1	0			0			0	0		
g6323	Scaffolds_2	-	3	2			0			0	0	1084400	1084534
g6927	Scaffolds_20	+	2	1			0			0	0	1828590	1828647
g6865	Scaffolds_20	+	1	0			0			0	0		
g3538	Scaffolds_16	-	1	0			0			0	0		
g15591	Scaffolds_8	-	1	0			0			0	0		
g4581	Scaffolds_18	+	1	0			0			0	0		
g1598	Scaffolds_11	+	1	0			0			0	0		
g6936	Scaffolds_20	-	1	0			0			0	0		
g12925	Scaffolds_33	+	1	0			0			0	0		
g11155	Scaffolds_29	+	1	0			0			0	0		
g12699	Scaffolds_32	-	1	0			0			0	0		
g13806	Scaffolds_4	-	3	2	845240	845342	103			0	0	844959	845007
g8801	Scaffolds_23	+	1	0			0			0	0		
g5143	Scaffolds_18	-	1	0			0			0	0		
g7312	Scaffolds_21	-	1	0			0			0	0		
g1056	Scaffolds_10	-	1	0			0			0	0		
g8771	Scaffolds_23	-	1	0			0			0	0		
g16078	Scaffolds_9	-	1	0	854366	854371	6			0	0		
g13448	Scaffolds_33	-	2	1			0			0	0	2487405	2487664
g13254	Scaffolds_33	+	1	0			0			0	0		
g4972	Scaffolds_18	+	1	0			0			0	0		
g15871	Scaffolds_9	-	1	0			0			0	0		
g4909	Scaffolds_18	+	1	0			0			0	0		
g4470	Scaffolds_18	-	1	0			0			0	0		
g8579	Scaffolds_23	+	1	0			0			0	0		
g14304	Scaffolds_4	-	1	0			0			0	0		
g3095	Scaffolds_15	-	1	0			0			0	0		
g8681	Scaffolds_23	-	1	0			0			0	0		
g806	Scaffolds_1	+	1	0			0			0	0		
g9781	Scaffolds_26	-	3	2	225223	225361	139			0	0	223816	223900
g4579	Scaffolds_18	-	1	0			0			0	0		
g7664	Scaffolds_21	-	2	1	2454648	2455405	758			0	0	2454362	2454535
g778	Scaffolds_1	-	1	0			0			0	0		
g3214	Scaffolds_15	+	1	0			0			0	0		
g1635	Scaffolds_11	-	1	0			0			0	0		
g11410	Scaffolds_29	-	1	0			0			0	0		
g6383	Scaffolds_2	-	3	2	1326109	1326569	461			0	0	1325802	1325879
g9589	Scaffolds_25	-	1	0			0			0	0		
g5738	Scaffolds_19	+	1	0			0	1458383	1458879	497	0		
g9997	Scaffolds_26	-	1	0			0			0	0		
g4613	Scaffolds_18	-	1	0			0			0	0		
g7780	Scaffolds_22	-	3	2	56700	56837	138			0	0	56103	56148
g8136	Scaffolds_22	+	1	0			0			0	0		
g12574	Scaffolds_32	-	2	1			0			0	0	158112	158378
g13190	Scaffolds_33	-	1	0			0			0	0		
g11377	Scaffolds_29	+	3	2			0	2912006	2912131	126	0	2908323	2908416
g11482	Scaffolds_3	-	1	0	83689	83910	222			0	0		
g894	Scaffolds_10	+	1	0			0			0	0		
g14689	Scaffolds_5	+	1	0			0			0	0		
g1917	Scaffolds_13	+	1	0			0			0	0		
g4829	Scaffolds_18	-	1	0	2144015	2144581	567			0	0		
g5236	Scaffolds_18	+	1	0			0			0	0		
g5489	Scaffolds_19	-	1	0			0			0	0		
g15675	Scaffolds_8	-	1	0			0			0	0		
g2853	Scaffolds_15	-	1	0			0			0	0		
g6429	Scaffolds_20	+	4	3			0	33568	33722	155	0	28941	30704
g8748	Scaffolds_23	+	1	0			0			0	0		
g14513	Scaffolds_4	+	1	0			0			0	0		
g10443	Scaffolds_28	+	1	0			0			0	0		
g11264	Scaffolds_29	-	1	0			0			0	0		
g11862	Scaffolds_3	-	1	0			0			0	0		
g4595	Scaffolds_18	-	1	0			0			0	0		
g14670	Scaffolds_5	+	1	0			0			0	0		
g8229	Scaffolds_22	-	1	0			0			0	0		
g14598	Scaffolds_5	+	1	0			0			0	0		
g13107	Scaffolds_33	+	3	2			0	1123854	1125383	1530	0	1123297	1123450
g8830	Scaffolds_23	-	1	0			0			0	0		
g2317	Scaffolds_14	-	4	3			0			0	0	870349	870650
g7387	Scaffolds_21	-	1	0			0			0	0		
g13444	Scaffolds_33	-	1	0			0			0	0		
g13356	Scaffolds_33	-	2	1			0			0	0	2115830	2116009
g1518	Scaffolds_11	+	3	2			0	940170	940982	813	0	938099	938268
g15475	Scaffolds_8	+	1	0			0			0	0		
g7607	Scaffolds_21	+	1	0			0			0	0		
g328	Scaffolds_0	+	1	0			0			0	0		
g10992	Scaffolds_29	+	1	0			0			0	0		
g4564	Scaffolds_18	-	1	0			0			0	0		
g4707	Scaffolds_18	-	2	1			0			0	0	1723635	1723985
g8874	Scaffolds_23	-	4	3	2158431	2158981	551			0	0	2153378	2153486
g3503	Scaffolds_16	-	1	0			0			0	0		
g8916	Scaffolds_24	-	2	1			0			0	0	156656	156931
g8945	Scaffolds_24	-	1	0			0			0	0		
g6045	Scaffolds_19	+	1	0			0			0	0		
g1905	Scaffolds_13	+	2	1			0			0	0	534683	534815
g4524	Scaffolds_18	+	1	0			0			0	0		
g2700	Scaffolds_15	-	1	0			0			0	0		
g6314	Scaffolds_2	+	1	0			0			0	0		
g220	Scaffolds_0	-	1	0			0			0	0		
g15679	Scaffolds_8	+	1	0			0	1170408	1170561	154	0		
g4291	Scaffolds_18	-	1	0			0			0	0		
g5864	Scaffolds_19	+	2	1			0	1877025	1877763	739	0	1874815	1874889
g1546	Scaffolds_11	+	1	0			0			0	0		
g11160	Scaffolds_29	+	2	1			0			0	0	2143699	2144040
g10521	Scaffolds_28	-	1	0			0			0	0		
g11508	Scaffolds_3	+	1	0			0			0	0		
g2802	Scaffolds_15	+	1	0			0			0	0		
g11385	Scaffolds_29	+	1	0			0			0	0		
g11651	Scaffolds_3	-	1	0			0			0	0		
g2237	Scaffolds_14	-	1	0			0			0	0		
g14146	Scaffolds_4	-	1	0			0			0	0		
g6894	Scaffolds_20	-	1	0			0			0	0		
g10441	Scaffolds_28	+	1	0	379134	379694	561			0	0		
g2041	Scaffolds_13	+	13	12			0	1040575	1041372	798	0	1035430	1035616
g14640	Scaffolds_5	-	1	0			0			0	0		
g8717	Scaffolds_23	-	1	0	1583205	1583211	7			0	0		
g10716	Scaffolds_29	+	1	0			0			0	0		
g3806	Scaffolds_17	-	5	4	131231	131568	338			0	0	130338	130405
g8475	Scaffolds_23	+	4	3			0	522944	523374	431	0	521558	522362
g1346	Scaffolds_11	-	1	0			0			0	0		
g10678	Scaffolds_29	-	1	0			0			0	0		
g15793	Scaffolds_8	+	1	0			0			0	0		
g9348	Scaffolds_25	+	1	0			0			0	0		
g11351	Scaffolds_29	-	1	0			0			0	0		
g8419	Scaffolds_23	+	1	0			0			0	0		
g11709	Scaffolds_3	-	1	0			0			0	0		
g10876	Scaffolds_29	+	1	0			0			0	0		
g4896	Scaffolds_18	+	1	0			0			0	0		
g11233	Scaffolds_29	-	1	0			0			0	0		
g8299	Scaffolds_22	+	1	0			0			0	0		
g1466	Scaffolds_11	+	2	1			0	727615	728069	455	0	726823	726983
g3626	Scaffolds_16	+	15	14			0	958087	960939	2853	0	952870	953041
g7206	Scaffolds_21	+	1	0			0			0	0		
g14939	Scaffolds_5	+	22	21			0			0	0	1396734	1397085
g11153	Scaffolds_29	+	1	0			0			0	0		
g625	Scaffolds_1	+	1	0			0			0	0		
g959	Scaffolds_10	+	6	5			0	527535	527879	345	0	526266	526569
g15938	Scaffolds_9	-	1	0			0			0	0		
g8456	Scaffolds_23	+	1	0			0			0	0		
g15129	Scaffolds_6	+	1	0			0	697596	697761	166	0		
g2631	Scaffolds_15	-	3	2	210387	210644	258			0	0	209082	209228
g10228	Scaffolds_26	-	1	0			0			0	0		
g15947	Scaffolds_9	+	1	0			0			0	0		
g12946	Scaffolds_33	+	3	2			0	493877	494213	337	0	492319	492545
g3812	Scaffolds_17	+	1	0			0			0	0		
g8721	Scaffolds_23	+	1	0			0			0	0		
g15980	Scaffolds_9	+	2	1			0			0	0	563004	563263
g3009	Scaffolds_15	-	1	0			0			0	0		
g2830	Scaffolds_15	+	2	1			0	875790	877604	1815	0	875706	875785
g812	Scaffolds_1	-	1	0			0			0	0		
g10987	Scaffolds_29	+	1	0			0	1499692	1499870	179	0		
g12081	Scaffolds_30	-	1	0	353351	354092	742			0	0		
g7713	Scaffolds_21	-	6	5			0			0	0	2641434	2641521
g10206	Scaffolds_26	-	1	0			0			0	0		
g3391	Scaffolds_16	-	1	0			0			0	0		
g9172	Scaffolds_24	-	1	0			0			0	0		
g14356	Scaffolds_4	-	3	2	2967583	2967774	192			0	0	2966982	2967171
g1367	Scaffolds_11	-	20	19	378033	379021	989			0	0	372609	372686
g15504	Scaffolds_8	+	2	1			0	587572	588015	444	0	586649	586987
g9979	Scaffolds_26	-	1	0			0			0	0		
g8703	Scaffolds_23	-	4	3			0			0	0	1514391	1514447
g10689	Scaffolds_29	-	1	0			0			0	0		
g1545	Scaffolds_11	-	1	0			0			0	0		
g2895	Scaffolds_15	-	1	0			0			0	0		
g648	Scaffolds_1	-	1	0			0			0	0		
g15083	Scaffolds_6	-	1	0			0			0	0		
g8788	Scaffolds_23	-	1	0			0			0	0		
g3339	Scaffolds_15	+	4	3			0	2902308	2904574	2267	0	2899503	2900708
g14096	Scaffolds_4	+	1	0			0			0	0		
g4916	Scaffolds_18	-	1	0			0			0	0		
g5953	Scaffolds_19	-	1	0			0			0	0		
g9050	Scaffolds_24	-	3	2	634084	634156	73			0	0	633436	633605
g3577	Scaffolds_16	-	1	0			0			0	0		
g8221	Scaffolds_22	+	1	0			0			0	0		
g6943	Scaffolds_20	+	1	0			0			0	0		
g5476	Scaffolds_19	-	2	1			0			0	0	580830	581050
g5297	Scaffolds_18	-	2	1			0			0	0	3893241	3893464
g2708	Scaffolds_15	+	1	0			0			0	0		
g5577	Scaffolds_19	+	1	0			0			0	0		
g3344	Scaffolds_15	+	17	16			0	2961467	2961498	32	0	2957620	2957663
g3871	Scaffolds_17	-	1	0			0			0	0		
g2643	Scaffolds_15	+	1	0			0	262334	263565	1232	0		
g776	Scaffolds_1	-	2	1	1120620	1120671	52			0	0	1120427	1120552
g9352	Scaffolds_25	+	1	0			0			0	0		
g645	Scaffolds_1	+	1	0			0			0	0		
g14170	Scaffolds_4	-	1	0			0			0	0		
g11492	Scaffolds_3	-	1	0			0			0	0		
g8400	Scaffolds_23	-	1	0	262574	262664	91			0	0		
g10303	Scaffolds_27	+	1	0			0	75911	76280	370	0		
g13928	Scaffolds_4	+	1	0			0			0	0		
g10628	Scaffolds_29	-	1	0			0			0	0		
g9441	Scaffolds_25	-	1	0			0			0	0		
g6792	Scaffolds_20	-	1	0			0			0	0		
g4208	Scaffolds_17	+	1	0			0	1535682	1535707	26	0		
g11610	Scaffolds_3	+	1	0			0			0	0		
g14958	Scaffolds_6	+	1	0			0			0	0		
g11582	Scaffolds_3	+	2	1			0	432471	436593	4123	0	431494	431682
g14749	Scaffolds_5	-	1	0			0			0	0		
g6305	Scaffolds_2	-	1	0			0			0	0		
g13150	Scaffolds_33	-	1	0			0			0	0		
g1734	Scaffolds_12	+	1	0			0			0	0		
g11578	Scaffolds_3	+	1	0			0			0	0		
g8522	Scaffolds_23	+	1	0			0			0	0		
g10153	Scaffolds_26	-	1	0			0			0	0		
g8984	Scaffolds_24	+	1	0			0			0	0		
g1775	Scaffolds_13	-	1	0			0			0	0		
g10148	Scaffolds_26	+	1	0			0			0	0		
g1258	Scaffolds_10	-	1	0			0			0	0		
g12600	Scaffolds_32	-	1	0			0			0	0		
g8834	Scaffolds_23	+	2	1			0	1994747	1994780	34	0	1992467	1992784
g11291	Scaffolds_29	-	1	0			0			0	0		
g12959	Scaffolds_33	-	1	0			0			0	0		
g10809	Scaffolds_29	-	1	0			0			0	0		
g4719	Scaffolds_18	+	1	0			0			0	0		
g4476	Scaffolds_18	-	7	6	883185	883350	166			0	0	880565	880798
g15375	Scaffolds_8	-	1	0			0			0	0		
g7045	Scaffolds_20	-	1	0			0			0	0		
g13638	Scaffolds_4	-	1	0			0			0	0		
g14382	Scaffolds_4	-	1	0			0			0	0		
g7181	Scaffolds_21	+	4	3			0			0	0	588922	589392
g2322	Scaffolds_14	-	1	0			0			0	0		
g7321	Scaffolds_21	-	1	0			0			0	0		
g7650	Scaffolds_21	+	1	0			0			0	0		
g11054	Scaffolds_29	-	1	0	1720244	1721831	1588			0	0		
g14237	Scaffolds_4	+	1	0			0			0	0		
g3429	Scaffolds_16	-	1	0			0			0	0		
g12445	Scaffolds_31	-	1	0			0			0	0		
g10387	Scaffolds_28	-	12	11			0			0	0	84661	84778
g1964	Scaffolds_13	-	2	1			0			0	0	781182	781326
g2081	Scaffolds_14	+	3	2			0	65195	65357	163	0	64730	64828
g11615	Scaffolds_3	+	1	0			0	506916	506974	59	0		
g6525	Scaffolds_20	-	1	0			0			0	0		
g12861	Scaffolds_33	-	1	0			0			0	0		
g7041	Scaffolds_20	-	1	0			0			0	0		
g5258	Scaffolds_18	+	2	1			0			0	0	3787307	3787557
g13443	Scaffolds_33	+	1	0			0	2475005	2475254	250	0		
g3791	Scaffolds_17	-	1	0			0			0	0		
g11619	Scaffolds_3	-	1	0			0			0	0		
g8029	Scaffolds_22	+	1	0			0			0	0		
g2000	Scaffolds_13	-	1	0			0			0	0		
g10762	Scaffolds_29	-	1	0	606020	606189	170			0	0		
g12500	Scaffolds_31	+	3	2			0			0	0	1146688	1146840
g9106	Scaffolds_24	+	1	0			0			0	0		
g4751	Scaffolds_18	+	2	1			0			0	0	1888370	1888628
g15692	Scaffolds_8	+	4	3			0	1213635	1214364	730	0	1212667	1212786
g11607	Scaffolds_3	+	3	2			0	491207	491411	205	0	490330	490578
g5491	Scaffolds_19	+	1	0			0			0	0		
g1871	Scaffolds_13	+	1	0			0	410565	413110	2546	0		
g15528	Scaffolds_8	+	5	4			0	642111	642619	509	0	639895	640206
g5695	Scaffolds_19	+	1	0			0			0	0		
g955	Scaffolds_10	-	1	0			0			0	0		
g7163	Scaffolds_21	+	1	0			0	548305	548761	457	0		
g7416	Scaffolds_21	+	1	0			0	1421127	1421295	169	0		
g10068	Scaffolds_26	+	1	0			0	1267798	1269205	1408	0		
g12631	Scaffolds_32	-	3	2	362954	363302	349			0	0	361971	362299
g10586	Scaffolds_28	-	2	1			0			0	0	970012	970176
g4394	Scaffolds_18	+	1	0			0			0	0		
g4821	Scaffolds_18	+	1	0			0	2112146	2112242	97	0		
g8731	Scaffolds_23	+	1	0			0			0	0		
g9561	Scaffolds_25	-	1	0			0			0	0		
g2566	Scaffolds_14	-	2	1			0			0	0	1730693	1730912
g15548	Scaffolds_8	-	1	0			0			0	0		
g13825	Scaffolds_4	-	1	0			0			0	0		
g1812	Scaffolds_13	-	2	1			0			0	0	234221	234423
g10508	Scaffolds_28	+	1	0			0			0	0		
g4428	Scaffolds_18	-	5	4			0			0	0	712502	712944
g3093	Scaffolds_15	+	1	0			0			0	0		
g6390	Scaffolds_2	+	21	20			0	1367235	1367429	195	0	1361355	1362492
g12116	Scaffolds_30	+	1	0			0	458202	458966	765	0		
g7432	Scaffolds_21	-	2	1	1485947	1488608	2662			0	0	1485850	1485923
g2897	Scaffolds_15	+	1	0			0			0	0		
g13410	Scaffolds_33	-	2	1			0			0	0	2362289	2362530
g2893	Scaffolds_15	-	1	0			0			0	0		
g13977	Scaffolds_4	-	1	0			0			0	0		
g6978	Scaffolds_20	-	1	0	2017424	2020130	2707			0	0		
g10940	Scaffolds_29	-	3	2			0			0	0	1277005	1277102
g13905	Scaffolds_4	-	1	0			0			0	0		
g7537	Scaffolds_21	+	2	1			0			0	0	1900931	1901147
g7703	Scaffolds_21	+	7	6			0	2610139	2610582	444	0	2604379	2604483
g6609	Scaffolds_20	+	2	1			0	633555	635023	1469	0	629907	630210
g15442	Scaffolds_8	-	1	0			0			0	0		
g13030	Scaffolds_33	+	1	0			0			0	0		
g10871	Scaffolds_29	-	3	2			0			0	0	1043108	1043407
g7152	Scaffolds_21	+	1	0			0			0	0		
g8422	Scaffolds_23	-	1	0			0			0	0		
g11465	Scaffolds_3	-	2	1			0			0	0	22667	23177
g2883	Scaffolds_15	+	1	0			0	1136409	1137259	851	0		
g16049	Scaffolds_9	-	1	0			0			0	0		
g10551	Scaffolds_28	-	1	0			0			0	0		
g3446	Scaffolds_16	+	13	12			0	372783	372968	186	0	370191	370266
g3986	Scaffolds_17	-	1	0			0			0	0		
g8433	Scaffolds_23	+	1	0			0			0	0		
g7392	Scaffolds_21	+	1	0			0	1318875	1319152	278	0		
g11231	Scaffolds_29	+	1	0			0			0	0		
g14696	Scaffolds_5	+	1	0			0			0	0		
g5829	Scaffolds_19	+	1	0			0			0	0		
g7556	Scaffolds_21	-	2	1			0			0	0	1976109	1976399
g5835	Scaffolds_19	-	1	0			0			0	0		
g15810	Scaffolds_8	+	2	1			0			0	0	1674778	1675023
g5757	Scaffolds_19	+	1	0			0			0	0		
g10630	Scaffolds_29	+	1	0			0			0	0		
g4335	Scaffolds_18	-	1	0			0			0	0		
g12419	Scaffolds_31	-	1	0			0			0	0		
g7784	Scaffolds_22	+	1	0			0			0	0		
g15153	Scaffolds_6	-	3	2			0			0	0	780161	780339
g11442	Scaffolds_29	+	2	1			0			0	0	3152190	3152383
g1862	Scaffolds_13	-	1	0	390413	390987	575			0	0		
g13119	Scaffolds_33	+	1	0			0	1163658	1163920	263	0		
g6075	Scaffolds_2	+	1	0			0			0	0		
g1274	Scaffolds_10	+	1	0			0			0	0		
g6410	Scaffolds_2	-	1	0			0			0	0		
g12714	Scaffolds_32	+	1	0			0	610689	610946	258	0		
g2383	Scaffolds_14	-	1	0			0			0	0		
g12817	Scaffolds_32	+	1	0			0			0	0		
g1329	Scaffolds_11	-	1	0			0			0	0		
g9317	Scaffolds_24	-	1	0	1836385	1836409	25			0	0		
g13279	Scaffolds_33	-	1	0			0			0	0		
g4575	Scaffolds_18	-	1	0			0			0	0		
g2474	Scaffolds_14	+	1	0			0			0	0		
g7092	Scaffolds_21	+	2	1			0			0	0	189641	189841
g7767	Scaffolds_21	+	16	15			0			0	0	2854649	2855172
g13039	Scaffolds_33	-	1	0			0			0	0		
g9117	Scaffolds_24	-	1	0	961985	962295	311			0	0		
g10285	Scaffolds_26	-	1	0			0			0	0		
g4157	Scaffolds_17	-	1	0			0			0	0		
g14946	Scaffolds_6	+	2	1			0	26051	26236	186	0	21574	21768
g12686	Scaffolds_32	-	1	0			0			0	0		
g15700	Scaffolds_8	+	7	6			0	1241886	1242181	296	0	1239400	1239560
g9691	Scaffolds_25	+	4	3			0	1367173	1370330	3158	0	1365215	1365496
g10785	Scaffolds_29	+	1	0			0			0	0		
g5053	Scaffolds_18	-	1	0			0			0	0		
g276	Scaffolds_0	-	2	1			0			0	0	1122713	1122922
g10452	Scaffolds_28	+	1	0			0			0	0		
g6252	Scaffolds_2	+	2	1			0			0	0	769939	776501
g2673	Scaffolds_15	-	3	2			0			0	0	339434	339980
g11434	Scaffolds_29	-	1	0			0			0	0		
g4173	Scaffolds_17	-	1	0			0			0	0		
g1683	Scaffolds_11	-	1	0			0			0	0		
g4989	Scaffolds_18	-	1	0			0			0	0		
g14481	Scaffolds_4	+	1	0			0			0	0		
g12184	Scaffolds_31	-	1	0			0			0	0		
g1860	Scaffolds_13	+	1	0			0			0	0		
g8988	Scaffolds_24	+	3	2			0	435776	435903	128	0	433933	433983
g10956	Scaffolds_29	-	7	6	1334242	1334317	76			0	0	1332285	1332394
g9033	Scaffolds_24	+	2	1			0	579380	579781	402	0	578969	579134
g11557	Scaffolds_3	+	2	1			0			0	0	351043	351322
g10377	Scaffolds_28	+	17	16			0	42863	45570	2708	0	37182	37358
g2728	Scaffolds_15	+	1	0			0			0	0		
g7343	Scaffolds_21	-	2	1	1146699	1146718	20			0	0	1146533	1146612
g15928	Scaffolds_9	+	1	0			0	386835	387307	473	0		
g8545	Scaffolds_23	-	1	0	823668	823737	70			0	0		
g13614	Scaffolds_4	-	9	8	22622	23136	515			0	0	21013	21145
g1039	Scaffolds_10	-	2	1			0			0	0	784598	785111
g13786	Scaffolds_4	+	3	2			0	753039	753409	371	0	750521	750675
g15682	Scaffolds_8	-	1	0			0			0	0		
g6620	Scaffolds_20	+	1	0			0			0	0		
g5677	Scaffolds_19	+	1	0			0			0	0		
g4985	Scaffolds_18	+	1	0			0			0	0		
g14545	Scaffolds_4	+	1	0			0			0	0		
g2149	Scaffolds_14	-	1	0			0			0	0		
g13927	Scaffolds_4	-	1	0			0			0	0		
g15669	Scaffolds_8	+	1	0			0	1129703	1129952	250	0		
g15167	Scaffolds_6	-	1	0			0			0	0		
g5494	Scaffolds_19	-	4	3			0			0	0	639173	639482
g5309	Scaffolds_19	+	1	0			0			0	0		
g8656	Scaffolds_23	-	4	3			0			0	0	1250517	1250806
g2556	Scaffolds_14	+	1	0			0			0	0		
g3895	Scaffolds_17	+	1	0			0			0	0		
g9131	Scaffolds_24	-	1	0			0			0	0		
g2352	Scaffolds_14	+	1	0			0			0	0		
g2195	Scaffolds_14	+	1	0			0			0	0		
g5419	Scaffolds_19	-	1	0			0			0	0		
g13653	Scaffolds_4	+	1	0			0			0	0		
g6851	Scaffolds_20	-	1	0			0			0	0		
g13877	Scaffolds_4	-	1	0			0			0	0		
g3236	Scaffolds_15	-	1	0			0			0	0		
g3903	Scaffolds_17	+	1	0			0			0	0		
g10016	Scaffolds_26	+	1	0			0			0	0		
g1815	Scaffolds_13	+	4	3			0	259826	260258	433	0	249896	253874
g2498	Scaffolds_14	+	3	2			0	1515919	1516249	331	0	1515084	1515251
g5580	Scaffolds_19	-	1	0			0			0	0		
g2234	Scaffolds_14	+	1	0			0			0	0		
g15536	Scaffolds_8	-	1	0			0			0	0		
g9517	Scaffolds_25	-	1	0	727911	727986	76			0	0		
g14092	Scaffolds_4	-	2	1			0			0	0	1918144	1918223
g9602	Scaffolds_25	+	1	0			0			0	0		
g3636	Scaffolds_16	+	1	0			0			0	0		
g9245	Scaffolds_24	+	1	0			0			0	0		
g13932	Scaffolds_4	+	1	0			0			0	0		
g1597	Scaffolds_11	-	1	0			0			0	0		
g12676	Scaffolds_32	-	1	0			0			0	0		
g3437	Scaffolds_16	+	1	0			0			0	0		
g1793	Scaffolds_13	-	1	0			0			0	0		
g10696	Scaffolds_29	+	2	1			0	328480	328856	377	0	326388	326428
g9035	Scaffolds_24	+	1	0			0			0	0		
g8910	Scaffolds_24	+	6	5			0	142813	143492	680	0	140205	140398
g3267	Scaffolds_15	+	1	0			0	2679859	2684005	4147	0		
g15865	Scaffolds_9	-	1	0	132041	132123	83			0	0		
g12773	Scaffolds_32	-	1	0	813281	813622	342			0	0		
g2718	Scaffolds_15	-	1	0			0			0	0		
g10416	Scaffolds_28	+	1	0			0			0	0		
g3853	Scaffolds_17	+	1	0			0			0	0		
g11481	Scaffolds_3	+	1	0			0			0	0		
g2822	Scaffolds_15	+	1	0			0			0	0		
g8446	Scaffolds_23	-	1	0	417836	417898	63			0	0		
g14134	Scaffolds_4	-	1	0			0			0	0		
g11778	Scaffolds_3	+	2	1			0	1057233	1057575	343	0	1056816	1056923
g3722	Scaffolds_16	-	2	1	1281840	1282025	186			0	0	1281559	1281627
g2318	Scaffolds_14	+	3	2			0	873095	873137	43	0	872449	872658
g4357	Scaffolds_18	-	2	1			0			0	0	404099	404262
g15553	Scaffolds_8	-	2	1	722370	722709	340			0	0	721490	721978
g2697	Scaffolds_15	+	1	0			0			0	0		
g11618	Scaffolds_3	+	1	0			0			0	0		
g13762	Scaffolds_4	+	2	1			0			0	0	628281	628753
g15879	Scaffolds_9	+	2	1			0			0	0	173292	173642
g839	Scaffolds_1	+	1	0			0			0	0		
g14597	Scaffolds_5	-	1	0			0			0	0		
g14520	Scaffolds_4	-	4	3			0			0	0	3627712	3627766
g4606	Scaffolds_18	-	1	0			0			0	0		
g9404	Scaffolds_25	+	1	0			0	294048	294413	366	0		
g8884	Scaffolds_24	-	14	13	67925	68072	148			0	0	62843	63138
g7335	Scaffolds_21	+	1	0			0			0	0		
g6171	Scaffolds_2	-	1	0			0			0	0		
g3111	Scaffolds_15	-	1	0			0			0	0		
g4399	Scaffolds_18	+	1	0			0			0	0		
g5213	Scaffolds_18	+	3	2			0	3603760	3603842	83	0	3601547	3601780
g11149	Scaffolds_29	+	1	0			0			0	0		
g9851	Scaffolds_26	-	1	0			0			0	0		
g5247	Scaffolds_18	-	5	4			0			0	0	3755503	3755571
g15152	Scaffolds_6	+	1	0			0			0	0		
g13607	Scaffolds_33	+	13	12			0	3108661	3110075	1415	0	3105820	3105879
g15982	Scaffolds_9	-	1	0			0			0	0		
g6098	Scaffolds_2	-	1	0			0			0	0		
g3200	Scaffolds_15	+	1	0			0			0	0		
g5440	Scaffolds_19	+	1	0			0			0	0		
g646	Scaffolds_1	-	1	0			0			0	0		
g14255	Scaffolds_4	-	1	0			0			0	0		
g4419	Scaffolds_18	-	4	3			0			0	0	665044	665121
g2399	Scaffolds_14	+	1	0			0			0	0		
g6982	Scaffolds_20	-	1	0			0			0	0		
g1796	Scaffolds_13	+	1	0			0			0	0		
g3738	Scaffolds_16	-	1	0			0			0	0		
g8893	Scaffolds_24	+	1	0			0			0	0		
g5502	Scaffolds_19	+	1	0			0			0	0		
g9804	Scaffolds_26	+	4	3			0	313449	313670	222	0	312579	312700
g9640	Scaffolds_25	+	1	0			0			0	0		
g270	Scaffolds_0	+	2	1			0	1100240	1100481	242	0	1100065	1100145
g15903	Scaffolds_9	-	1	0			0			0	0		
g9200	Scaffolds_24	-	1	0			0			0	0		
g12323	Scaffolds_31	-	1	0			0			0	0		
g7710	Scaffolds_21	+	3	2			0	2630700	2630971	272	0	2628841	2628889
g10041	Scaffolds_26	-	3	2	1171923	1172597	675			0	0	1171394	1171482
g16056	Scaffolds_9	+	1	0			0			0	0		
g11928	Scaffolds_3	+	1	0			0			0	0		
g3719	Scaffolds_16	+	1	0			0			0	0		
g1753	Scaffolds_12	-	3	2			0			0	0	186987	187068
g15596	Scaffolds_8	+	13	12			0	877644	877803	160	0	871273	871431
g10720	Scaffolds_29	-	1	0			0			0	0		
g15543	Scaffolds_8	-	2	1			0			0	0	675486	675556
g1262	Scaffolds_10	-	1	0			0			0	0		
g6862	Scaffolds_20	+	1	0			0			0	0		
g9681	Scaffolds_25	+	3	2			0	1287517	1288182	666	0	1286286	1286776
g9812	Scaffolds_26	+	1	0			0			0	0		
g7149	Scaffolds_21	+	2	1			0			0	0	468212	468411
g7026	Scaffolds_20	+	1	0			0			0	0		
g2476	Scaffolds_14	-	1	0			0			0	0		
g901	Scaffolds_10	+	1	0			0			0	0		
g5560	Scaffolds_19	-	1	0			0			0	0		
g10787	Scaffolds_29	+	1	0			0			0	0		
g4627	Scaffolds_18	-	3	2			0			0	0	1386560	1386864
g15321	Scaffolds_7	-	3	2			0			0	0	442945	443003
g4703	Scaffolds_18	+	1	0			0			0	0		
g426	Scaffolds_0	+	1	0			0			0	0		
g1654	Scaffolds_11	-	1	0			0			0	0		
g13590	Scaffolds_33	+	1	0			0			0	0		
g15230	Scaffolds_7	-	1	0			0			0	0		
g12749	Scaffolds_32	+	1	0			0			0	0		
g9218	Scaffolds_24	-	1	0			0			0	0		
g9357	Scaffolds_25	-	1	0			0			0	0		
g3479	Scaffolds_16	+	2	1			0	481228	482103	876	0	480690	480917
g680	Scaffolds_1	+	2	1			0			0	0	751306	751658
g4963	Scaffolds_18	+	3	2			0	2601921	2602020	100	0	2600309	2600679
g2026	Scaffolds_13	-	2	1	969492	970021	530			0	0	969132	969384
g12334	Scaffolds_31	-	1	0			0			0	0		
g15094	Scaffolds_6	-	1	0			0			0	0		
g11093	Scaffolds_29	-	1	0	1868177	1868401	225			0	0		
g15363	Scaffolds_7	+	9	8			0	614535	614567	33	0	610963	611467
g13622	Scaffolds_4	+	1	0			0			0	0		
g3929	Scaffolds_17	-	1	0			0			0	0		
g13776	Scaffolds_4	+	2	1			0	720292	721690	1399	0	718480	718734
g4593	Scaffolds_18	+	1	0			0			0	0		
g6684	Scaffolds_20	+	2	1			0	931138	932181	1044	0	930514	930726
g15236	Scaffolds_7	-	1	0			0			0	0		
g3206	Scaffolds_15	+	1	0			0			0	0		
g7340	Scaffolds_21	-	5	4			0			0	0	1140878	1141032
g2699	Scaffolds_15	+	2	1			0	421033	421412	380	0	419484	419775
g10083	Scaffolds_26	-	1	0			0			0	0		
g9575	Scaffolds_25	+	1	0			0	948188	948390	203	0		
g10918	Scaffolds_29	+	1	0			0			0	0		
g3916	Scaffolds_17	+	2	1			0			0	0	522574	522898
g4002	Scaffolds_17	+	1	0			0			0	0		
g1839	Scaffolds_13	-	1	0			0			0	0		
g10313	Scaffolds_27	-	1	0			0			0	0		
g2268	Scaffolds_14	-	1	0			0			0	0		
g10683	Scaffolds_29	-	4	3	280985	281123	139			0	0	280400	280538
g10296	Scaffolds_27	+	4	3			0			0	0	32612	32696
g13378	Scaffolds_33	-	1	0			0			0	0		
g14308	Scaffolds_4	-	1	0			0			0	0		
g2801	Scaffolds_15	-	1	0			0			0	0		
g9089	Scaffolds_24	-	1	0	859296	859349	54			0	0		
g8755	Scaffolds_23	-	1	0			0			0	0		
g152	Scaffolds_0	-	1	0			0			0	0		
g15929	Scaffolds_9	-	4	3	389984	390133	150			0	0	388046	388242
g4656	Scaffolds_18	-	1	0			0			0	0		
g5781	Scaffolds_19	+	1	0			0			0	0		
g3556	Scaffolds_16	+	1	0			0			0	0		
g3869	Scaffolds_17	-	1	0			0			0	0		
g4715	Scaffolds_18	+	3	2			0	1742068	1742245	178	0	1740958	1741000
g12796	Scaffolds_32	+	1	0			0			0	0		
g9326	Scaffolds_24	-	1	0			0			0	0		
g11334	Scaffolds_29	-	1	0	2770371	2770807	437			0	0		
g6168	Scaffolds_2	-	1	0			0			0	0		
g6509	Scaffolds_20	+	1	0			0	295708	295895	188	0		
g14626	Scaffolds_5	+	1	0			0	153017	153297	281	0		
g11739	Scaffolds_3	+	1	0			0			0	0		
g14139	Scaffolds_4	-	2	1			0			0	0	2073324	2073368
g6127	Scaffolds_2	-	1	0			0			0	0		
g16027	Scaffolds_9	-	2	1			0			0	0	695906	695997
g6050	Scaffolds_19	+	22	21			0	2536478	2536562	85	0	2528170	2528509
g9002	Scaffolds_24	+	1	0			0			0	0		
g13408	Scaffolds_33	+	1	0			0			0	0		
g3320	Scaffolds_15	-	1	0			0			0	0		
g10668	Scaffolds_29	-	1	0			0			0	0		
g15049	Scaffolds_6	+	2	1			0			0	0	433998	434487
g7050	Scaffolds_21	-	22	21	38869	39664	796			0	0	30770	31061
g7199	Scaffolds_21	-	5	4			0			0	0	681940	681990
g8726	Scaffolds_23	-	1	0			0			0	0		
g10542	Scaffolds_28	-	1	0			0			0	0		
g1349	Scaffolds_11	-	1	0			0			0	0		
g1626	Scaffolds_11	+	1	0			0			0	0		
g8428	Scaffolds_23	-	2	1			0			0	0	347331	347428
g15973	Scaffolds_9	-	1	0			0			0	0		
g8497	Scaffolds_23	-	1	0			0			0	0		
g5122	Scaffolds_18	+	1	0			0			0	0		
g2348	Scaffolds_14	+	1	0			0			0	0		
g13339	Scaffolds_33	+	1	0			0			0	0		
g10675	Scaffolds_29	+	1	0			0			0	0		
g1400	Scaffolds_11	+	1	0			0			0	0		
g13807	Scaffolds_4	+	5	4			0	849711	849724	14	0	847119	847361
g13964	Scaffolds_4	+	1	0			0	1436382	1436619	238	0		
g4988	Scaffolds_18	-	1	0			0			0	0		
g15089	Scaffolds_6	+	1	0			0			0	0		
g3142	Scaffolds_15	-	1	0			0			0	0		
g2043	Scaffolds_13	-	1	0			0			0	0		
g8852	Scaffolds_23	-	1	0			0			0	0		
g3435	Scaffolds_16	-	2	1			0			0	0	335052	335162
g5348	Scaffolds_19	-	5	4	192334	192485	152			0	0	191035	191115
g5189	Scaffolds_18	+	2	1			0			0	0	3507589	3507765
g8919	Scaffolds_24	-	8	7	164859	165241	383			0	0	162560	162631
g3706	Scaffolds_16	+	1	0			0			0	0		
g11050	Scaffolds_29	+	1	0			0			0	0		
g9457	Scaffolds_25	-	1	0			0			0	0		
g10648	Scaffolds_29	+	1	0			0	172195	172671	477	0		
g102	Scaffolds_0	-	1	0			0			0	0		
g12525	Scaffolds_31	-	1	0			0			0	0		
g5710	Scaffolds_19	-	2	1			0			0	0	1350689	1351010
g14695	Scaffolds_5	-	4	3			0			0	0	414342	414384
g14649	Scaffolds_5	+	1	0			0	248447	248712	266	0		
g15925	Scaffolds_9	+	3	2			0	377945	377999	55	0	377166	377309
g9046	Scaffolds_24	-	1	0			0			0	0		
g4192	Scaffolds_17	-	1	0			0			0	0		
g13153	Scaffolds_33	+	1	0			0			0	0		
g1122	Scaffolds_10	-	7	6	1089373	1089651	279			0	0	1087659	1087763
g12876	Scaffolds_33	+	1	0			0			0	0		
g6916	Scaffolds_20	+	1	0			0			0	0		
g5955	Scaffolds_19	-	1	0			0			0	0		
g10618	Scaffolds_29	-	1	0			0			0	0		
g5593	Scaffolds_19	+	2	1			0	940718	941001	284	0	939281	939323
g1226	Scaffolds_10	+	1	0			0			0	0		
g1141	Scaffolds_10	+	1	0			0			0	0		
g5743	Scaffolds_19	+	1	0			0			0	0		
g10006	Scaffolds_26	-	1	0			0			0	0		
g10145	Scaffolds_26	+	1	0			0			0	0		
g4060	Scaffolds_17	-	2	1			0			0	0	1025535	1025743
g11177	Scaffolds_29	-	1	0			0			0	0		
g3915	Scaffolds_17	-	1	0			0			0	0		
g13511	Scaffolds_33	-	1	0			0			0	0		
g6610	Scaffolds_20	-	1	0			0			0	0		
g8269	Scaffolds_22	-	2	1			0			0	0	1804210	1804527
g2380	Scaffolds_14	-	1	0			0			0	0		
g3922	Scaffolds_17	-	3	2	543942	544776	835			0	0	543232	543621
g5708	Scaffolds_19	-	4	3			0			0	0	1346268	1346389
g10136	Scaffolds_26	+	1	0			0			0	0		
g13440	Scaffolds_33	+	1	0			0			0	0		
g14677	Scaffolds_5	-	1	0			0			0	0		
g9511	Scaffolds_25	+	1	0			0			0	0		
g15969	Scaffolds_9	-	1	0			0			0	0		
g14367	Scaffolds_4	-	3	2	3012241	3012398	158			0	0	3011636	3011686
g9241	Scaffolds_24	-	1	0			0			0	0		
g14230	Scaffolds_4	+	4	3			0			0	0	2404270	2404573
g3293	Scaffolds_15	-	1	0			0			0	0		
g13274	Scaffolds_33	+	1	0			0			0	0		
g13631	Scaffolds_4	-	1	0			0			0	0		
g14610	Scaffolds_5	-	1	0			0			0	0		
g6608	Scaffolds_20	-	1	0			0			0	0		
g15064	Scaffolds_6	-	1	0			0			0	0		
g6790	Scaffolds_20	+	1	0			0			0	0		
g14159	Scaffolds_4	+	1	0			0			0	0		
g223	Scaffolds_0	-	1	0	918424	918683	260			0	0		
g1118	Scaffolds_10	-	1	0			0			0	0		
g9432	Scaffolds_25	+	1	0			0			0	0		
g15518	Scaffolds_8	-	1	0	620994	621242	249			0	0		
g9878	Scaffolds_26	-	1	0			0			0	0		
g1934	Scaffolds_13	-	1	0			0			0	0		
g10912	Scaffolds_29	-	2	1	1191254	1191629	376			0	0	1190957	1191097
g4953	Scaffolds_18	+	2	1			0			0	0	2581101	2581224
g7706	Scaffolds_21	+	1	0			0			0	0		
g10818	Scaffolds_29	-	1	0	813944	814043	100			0	0		
g13325	Scaffolds_33	+	1	0			0			0	0		
g13843	Scaffolds_4	+	1	0			0			0	0		
g3467	Scaffolds_16	-	6	5			0			0	0	438623	438695
g12523	Scaffolds_31	-	1	0	1215195	1215785	591			0	0		
g10329	Scaffolds_27	+	1	0			0			0	0		
g12618	Scaffolds_32	-	1	0			0			0	0		
g8365	Scaffolds_23	-	1	0			0			0	0		
g14017	Scaffolds_4	-	1	0			0			0	0		
g8581	Scaffolds_23	+	4	3			0	959686	960006	321	0	957666	957928
g11030	Scaffolds_29	+	3	2			0			0	0	1647931	1648012
g1454	Scaffolds_11	-	2	1			0			0	0	687431	687487
g15245	Scaffolds_7	+	1	0			0			0	0		
g10142	Scaffolds_26	-	1	0			0			0	0		
g6726	Scaffolds_20	-	1	0			0			0	0		
g14768	Scaffolds_5	+	1	0			0			0	0		
g9650	Scaffolds_25	+	1	0			0			0	0		
g436	Scaffolds_0	+	1	0			0			0	0		
g4125	Scaffolds_17	-	1	0			0			0	0		
g8881	Scaffolds_24	-	13	12			0			0	0	27955	28073
g13043	Scaffolds_33	-	1	0			0			0	0		
g14014	Scaffolds_4	-	1	0			0			0	0		
g3367	Scaffolds_16	-	1	0			0			0	0		
g12580	Scaffolds_32	-	1	0			0			0	0		
g10418	Scaffolds_28	-	1	0			0			0	0		
g11228	Scaffolds_29	-	1	0			0			0	0		
g6871	Scaffolds_20	-	1	0			0			0	0		
g4546	Scaffolds_18	+	1	0			0			0	0		
g4048	Scaffolds_17	+	2	1			0	988809	990249	1441	0	984903	985193
g7787	Scaffolds_22	-	1	0			0			0	0		
g14290	Scaffolds_4	+	4	3			0	2628861	2628909	49	0	2626711	2626986
g10018	Scaffolds_26	+	1	0			0			0	0		
g14114	Scaffolds_4	-	1	0			0			0	0		
g13960	Scaffolds_4	+	1	0			0			0	0		
g4228	Scaffolds_17	+	1	0			0			0	0		
g8487	Scaffolds_23	+	1	0			0			0	0		
g1202	Scaffolds_10	-	2	1			0			0	0	1361237	1361319
g1956	Scaffolds_13	+	1	0			0			0	0		
g8824	Scaffolds_23	+	3	2			0	1959694	1959904	211	0	1959117	1959357
g12591	Scaffolds_32	-	2	1			0			0	0	219520	219989
g8362	Scaffolds_23	+	2	1			0			0	0	122333	122628
g13962	Scaffolds_4	+	1	0	1429332	1429811	480			0	0		
g15815	Scaffolds_8	+	1	0			0			0	0		
g310	Scaffolds_0	+	2	1			0			0	0	1221343	1221699
g12216	Scaffolds_31	+	1	0			0			0	0		
g12685	Scaffolds_32	+	2	1			0			0	0	526039	526183
g1936	Scaffolds_13	-	1	0			0			0	0		
g13076	Scaffolds_33	+	2	1			0	997524	998620	1097	0	995901	995967
g11698	Scaffolds_3	-	1	0			0			0	0		
g4827	Scaffolds_18	-	1	0	2135461	2135549	89			0	0		
g7139	Scaffolds_21	+	1	0			0	421389	421699	311	0		
g10489	Scaffolds_28	+	1	0			0			0	0		
g11052	Scaffolds_29	+	1	0			0			0	0		
g814	Scaffolds_1	-	2	1			0			0	0	1281984	1282403
g14704	Scaffolds_5	+	1	0			0			0	0		
g12667	Scaffolds_32	+	1	0			0			0	0		
g13951	Scaffolds_4	+	1	0			0			0	0		
g86	Scaffolds_0	-	1	0			0			0	0		
g15265	Scaffolds_7	+	1	0			0			0	0		
g9753	Scaffolds_26	+	1	0			0			0	0		
g5114	Scaffolds_18	-	1	0			0			0	0		
g10397	Scaffolds_28	-	2	1			0			0	0	197594	197686
g8932	Scaffolds_24	-	1	0			0			0	0		
g15160	Scaffolds_6	+	2	1			0	799749	799875	127	0	797954	798001
g13530	Scaffolds_33	+	1	0			0			0	0		
g6258	Scaffolds_2	+	1	0			0			0	0		
g12605	Scaffolds_32	+	1	0			0			0	0		
g5615	Scaffolds_19	-	1	0	995514	995626	113			0	0		
g14748	Scaffolds_5	-	1	0			0			0	0		
g9722	Scaffolds_25	-	1	0			0			0	0		
g1012	Scaffolds_10	+	1	0			0			0	0		
g6394	Scaffolds_2	-	1	0			0			0	0		
g8036	Scaffolds_22	+	1	0			0			0	0		
g14544	Scaffolds_4	+	1	0			0			0	0		
g8679	Scaffolds_23	+	1	0			0			0	0		
g11031	Scaffolds_29	-	3	2			0			0	0	1649586	1649693
g4151	Scaffolds_17	+	1	0			0			0	0		
g12244	Scaffolds_31	+	1	0			0	220564	222351	1788	0		
g3216	Scaffolds_15	-	1	0			0			0	0		
g3113	Scaffolds_15	-	1	0			0			0	0		
g15217	Scaffolds_7	+	1	0			0			0	0		
g13655	Scaffolds_4	-	1	0			0			0	0		
g14625	Scaffolds_5	-	2	1			0			0	0	149219	149974
g6415	Scaffolds_2	+	1	0			0			0	0		
g8532	Scaffolds_23	-	3	2	751444	751479	36			0	0	750867	751142
g11583	Scaffolds_3	-	1	0			0			0	0		
g3181	Scaffolds_15	-	1	0			0			0	0		
g862	Scaffolds_10	-	1	0			0			0	0		
g6979	Scaffolds_20	+	2	1			0			0	0	2018212	2018287
g6367	Scaffolds_2	-	1	0			0			0	0		
g7231	Scaffolds_21	+	1	0			0			0	0		
g1150	Scaffolds_10	+	13	12			0	1197421	1197820	400	0	1193503	1193597
g3656	Scaffolds_16	+	2	1			0			0	0	1061644	1061870
g12452	Scaffolds_31	+	1	0			0			0	0		
g1085	Scaffolds_10	+	1	0			0	947202	947618	417	0		
g1354	Scaffolds_11	+	2	1			0	283652	283839	188	0	281950	282085
g7233	Scaffolds_21	+	2	1			0	796592	797207	616	0	795638	795826
g2162	Scaffolds_14	+	2	1			0			0	0	331581	331918
g853	Scaffolds_10	-	20	19	70606	71004	399			0	0	61459	63471
g11502	Scaffolds_3	+	1	0			0			0	0		
g11917	Scaffolds_3	+	1	0			0			0	0		
g13884	Scaffolds_4	-	1	0			0			0	0		
g2947	Scaffolds_15	-	1	0			0			0	0		
g8413	Scaffolds_23	-	1	0			0			0	0		
g14934	Scaffolds_5	-	2	1			0			0	0	1374690	1374852
g11198	Scaffolds_29	-	1	0			0			0	0		
g3087	Scaffolds_15	-	1	0	1987109	1987118	10			0	0		
g14882	Scaffolds_5	+	2	1			0			0	0	1160800	1161047
g13577	Scaffolds_33	+	5	4			0	3004631	3005572	942	0	3002612	3002668
g3184	Scaffolds_15	-	1	0			0			0	0		
g3803	Scaffolds_17	+	1	0			0			0	0		
g9186	Scaffolds_24	-	2	1	1338371	1338512	142			0	0	1338161	1338249
g5280	Scaffolds_18	-	1	0			0			0	0		
g8494	Scaffolds_23	-	1	0			0			0	0		
g2238	Scaffolds_14	+	1	0			0			0	0		
g8389	Scaffolds_23	+	1	0			0			0	0		
g3972	Scaffolds_17	+	1	0			0			0	0		
g1207	Scaffolds_10	-	1	0			0			0	0		
g8877	Scaffolds_23	+	3	2			0	2167364	2167690	327	0	2163653	2163954
g808	Scaffolds_1	+	2	1			0	1253443	1253888	446	0	1252071	1252316
g1903	Scaffolds_13	-	3	2	532514	532562	49			0	0	531591	531880
g5254	Scaffolds_18	+	1	0			0			0	0		
g7015	Scaffolds_20	+	1	0			0			0	0		
g9413	Scaffolds_25	+	3	2			0	331015	331275	261	0	328192	328290
g3977	Scaffolds_17	-	1	0			0			0	0		
g5402	Scaffolds_19	-	4	3			0			0	0	321571	321814
g5982	Scaffolds_19	-	4	3			0			0	0	2258321	2259008
g4599	Scaffolds_18	+	1	0			0	1304676	1305025	350	0		
g10117	Scaffolds_26	-	1	0			0			0	0		
g2083	Scaffolds_14	+	1	0			0			0	0		
g6586	Scaffolds_20	+	3	2			0			0	0	541737	542104
g4527	Scaffolds_18	-	1	0			0			0	0		
g6338	Scaffolds_2	+	1	0			0			0	0		
g11343	Scaffolds_29	+	1	0			0			0	0		
g5170	Scaffolds_18	-	1	0			0			0	0		
g4925	Scaffolds_18	-	1	0			0			0	0		
g8485	Scaffolds_23	+	3	2			0	552964	553247	284	0	551494	551551
g5508	Scaffolds_19	+	1	0			0			0	0		
g2611	Scaffolds_15	-	1	0			0			0	0		
g1884	Scaffolds_13	+	1	0			0			0	0		
g8992	Scaffolds_24	+	1	0			0			0	0		
g14482	Scaffolds_4	+	1	0			0			0	0		
g3524	Scaffolds_16	+	1	0			0			0	0		
g2896	Scaffolds_15	-	1	0			0			0	0		
g12512	Scaffolds_31	+	1	0			0			0	0		
g7074	Scaffolds_21	+	1	0			0	124916	125804	889	0		
g9591	Scaffolds_25	-	1	0			0			0	0		
g10722	Scaffolds_29	+	3	2			0	472605	475174	2570	0	470526	470584
g4739	Scaffolds_18	-	2	1			0			0	0	1834287	1834639
g3464	Scaffolds_16	+	2	1			0			0	0	428926	429123
g4511	Scaffolds_18	-	1	0			0			0	0		
g15072	Scaffolds_6	-	1	0			0			0	0		
g7671	Scaffolds_21	+	1	0			0			0	0		
g3529	Scaffolds_16	-	1	0			0			0	0		
g12781	Scaffolds_32	+	1	0			0	833338	833515	178	0		
g620	Scaffolds_1	-	8	7	546581	546645	65			0	0	545137	545239
g8683	Scaffolds_23	-	2	1			0			0	0	1339634	1339971
g4324	Scaffolds_18	-	1	0			0			0	0		
g2351	Scaffolds_14	+	1	0			0	1031602	1032103	502	0		
g2401	Scaffolds_14	+	2	1			0			0	0	1181483	1181719
g11781	Scaffolds_3	-	1	0			0			0	0		
g10469	Scaffolds_28	+	2	1			0	510509	513120	2612	0	510424	510500
g13032	Scaffolds_33	-	2	1	846734	846830	97			0	0	846481	846616
g2433	Scaffolds_14	-	2	1	1288452	1289881	1430			0	0	1287140	1287216
g2652	Scaffolds_15	+	1	0			0			0	0		
g1592	Scaffolds_11	-	2	1	1193504	1193666	163			0	0	1191714	1192003
g1851	Scaffolds_13	-	3	2	369160	369593	434			0	0	368654	368712
g2546	Scaffolds_14	+	3	2			0	1689126	1689247	122	0	1688380	1688528
g13894	Scaffolds_4	-	3	2	1167311	1167416	106			0	0	1161651	1162932
g15328	Scaffolds_7	+	4	3			0			0	0	465486	465623
g2794	Scaffolds_15	+	5	4			0	755647	755791	145	0	754623	754716
g4939	Scaffolds_18	+	1	0			0			0	0		
g1201	Scaffolds_10	+	1	0			0	1359843	1360467	625	0		
g4997	Scaffolds_18	+	1	0			0			0	0		
g1647	Scaffolds_11	+	1	0			0			0	0		
g14360	Scaffolds_4	+	2	1			0	2992553	2994093	1541	0	2992366	2992430
g4355	Scaffolds_18	+	1	0			0			0	0		
g8214	Scaffolds_22	-	1	0			0			0	0		
g13405	Scaffolds_33	+	1	0			0			0	0		
g15919	Scaffolds_9	-	1	0			0			0	0		
g4238	Scaffolds_17	+	1	0			0			0	0		
g3252	Scaffolds_15	+	1	0			0	2608517	2608781	265	0		
g3777	Scaffolds_17	-	15	14			0			0	0	26705	26770
g6052	Scaffolds_19	-	6	5			0			0	0	2556945	2557018
g11826	Scaffolds_3	+	2	1			0			0	0	1317698	1317971
g1192	Scaffolds_10	-	1	0			0			0	0		
g6206	Scaffolds_2	+	2	1			0			0	0	591363	591406
g9409	Scaffolds_25	-	1	0			0			0	0		
g13666	Scaffolds_4	+	1	0			0			0	0		
g1984	Scaffolds_13	+	8	7			0	847091	847324	234	0	842418	842548
g6643	Scaffolds_20	+	1	0			0			0	0		
g11475	Scaffolds_3	+	1	0			0			0	0		
g6993	Scaffolds_20	+	1	0			0			0	0		
g7467	Scaffolds_21	+	1	0			0			0	0		
g14124	Scaffolds_4	+	2	1			0			0	0	2022588	2022636
g9391	Scaffolds_25	-	1	0			0			0	0		
g12856	Scaffolds_33	-	1	0			0			0	0		
g11119	Scaffolds_29	+	1	0			0			0	0		
g2760	Scaffolds_15	+	2	1			0			0	0	604692	604866
g4778	Scaffolds_18	+	4	3			0	1982294	1983173	880	0	1981081	1981158
g5559	Scaffolds_19	+	1	0			0			0	0		
g2005	Scaffolds_13	+	1	0			0			0	0		
g15725	Scaffolds_8	-	2	1			0			0	0	1385984	1386042
g9726	Scaffolds_25	-	1	0			0			0	0		
g8564	Scaffolds_23	+	1	0			0			0	0		
g454	Scaffolds_0	+	1	0			0			0	0		
g4929	Scaffolds_18	+	1	0			0			0	0		
g15354	Scaffolds_7	-	4	3			0			0	0	556734	557161
g1707	Scaffolds_11	-	1	0	1636443	1636734	292			0	0		
g6906	Scaffolds_20	-	1	0			0			0	0		
g2505	Scaffolds_14	+	1	0			0			0	0		
g13517	Scaffolds_33	+	1	0			0			0	0		
g1423	Scaffolds_11	-	1	0	582897	582931	35			0	0		
g11018	Scaffolds_29	-	1	0	1604530	1604590	61			0	0		
g11111	Scaffolds_29	+	1	0			0			0	0		
g1938	Scaffolds_13	+	1	0			0			0	0		
g12202	Scaffolds_31	-	1	0			0			0	0		
g2136	Scaffolds_14	-	1	0			0			0	0		
g14756	Scaffolds_5	+	2	1			0			0	0	683136	683327
g15101	Scaffolds_6	-	1	0			0			0	0		
g5945	Scaffolds_19	-	1	0			0			0	0		
g15373	Scaffolds_8	+	1	0			0			0	0		
g2231	Scaffolds_14	+	1	0			0			0	0		
g9856	Scaffolds_26	+	1	0			0			0	0		
g637	Scaffolds_1	+	4	3			0	604442	604566	125	0	602659	602909
g2842	Scaffolds_15	-	2	1	972921	973100	180			0	0	972371	972709
g203	Scaffolds_0	-	1	0	850457	851137	681			0	0		
g487	Scaffolds_1	+	1	0			0			0	0		
g649	Scaffolds_1	-	1	0			0			0	0		
g12713	Scaffolds_32	-	1	0			0			0	0		
g5146	Scaffolds_18	+	1	0			0			0	0		
g1273	Scaffolds_10	-	1	0			0			0	0		
g10897	Scaffolds_29	+	1	0			0			0	0		
g2	Scaffolds_0	-	1	0			0			0	0		
g12766	Scaffolds_32	-	1	0			0			0	0		
g5838	Scaffolds_19	+	2	1			0			0	0	1789907	1790055
g219	Scaffolds_0	+	1	0			0			0	0		
g13990	Scaffolds_4	+	1	0			0			0	0		
g9676	Scaffolds_25	+	1	0			0			0	0		
g13911	Scaffolds_4	+	1	0			0			0	0		
g4390	Scaffolds_18	+	1	0			0			0	0		
g16009	Scaffolds_9	-	1	0			0			0	0		
g15011	Scaffolds_6	-	1	0			0			0	0		
g14325	Scaffolds_4	-	1	0			0			0	0		
g5338	Scaffolds_19	+	1	0			0			0	0		
g14129	Scaffolds_4	-	1	0			0			0	0		
g14877	Scaffolds_5	-	1	0			0			0	0		
g77	Scaffolds_0	+	1	0			0	365633	366050	418	0		
g687	Scaffolds_1	-	1	0			0			0	0		
g1818	Scaffolds_13	-	1	0			0			0	0		
g13044	Scaffolds_33	+	1	0			0			0	0		
g12536	Scaffolds_31	-	1	0			0			0	0		
g14394	Scaffolds_4	+	1	0			0			0	0		
g12923	Scaffolds_33	-	2	1			0			0	0	394145	394219
g9549	Scaffolds_25	+	1	0			0			0	0		
g6875	Scaffolds_20	+	1	0			0			0	0		
g298	Scaffolds_0	+	1	0			0			0	0		
g1374	Scaffolds_11	-	1	0			0			0	0		
g2232	Scaffolds_14	+	1	0			0			0	0		
g4549	Scaffolds_18	-	1	0	1127451	1127482	32			0	0		
g9004	Scaffolds_24	+	1	0			0			0	0		
g11847	Scaffolds_3	+	1	0			0			0	0		
g11240	Scaffolds_29	+	1	0			0			0	0		
g1130	Scaffolds_10	+	1	0			0			0	0		
g4415	Scaffolds_18	+	1	0			0			0	0		
g309	Scaffolds_0	-	2	1			0			0	0	1220683	1220851
g15294	Scaffolds_7	+	1	0			0	338032	338617	586	0		
g11694	Scaffolds_3	+	1	0			0			0	0		
g5299	Scaffolds_18	+	21	20			0	3910501	3910520	20	0	3902363	3902752
g2954	Scaffolds_15	-	1	0	1460043	1460694	652			0	0		
g6063	Scaffolds_2	-	13	12			0			0	0	108358	108640
g14916	Scaffolds_5	-	1	0			0			0	0		
g136	Scaffolds_0	+	1	0			0			0	0		
g14083	Scaffolds_4	+	1	0			0			0	0		
g10791	Scaffolds_29	+	1	0			0	715260	715618	359	0		
g6419	Scaffolds_2	-	1	0			0			0	0		
g3351	Scaffolds_16	+	7	6			0	35734	35915	182	0	33223	33398
g5253	Scaffolds_18	-	1	0			0			0	0		
g4956	Scaffolds_18	+	1	0			0			0	0		
g13003	Scaffolds_33	+	2	1			0	741085	741254	170	0	739935	740071
g10253	Scaffolds_26	+	1	0			0			0	0		
g2800	Scaffolds_15	+	1	0			0			0	0		
g2704	Scaffolds_15	+	3	2			0	433592	433660	69	0	430656	430725
g5159	Scaffolds_18	-	2	1	3409300	3409358	59			0	0	3408057	3408185
g2987	Scaffolds_15	+	1	0			0			0	0		
g13130	Scaffolds_33	+	1	0			0			0	0		
g2739	Scaffolds_15	+	1	0			0	534574	534916	343	0		
g13269	Scaffolds_33	-	4	3			0			0	0	1712529	1712641
g11499	Scaffolds_3	+	1	0			0			0	0		
g5794	Scaffolds_19	+	1	0			0			0	0		
g11340	Scaffolds_29	+	1	0			0			0	0		
g12595	Scaffolds_32	-	1	0	227479	227617	139			0	0		
g4993	Scaffolds_18	+	1	0			0			0	0		
g3106	Scaffolds_15	-	1	0			0			0	0		
g1293	Scaffolds_10	+	15	14			0	1643689	1643848	160	0	1641051	1641142
g15051	Scaffolds_6	+	4	3			0	439625	440047	423	0	438639	438741
g15659	Scaffolds_8	+	1	0			0			0	0		
g8709	Scaffolds_23	+	1	0			0			0	0		
g3880	Scaffolds_17	+	2	1			0			0	0	402324	402651
g7142	Scaffolds_21	-	1	0			0			0	0		
g10707	Scaffolds_29	+	1	0			0			0	0		
g9291	Scaffolds_24	+	1	0			0			0	0		
g14514	Scaffolds_4	+	2	1			0	3598081	3598110	30	0	3594780	3594967
g10960	Scaffolds_29	+	1	0			0			0	0		
g3708	Scaffolds_16	+	2	1			0	1234125	1234482	358	0	1232100	1232230
g14915	Scaffolds_5	-	1	0			0			0	0		
g6879	Scaffolds_20	+	1	0			0			0	0		
g7208	Scaffolds_21	-	2	1			0			0	0	723018	723186
g2072	Scaffolds_14	+	3	2			0	37949	38120	172	0	36102	36173
g1979	Scaffolds_13	+	2	1			0			0	0	833509	833818
g4360	Scaffolds_18	-	2	1	411192	411267	76			0	0	410903	411188
g11005	Scaffolds_29	-	3	2	1560715	1561174	460			0	0	1558791	1558889
g4203	Scaffolds_17	-	1	0			0			0	0		
g3945	Scaffolds_17	-	1	0			0			0	0		
g5887	Scaffolds_19	-	1	0	1953988	1954198	211			0	0		
g1203	Scaffolds_10	+	1	0			0			0	0		
g11493	Scaffolds_3	-	1	0			0			0	0		
g11428	Scaffolds_29	+	2	1			0			0	0	3093191	3093477
g15033	Scaffolds_6	-	1	0			0			0	0		
g13848	Scaffolds_4	-	1	0			0			0	0		
g6522	Scaffolds_20	-	1	0			0			0	0		
g13682	Scaffolds_4	-	6	5			0			0	0	301431	301527
g15384	Scaffolds_8	-	1	0	101767	101960	194			0	0		
g15825	Scaffolds_9	+	1	0			0			0	0		
g11399	Scaffolds_29	-	1	0			0			0	0		
g4512	Scaffolds_18	-	1	0			0			0	0		
g15838	Scaffolds_9	-	1	0			0			0	0		
g961	Scaffolds_10	-	2	1			0			0	0	535271	535453
g5996	Scaffolds_19	+	3	2			0	2314741	2315162	422	0	2313958	2314218
g1618	Scaffolds_11	+	1	0			0			0	0		
g15220	Scaffolds_7	-	1	0			0			0	0		
g10600	Scaffolds_28	-	7	6	1060472	1060925	454			0	0	1058583	1058677
g3872	Scaffolds_17	-	1	0			0			0	0		
g182	Scaffolds_0	-	1	0			0			0	0		
g14091	Scaffolds_4	+	1	0			0			0	0		
g9987	Scaffolds_26	+	1	0			0			0	0		
g4468	Scaffolds_18	+	1	0			0			0	0		
g2964	Scaffolds_15	-	1	0			0			0	0		
g8793	Scaffolds_23	+	3	2			0	1840379	1843709	3331	0	1838294	1838373
g6713	Scaffolds_20	+	1	0			0			0	0		
g8776	Scaffolds_23	+	1	0			0			0	0		
g13091	Scaffolds_33	-	1	0			0			0	0		
g8361	Scaffolds_23	+	1	0			0			0	0		
g6500	Scaffolds_20	+	2	1			0	259503	260021	519	0	253250	253483
g1976	Scaffolds_13	-	1	0			0			0	0		
g6078	Scaffolds_2	-	1	0			0			0	0		
g11091	Scaffolds_29	-	3	2	1862482	1862634	153			0	0	1861874	1862003
g7035	Scaffolds_20	+	1	0			0			0	0		
g2174	Scaffolds_14	+	1	0			0			0	0		
g3428	Scaffolds_16	+	1	0			0			0	0		
g5950	Scaffolds_19	+	1	0			0			0	0		
g12678	Scaffolds_32	-	1	0	501537	501539	3			0	0		
g15466	Scaffolds_8	+	1	0			0			0	0		
g12842	Scaffolds_33	-	1	0			0			0	0		
g8716	Scaffolds_23	+	1	0			0			0	0		
g8550	Scaffolds_23	-	2	1			0			0	0	840242	840683
g2587	Scaffolds_15	-	21	20	33673	33775	103			0	0	25999	26274
g8366	Scaffolds_23	+	1	0			0			0	0		
g8914	Scaffolds_24	+	1	0			0			0	0		
g5596	Scaffolds_19	+	1	0			0			0	0		
g2797	Scaffolds_15	-	1	0			0			0	0		
g4478	Scaffolds_18	+	1	0			0	888322	888754	433	0		
g3387	Scaffolds_16	-	1	0			0			0	0		
g3784	Scaffolds_17	-	1	0			0			0	0		
g6086	Scaffolds_2	-	1	0			0			0	0		
g3604	Scaffolds_16	+	1	0			0			0	0		
g15808	Scaffolds_8	+	2	1			0			0	0	1664885	1665232
g5711	Scaffolds_19	-	3	2			0			0	0	1352535	1352656
g11178	Scaffolds_29	+	1	0			0			0	0		
g7332	Scaffolds_21	+	2	1			0			0	0	1115629	1115707
g11522	Scaffolds_3	+	3	2			0			0	0	195656	195974
g8340	Scaffolds_22	-	1	0			0			0	0		
g3911	Scaffolds_17	+	1	0			0			0	0		
g8789	Scaffolds_23	-	1	0	1824533	1825241	709			0	0		
g14834	Scaffolds_5	+	2	1			0	1002210	1002448	239	0	1001734	1001925
g3726	Scaffolds_16	+	1	0			0			0	0		
g9844	Scaffolds_26	+	1	0			0			0	0		
g7457	Scaffolds_21	+	1	0			0			0	0		
g1253	Scaffolds_10	-	1	0			0			0	0		
g15209	Scaffolds_7	+	3	2			0	27314	34434	7121	0	25932	26074
g15581	Scaffolds_8	+	1	0			0			0	0		
g10994	Scaffolds_29	+	1	0			0			0	0		
g8638	Scaffolds_23	-	2	1			0			0	0	1200044	1200326
g12775	Scaffolds_32	+	1	0			0			0	0		
g14576	Scaffolds_4	+	1	0			0			0	0		
g6820	Scaffolds_20	+	1	0			0			0	0		
g8559	Scaffolds_23	-	1	0			0			0	0		
g3980	Scaffolds_17	-	1	0			0			0	0		
g13500	Scaffolds_33	+	1	0			0			0	0		
g553	Scaffolds_1	+	1	0			0			0	0		
g751	Scaffolds_1	+	1	0			0			0	0		
g15014	Scaffolds_6	-	1	0			0			0	0		
g11641	Scaffolds_3	+	2	1			0	606430	606530	101	0	603657	603816
g10402	Scaffolds_28	+	2	1			0	220652	220801	150	0	219574	219756
g6351	Scaffolds_2	+	1	0			0	1211790	1212051	262	0		
g3306	Scaffolds_15	+	1	0			0			0	0		
g10093	Scaffolds_26	-	3	2			0			0	0	1349358	1349458
g4199	Scaffolds_17	+	1	0			0			0	0		
g4620	Scaffolds_18	+	1	0	1367693	1368880	1188	1370183	1370453	271	0		
g8393	Scaffolds_23	-	4	3	238594	238696	103			0	0	237991	238125
g8423	Scaffolds_23	+	1	0			0			0	0		
g11505	Scaffolds_3	+	1	0			0			0	0		
g2473	Scaffolds_14	-	1	0			0			0	0		
g8292	Scaffolds_22	+	1	0			0			0	0		
g3837	Scaffolds_17	-	1	0			0			0	0		
g11624	Scaffolds_3	+	1	0			0			0	0		
g531	Scaffolds_1	-	1	0			0			0	0		
g2186	Scaffolds_14	-	1	0			0			0	0		
g15796	Scaffolds_8	+	2	1			0	1626137	1627267	1131	0	1625027	1625071
g9709	Scaffolds_25	+	1	0			0			0	0		
g530	Scaffolds_1	+	1	0			0			0	0		
g12180	Scaffolds_31	-	5	4	24786	24807	22			0	0	23686	23830
g2669	Scaffolds_15	+	1	0			0			0	0		
g931	Scaffolds_10	-	1	0			0			0	0		
g4947	Scaffolds_18	+	2	1			0	2564056	2564568	513	0	2563409	2563627
g9451	Scaffolds_25	+	3	2			0	455966	456051	86	0	452201	452249
g11175	Scaffolds_29	+	5	4			0	2198184	2199504	1321	0	2195911	2196214
g9188	Scaffolds_24	+	1	0			0			0	0		
g4867	Scaffolds_18	-	1	0			0			0	0		
g10058	Scaffolds_26	-	1	0			0			0	0		
g1499	Scaffolds_11	-	1	0			0			0	0		
g13673	Scaffolds_4	-	1	0			0			0	0		
g8274	Scaffolds_22	+	7	6			0	1821753	1824085	2333	0	1820178	1820315
g12587	Scaffolds_32	+	1	0			0			0	0		
g6488	Scaffolds_20	-	1	0			0			0	0		
g4738	Scaffolds_18	+	1	0			0			0	0		
g13903	Scaffolds_4	-	1	0			0			0	0		
g4948	Scaffolds_18	+	1	0			0			0	0		
g1593	Scaffolds_11	-	1	0			0			0	0		
g15059	Scaffolds_6	+	1	0			0			0	0		
g7183	Scaffolds_21	+	1	0			0			0	0		
g8642	Scaffolds_23	-	1	0			0			0	0		
g11552	Scaffolds_3	+	2	1			0			0	0	318550	318678
g11079	Scaffolds_29	+	1	0			0			0	0		
g15850	Scaffolds_9	+	1	0			0	82408	82570	163	0		
g13106	Scaffolds_33	-	1	0			0			0	0		
g12303	Scaffolds_31	-	4	3			0			0	0	419746	419882
g7965	Scaffolds_22	+	1	0			0			0	0		
g8538	Scaffolds_23	+	1	0			0			0	0		
g9648	Scaffolds_25	-	1	0			0			0	0		
g6665	Scaffolds_20	+	1	0			0			0	0		
g4103	Scaffolds_17	+	2	1			0	1174422	1174946	525	0	1172319	1172526
g1541	Scaffolds_11	-	1	0			0			0	0		
g364	Scaffolds_0	-	3	2	1393176	1393276	101			0	0	1390859	1391154
g1738	Scaffolds_12	-	1	0			0			0	0		
g11071	Scaffolds_29	+	1	0			0			0	0		
g3284	Scaffolds_15	-	1	0			0			0	0		
g2100	Scaffolds_14	+	1	0			0			0	0		
g3334	Scaffolds_15	-	1	0			0			0	0		
g13435	Scaffolds_33	+	1	0			0			0	0		
g1995	Scaffolds_13	+	4	3			0	874003	874508	506	0	872348	872817
g7385	Scaffolds_21	+	1	0			0			0	0		
g5877	Scaffolds_19	-	1	0			0			0	0		
g3004	Scaffolds_15	+	1	0			0			0	0		
g4389	Scaffolds_18	-	3	2	530003	530810	808			0	0	529583	529734
g7957	Scaffolds_22	+	1	0			0			0	0		
g10380	Scaffolds_28	-	1	0			0			0	0		
g12308	Scaffolds_31	-	1	0			0			0	0		
g7239	Scaffolds_21	-	1	0			0			0	0		
g13263	Scaffolds_33	+	1	0			0			0	0		
g14318	Scaffolds_4	-	2	1			0			0	0	2732121	2732191
g10636	Scaffolds_29	+	1	0			0			0	0		
g7627	Scaffolds_21	-	1	0			0			0	0		
g197	Scaffolds_0	+	1	0			0			0	0		
g5737	Scaffolds_19	-	1	0			0			0	0		
g3029	Scaffolds_15	+	2	1			0	1750808	1751122	315	0	1749284	1749619
g3600	Scaffolds_16	+	1	0			0			0	0		
g9447	Scaffolds_25	+	1	0			0			0	0		
g9026	Scaffolds_24	+	1	0			0			0	0		
g3709	Scaffolds_16	+	2	1			0			0	0	1236935	1237120
g3583	Scaffolds_16	-	1	0	829921	830058	138			0	0		
g2285	Scaffolds_14	+	3	2			0	772365	773425	1061	0	770394	770483
g3049	Scaffolds_15	+	1	0			0			0	0		
g6195	Scaffolds_2	-	1	0			0			0	0		
g153	Scaffolds_0	+	3	2			0	647953	650026	2074	0	644591	644752
g6911	Scaffolds_20	+	1	0			0			0	0		
g14894	Scaffolds_5	-	1	0			0			0	0		
g14257	Scaffolds_4	-	1	0			0			0	0		
g3748	Scaffolds_16	+	2	1			0	1387991	1388161	171	0	1387136	1387296
g7276	Scaffolds_21	+	1	0			0			0	0		
g2123	Scaffolds_14	-	3	2			0			0	0	208597	208692
g1801	Scaffolds_13	-	1	0			0			0	0		
g2208	Scaffolds_14	-	1	0			0			0	0		
g2209	Scaffolds_14	+	1	0			0			0	0		
g13550	Scaffolds_33	+	1	0			0			0	0		
g1304	Scaffolds_11	+	2	1			0	80150	81169	1020	0	77921	78269
g4092	Scaffolds_17	+	1	0			0			0	0		
g8999	Scaffolds_24	+	1	0			0			0	0		
g6963	Scaffolds_20	-	1	0			0			0	0		
g14264	Scaffolds_4	-	2	1			0			0	0	2523540	2523746
g1408	Scaffolds_11	-	3	2	541823	541983	161			0	0	541306	541404
g6161	Scaffolds_2	+	1	0			0	470431	470547	117	0		
g12529	Scaffolds_31	+	3	2			0	1237939	1239401	1463	0	1234803	1234912
g14478	Scaffolds_4	+	1	0			0			0	0		
g13482	Scaffolds_33	-	2	1			0			0	0	2623588	2623740
g13363	Scaffolds_33	-	1	0			0			0	0		
g9888	Scaffolds_26	+	1	0			0			0	0		
g8649	Scaffolds_23	+	1	0			0			0	0		
g6753	Scaffolds_20	-	1	0	1186865	1187003	139			0	0		
g12784	Scaffolds_32	-	2	1	851545	851635	91			0	0	851088	851401
g6878	Scaffolds_20	+	1	0			0			0	0		
g3764	Scaffolds_16	+	1	0			0			0	0		
g3602	Scaffolds_16	+	1	0			0	888085	891794	3710	0		
g8584	Scaffolds_23	+	1	0			0			0	0		
g11327	Scaffolds_29	+	1	0			0			0	0		
g8289	Scaffolds_22	+	4	3			0	1879645	1879721	77	0	1877278	1877573
g1411	Scaffolds_11	+	4	3			0	550181	552998	2818	0	548548	548607
g6813	Scaffolds_20	-	1	0			0			0	0		
g2890	Scaffolds_15	-	1	0			0			0	0		
g9148	Scaffolds_24	+	1	0			0			0	0		
g11243	Scaffolds_29	-	3	2	2437048	2437391	344			0	0	2436005	2436107
g3488	Scaffolds_16	-	1	0	506916	507290	375			0	0		
g8397	Scaffolds_23	+	1	0			0			0	0		
g11420	Scaffolds_29	-	4	3			0			0	0	3056815	3056965
g2321	Scaffolds_14	+	1	0			0			0	0		
g16025	Scaffolds_9	-	4	3	693098	693218	121			0	0	692448	692618
g3392	Scaffolds_16	+	1	0			0			0	0		
g12340	Scaffolds_31	+	1	0			0			0	0		
g4834	Scaffolds_18	+	1	0			0			0	0		
g14869	Scaffolds_5	+	3	2			0	1119408	1120247	840	0	1118804	1118998
g2316	Scaffolds_14	+	1	0			0			0	0		
g15750	Scaffolds_8	+	1	0			0			0	0		
g13604	Scaffolds_33	+	1	0			0			0	0		
g14967	Scaffolds_6	+	1	0			0			0	0		
g7532	Scaffolds_21	+	1	0			0			0	0		
g12586	Scaffolds_32	-	1	0			0			0	0		
g8971	Scaffolds_24	-	2	1			0			0	0	379007	379187
g5156	Scaffolds_18	+	1	0			0	3397842	3398027	186	0		
g2404	Scaffolds_14	+	1	0			0	1188203	1188598	396	0		
g9458	Scaffolds_25	+	3	2			0	494635	494715	81	0	491300	491633
g3506	Scaffolds_16	-	1	0			0			0	0		
g1044	Scaffolds_10	-	1	0			0			0	0		
g7437	Scaffolds_21	-	1	0			0			0	0		
g4662	Scaffolds_18	-	1	0			0			0	0		
g15714	Scaffolds_8	-	2	1			0			0	0	1348980	1349512
g3554	Scaffolds_16	+	1	0			0			0	0		
g15079	Scaffolds_6	-	1	0			0			0	0		
g5395	Scaffolds_19	+	1	0			0			0	0		
g6315	Scaffolds_2	-	1	0			0			0	0		
g4757	Scaffolds_18	+	1	0			0			0	0		
g3343	Scaffolds_15	-	19	18	2955846	2956204	359			0	0	2949045	2949200
g7156	Scaffolds_21	+	1	0			0			0	0		
g6859	Scaffolds_20	-	2	1	1571772	1572040	269			0	0	1569048	1569096
g13589	Scaffolds_33	-	2	1			0			0	0	3053317	3053486
g10919	Scaffolds_29	+	1	0			0			0	0		
g13906	Scaffolds_4	+	2	1			0	1213099	1213427	329	0	1211474	1211812
g11590	Scaffolds_3	-	1	0			0			0	0		
g2585	Scaffolds_14	+	11	10			0	1863651	1863666	16	0	1859380	1859777
g15495	Scaffolds_8	-	3	2	526024	526226	203			0	0	525325	525504
g10816	Scaffolds_29	-	1	0			0			0	0		
g16077	Scaffolds_9	+	1	0			0			0	0		
g6721	Scaffolds_20	+	1	0			0			0	0		
g2785	Scaffolds_15	+	1	0			0			0	0		
g9472	Scaffolds_25	+	2	1			0	544925	545939	1015	0	543307	544561
g6989	Scaffolds_20	+	1	0			0			0	0		
g15378	Scaffolds_8	-	4	3			0			0	0	77395	77515
g4368	Scaffolds_18	-	1	0			0			0	0		
g2628	Scaffolds_15	+	1	0			0			0	0		
g13160	Scaffolds_33	+	1	0			0			0	0		
g3115	Scaffolds_15	-	1	0			0			0	0		
g3836	Scaffolds_17	+	1	0			0			0	0		
g4447	Scaffolds_18	+	1	0			0			0	0		
g2187	Scaffolds_14	-	1	0			0			0	0		
g14320	Scaffolds_4	-	1	0			0			0	0		
g2296	Scaffolds_14	+	1	0			0			0	0		
g12463	Scaffolds_31	+	1	0			0			0	0		
g6605	Scaffolds_20	+	2	1			0			0	0	610961	611293
g3974	Scaffolds_17	-	3	2	755350	755466	117			0	0	754786	754888
g15526	Scaffolds_8	-	1	0			0			0	0		
g2158	Scaffolds_14	-	1	0	320654	323209	2556			0	0		
g198	Scaffolds_0	-	1	0			0			0	0		
g15605	Scaffolds_8	-	1	0			0			0	0		
g10385	Scaffolds_28	+	1	0			0			0	0		
g8489	Scaffolds_23	-	1	0			0			0	0		
g4780	Scaffolds_18	-	1	0			0			0	0		
g15362	Scaffolds_7	-	1	0			0			0	0		
g8358	Scaffolds_23	+	1	0			0			0	0		
g7476	Scaffolds_21	-	1	0			0			0	0		
g7483	Scaffolds_21	+	1	0			0	1666761	1666984	224	0		
g7197	Scaffolds_21	+	1	0			0	676079	676238	160	0		
g1359	Scaffolds_11	-	1	0			0			0	0		
g7822	Scaffolds_22	-	2	1			0			0	0	219071	219402
g7282	Scaffolds_21	+	2	1			0			0	0	938203	938417
g9471	Scaffolds_25	-	1	0			0			0	0		
g14406	Scaffolds_4	+	1	0			0			0	0		
g14041	Scaffolds_4	-	2	1			0			0	0	1706597	1706790
g3048	Scaffolds_15	-	1	0			0			0	0		
g9195	Scaffolds_24	+	1	0			0			0	0		
g5537	Scaffolds_19	-	1	0			0			0	0		
g11333	Scaffolds_29	+	1	0			0			0	0		
g10488	Scaffolds_28	+	2	1			0	591225	592120	896	0	588151	588933
g6447	Scaffolds_20	-	1	0			0			0	0		
g13229	Scaffolds_33	+	1	0			0			0	0		
g13108	Scaffolds_33	-	1	0			0			0	0		
g11451	Scaffolds_29	-	5	4	3189422	3189857	436			0	0	3187716	3187778
g2748	Scaffolds_15	+	1	0			0			0	0		
g14995	Scaffolds_6	-	1	0			0			0	0		
g11817	Scaffolds_3	-	1	0			0			0	0		
g8766	Scaffolds_23	-	1	0			0			0	0		
g5646	Scaffolds_19	-	1	0			0			0	0		
g8870	Scaffolds_23	+	1	0			0			0	0		
g10820	Scaffolds_29	-	1	0			0			0	0		
g11074	Scaffolds_29	+	1	0			0			0	0		
g11208	Scaffolds_29	+	1	0			0	2305320	2305778	459	0		
g5728	Scaffolds_19	-	1	0			0			0	0		
g9756	Scaffolds_26	+	1	0			0			0	0		
g357	Scaffolds_0	-	1	0			0			0	0		
g3032	Scaffolds_15	+	1	0			0			0	0		
g6477	Scaffolds_20	-	2	1			0			0	0	176247	176545
g13062	Scaffolds_33	+	1	0			0			0	0		
g10150	Scaffolds_26	+	1	0			0			0	0		
g10442	Scaffolds_28	+	2	1			0			0	0	381842	382027
g6904	Scaffolds_20	+	1	0			0			0	0		
g13902	Scaffolds_4	+	1	0			0			0	0		
g11736	Scaffolds_3	+	1	0			0			0	0		
g1792	Scaffolds_13	+	5	4			0	182421	182838	418	0	180998	181045
g12427	Scaffolds_31	-	1	0			0			0	0		
g2806	Scaffolds_15	+	1	0			0			0	0		
g9368	Scaffolds_25	+	1	0			0	134999	135379	381	0		
g9298	Scaffolds_24	-	1	0			0			0	0		
g3450	Scaffolds_16	+	1	0			0			0	0		
g160	Scaffolds_0	-	1	0			0			0	0		
g7460	Scaffolds_21	+	2	1			0			0	0	1574313	1574606
g3445	Scaffolds_16	+	1	0			0			0	0		
g1415	Scaffolds_11	+	1	0			0			0	0		
g4127	Scaffolds_17	+	1	0	1287675	1288181	507			0	0		
g6350	Scaffolds_2	+	3	2			0	1209610	1210205	596	0	1208913	1208988
g7947	Scaffolds_22	+	2	1			0			0	0	624622	624673
g15785	Scaffolds_8	-	1	0			0			0	0		
g9634	Scaffolds_25	-	1	0			0			0	0		
g1286	Scaffolds_10	-	2	1	1614933	1614986	54			0	0	1614620	1614861
g101	Scaffolds_0	-	1	0	461047	461175	129			0	0		
g1001	Scaffolds_10	-	1	0			0			0	0		
g8875	Scaffolds_23	+	1	0			0			0	0		
g4461	Scaffolds_18	+	1	0			0			0	0		
g11006	Scaffolds_29	-	1	0			0			0	0		
g796	Scaffolds_1	+	1	0			0			0	0		
g9943	Scaffolds_26	+	2	1			0	804622	804820	199	0	804007	804098
g10546	Scaffolds_28	+	1	0			0			0	0		
g1366	Scaffolds_11	+	1	0			0			0	0		
g6111	Scaffolds_2	+	1	0			0	298814	299268	455	0		
g1973	Scaffolds_13	+	2	1			0	812138	813384	1247	0	809607	811508
g10179	Scaffolds_26	+	1	0			0			0	0		
g3919	Scaffolds_17	-	1	0			0			0	0		
g6577	Scaffolds_20	-	1	0			0			0	0		
g2936	Scaffolds_15	-	2	1			0			0	0	1381992	1382202
g4287	Scaffolds_18	+	3	2			0	194551	194641	91	0	193651	193902
g4325	Scaffolds_18	+	1	0			0			0	0		
g10682	Scaffolds_29	-	1	0			0			0	0		
g15358	Scaffolds_7	-	1	0			0			0	0		
g4566	Scaffolds_18	-	1	0			0			0	0		
g11137	Scaffolds_29	+	1	0			0			0	0		
g11237	Scaffolds_29	-	1	0			0			0	0		
g5523	Scaffolds_19	-	2	1	723570	723577	8			0	0	723210	723480
g2007	Scaffolds_13	+	2	1			0	913215	913358	144	0	911766	912081
g11790	Scaffolds_3	+	1	0			0			0	0		
g13824	Scaffolds_4	+	1	0			0			0	0		
g11924	Scaffolds_3	-	1	0			0			0	0		
g3098	Scaffolds_15	-	1	0			0			0	0		
g5704	Scaffolds_19	-	2	1			0			0	0	1324436	1324529
g14948	Scaffolds_6	+	1	0			0			0	0		
g5139	Scaffolds_18	+	1	0			0	3289970	3290404	435	0		
g11039	Scaffolds_29	-	1	0			0			0	0		
g15292	Scaffolds_7	-	1	0			0			0	0		
g10711	Scaffolds_29	-	1	0			0			0	0		
g9940	Scaffolds_26	+	1	0			0			0	0		
g7512	Scaffolds_21	-	1	0			0			0	0		
g7170	Scaffolds_21	+	1	0			0			0	0		
g13004	Scaffolds_33	-	1	0			0			0	0		
g10004	Scaffolds_26	-	1	0			0			0	0		
g3865	Scaffolds_17	+	3	2			0	347115	347668	554	0	344611	344660
g763	Scaffolds_1	-	3	2			0			0	0	1083300	1083451
g3500	Scaffolds_16	+	1	0			0	539467	539558	92	0		
g3222	Scaffolds_15	-	3	2			0			0	0	2509726	2510010
g871	Scaffolds_10	-	1	0			0			0	0		
g14589	Scaffolds_5	+	1	0			0			0	0		
g14058	Scaffolds_4	-	1	0			0			0	0		
g4557	Scaffolds_18	+	2	1			0	1148266	1148299	34	0	1145985	1146255
g9724	Scaffolds_25	+	1	0			0			0	0		
g128	Scaffolds_0	-	1	0			0			0	0		
g4270	Scaffolds_18	-	1	0	95503	95620	118			0	0		
g7832	Scaffolds_22	-	1	0			0			0	0		
g548	Scaffolds_1	+	3	2			0	305023	305553	531	0	303464	303634
g6626	Scaffolds_20	-	1	0			0			0	0		
g15028	Scaffolds_6	-	1	0			0			0	0		
g9547	Scaffolds_25	-	1	0			0			0	0		
g14800	Scaffolds_5	+	1	0			0	869321	869787	467	0		
g4895	Scaffolds_18	-	1	0			0			0	0		
g4320	Scaffolds_18	-	1	0			0			0	0		
g2215	Scaffolds_14	+	2	1			0			0	0	535316	535376
g1783	Scaffolds_13	-	1	0			0			0	0		
g4795	Scaffolds_18	+	1	0			0			0	0		
g5196	Scaffolds_18	-	1	0			0			0	0		
g600	Scaffolds_1	+	1	0			0			0	0		
g2088	Scaffolds_14	+	1	0			0	84372	84398	27	0		
g13080	Scaffolds_33	-	3	2	1013615	1013643	29			0	0	1012520	1012597
g6876	Scaffolds_20	-	1	0			0			0	0		
g1271	Scaffolds_10	-	2	1			0			0	0	1563910	1563974
g1245	Scaffolds_10	+	1	0			0			0	0		
g14809	Scaffolds_5	-	1	0			0			0	0		
g1925	Scaffolds_13	+	1	0			0			0	0		
g6230	Scaffolds_2	-	1	0			0			0	0		
g6760	Scaffolds_20	-	2	1			0			0	0	1203077	1203488
g5029	Scaffolds_18	+	2	1			0	2805003	2805564	562	0	2803700	2803837
g3921	Scaffolds_17	+	1	0			0			0	0		
g12904	Scaffolds_33	+	1	0			0			0	0		
g11813	Scaffolds_3	-	1	0			0			0	0		
g1536	Scaffolds_11	+	1	0			0			0	0		
g15858	Scaffolds_9	-	1	0			0			0	0		
g11424	Scaffolds_29	-	2	1			0			0	0	3081099	3081238
g7027	Scaffolds_20	+	1	0			0	2200986	2201042	57	0		
g4640	Scaffolds_18	+	1	0			0			0	0		
g2188	Scaffolds_14	+	2	1			0	431603	431799	197	0	428485	428902
g1691	Scaffolds_11	+	1	0			0			0	0		
g13588	Scaffolds_33	+	1	0			0			0	0		
g9128	Scaffolds_24	-	1	0			0			0	0		
g10653	Scaffolds_29	+	1	0			0			0	0		
g10957	Scaffolds_29	+	4	3			0	1336228	1336545	318	0	1334577	1334658
g6689	Scaffolds_20	+	2	1			0	947480	947953	474	0	945952	946275
g8113	Scaffolds_22	+	1	0			0			0	0		
g14686	Scaffolds_5	-	1	0	378485	378681	197			0	0		
g9891	Scaffolds_26	+	3	2			0			0	0	635456	635920
g1510	Scaffolds_11	-	5	4			0			0	0	876605	876895
g13617	Scaffolds_4	-	15	14	60638	60741	104			0	0	55245	55540
g13874	Scaffolds_4	-	1	0			0			0	0		
g6160	Scaffolds_2	+	1	0			0			0	0		
g15910	Scaffolds_9	+	1	0			0			0	0		
g4516	Scaffolds_18	+	1	0			0			0	0		
g1750	Scaffolds_12	+	1	0			0			0	0		
g13639	Scaffolds_4	+	1	0			0			0	0		
g12331	Scaffolds_31	+	2	1			0			0	0	548857	549046
g2345	Scaffolds_14	+	1	0			0	1015412	1015463	52	0		
g9114	Scaffolds_24	-	1	0			0			0	0		
g2197	Scaffolds_14	-	1	0			0			0	0		
g7171	Scaffolds_21	-	1	0			0			0	0		
g5778	Scaffolds_19	-	1	0			0			0	0		
g13195	Scaffolds_33	+	1	0			0			0	0		
g16058	Scaffolds_9	+	1	0			0			0	0		
g5762	Scaffolds_19	-	1	0			0			0	0		
g7677	Scaffolds_21	+	1	0			0	2495152	2500936	5785	0		
g11483	Scaffolds_3	+	7	6			0	85316	85592	277	0	83867	84167
g2839	Scaffolds_15	+	1	0			0			0	0		
g1644	Scaffolds_11	-	1	0			0			0	0		
g7615	Scaffolds_21	-	1	0			0			0	0		
g1885	Scaffolds_13	-	1	0			0			0	0		
g10194	Scaffolds_26	+	3	2			0	1681923	1682264	342	0	1678864	1678973
g11825	Scaffolds_3	-	1	0			0			0	0		
g4509	Scaffolds_18	-	1	0			0			0	0		
g7538	Scaffolds_21	-	3	2	1904171	1904468	298			0	0	1903477	1903564
g3286	Scaffolds_15	-	1	0			0			0	0		
g12191	Scaffolds_31	+	2	1			0	72753	73397	645	0	71406	71446
g7716	Scaffolds_21	+	1	0			0			0	0		
g11506	Scaffolds_3	-	2	1			0			0	0	156381	156678
g15854	Scaffolds_9	+	1	0			0			0	0		
g10553	Scaffolds_28	+	1	0			0			0	0		
g12859	Scaffolds_33	+	1	0			0			0	0		
g100	Scaffolds_0	-	9	8			0			0	0	454359	454408
g7419	Scaffolds_21	-	1	0			0			0	0		
g12748	Scaffolds_32	-	10	9			0			0	0	719860	720012
g14745	Scaffolds_5	-	1	0			0			0	0		
g2269	Scaffolds_14	+	1	0			0			0	0		
g7173	Scaffolds_21	+	1	0			0			0	0		
g12526	Scaffolds_31	-	1	0			0			0	0		
g10029	Scaffolds_26	-	1	0			0			0	0		
g5500	Scaffolds_19	-	1	0	658447	658526	80			0	0		
g885	Scaffolds_10	+	4	3			0	175494	176206	713	0	174426	174518
g14206	Scaffolds_4	-	1	0			0			0	0		
g6595	Scaffolds_20	-	1	0			0			0	0		
g8705	Scaffolds_23	+	1	0			0			0	0		
g113	Scaffolds_0	-	1	0			0			0	0		
g2820	Scaffolds_15	-	1	0			0			0	0		
g5516	Scaffolds_19	+	1	0			0			0	0		
g13465	Scaffolds_33	+	1	0			0			0	0		
g2655	Scaffolds_15	+	1	0			0			0	0		
g7097	Scaffolds_21	-	5	4			0			0	0	215283	215385
g2236	Scaffolds_14	+	3	2			0	609036	609532	497	0	607614	607695
g3162	Scaffolds_15	+	1	0			0			0	0		
g4731	Scaffolds_18	-	1	0			0			0	0		
g12887	Scaffolds_33	+	1	0			0			0	0		
g5047	Scaffolds_18	+	1	0			0			0	0		
g10278	Scaffolds_26	-	1	0			0			0	0		
g5009	Scaffolds_18	+	1	0			0			0	0		
g14885	Scaffolds_5	-	1	0			0			0	0		
g12350	Scaffolds_31	+	1	0			0			0	0		
g9150	Scaffolds_24	-	2	1			0			0	0	1135687	1135900
g10028	Scaffolds_26	+	1	0			0			0	0		
g4253	Scaffolds_17	-	19	18	1709902	1710275	374			0	0	1703012	1703167
g14103	Scaffolds_4	+	1	0			0			0	0		
g7006	Scaffolds_20	+	1	0			0			0	0		
g2063	Scaffolds_14	-	1	0			0			0	0		
g7456	Scaffolds_21	+	1	0			0			0	0		
g6555	Scaffolds_20	+	2	1			0			0	0	456111	456304
g2976	Scaffolds_15	-	1	0			0			0	0		
g7543	Scaffolds_21	-	1	0			0			0	0		
g3628	Scaffolds_16	-	1	0			0			0	0		
g9920	Scaffolds_26	-	2	1			0			0	0	709997	710160
g12584	Scaffolds_32	-	1	0	200411	200774	364			0	0		
g3388	Scaffolds_16	+	1	0			0			0	0		
g12274	Scaffolds_31	+	1	0			0			0	0		
g14201	Scaffolds_4	+	1	0			0			0	0		
g14224	Scaffolds_4	+	1	0			0			0	0		
g15742	Scaffolds_8	-	1	0			0			0	0		
g5248	Scaffolds_18	+	1	0			0			0	0		
g10059	Scaffolds_26	+	3	2			0			0	0	1236054	1236106
g9534	Scaffolds_25	+	1	0			0			0	0		
g5062	Scaffolds_18	-	1	0			0			0	0		
g12912	Scaffolds_33	-	1	0			0			0	0		
g10360	Scaffolds_27	+	1	0			0			0	0		
g15636	Scaffolds_8	+	1	0			0			0	0		
g848	Scaffolds_1	+	12	11			0			0	0	1438192	1438565
g13560	Scaffolds_33	-	1	0			0			0	0		
g4147	Scaffolds_17	+	1	0			0			0	0		
g2178	Scaffolds_14	-	1	0			0			0	0		
g652	Scaffolds_1	+	1	0			0			0	0		
g6058	Scaffolds_2	-	19	18	24794	24944	151			0	0	17800	18082
g9617	Scaffolds_25	+	2	1			0	1091498	1091622	125	0	1090641	1090816
g8462	Scaffolds_23	+	1	0			0			0	0		
g13136	Scaffolds_33	-	1	0			0			0	0		
g3033	Scaffolds_15	+	7	6			0	1771445	1771765	321	0	1769132	1769273
g4371	Scaffolds_18	+	1	0			0			0	0		
g2207	Scaffolds_14	+	1	0			0			0	0		
g15851	Scaffolds_9	-	1	0			0			0	0		
g619	Scaffolds_1	+	1	0			0			0	0		
g8791	Scaffolds_23	-	2	1			0			0	0	1832833	1832897
g6029	Scaffolds_19	-	1	0			0			0	0		
g12763	Scaffolds_32	-	1	0			0			0	0		
g14093	Scaffolds_4	+	1	0			0			0	0		
g2922	Scaffolds_15	+	3	2			0	1297951	1298180	230	0	1297128	1297255
g11251	Scaffolds_29	+	1	0			0			0	0		
g5479	Scaffolds_19	-	1	0	588496	588757	262			0	0		
g2549	Scaffolds_14	-	1	0			0			0	0		
g11510	Scaffolds_3	-	1	0	169844	170092	249			0	0		
g572	Scaffolds_1	-	1	0			0			0	0		
g4091	Scaffolds_17	-	2	1			0			0	0	1119929	1120103
g12703	Scaffolds_32	+	1	0			0			0	0		
g12742	Scaffolds_32	-	1	0			0			0	0		
g5989	Scaffolds_19	-	2	1			0			0	0	2286812	2286865
g13383	Scaffolds_33	-	2	1			0			0	0	2197385	2197567
g7616	Scaffolds_21	+	1	0			0			0	0		
g4458	Scaffolds_18	+	1	0			0			0	0		
g12819	Scaffolds_32	+	1	0			0			0	0		
g10400	Scaffolds_28	+	1	0			0			0	0		
g14460	Scaffolds_4	+	1	0			0			0	0		
g14408	Scaffolds_4	-	2	1			0			0	0	3215378	3215494
g7242	Scaffolds_21	+	1	0			0			0	0		
g5849	Scaffolds_19	+	1	0			0			0	0		
g7729	Scaffolds_21	+	3	2			0	2696418	2696592	175	0	2694720	2694975
g7105	Scaffolds_21	-	6	5			0			0	0	277162	277249
g11901	Scaffolds_3	+	7	6			0	1568068	1568337	270	0	1564887	1564960
g3338	Scaffolds_15	-	1	0			0			0	0		
g4525	Scaffolds_18	-	1	0			0			0	0		
g1378	Scaffolds_11	-	3	2	405698	405959	262			0	0	404197	404309
g15130	Scaffolds_6	+	1	0			0			0	0		
g1459	Scaffolds_11	-	1	0			0			0	0		
g8574	Scaffolds_23	-	1	0			0			0	0		
g7194	Scaffolds_21	+	2	1			0	649565	649924	360	0	649117	649268
g8871	Scaffolds_23	-	1	0			0			0	0		
g11167	Scaffolds_29	-	6	5			0			0	0	2158580	2158760
g14759	Scaffolds_5	-	1	0	694577	694927	351			0	0		
g8350	Scaffolds_23	+	3	2			0	70936	71013	78	0	69901	70018
g16087	Scaffolds_9	+	16	15			0	891023	891054	32	0	884736	885281
g3363	Scaffolds_16	+	1	0			0	79539	79728	190	0		
g4071	Scaffolds_17	+	1	0			0			0	0		
g3245	Scaffolds_15	+	2	1			0	2589612	2589661	50	0	2588234	2588432
g12552	Scaffolds_32	+	1	0			0			0	0		
g12545	Scaffolds_32	+	3	2			0	36946	37262	317	0	36415	36520
g9042	Scaffolds_24	+	1	0			0			0	0		
g1703	Scaffolds_11	-	1	0			0			0	0		
g5742	Scaffolds_19	+	5	4			0	1476474	1476669	196	0	1474931	1475159
g10680	Scaffolds_29	+	1	0			0			0	0		
g13681	Scaffolds_4	-	2	1			0			0	0	299638	299874
g14764	Scaffolds_5	-	1	0			0			0	0		
g2907	Scaffolds_15	+	1	0			0	1249339	1249532	194	0		
g14762	Scaffolds_5	+	1	0			0			0	0		
g4014	Scaffolds_17	-	1	0			0			0	0		
g9621	Scaffolds_25	-	1	0			0			0	0		
g2052	Scaffolds_13	-	2	1			0			0	0	1081691	1081952
g1941	Scaffolds_13	-	1	0			0			0	0		
g12737	Scaffolds_32	-	1	0			0			0	0		
g5850	Scaffolds_19	-	1	0			0			0	0		
g2015	Scaffolds_13	-	1	0	943491	943549	59			0	0		
g15730	Scaffolds_8	-	1	0			0			0	0		
g14572	Scaffolds_4	-	1	0			0			0	0		
g12661	Scaffolds_32	+	3	2			0	446904	449762	2859	0	444206	444264
g13770	Scaffolds_4	+	1	0			0			0	0		
g3165	Scaffolds_15	+	2	1			0			0	0	2310799	2311228
g12218	Scaffolds_31	+	1	0			0			0	0		
g38	Scaffolds_0	+	1	0			0			0	0		
g11344	Scaffolds_29	-	1	0			0			0	0		
g7721	Scaffolds_21	-	1	0			0			0	0		
g4083	Scaffolds_17	+	1	0			0			0	0		
g13703	Scaffolds_4	-	2	1			0			0	0	413404	413519
g3034	Scaffolds_15	-	1	0			0			0	0		
g9532	Scaffolds_25	+	1	0			0			0	0		
g1159	Scaffolds_10	+	2	1			0	1221287	1221348	62	0	1220625	1220930
g14019	Scaffolds_4	-	1	0			0			0	0		
g4142	Scaffolds_17	-	1	0			0			0	0		
g547	Scaffolds_1	-	1	0			0			0	0		
g1465	Scaffolds_11	-	29	28	724927	725155	229			0	0	715247	715718
g3786	Scaffolds_17	+	1	0			0			0	0		
g3097	Scaffolds_15	-	1	0			0			0	0		
g13595	Scaffolds_33	-	3	2	3070952	3071090	139			0	0	3070142	3070459
g9330	Scaffolds_24	-	2	1			0			0	0	1895592	1895674
g14777	Scaffolds_5	-	1	0			0			0	0		
g7690	Scaffolds_21	+	1	0			0			0	0		
g5477	Scaffolds_19	+	1	0			0			0	0		
g9723	Scaffolds_25	-	1	0			0			0	0		
g449	Scaffolds_0	-	1	0			0			0	0		
g878	Scaffolds_10	+	1	0			0			0	0		
g14595	Scaffolds_5	+	2	1			0			0	0	30272	30494
g5521	Scaffolds_19	-	1	0			0			0	0		
g14221	Scaffolds_4	-	1	0			0			0	0		
g143	Scaffolds_0	+	1	0			0			0	0		
g12812	Scaffolds_32	-	1	0			0			0	0		
g12032	Scaffolds_30	-	1	0			0			0	0		
g5291	Scaffolds_18	-	1	0			0			0	0		
g1665	Scaffolds_11	+	1	0			0			0	0		
g2857	Scaffolds_15	+	1	0			0			0	0		
g929	Scaffolds_10	+	1	0			0			0	0		
g2685	Scaffolds_15	-	1	0			0			0	0		
g421	Scaffolds_0	-	1	0			0			0	0		
g9433	Scaffolds_25	+	1	0			0	398059	398124	66	0		
g13995	Scaffolds_4	-	2	1	1538428	1538574	147			0	0	1537374	1538406
g14978	Scaffolds_6	-	1	0			0			0	0		
g3547	Scaffolds_16	-	1	0			0			0	0		
g9276	Scaffolds_24	-	1	0			0			0	0		
g5101	Scaffolds_18	-	1	0			0			0	0		
g6739	Scaffolds_20	-	1	0			0			0	0		
g9242	Scaffolds_24	-	1	0			0			0	0		
g16004	Scaffolds_9	-	1	0			0			0	0		
g9795	Scaffolds_26	+	1	0			0			0	0		
g9256	Scaffolds_24	+	1	0			0			0	0		
g3463	Scaffolds_16	+	4	3			0	427557	427869	313	0	426386	426493
g14863	Scaffolds_5	+	1	0			0			0	0		
g4890	Scaffolds_18	+	1	0			0			0	0		
g13934	Scaffolds_4	+	1	0			0			0	0		
g2047	Scaffolds_13	-	2	1			0			0	0	1066414	1066630
g8812	Scaffolds_23	-	1	0			0			0	0		
g3144	Scaffolds_15	+	1	0			0	2231985	2232232	248	0		
g3307	Scaffolds_15	+	2	1			0			0	0	2807154	2807494
g1791	Scaffolds_13	-	3	2			0			0	0	179956	180232
g960	Scaffolds_10	+	1	0			0			0	0		
g10706	Scaffolds_29	-	1	0			0			0	0		
g3023	Scaffolds_15	-	1	0			0			0	0		
g3430	Scaffolds_16	-	1	0	321001	321036	36			0	0		
g7010	Scaffolds_20	-	1	0			0			0	0		
g12073	Scaffolds_30	+	1	0			0			0	0		
g3715	Scaffolds_16	-	1	0			0			0	0		
g7814	Scaffolds_22	+	1	0			0			0	0		
g9826	Scaffolds_26	+	2	1			0			0	0	379534	379649
g4293	Scaffolds_18	+	2	1			0			0	0	207440	207566
g213	Scaffolds_0	-	1	0			0			0	0		
g11650	Scaffolds_3	+	1	0			0			0	0		
g2958	Scaffolds_15	-	1	0			0			0	0		
g14841	Scaffolds_5	+	1	0			0			0	0		
g7118	Scaffolds_21	+	1	0			0			0	0		
g6661	Scaffolds_20	+	1	0			0			0	0		
g6830	Scaffolds_20	+	1	0			0	1484059	1484288	230	0		
g9099	Scaffolds_24	+	2	1			0	901737	903472	1736	0	901669	901714
g10205	Scaffolds_26	+	1	0			0			0	0		
g6524	Scaffolds_20	+	1	0			0			0	0		
g9027	Scaffolds_24	+	1	0			0			0	0		
g10245	Scaffolds_26	+	2	1			0	1856005	1856486	482	0	1855605	1855652
g172	Scaffolds_0	+	1	0			0			0	0		
g9510	Scaffolds_25	-	1	0			0			0	0		
g10480	Scaffolds_28	-	2	1	553401	554659	1259			0	0	553138	553241
g7531	Scaffolds_21	+	1	0			0			0	0		
g15269	Scaffolds_7	-	1	0			0			0	0		
g4915	Scaffolds_18	+	1	0			0			0	0		
g12011	Scaffolds_3	+	11	10			0	1932838	1933107	270	0	1929992	1930171
g13074	Scaffolds_33	+	1	0			0			0	0		
g11263	Scaffolds_29	+	1	0			0			0	0		
g2625	Scaffolds_15	+	1	0			0	197476	197985	510	0		
g11620	Scaffolds_3	+	2	1			0	523416	526811	3396	0	522202	522296
g6481	Scaffolds_20	-	1	0			0			0	0		
g13134	Scaffolds_33	-	1	0			0			0	0		
g2244	Scaffolds_14	-	4	3	633582	633736	155			0	0	631665	631830
g14908	Scaffolds_5	+	1	0			0			0	0		
g1057	Scaffolds_10	+	1	0			0			0	0		
g6306	Scaffolds_2	+	1	0			0			0	0		
g6874	Scaffolds_20	-	1	0			0			0	0		
g5428	Scaffolds_19	+	1	0			0			0	0		
g9944	Scaffolds_26	-	2	1			0			0	0	810047	810180
g5627	Scaffolds_19	+	4	3			0	1035709	1035857	149	0	1034219	1034366
g10571	Scaffolds_28	+	1	0			0			0	0		
g497	Scaffolds_1	+	1	0			0			0	0		
g5283	Scaffolds_18	-	1	0			0			0	0		
g7491	Scaffolds_21	-	1	0			0			0	0		
g6322	Scaffolds_2	+	1	0			0			0	0		
g3366	Scaffolds_16	+	1	0			0			0	0		
g12569	Scaffolds_32	+	1	0			0			0	0		
g5765	Scaffolds_19	+	2	1			0			0	0	1555901	1555986
g10700	Scaffolds_29	-	5	4			0			0	0	371638	371831
g3750	Scaffolds_16	-	1	0			0			0	0		
g468	Scaffolds_0	+	1	0			0			0	0		
g4994	Scaffolds_18	+	1	0			0			0	0		
g7679	Scaffolds_21	+	1	0			0			0	0		
g8432	Scaffolds_23	+	1	0			0			0	0		
g7878	Scaffolds_22	+	2	1			0			0	0	408362	408411
g5916	Scaffolds_19	+	1	0			0			0	0		
g2437	Scaffolds_14	+	1	0			0			0	0		
g11690	Scaffolds_3	-	2	1			0			0	0	775979	776100
g5366	Scaffolds_19	+	1	0			0			0	0		
g9890	Scaffolds_26	-	1	0			0			0	0		
g2886	Scaffolds_15	-	1	0			0			0	0		
g14981	Scaffolds_6	+	1	0			0			0	0		
g14432	Scaffolds_4	+	4	3			0	3315541	3315837	297	0	3314140	3314440
g15291	Scaffolds_7	+	1	0			0			0	0		
g15261	Scaffolds_7	+	2	1			0	225283	225375	93	0	222311	222374
g3244	Scaffolds_15	+	2	1			0	2587169	2587443	275	0	2586011	2586407
g8713	Scaffolds_23	+	1	0			0			0	0		
g3970	Scaffolds_17	-	2	1			0			0	0	729023	729372
g14342	Scaffolds_4	+	1	0			0			0	0		
g14116	Scaffolds_4	-	1	0			0			0	0		
g1319	Scaffolds_11	+	2	1			0			0	0	150301	150729
g3311	Scaffolds_15	-	5	4			0			0	0	2823592	2824017
g8780	Scaffolds_23	-	1	0			0			0	0		
g12510	Scaffolds_31	+	1	0			0			0	0		
g9699	Scaffolds_25	-	2	1			0			0	0	1399462	1399678
g2773	Scaffolds_15	-	1	0			0			0	0		
g7204	Scaffolds_21	+	1	0			0			0	0		
g4539	Scaffolds_18	+	1	0			0			0	0		
g12284	Scaffolds_31	-	1	0			0			0	0		
g5061	Scaffolds_18	-	1	0			0			0	0		
g1861	Scaffolds_13	+	1	0			0			0	0		
g3734	Scaffolds_16	-	1	0			0			0	0		
g11222	Scaffolds_29	-	1	0			0			0	0		
g11598	Scaffolds_3	+	1	0			0			0	0		
g15697	Scaffolds_8	-	1	0	1229413	1229510	98			0	0		
g15023	Scaffolds_6	+	1	0			0			0	0		
g4883	Scaffolds_18	+	1	0			0			0	0		
g11841	Scaffolds_3	-	1	0			0			0	0		
g4079	Scaffolds_17	-	1	0			0			0	0		
g10417	Scaffolds_28	-	1	0	284944	285321	378			0	0		
g3557	Scaffolds_16	-	1	0			0			0	0		
g10005	Scaffolds_26	+	1	0			0			0	0		
g5638	Scaffolds_19	+	1	0			0			0	0		
g6438	Scaffolds_20	+	1	0			0			0	0		
g237	Scaffolds_0	+	2	1			0			0	0	969000	969141
g1028	Scaffolds_10	-	1	0			0			0	0		
g7391	Scaffolds_21	+	1	0			0	1317698	1317863	166	0		
g6352	Scaffolds_2	+	5	4			0	1217701	1217910	210	0	1215951	1215996
g14018	Scaffolds_4	+	1	0			0			0	0		
g3598	Scaffolds_16	-	1	0			0			0	0		
g5166	Scaffolds_18	-	1	0			0			0	0		
g4279	Scaffolds_18	+	1	0			0			0	0		
g8929	Scaffolds_24	+	1	0			0			0	0		
g10895	Scaffolds_29	-	2	1	1130156	1130344	189			0	0	1129900	1130068
g9070	Scaffolds_24	+	1	0			0			0	0		
g4625	Scaffolds_18	-	1	0			0			0	0		
g1137	Scaffolds_10	+	1	0			0			0	0		
g14472	Scaffolds_4	-	1	0			0			0	0		
g8644	Scaffolds_23	-	1	0			0			0	0		
g4435	Scaffolds_18	+	1	0			0			0	0		
g14618	Scaffolds_5	+	2	1			0	111234	111468	235	0	110240	110480
g14859	Scaffolds_5	-	1	0			0			0	0		
g4353	Scaffolds_18	-	1	0			0			0	0		
g3319	Scaffolds_15	+	1	0			0			0	0		
g3611	Scaffolds_16	-	1	0			0			0	0		
g6197	Scaffolds_2	+	1	0			0	567272	567598	327	0		
g1911	Scaffolds_13	+	1	0			0			0	0		
g6925	Scaffolds_20	+	3	2			0	1824195	1824357	163	0	1823657	1823753
g5339	Scaffolds_19	-	1	0			0			0	0		
g5149	Scaffolds_18	+	1	0			0			0	0		
g3002	Scaffolds_15	-	1	0			0			0	0		
g10881	Scaffolds_29	+	2	1			0	1081235	1081875	641	0	1080339	1080527
g4407	Scaffolds_18	+	1	0			0			0	0		
g14419	Scaffolds_4	-	2	1			0			0	0	3274538	3274867
g11380	Scaffolds_29	-	1	0			0			0	0		
g11192	Scaffolds_29	+	1	0			0			0	0		
g15685	Scaffolds_8	-	1	0			0			0	0		
g5025	Scaffolds_18	+	1	0			0	2791163	2793196	2034	0		
g11421	Scaffolds_29	+	1	0			0			0	0		
g3794	Scaffolds_17	+	1	0			0	104117	105249	1133	0		
g10160	Scaffolds_26	+	1	0			0			0	0		
g5219	Scaffolds_18	-	1	0			0			0	0		
g6693	Scaffolds_20	-	1	0			0			0	0		
g3653	Scaffolds_16	+	1	0			0			0	0		
g14156	Scaffolds_4	-	2	1			0			0	0	2137246	2137385
g1193	Scaffolds_10	-	1	0			0			0	0		
g7182	Scaffolds_21	-	2	1			0			0	0	593638	593790
g193	Scaffolds_0	+	1	0			0	809456	815533	6078	0		
g2605	Scaffolds_15	+	4	3			0	105242	106225	984	0	104564	104605
g13151	Scaffolds_33	+	1	0			0			0	0		
g3073	Scaffolds_15	-	1	0			0			0	0		
g12294	Scaffolds_31	+	1	0			0			0	0		
g6768	Scaffolds_20	-	1	0			0			0	0		
g6647	Scaffolds_20	-	1	0			0			0	0		
g8354	Scaffolds_23	+	1	0			0			0	0		
g5967	Scaffolds_19	+	1	0			0			0	0		
g14743	Scaffolds_5	-	2	1			0			0	0	636204	636298
g4037	Scaffolds_17	-	2	1			0			0	0	961326	961366
g3090	Scaffolds_15	-	2	1			0			0	0	1995367	1995544
g5327	Scaffolds_19	+	1	0			0			0	0		
g13169	Scaffolds_33	+	1	0			0	1377491	1377731	241	0		
g3795	Scaffolds_17	-	2	1			0			0	0	105281	105377
g9728	Scaffolds_25	-	1	0			0			0	0		
g12149	Scaffolds_30	+	1	0			0	596002	596701	700	0		
g5257	Scaffolds_18	-	1	0			0			0	0		
g10723	Scaffolds_29	-	1	0			0			0	0		
g12855	Scaffolds_33	-	1	0			0			0	0		
g11444	Scaffolds_29	+	1	0			0			0	0		
g6312	Scaffolds_2	+	1	0			0			0	0		
g8577	Scaffolds_23	+	1	0			0			0	0		
g2196	Scaffolds_14	+	1	0			0			0	0		
g6529	Scaffolds_20	+	2	1			0			0	0	364657	365234
g14303	Scaffolds_4	+	3	2			0			0	0	2671821	2672111
g10323	Scaffolds_27	+	1	0			0	174022	174291	270	0		
g1168	Scaffolds_10	+	6	5			0	1244044	1244462	419	0	1242872	1242936
g12662	Scaffolds_32	-	1	0			0			0	0		
g15917	Scaffolds_9	-	1	0			0			0	0		
g12420	Scaffolds_31	-	1	0			0			0	0		
g4155	Scaffolds_17	-	1	0			0			0	0		
g13027	Scaffolds_33	-	2	1			0			0	0	832946	833250
g9806	Scaffolds_26	-	1	0			0			0	0		
g3521	Scaffolds_16	+	1	0			0			0	0		
g9957	Scaffolds_26	-	2	1			0			0	0	883194	883517
g1373	Scaffolds_11	+	1	0			0	391444	391709	266	0		
g7672	Scaffolds_21	-	1	0			0			0	0		
g5394	Scaffolds_19	-	1	0			0			0	0		
g15807	Scaffolds_8	-	1	0			0			0	0		
g6559	Scaffolds_20	-	1	0			0			0	0		
g5981	Scaffolds_19	+	1	0			0			0	0		
g12841	Scaffolds_33	+	1	0			0			0	0		
g1294	Scaffolds_10	-	12	11	1646283	1646424	142			0	0	1644409	1644483
g9572	Scaffolds_25	-	1	0			0			0	0		
g11224	Scaffolds_29	+	1	0			0			0	0		
g15439	Scaffolds_8	-	3	2	325911	326067	157			0	0	324735	324901
g7680	Scaffolds_21	-	1	0			0			0	0		
g15683	Scaffolds_8	-	1	0			0			0	0		
g1891	Scaffolds_13	-	14	13	492630	492770	141			0	0	488648	488740
g6892	Scaffolds_20	-	1	0			0			0	0		
g7466	Scaffolds_21	-	1	0			0			0	0		
g15874	Scaffolds_9	+	1	0			0			0	0		
g873	Scaffolds_10	-	1	0			0			0	0		
g8496	Scaffolds_23	-	1	0			0			0	0		
g5761	Scaffolds_19	-	1	0			0			0	0		
g6857	Scaffolds_20	-	1	0	1566787	1567264	478			0	0		
g9448	Scaffolds_25	+	2	1			0	444022	444840	819	0	443543	443746
g9066	Scaffolds_24	+	2	1			0			0	0	718738	718831
g957	Scaffolds_10	-	1	0	522226	522297	72			0	0		
g13717	Scaffolds_4	-	2	1			0			0	0	464674	464764
g12474	Scaffolds_31	+	1	0			0	1073542	1074908	1367	0		
g6709	Scaffolds_20	-	1	0			0			0	0		
g14359	Scaffolds_4	-	2	1			0			0	0	2988415	2988643
g863	Scaffolds_10	+	1	0			0			0	0		
g14154	Scaffolds_4	+	1	0			0	2133857	2134095	239	0		
g13930	Scaffolds_4	-	1	0			0			0	0		
g320	Scaffolds_0	+	3	2			0	1263966	1264257	292	0	1262751	1262879
g4258	Scaffolds_17	+	16	15			0			0	0	1781525	1781694
g1205	Scaffolds_10	-	1	0			0			0	0		
g4350	Scaffolds_18	+	1	0			0			0	0		
g2660	Scaffolds_15	-	1	0			0			0	0		
g14997	Scaffolds_6	-	1	0			0			0	0		
g10337	Scaffolds_27	+	1	0			0			0	0		
g14560	Scaffolds_4	-	1	0			0			0	0		
g7141	Scaffolds_21	+	1	0			0			0	0		
g5221	Scaffolds_18	+	2	1			0			0	0	3651091	3651443
g13691	Scaffolds_4	+	1	0			0	328820	329378	559	0		
g5019	Scaffolds_18	-	1	0			0			0	0		
g1859	Scaffolds_13	+	10	9			0			0	0	379285	379348
g16034	Scaffolds_9	+	2	1			0	725135	725279	145	0	724813	724884
g7053	Scaffolds_21	-	1	0			0			0	0		
g11899	Scaffolds_3	+	6	5			0	1560609	1560737	129	0	1549417	1549547
g9862	Scaffolds_26	-	1	0			0			0	0		
g13005	Scaffolds_33	-	1	0			0			0	0		
g13156	Scaffolds_33	+	1	0			0	1328383	1328913	531	0		
g2245	Scaffolds_14	+	1	0			0			0	0		
g13446	Scaffolds_33	+	1	0			0			0	0		
g15308	Scaffolds_7	+	1	0			0			0	0		
g12750	Scaffolds_32	-	1	0			0			0	0		
g12316	Scaffolds_31	-	2	1	476621	476666	46			0	0	473384	473635
g10655	Scaffolds_29	+	1	0			0			0	0		
g3336	Scaffolds_15	-	1	0			0			0	0		
g3484	Scaffolds_16	-	1	0			0			0	0		
g14725	Scaffolds_5	-	2	1	552493	552645	153			0	0	550543	551003
g10085	Scaffolds_26	+	1	0			0			0	0		
g15715	Scaffolds_8	+	1	0			0			0	0		
g4295	Scaffolds_18	+	1	0			0			0	0		
g8375	Scaffolds_23	-	1	0			0			0	0		
g3608	Scaffolds_16	-	1	0	900560	900734	175			0	0		
g10437	Scaffolds_28	+	2	1			0	369217	369702	486	0	367181	367389
g14819	Scaffolds_5	+	1	0			0			0	0		
g8302	Scaffolds_22	-	2	1			0			0	0	1917211	1917414
g13125	Scaffolds_33	-	1	0			0			0	0		
g13467	Scaffolds_33	+	1	0			0			0	0		
g4185	Scaffolds_17	+	1	0			0			0	0		
g4856	Scaffolds_18	+	1	0			0	2244040	2244723	684	0		
g15521	Scaffolds_8	+	1	0			0			0	0		
g1822	Scaffolds_13	+	1	0			0			0	0		
g9790	Scaffolds_26	-	2	1			0			0	0	250741	250902
g9774	Scaffolds_26	-	1	0			0			0	0		
g2619	Scaffolds_15	-	1	0	175232	175235	4			0	0		
g14983	Scaffolds_6	+	1	0			0			0	0		
g8845	Scaffolds_23	+	1	0			0			0	0		
g4815	Scaffolds_18	+	2	1			0			0	0	2093687	2093969
g2008	Scaffolds_13	+	1	0			0			0	0		
g8846	Scaffolds_23	-	1	0			0			0	0		
g15736	Scaffolds_8	+	1	0			0			0	0		
g4767	Scaffolds_18	-	1	0	1954732	1954901	170			0	0		
g13016	Scaffolds_33	-	1	0			0			0	0		
g14075	Scaffolds_4	+	1	0			0			0	0		
g1328	Scaffolds_11	-	1	0			0			0	0		
g2979	Scaffolds_15	-	1	0			0			0	0		
g7714	Scaffolds_21	+	1	0			0			0	0		
g2787	Scaffolds_15	-	1	0			0			0	0		
g8240	Scaffolds_22	-	1	0			0			0	0		
g5746	Scaffolds_19	+	1	0			0	1487372	1487515	144	0		
g7723	Scaffolds_21	+	2	1			0	2677904	2678370	467	0	2676936	2677148
g2659	Scaffolds_15	-	1	0			0			0	0		
g7812	Scaffolds_22	+	1	0			0			0	0		
g1278	Scaffolds_10	+	1	0			0			0	0		
g11732	Scaffolds_3	+	1	0			0			0	0		
g3333	Scaffolds_15	+	3	2			0	2888351	2889012	662	0	2887662	2887832
g5818	Scaffolds_19	-	2	1			0			0	0	1747198	1747352
g13808	Scaffolds_4	-	1	0			0			0	0		
g12636	Scaffolds_32	+	2	1			0			0	0	372860	373116
g3793	Scaffolds_17	-	1	0			0			0	0		
g15492	Scaffolds_8	+	1	0			0			0	0		
g6574	Scaffolds_20	-	2	1			0			0	0	509387	509674
g9018	Scaffolds_24	+	1	0			0			0	0		
g9507	Scaffolds_25	+	1	0			0			0	0		
g367	Scaffolds_0	+	1	0			0			0	0		
g14497	Scaffolds_4	-	1	0			0			0	0		
g14172	Scaffolds_4	-	1	0			0			0	0		
g15665	Scaffolds_8	-	1	0			0			0	0		
g4981	Scaffolds_18	+	1	0			0	2657620	2657912	293	0		
g8478	Scaffolds_23	-	2	1	532064	532233	170			0	0	531313	531453
g106	Scaffolds_0	+	2	1			0	474390	475454	1065	0	473607	473732
g8217	Scaffolds_22	-	3	2	1597314	1597327	14			0	0	1596868	1596956
g11445	Scaffolds_29	+	1	0			0			0	0		
g748	Scaffolds_1	-	1	0			0			0	0		
g11418	Scaffolds_29	-	1	0			0			0	0		
g2568	Scaffolds_14	+	2	1			0	1745499	1745905	407	0	1744869	1745108
g8206	Scaffolds_22	-	1	0			0			0	0		
g493	Scaffolds_1	+	1	0			0			0	0		
g12845	Scaffolds_33	-	1	0			0			0	0		
g11433	Scaffolds_29	+	1	0			0			0	0		
g8829	Scaffolds_23	+	1	0			0			0	0		
g2087	Scaffolds_14	+	1	0			0			0	0		
g15927	Scaffolds_9	-	1	0			0			0	0		
g9898	Scaffolds_26	+	1	0			0			0	0		
g8307	Scaffolds_22	+	1	0			0	1934221	1934498	278	0		
g16016	Scaffolds_9	-	2	1			0			0	0	672429	672558
g5675	Scaffolds_19	+	2	1			0			0	0	1211297	1211393
g7421	Scaffolds_21	+	2	1			0	1434282	1434548	267	0	1432927	1433067
g13949	Scaffolds_4	-	1	0	1387782	1388033	252			0	0		
g12551	Scaffolds_32	+	1	0			0	51148	51246	99	0		
g13261	Scaffolds_33	-	1	0			0			0	0		
g14890	Scaffolds_5	-	1	0			0			0	0		
g2588	Scaffolds_15	+	5	4			0	37578	38212	635	0	35578	35705
g4646	Scaffolds_18	+	2	1			0			0	0	1450723	1451023
g11774	Scaffolds_3	-	1	0			0			0	0		
g12502	Scaffolds_31	+	1	0			0	1152837	1153001	165	0		
g7388	Scaffolds_21	+	2	1			0			0	0	1305899	1306309
g6619	Scaffolds_20	-	1	0			0			0	0		
g4352	Scaffolds_18	-	1	0			0			0	0		
g11430	Scaffolds_29	-	3	2	3099790	3099993	204			0	0	3098847	3098975
g4387	Scaffolds_18	-	2	1			0			0	0	524299	524383
g12163	Scaffolds_30	-	1	0			0			0	0		
g966	Scaffolds_10	-	1	0			0			0	0		
g3634	Scaffolds_16	-	1	0			0			0	0		
g4615	Scaffolds_18	+	1	0			0			0	0		
g6334	Scaffolds_2	+	1	0			0			0	0		
g12764	Scaffolds_32	-	1	0			0			0	0		
g6558	Scaffolds_20	-	1	0			0			0	0		
g10822	Scaffolds_29	-	1	0			0			0	0		
g2516	Scaffolds_14	+	1	0			0			0	0		
g1410	Scaffolds_11	+	5	4			0	547875	548442	568	0	545202	545270
g14593	Scaffolds_5	-	1	0			0			0	0		
g10760	Scaffolds_29	-	3	2			0			0	0	598955	599046
g3697	Scaffolds_16	+	1	0			0			0	0		
g2530	Scaffolds_14	-	2	1			0			0	0	1630715	1630897
g1105	Scaffolds_10	+	1	0			0			0	0		
g5789	Scaffolds_19	+	1	0			0			0	0		
g9343	Scaffolds_25	-	1	0	58510	58615	106			0	0		
g4183	Scaffolds_17	+	1	0			0			0	0		
g12549	Scaffolds_32	-	1	0			0			0	0		
g14962	Scaffolds_6	+	1	0			0	55665	55977	313	0		
g5096	Scaffolds_18	+	1	0			0			0	0		
g175	Scaffolds_0	-	1	0			0			0	0		
g10129	Scaffolds_26	+	1	0			0			0	0		
g1301	Scaffolds_11	-	19	18	56831	57216	386			0	0	49845	50143
g6992	Scaffolds_20	-	1	0			0			0	0		
g12757	Scaffolds_32	-	1	0			0			0	0		
g11053	Scaffolds_29	-	1	0			0			0	0		
g11045	Scaffolds_29	+	1	0			0			0	0		
g3447	Scaffolds_16	+	13	12			0	375906	375977	72	0	373489	373594
g3605	Scaffolds_16	+	1	0			0			0	0		
g5956	Scaffolds_19	-	1	0			0			0	0		
g1239	Scaffolds_10	+	1	0			0	1483915	1484242	328	0		
g4803	Scaffolds_18	-	2	1			0			0	0	2049765	2049816
g9552	Scaffolds_25	-	1	0			0			0	0		
g7525	Scaffolds_21	-	1	0			0			0	0		
g11015	Scaffolds_29	-	1	0			0			0	0		
g3518	Scaffolds_16	+	2	1			0	599627	600624	998	0	594659	594703
g15517	Scaffolds_8	+	1	0			0			0	0		
g15926	Scaffolds_9	+	1	0			0			0	0		
g1919	Scaffolds_13	+	1	0			0			0	0		
g2367	Scaffolds_14	-	1	0			0			0	0		
g6483	Scaffolds_20	+	1	0			0			0	0		
g947	Scaffolds_10	-	1	0			0			0	0		
g14835	Scaffolds_5	-	1	0			0			0	0		
g9437	Scaffolds_25	+	1	0			0			0	0		
g10886	Scaffolds_29	-	2	1			0			0	0	1095036	1095235
g15460	Scaffolds_8	+	1	0			0	382270	382328	59	0		
g10738	Scaffolds_29	-	1	0			0			0	0		
g13201	Scaffolds_33	+	1	0			0			0	0		
g6560	Scaffolds_20	+	1	0			0			0	0		
g1405	Scaffolds_11	+	1	0			0			0	0		
g2169	Scaffolds_14	-	2	1			0			0	0	354640	354695
g1698	Scaffolds_11	-	1	0	1610620	1610782	163			0	0		
g10349	Scaffolds_27	+	2	1			0	300402	301412	1011	0	300031	300112
g6563	Scaffolds_20	-	2	1			0			0	0	479845	480176
g1062	Scaffolds_10	+	2	1			0	877025	877459	435	0	876763	876803
g7065	Scaffolds_21	-	1	0			0			0	0		
g6427	Scaffolds_20	+	1	0			0	14321	14844	524	0		
g802	Scaffolds_1	-	1	0			0			0	0		
g138	Scaffolds_0	+	3	2			0	588488	589002	515	0	587893	588025
g2458	Scaffolds_14	-	1	0			0			0	0		
g7308	Scaffolds_21	+	1	0			0	1036327	1036992	666	0		
g15417	Scaffolds_8	+	3	2			0	237270	237284	15	0	236901	236944
g7345	Scaffolds_21	-	14	13			0			0	0	1155592	1155801
g9073	Scaffolds_24	-	1	0			0			0	0		
g484	Scaffolds_1	-	1	0			0			0	0		
g10730	Scaffolds_29	+	1	0			0			0	0		
g2223	Scaffolds_14	+	1	0			0			0	0		
g2579	Scaffolds_14	+	19	18			0	1789045	1789124	80	0	1781313	1782044
g9618	Scaffolds_25	+	3	2			0	1093576	1093871	296	0	1092529	1092575
g3545	Scaffolds_16	-	1	0			0			0	0		
g2524	Scaffolds_14	+	1	0			0			0	0		
g9961	Scaffolds_26	+	1	0			0			0	0		
g9636	Scaffolds_25	-	1	0			0			0	0		
g1428	Scaffolds_11	-	1	0			0			0	0		
g9539	Scaffolds_25	+	1	0			0			0	0		
g16048	Scaffolds_9	-	1	0	761925	762443	519			0	0		
g7195	Scaffolds_21	-	1	0			0			0	0		
g13974	Scaffolds_4	+	1	0			0			0	0		
g10217	Scaffolds_26	+	2	1			0	1749846	1752195	2350	0	1749755	1749801
g5777	Scaffolds_19	+	1	0			0			0	0		
g14968	Scaffolds_6	-	1	0			0			0	0		
g13656	Scaffolds_4	+	1	0			0			0	0		
g7008	Scaffolds_20	+	1	0			0			0	0		
g14181	Scaffolds_4	-	5	4			0			0	0	2217930	2218018
g9973	Scaffolds_26	+	1	0			0			0	0		
g2736	Scaffolds_15	-	1	0			0			0	0		
g3353	Scaffolds_16	+	1	0			0			0	0		
g16040	Scaffolds_9	+	1	0			0			0	0		
g11687	Scaffolds_3	+	1	0			0			0	0		
g14329	Scaffolds_4	-	1	0			0			0	0		
g2313	Scaffolds_14	-	1	0	864592	864746	155			0	0		
g5844	Scaffolds_19	+	1	0			0			0	0		
g5564	Scaffolds_19	-	1	0			0			0	0		
g1069	Scaffolds_10	+	3	2			0	894854	894933	80	0	892609	892723
g4893	Scaffolds_18	-	1	0			0			0	0		
g4337	Scaffolds_18	-	1	0			0			0	0		
g6090	Scaffolds_2	+	1	0			0			0	0		
g1826	Scaffolds_13	-	1	0			0			0	0		
g5529	Scaffolds_19	+	1	0			0			0	0		
g13818	Scaffolds_4	-	1	0			0			0	0		
g1145	Scaffolds_10	+	1	0			0			0	0		
g2355	Scaffolds_14	-	3	2			0			0	0	1040268	1040364
g13758	Scaffolds_4	+	1	0			0	612193	612527	335	0		
g11532	Scaffolds_3	-	3	2	230186	230458	273			0	0	229712	229796
g4980	Scaffolds_18	+	1	0	2650604	2651236	633			0	0		
g3331	Scaffolds_15	+	1	0			0			0	0		
g9899	Scaffolds_26	-	1	0			0			0	0		
g2485	Scaffolds_14	-	1	0			0			0	0		
g3285	Scaffolds_15	+	1	0			0			0	0		
g5716	Scaffolds_19	-	1	0			0			0	0		
g11328	Scaffolds_29	-	1	0			0			0	0		
g3630	Scaffolds_16	+	1	0			0			0	0		
g7610	Scaffolds_21	-	2	1			0			0	0	2202397	2202438
g2780	Scaffolds_15	-	1	0			0			0	0		
g9118	Scaffolds_24	+	1	0			0			0	0		
g6756	Scaffolds_20	+	1	0			0			0	0		
g4680	Scaffolds_18	-	2	1			0			0	0	1602317	1602613
g13244	Scaffolds_33	+	3	2			0	1637671	1638116	446	0	1636004	1636202
g14066	Scaffolds_4	-	1	0			0			0	0		
g14312	Scaffolds_4	+	1	0			0			0	0		
g4663	Scaffolds_18	-	1	0			0			0	0		
g323	Scaffolds_0	-	1	0			0			0	0		
g14369	Scaffolds_4	+	1	0			0			0	0		
g8626	Scaffolds_23	-	1	0			0			0	0		
g7971	Scaffolds_22	+	1	0			0			0	0		
g2856	Scaffolds_15	+	2	1			0			0	0	1022537	1022678
g551	Scaffolds_1	+	2	1			0	313138	313512	375	0	312401	312658
g5174	Scaffolds_18	-	1	0			0			0	0		
g7499	Scaffolds_21	-	1	0			0			0	0		
g2776	Scaffolds_15	-	4	3			0			0	0	661882	661979
g4717	Scaffolds_18	-	1	0			0			0	0		
g10268	Scaffolds_26	-	1	0			0			0	0		
g10272	Scaffolds_26	+	2	1			0			0	0	2008683	2008976
g1774	Scaffolds_13	-	1	0			0			0	0		
g8977	Scaffolds_24	-	1	0			0			0	0		
g1622	Scaffolds_11	-	2	1	1346926	1347415	490			0	0	1346721	1346801
g8991	Scaffolds_24	-	1	0			0			0	0		
g14702	Scaffolds_5	-	1	0			0			0	0		
g1588	Scaffolds_11	+	1	0			0			0	0		
g585	Scaffolds_1	+	2	1			0	420834	421016	183	0	417158	417295
g11202	Scaffolds_29	-	1	0			0			0	0		
g7920	Scaffolds_22	-	1	0			0			0	0		
g628	Scaffolds_1	+	1	0			0			0	0		
g9715	Scaffolds_25	-	1	0			0			0	0		
g12404	Scaffolds_31	+	1	0			0			0	0		
g13434	Scaffolds_33	-	1	0			0			0	0		
g2622	Scaffolds_15	+	3	2			0	188700	188868	169	0	188217	188269
g15243	Scaffolds_7	-	1	0			0			0	0		
g14012	Scaffolds_4	-	1	0			0			0	0		
g1680	Scaffolds_11	-	1	0			0			0	0		
g4964	Scaffolds_18	-	1	0			0			0	0		
g4323	Scaffolds_18	+	1	0			0			0	0		
g4265	Scaffolds_18	-	1	0			0			0	0		
g1186	Scaffolds_10	+	1	0			0			0	0		
g747	Scaffolds_1	+	2	1			0	1011304	1013630	2327	0	1009710	1009957
g10476	Scaffolds_28	-	1	0			0			0	0		
g1246	Scaffolds_10	+	1	0			0			0	0		
g9363	Scaffolds_25	+	1	0			0			0	0		
g7658	Scaffolds_21	+	1	0			0			0	0		
g14078	Scaffolds_4	+	1	0			0			0	0		
g4479	Scaffolds_18	+	3	2			0	890356	890371	16	0	888788	888828
g4643	Scaffolds_18	-	2	1			0			0	0	1436816	1437274
g11832	Scaffolds_3	+	5	4			0	1336722	1337032	311	0	1335700	1335865
g13938	Scaffolds_4	-	2	1	1332102	1332319	218			0	0	1331598	1331887
g9426	Scaffolds_25	+	1	0			0			0	0		
g14727	Scaffolds_5	-	1	0			0			0	0		
g9837	Scaffolds_26	-	1	0			0			0	0		
g927	Scaffolds_10	+	1	0			0			0	0		
g3668	Scaffolds_16	-	2	1	1100854	1101008	155			0	0	1099670	1099763
g7366	Scaffolds_21	+	1	0			0			0	0		
g1982	Scaffolds_13	-	1	0			0			0	0		
g4671	Scaffolds_18	-	1	0			0			0	0		
g11599	Scaffolds_3	-	1	0			0			0	0		
g7013	Scaffolds_20	+	1	0			0			0	0		
g14343	Scaffolds_4	-	1	0			0			0	0		
g11341	Scaffolds_29	+	2	1			0			0	0	2789593	2789853
g12880	Scaffolds_33	-	1	0			0			0	0		
g290	Scaffolds_0	+	9	8			0			0	0	1169105	1169308
g9163	Scaffolds_24	+	1	0			0			0	0		
g4712	Scaffolds_18	-	1	0			0			0	0		
g14064	Scaffolds_4	-	1	0			0			0	0		
g566	Scaffolds_1	+	1	0			0			0	0		
g2701	Scaffolds_15	+	1	0			0			0	0		
g8412	Scaffolds_23	+	1	0			0			0	0		
g1388	Scaffolds_11	-	1	0			0			0	0		
g1943	Scaffolds_13	-	1	0			0			0	0		
g15671	Scaffolds_8	+	2	1			0			0	0	1135448	1135657
g13841	Scaffolds_4	-	1	0			0			0	0		
g11360	Scaffolds_29	-	1	0			0			0	0		
g49	Scaffolds_0	+	1	0			0	261862	261940	79	0		
g10135	Scaffolds_26	+	1	0			0	1487042	1487925	884	0		
g6442	Scaffolds_20	-	1	0			0			0	0		
g442	Scaffolds_0	+	1	0			0			0	0		
g2332	Scaffolds_14	-	1	0			0			0	0		
g12853	Scaffolds_33	+	2	1			0	156497	156954	458	0	155442	155600
g7725	Scaffolds_21	-	1	0			0			0	0		
g10322	Scaffolds_27	-	1	0			0			0	0		
g14964	Scaffolds_6	-	1	0			0			0	0		
g9289	Scaffolds_24	+	1	0			0			0	0		
g7697	Scaffolds_21	+	1	0			0	2582584	2584732	2149	0		
g9583	Scaffolds_25	-	1	0			0			0	0		
g16017	Scaffolds_9	+	1	0			0			0	0		
g1175	Scaffolds_10	+	2	1			0			0	0	1279145	1279319
g14900	Scaffolds_5	+	1	0			0			0	0		
g4830	Scaffolds_18	+	3	2			0	2147903	2149706	1804	0	2146265	2146321
g3893	Scaffolds_17	+	1	0			0	445344	449828	4485	0		
g15556	Scaffolds_8	+	1	0			0			0	0		
g15550	Scaffolds_8	-	2	1	708970	709046	77			0	0	705154	708512
g14840	Scaffolds_5	-	1	0			0			0	0		
g8558	Scaffolds_23	+	1	0			0			0	0		
g11923	Scaffolds_3	-	2	1	1636097	1636131	35			0	0	1635926	1636065
g4563	Scaffolds_18	+	1	0			0			0	0		
g9159	Scaffolds_24	+	1	0			0			0	0		
g10241	Scaffolds_26	+	1	0			0			0	0		
g12854	Scaffolds_33	+	2	1			0	158396	158444	49	0	157079	157484
g12324	Scaffolds_31	+	1	0			0			0	0		
g13897	Scaffolds_4	-	1	0			0			0	0		
g4280	Scaffolds_18	+	1	0			0			0	0		
g684	Scaffolds_1	-	1	0			0			0	0		
g7475	Scaffolds_21	+	2	1			0	1629614	1630062	449	0	1628471	1628546
g6976	Scaffolds_20	+	1	0			0			0	0		
g1311	Scaffolds_11	-	1	0	115690	115742	53			0	0		
g4133	Scaffolds_17	+	1	0			0			0	0		
g6869	Scaffolds_20	+	1	0			0			0	0		
g15834	Scaffolds_9	-	1	0			0			0	0		
g7417	Scaffolds_21	-	1	0			0			0	0		
g9747	Scaffolds_26	-	1	0			0			0	0		
g14049	Scaffolds_4	-	1	0			0			0	0		
g15698	Scaffolds_8	+	4	3			0	1230764	1231947	1184	0	1229551	1229591
g12447	Scaffolds_31	-	1	0			0			0	0		
g10616	Scaffolds_29	+	1	0			0			0	0		
g10644	Scaffolds_29	+	1	0			0			0	0		
g16035	Scaffolds_9	-	2	1			0			0	0	726411	726537
g12200	Scaffolds_31	-	2	1			0			0	0	93970	94120
g3117	Scaffolds_15	+	1	0			0			0	0		
g13305	Scaffolds_33	+	1	0			0			0	0		
g6092	Scaffolds_2	+	1	0			0			0	0		
g7168	Scaffolds_21	-	1	0			0			0	0		
g14919	Scaffolds_5	+	4	3			0			0	0	1311877	1311969
g12906	Scaffolds_33	+	1	0			0			0	0		
g10846	Scaffolds_29	+	1	0			0			0	0		
g1583	Scaffolds_11	+	1	0			0	1165247	1166274	1028	0		
g4560	Scaffolds_18	-	3	2			0			0	0	1157565	1157908
g1377	Scaffolds_11	+	1	0			0			0	0		
g11357	Scaffolds_29	-	1	0			0			0	0		
g14009	Scaffolds_4	+	1	0			0			0	0		
g10434	Scaffolds_28	-	5	4			0			0	0	353057	353211
g692	Scaffolds_1	-	1	0			0			0	0		
g6385	Scaffolds_2	-	1	0	1332066	1334217	2152			0	0		
g10101	Scaffolds_26	+	1	0			0			0	0		
g15975	Scaffolds_9	+	1	0			0	539879	540409	531	0		
g13959	Scaffolds_4	-	1	0			0			0	0		
g6231	Scaffolds_2	+	1	0			0			0	0		
g9540	Scaffolds_25	-	1	0			0			0	0		
g7175	Scaffolds_21	-	3	2	572215	572926	712			0	0	571260	571302
g9418	Scaffolds_25	+	2	1			0			0	0	344091	344312
g7604	Scaffolds_21	-	1	0			0			0	0		
g5909	Scaffolds_19	+	1	0			0	2021625	2021656	32	0		
g15689	Scaffolds_8	-	1	0			0			0	0		
g2595	Scaffolds_15	-	1	0			0			0	0		
g4645	Scaffolds_18	-	1	0	1449937	1449976	40			0	0		
g15902	Scaffolds_9	-	1	0			0			0	0		
g5070	Scaffolds_18	+	1	0			0	2955044	2957500	2457	0		
g11958	Scaffolds_3	+	1	0			0			0	0		
g8928	Scaffolds_24	-	1	0			0			0	0		
g12007	Scaffolds_3	+	1	0			0			0	0		
g171	Scaffolds_0	-	1	0			0			0	0		
g15872	Scaffolds_9	-	4	3			0			0	0	157167	157340
g6670	Scaffolds_20	-	1	0			0			0	0		
g6980	Scaffolds_20	-	1	0			0			0	0		
g12139	Scaffolds_30	-	3	2	553564	554308	745			0	0	553177	553261
g12723	Scaffolds_32	-	1	0			0			0	0		
g1450	Scaffolds_11	-	1	0			0			0	0		
g1990	Scaffolds_13	-	1	0			0			0	0		
g12040	Scaffolds_30	-	1	0			0			0	0		
g14048	Scaffolds_4	+	1	0			0			0	0		
g12543	Scaffolds_32	+	1	0			0			0	0		
g6076	Scaffolds_2	-	1	0			0			0	0		
g9193	Scaffolds_24	+	1	0			0			0	0		
g14233	Scaffolds_4	+	2	1			0			0	0	2419338	2419447
g14457	Scaffolds_4	+	1	0			0			0	0		
g6527	Scaffolds_20	-	1	0			0			0	0		
g4459	Scaffolds_18	+	1	0			0			0	0		
g11576	Scaffolds_3	+	3	2			0	419961	421674	1714	0	418604	418654
g1066	Scaffolds_10	+	1	0			0			0	0		
g2843	Scaffolds_15	+	1	0			0			0	0		
g10114	Scaffolds_26	+	1	0			0	1399322	1399621	300	0		
g9180	Scaffolds_24	-	1	0			0			0	0		
g12189	Scaffolds_31	+	1	0			0			0	0		
g6812	Scaffolds_20	+	3	2			0	1425069	1425224	156	0	1424443	1424528
g5527	Scaffolds_19	+	3	2			0	736015	736408	394	0	734177	734292
g8631	Scaffolds_23	+	1	0			0	1178009	1178437	429	0		
g6582	Scaffolds_20	+	2	1			0	529692	530009	318	0	527951	528265
g13276	Scaffolds_33	-	7	6	1738620	1739226	607			0	0	1736772	1736859
g204	Scaffolds_0	+	2	1			0			0	0	853131	853338
g10429	Scaffolds_28	+	1	0			0			0	0		
g14818	Scaffolds_5	-	1	0			0			0	0		
g3751	Scaffolds_16	+	1	0			0			0	0		
g4900	Scaffolds_18	-	1	0			0			0	0		
g166	Scaffolds_0	+	2	1			0			0	0	709925	710309
g15696	Scaffolds_8	+	1	0			0			0	0		
g8629	Scaffolds_23	+	1	0			0			0	0		
g2155	Scaffolds_14	-	2	1	315637	315769	133			0	0	315276	315566
g221	Scaffolds_0	-	1	0			0			0	0		
g1614	Scaffolds_11	-	1	0			0			0	0		
g3890	Scaffolds_17	+	1	0			0			0	0		
g14476	Scaffolds_4	+	1	0			0			0	0		
g6532	Scaffolds_20	+	1	0			0			0	0		
g11766	Scaffolds_3	+	1	0			0			0	0		
g8727	Scaffolds_23	+	2	1			0	1616554	1616809	256	0	1615320	1615746
g10652	Scaffolds_29	-	1	0			0			0	0		
g4809	Scaffolds_18	+	4	3			0	2064733	2065365	633	0	2063816	2064349
g8395	Scaffolds_23	-	1	0			0			0	0		
g5088	Scaffolds_18	+	1	0			0			0	0		
g6701	Scaffolds_20	+	1	0			0			0	0		
g5059	Scaffolds_18	-	2	1			0			0	0	2914710	2914919
g15416	Scaffolds_8	+	2	1			0	236023	236839	817	0	235586	235729
g12840	Scaffolds_33	+	1	0			0			0	0		
g15921	Scaffolds_9	-	1	0			0			0	0		
g2533	Scaffolds_14	+	1	0			0			0	0		
g3037	Scaffolds_15	+	1	0			0			0	0		
g11763	Scaffolds_3	+	1	0			0			0	0		
g6512	Scaffolds_20	+	1	0			0			0	0		
g1177	Scaffolds_10	+	1	0			0			0	0		
g15219	Scaffolds_7	+	1	0			0			0	0		
g12318	Scaffolds_31	-	1	0			0			0	0		
g11982	Scaffolds_3	+	2	1			0			0	0	1856753	1856998
g4604	Scaffolds_18	-	1	0			0			0	0		
g3857	Scaffolds_17	-	1	0			0			0	0		
g14744	Scaffolds_5	+	4	3			0			0	0	638086	638127
g1749	Scaffolds_12	-	1	0			0			0	0		
g13619	Scaffolds_4	+	1	0			0			0	0		
g1744	Scaffolds_12	+	1	0			0			0	0		
g2421	Scaffolds_14	-	1	0			0			0	0		
g10060	Scaffolds_26	-	5	4			0			0	0	1238303	1239289
g12632	Scaffolds_32	-	3	2			0			0	0	364367	364407
g15749	Scaffolds_8	+	1	0			0			0	0		
g9626	Scaffolds_25	+	2	1			0			0	0	1113227	1113761
g7339	Scaffolds_21	-	1	0			0			0	0		
g5983	Scaffolds_19	-	1	0			0			0	0		
g12339	Scaffolds_31	+	1	0			0			0	0		
g11164	Scaffolds_29	+	3	2			0	2152365	2152798	434	0	2149698	2150001
g14165	Scaffolds_4	-	1	0			0			0	0		
g2140	Scaffolds_14	+	1	0			0			0	0		
g7413	Scaffolds_21	+	1	0			0			0	0		
g9301	Scaffolds_24	+	2	1			0			0	0	1791066	1791477
g4245	Scaffolds_17	+	1	0			0			0	0		
g13203	Scaffolds_33	-	1	0			0			0	0		
g6849	Scaffolds_20	+	1	0			0			0	0		
g4460	Scaffolds_18	-	1	0			0			0	0		
g10096	Scaffolds_26	+	1	0			0			0	0		
g16029	Scaffolds_9	+	1	0			0	699636	699882	247	0		
g4885	Scaffolds_18	+	1	0			0			0	0		
g13898	Scaffolds_4	+	4	3			0	1188493	1188860	368	0	1184006	1184141
g9986	Scaffolds_26	+	1	0			0	1013179	1013375	197	0		
g9220	Scaffolds_24	+	1	0			0			0	0		
g15006	Scaffolds_6	+	2	1			0	267883	267913	31	0	267129	267318
g1285	Scaffolds_10	+	1	0			0	1612978	1613547	570	0		
g9619	Scaffolds_25	-	1	0			0			0	0		
g14024	Scaffolds_4	+	2	1			0			0	0	1637088	1637131
g946	Scaffolds_10	+	1	0			0			0	0		
g3040	Scaffolds_15	-	1	0			0			0	0		
g2639	Scaffolds_15	+	1	0			0	252022	252156	135	0		
g11455	Scaffolds_29	-	17	16	3209039	3209340	302			0	0	3203142	3203292
g15196	Scaffolds_6	-	13	12	970993	971349	357			0	0	966757	966911
g8757	Scaffolds_23	+	3	2			0	1722846	1722873	28	0	1720324	1720814
g5016	Scaffolds_18	+	1	0			0			0	0		
g7375	Scaffolds_21	+	1	0			0	1269994	1270044	51	0		
g8889	Scaffolds_24	+	1	0			0			0	0		
g2302	Scaffolds_14	-	3	2			0			0	0	824981	825069
g2937	Scaffolds_15	+	1	0			0			0	0		
g9434	Scaffolds_25	+	1	0			0	400670	402272	1603	0		
g8762	Scaffolds_23	-	1	0			0			0	0		
g3208	Scaffolds_15	+	1	0			0			0	0		
g14035	Scaffolds_4	-	2	1			0			0	0	1670091	1670274
g6021	Scaffolds_19	+	3	2			0			0	0	2410678	2410943
g2471	Scaffolds_14	-	1	0			0			0	0		
g6181	Scaffolds_2	-	1	0	527629	527760	132			0	0		
g9625	Scaffolds_25	-	1	0			0			0	0		
g2405	Scaffolds_14	+	1	0			0			0	0		
g16059	Scaffolds_9	+	1	0			0			0	0		
g5188	Scaffolds_18	+	1	0			0			0	0		
g10306	Scaffolds_27	-	1	0			0			0	0		
g6070	Scaffolds_2	-	4	3	146305	147658	1354			0	0	142909	143295
g14854	Scaffolds_5	-	1	0			0			0	0		
g8011	Scaffolds_22	+	1	0			0			0	0		
g13722	Scaffolds_4	+	1	0			0			0	0		
g836	Scaffolds_1	-	1	0			0			0	0		
g11073	Scaffolds_29	-	1	0			0			0	0		
g1199	Scaffolds_10	+	1	0			0			0	0		
g16007	Scaffolds_9	+	1	0			0			0	0		
g4067	Scaffolds_17	-	1	0			0			0	0		
g6232	Scaffolds_2	-	1	0			0			0	0		
g9056	Scaffolds_24	+	1	0			0			0	0		
g12885	Scaffolds_33	-	4	3	253599	253696	98			0	0	252525	253138
g11573	Scaffolds_3	-	4	3	413670	414383	714			0	0	412864	412970
g6450	Scaffolds_20	+	1	0			0			0	0		
g8923	Scaffolds_24	-	1	0	174320	174620	301			0	0		
g13579	Scaffolds_33	+	1	0			0			0	0		
g13442	Scaffolds_33	+	1	0			0			0	0		
g795	Scaffolds_1	-	1	0			0			0	0		
g14178	Scaffolds_4	+	1	0			0			0	0		
g7127	Scaffolds_21	-	1	0			0			0	0		
g4406	Scaffolds_18	-	1	0			0			0	0		
g14094	Scaffolds_4	-	1	0			0			0	0		
g14503	Scaffolds_4	+	1	0			0			0	0		
g4874	Scaffolds_18	-	1	0			0			0	0		
g15813	Scaffolds_8	+	1	0			0			0	0		
g11394	Scaffolds_29	+	1	0			0			0	0		
g10721	Scaffolds_29	+	1	0			0			0	0		
g8777	Scaffolds_23	-	2	1			0			0	0	1781534	1781903
g3684	Scaffolds_16	-	1	0			0			0	0		
g721	Scaffolds_1	-	1	0			0			0	0		
g11725	Scaffolds_3	+	1	0			0			0	0		
g14097	Scaffolds_4	-	2	1	1931001	1931588	588			0	0	1930196	1930872
g14874	Scaffolds_5	+	2	1			0	1145060	1145538	479	0	1144843	1144948
g13941	Scaffolds_4	+	4	3			0	1345084	1345944	861	0	1335994	1336102
g958	Scaffolds_10	-	1	0			0			0	0		
g3727	Scaffolds_16	-	1	0			0			0	0		
g564	Scaffolds_1	+	1	0			0	355045	355384	340	0		
g13772	Scaffolds_4	-	1	0	706913	707204	292			0	0		
g5290	Scaffolds_18	+	1	0			0			0	0		
g3992	Scaffolds_17	+	1	0			0			0	0		
g12674	Scaffolds_32	-	1	0			0			0	0		
g12792	Scaffolds_32	-	1	0			0			0	0		
g13647	Scaffolds_4	-	1	0			0			0	0		
g7056	Scaffolds_21	-	2	1			0			0	0	65847	65998
g4209	Scaffolds_17	+	1	0			0			0	0		
g2414	Scaffolds_14	+	2	1			0	1216943	1217183	241	0	1213053	1213709
g13893	Scaffolds_4	+	1	0			0	1158689	1159656	968	0		
g2077	Scaffolds_14	-	1	0			0			0	0		
g15873	Scaffolds_9	+	1	0			0			0	0		
g1174	Scaffolds_10	-	1	0			0			0	0		
g546	Scaffolds_1	+	1	0			0			0	0		
g7398	Scaffolds_21	-	1	0			0			0	0		
g7386	Scaffolds_21	-	1	0			0			0	0		
g11668	Scaffolds_3	+	1	0			0			0	0		
g7036	Scaffolds_20	+	1	0			0			0	0		
g8622	Scaffolds_23	+	2	1			0			0	0	1149935	1150313
g15088	Scaffolds_6	+	1	0			0			0	0		
g2109	Scaffolds_14	-	1	0			0			0	0		
g6513	Scaffolds_20	-	4	3	306771	306946	176			0	0	305495	305651
g13167	Scaffolds_33	+	1	0			0			0	0		
g5069	Scaffolds_18	+	1	0			0			0	0		
g1751	Scaffolds_12	-	1	0			0			0	0		
g11526	Scaffolds_3	-	1	0	206037	206178	142			0	0		
g13748	Scaffolds_4	+	1	0			0			0	0		
g1657	Scaffolds_11	+	1	0			0			0	0		
g8653	Scaffolds_23	-	2	1			0			0	0	1243301	1243567
g120	Scaffolds_0	-	1	0			0			0	0		
g7373	Scaffolds_21	-	1	0	1261643	1262067	425			0	0		
g7331	Scaffolds_21	+	16	15			0	1114393	1114775	383	0	1111901	1111968
g8017	Scaffolds_22	-	1	0			0			0	0		
g4807	Scaffolds_18	-	1	0			0			0	0		
g8826	Scaffolds_23	+	4	3			0	1963980	1964194	215	0	1962286	1962375
g15644	Scaffolds_8	-	1	0			0			0	0		
g7439	Scaffolds_21	-	1	0			0			0	0		
g7140	Scaffolds_21	-	16	15			0			0	0	425165	425363
g13721	Scaffolds_4	-	1	0			0			0	0		
g5531	Scaffolds_19	+	1	0			0			0	0		
g11390	Scaffolds_29	-	6	5	2953899	2955241	1343			0	0	2951254	2951552
g4833	Scaffolds_18	-	4	3			0			0	0	2157579	2157776
g10081	Scaffolds_26	-	1	0			0			0	0		
g2564	Scaffolds_14	+	1	0			0			0	0		
g1082	Scaffolds_10	+	1	0			0			0	0		
g14664	Scaffolds_5	+	2	1			0	289762	289926	165	0	287897	288002
g15888	Scaffolds_9	-	2	1	197034	197115	82			0	0	196884	196935
g8418	Scaffolds_23	-	1	0			0			0	0		
g6099	Scaffolds_2	+	1	0			0			0	0		
g9969	Scaffolds_26	-	2	1			0			0	0	942190	942351
g9924	Scaffolds_26	-	1	0			0			0	0		
g8633	Scaffolds_23	-	1	0			0			0	0		
g15161	Scaffolds_6	+	3	2			0			0	0	800432	800701
g2875	Scaffolds_15	+	2	1			0			0	0	1109239	1109354
g12809	Scaffolds_32	+	1	0			0			0	0		
g11432	Scaffolds_29	-	1	0			0			0	0		
g15441	Scaffolds_8	-	1	0			0			0	0		
g11863	Scaffolds_3	-	1	0			0			0	0		
g5198	Scaffolds_18	-	1	0			0			0	0		
g1135	Scaffolds_10	+	1	0			0			0	0		
g14548	Scaffolds_4	-	2	1	3705567	3705903	337			0	0	3705015	3705529
g2972	Scaffolds_15	+	1	0			0			0	0		
g1585	Scaffolds_11	-	1	0			0			0	0		
g3212	Scaffolds_15	+	1	0			0			0	0		
g12866	Scaffolds_33	-	1	0			0			0	0		
g9198	Scaffolds_24	-	2	1	1391606	1391623	18			0	0	1391229	1391521
g5439	Scaffolds_19	+	1	0			0			0	0		
g4819	Scaffolds_18	-	1	0			0			0	0		
g4569	Scaffolds_18	-	1	0			0			0	0		
g14284	Scaffolds_4	+	1	0			0			0	0		
g13063	Scaffolds_33	-	1	0			0			0	0		
g590	Scaffolds_1	+	1	0			0			0	0		
g3505	Scaffolds_16	-	1	0			0			0	0		
g4922	Scaffolds_18	-	2	1			0			0	0	2476003	2476174
g16055	Scaffolds_9	-	1	0			0			0	0		
g13033	Scaffolds_33	+	2	1			0			0	0	847026	847207
g15634	Scaffolds_8	+	1	0			0			0	0		
g16006	Scaffolds_9	+	1	0			0			0	0		
g2638	Scaffolds_15	-	1	0			0			0	0		
g10070	Scaffolds_26	+	1	0			0	1280516	1286090	5575	0		
g5234	Scaffolds_18	+	1	0			0			0	0		
g10051	Scaffolds_26	-	1	0			0			0	0		
g5976	Scaffolds_19	+	2	1			0	2240234	2240438	205	0	2238451	2239059
g1183	Scaffolds_10	-	1	0			0			0	0		
g14699	Scaffolds_5	-	2	1			0			0	0	425392	426207
g11232	Scaffolds_29	-	9	8	2392842	2393191	350			0	0	2391031	2391141
g9425	Scaffolds_25	+	3	2			0	374977	375478	502	0	373621	373776
g1276	Scaffolds_10	+	1	0			0			0	0		
g5376	Scaffolds_19	+	1	0			0			0	0		
g10310	Scaffolds_27	+	1	0			0	130610	131625	1016	0		
g4917	Scaffolds_18	+	1	0			0			0	0		
g581	Scaffolds_1	+	4	3			0			0	0	403217	403326
g15822	Scaffolds_8	-	8	7	1759177	1759480	304			0	0	1756248	1756403
g10131	Scaffolds_26	-	1	0			0			0	0		
g4513	Scaffolds_18	+	1	0			0			0	0		
g9596	Scaffolds_25	+	2	1			0	1007391	1007511	121	0	1007158	1007309
g9505	Scaffolds_25	-	1	0			0			0	0		
g58	Scaffolds_0	+	1	0			0			0	0		
g6432	Scaffolds_20	+	1	0			0			0	0		
g10965	Scaffolds_29	+	1	0			0			0	0		
g7039	Scaffolds_20	+	1	0			0			0	0		
g2391	Scaffolds_14	-	1	0			0			0	0		
g11695	Scaffolds_3	-	1	0			0			0	0		
g5655	Scaffolds_19	+	2	1			0	1121234	1122637	1404	0	1121130	1121191
g10292	Scaffolds_26	-	1	0			0			0	0		
g2146	Scaffolds_14	+	1	0			0			0	0		
g14412	Scaffolds_4	+	1	0			0			0	0		
g11441	Scaffolds_29	-	1	0			0			0	0		
g15063	Scaffolds_6	+	1	0			0			0	0		
g9277	Scaffolds_24	-	1	0			0			0	0		
g9771	Scaffolds_26	+	2	1			0	193754	194474	721	0	193635	193677
g14067	Scaffolds_4	+	1	0			0			0	0		
g7111	Scaffolds_21	-	3	2	297974	298013	40			0	0	297077	297323
g9535	Scaffolds_25	-	1	0			0			0	0		
g1209	Scaffolds_10	-	4	3	1390384	1390993	610			0	0	1388607	1388766
g2315	Scaffolds_14	+	1	0			0			0	0		
g6353	Scaffolds_2	+	1	0			0			0	0		
g14341	Scaffolds_4	+	1	0			0			0	0		
g4976	Scaffolds_18	+	3	2			0	2640745	2640884	140	0	2639809	2639870
g9483	Scaffolds_25	-	4	3	597119	597646	528			0	0	596028	596118
g1503	Scaffolds_11	+	2	1			0			0	0	850455	850847
g12962	Scaffolds_33	+	1	0			0			0	0		
g833	Scaffolds_1	-	3	2	1367011	1367293	283			0	0	1366622	1366715
g6009	Scaffolds_19	+	4	3			0	2354278	2355098	821	0	2353096	2353169
g8351	Scaffolds_23	-	1	0			0			0	0		
g9904	Scaffolds_26	+	1	0			0			0	0		
g3946	Scaffolds_17	+	1	0			0	650169	652111	1943	0		
g7623	Scaffolds_21	+	1	0			0	2261078	2264863	3786	0		
g2880	Scaffolds_15	-	1	0			0			0	0		
g5707	Scaffolds_19	+	1	0			0			0	0		
g9818	Scaffolds_26	-	1	0			0			0	0		
g10054	Scaffolds_26	+	1	0			0			0	0		
g8014	Scaffolds_22	-	1	0	847932	848408	477			0	0		
g6049	Scaffolds_19	-	4	3	2526050	2526904	855	2524102	2524734	633	0	2524720	2524782
g2905	Scaffolds_15	+	1	0			0			0	0		
g11537	Scaffolds_3	+	1	0			0			0	0		
g5168	Scaffolds_18	+	2	1			0			0	0	3452469	3452653
g11936	Scaffolds_3	+	1	0			0			0	0		
g501	Scaffolds_1	+	1	0			0			0	0		
g5575	Scaffolds_19	+	2	1			0			0	0	887408	887599
g3984	Scaffolds_17	+	1	0			0			0	0		
g9168	Scaffolds_24	-	1	0			0			0	0		
g3340	Scaffolds_15	-	18	17	2909873	2910049	177			0	0	2905447	2905663
g1607	Scaffolds_11	-	1	0			0			0	0		
g5620	Scaffolds_19	-	1	0			0			0	0		
g13123	Scaffolds_33	-	1	0	1181273	1182706	1434			0	0		
g13468	Scaffolds_33	+	1	0			0			0	0		
g5177	Scaffolds_18	-	1	0			0			0	0		
g7808	Scaffolds_22	+	3	2			0	172183	172940	758	0	170316	170423
g1590	Scaffolds_11	-	1	0			0			0	0		
g10099	Scaffolds_26	-	1	0			0			0	0		
g11887	Scaffolds_3	-	1	0			0			0	0		
g2114	Scaffolds_14	+	2	1			0			0	0	160566	160651
g15251	Scaffolds_7	-	1	0			0			0	0		
g5541	Scaffolds_19	+	5	4			0	787491	789004	1514	0	783763	784136
g12504	Scaffolds_31	+	14	13			0			0	0	1157618	1157685
g3834	Scaffolds_17	+	1	0			0			0	0		
g13319	Scaffolds_33	+	1	0			0	1942001	1942192	192	0		
g66	Scaffolds_0	+	2	1			0	322561	323352	792	0	322112	322180
g124	Scaffolds_0	+	2	1			0	540501	541783	1283	0	538926	539224
g15380	Scaffolds_8	+	1	0			0			0	0		
g14026	Scaffolds_4	+	1	0			0			0	0		
g16021	Scaffolds_9	+	1	0			0			0	0		
g8565	Scaffolds_23	+	1	0			0			0	0		
g14252	Scaffolds_4	+	1	0			0			0	0		
g6955	Scaffolds_20	-	1	0			0			0	0		
g13126	Scaffolds_33	-	1	0			0			0	0		
g2711	Scaffolds_15	-	1	0			0			0	0		
g3482	Scaffolds_16	-	1	0			0			0	0		
g15376	Scaffolds_8	+	1	0			0			0	0		
g7304	Scaffolds_21	+	1	0			0			0	0		
g5522	Scaffolds_19	+	3	2			0	722423	722875	453	0	720705	720774
g7450	Scaffolds_21	-	1	0			0			0	0		
g6025	Scaffolds_19	+	3	2			0	2422808	2424174	1367	0	2421814	2421971
g9608	Scaffolds_25	+	1	0			0	1054099	1054662	564	0		
g6645	Scaffolds_20	+	1	0			0			0	0		
g15468	Scaffolds_8	+	1	0			0			0	0		
g154	Scaffolds_0	-	1	0			0			0	0		
g6284	Scaffolds_2	+	1	0			0			0	0		
g10951	Scaffolds_29	+	2	1			0	1313751	1313795	45	0	1313076	1313382
g10924	Scaffolds_29	-	1	0			0			0	0		
g13507	Scaffolds_33	-	1	0			0			0	0		
g12647	Scaffolds_32	+	1	0			0			0	0		
g5820	Scaffolds_19	+	1	0			0			0	0		
g6666	Scaffolds_20	-	1	0			0			0	0		
g11932	Scaffolds_3	+	1	0			0			0	0		
g8902	Scaffolds_24	+	1	0			0			0	0		
g13636	Scaffolds_4	+	1	0			0			0	0		
g10204	Scaffolds_26	-	1	0			0			0	0		
g3981	Scaffolds_17	+	1	0			0			0	0		
g10490	Scaffolds_28	+	2	1			0			0	0	597334	597403
g1013	Scaffolds_10	-	1	0			0			0	0		
g1254	Scaffolds_10	-	1	0			0			0	0		
g5028	Scaffolds_18	-	1	0			0			0	0		
g14712	Scaffolds_5	-	1	0			0			0	0		
g5066	Scaffolds_18	-	1	0			0			0	0		
g8500	Scaffolds_23	+	1	0			0			0	0		
g6292	Scaffolds_2	+	1	0			0			0	0		
g13291	Scaffolds_33	-	2	1	1849317	1850321	1005			0	0	1834479	1834520
g15812	Scaffolds_8	+	1	0			0			0	0		
g5480	Scaffolds_19	+	1	0			0			0	0		
g13752	Scaffolds_4	+	5	4			0	587852	588522	671	0	586706	586749
g12950	Scaffolds_33	+	2	1			0	502182	502228	47	0	501145	501271
g10407	Scaffolds_28	-	1	0	237593	237744	152			0	0		
g3321	Scaffolds_15	-	1	0			0			0	0		
g56	Scaffolds_0	+	1	0			0			0	0		
g5839	Scaffolds_19	+	1	0			0			0	0		
g2453	Scaffolds_14	-	1	0			0			0	0		
g3805	Scaffolds_17	+	1	0			0			0	0		
g14145	Scaffolds_4	+	1	0			0			0	0		
g13920	Scaffolds_4	-	1	0			0			0	0		
g5401	Scaffolds_19	+	2	1			0			0	0	319625	319728
g474	Scaffolds_1	-	1	0			0			0	0		
g12794	Scaffolds_32	+	1	0			0	883993	884131	139	0		
g7535	Scaffolds_21	-	1	0			0			0	0		
g4492	Scaffolds_18	+	1	0			0			0	0		
g12811	Scaffolds_32	+	1	0			0			0	0		
g9285	Scaffolds_24	+	1	0			0			0	0		
g9450	Scaffolds_25	-	1	0	451888	456525	4638			0	0		
g11278	Scaffolds_29	-	1	0	2585532	2590283	4752			0	0		
g4879	Scaffolds_18	+	1	0			0			0	0		
g3099	Scaffolds_15	+	1	0			0	2031256	2049277	18022	0		
g8416	Scaffolds_23	+	1	0			0			0	0		
g1551	Scaffolds_11	+	1	0			0			0	0		
g15530	Scaffolds_8	-	1	0	646021	646251	231			0	0		
g2774	Scaffolds_15	+	1	0			0			0	0		
g8399	Scaffolds_23	-	1	0			0			0	0		
g1179	Scaffolds_10	+	8	7			0	1290424	1291111	688	0	1286396	1286890
g1113	Scaffolds_10	-	1	0			0			0	0		
g6810	Scaffolds_20	-	1	0			0			0	0		
g11123	Scaffolds_29	-	4	3			0			0	0	2012667	2013041
g10178	Scaffolds_26	+	6	5			0	1624628	1625947	1320	0	1622908	1623004
g12079	Scaffolds_30	-	6	5	329706	329854	149			0	0	327048	327714
g2584	Scaffolds_14	-	17	16	1857489	1857900	412			0	0	1851781	1851938
g9396	Scaffolds_25	+	1	0			0			0	0		
g469	Scaffolds_0	+	1	0			0			0	0		
g586	Scaffolds_1	-	1	0			0			0	0		
g11322	Scaffolds_29	-	1	0			0			0	0		
g13625	Scaffolds_4	+	1	0			0			0	0		
g9606	Scaffolds_25	-	3	2	1045967	1046476	510			0	0	1044296	1044641
g9748	Scaffolds_26	-	1	0			0			0	0		
g9515	Scaffolds_25	+	1	0			0	718008	718147	140	0		
g7024	Scaffolds_20	-	1	0			0			0	0		
g11946	Scaffolds_3	-	1	0			0			0	0		
g1591	Scaffolds_11	+	1	0			0			0	0		
g8025	Scaffolds_22	-	1	0			0			0	0		
g10892	Scaffolds_29	-	2	1			0			0	0	1119001	1119195
g13583	Scaffolds_33	-	1	0			0			0	0		
g5873	Scaffolds_19	-	1	0			0			0	0		
g12896	Scaffolds_33	-	1	0			0			0	0		
g1372	Scaffolds_11	+	1	0			0			0	0		
g74	Scaffolds_0	-	1	0			0			0	0		
g13081	Scaffolds_33	+	2	1			0	1015530	1015639	110	0	1014910	1015049
g965	Scaffolds_10	+	1	0			0			0	0		
g3337	Scaffolds_15	+	3	2			0	2896891	2897413	523	0	2896203	2896361
g15786	Scaffolds_8	-	1	0			0			0	0		
g3475	Scaffolds_16	+	2	1			0			0	0	465519	465880
g9293	Scaffolds_24	+	1	0			0			0	0		
g7559	Scaffolds_21	-	2	1			0			0	0	1984727	1985224
g13763	Scaffolds_4	+	1	0			0			0	0		
g12736	Scaffolds_32	+	1	0			0			0	0		
g6941	Scaffolds_20	+	1	0			0			0	0		
g6780	Scaffolds_20	+	1	0			0			0	0		
g14932	Scaffolds_5	-	1	0			0			0	0		
g6331	Scaffolds_2	-	2	1			0			0	0	1135192	1135474
g3015	Scaffolds_15	-	1	0			0			0	0		
g2246	Scaffolds_14	-	3	2			0			0	0	638656	638966
g503	Scaffolds_1	-	1	0			0			0	0		
g7241	Scaffolds_21	-	1	0			0			0	0		
g4211	Scaffolds_17	+	1	0			0			0	0		
g565	Scaffolds_1	-	1	0			0			0	0		
g12657	Scaffolds_32	-	1	0			0			0	0		
g14655	Scaffolds_5	+	1	0			0			0	0		
g12487	Scaffolds_31	-	1	0			0			0	0		
g6065	Scaffolds_2	-	1	0	127170	127439	270			0	0		
g9209	Scaffolds_24	-	1	0	1438273	1438432	160			0	0		
g5892	Scaffolds_19	+	1	0			0			0	0		
g14458	Scaffolds_4	+	1	0			0			0	0		
g11403	Scaffolds_29	-	6	5	2994085	2994935	851			0	0	2992508	2992617
g3053	Scaffolds_15	-	5	4			0			0	0	1839462	1839770
g8110	Scaffolds_22	+	1	0			0			0	0		
g2817	Scaffolds_15	+	2	1			0	825035	825159	125	0	823371	823501
g8339	Scaffolds_22	+	1	0			0			0	0		
g8575	Scaffolds_23	+	1	0			0	945018	947074	2057	0		
g11417	Scaffolds_29	+	1	0			0			0	0		
g7256	Scaffolds_21	+	1	0			0			0	0		
g10084	Scaffolds_26	+	1	0			0			0	0		
g6441	Scaffolds_20	+	1	0			0			0	0		
g9965	Scaffolds_26	+	2	1			0	917849	918235	387	0	917317	917484
g9885	Scaffolds_26	+	2	1			0	613182	614041	860	0	612607	612653
g10943	Scaffolds_29	+	1	0			0	1293340	1293657	318	0		
g15607	Scaffolds_8	+	1	0			0			0	0		
g14136	Scaffolds_4	+	1	0			0			0	0		
g9994	Scaffolds_26	+	2	1			0	1047692	1047802	111	0	1042201	1042503
g9088	Scaffolds_24	-	2	1			0			0	0	849465	849604
g8133	Scaffolds_22	-	3	2	1279177	1282840	3664			0	0	1278556	1278691
g1987	Scaffolds_13	+	3	2			0	854634	854865	232	0	854297	854354
g14504	Scaffolds_4	-	1	0			0			0	0		
g15883	Scaffolds_9	-	1	0			0			0	0		
g12593	Scaffolds_32	-	3	2	223544	223806	263			0	0	222604	222760
g3671	Scaffolds_16	+	1	0			0			0	0		
g15560	Scaffolds_8	+	1	0			0			0	0		
g10907	Scaffolds_29	-	1	0			0			0	0		
g9387	Scaffolds_25	+	1	0			0			0	0		
g12971	Scaffolds_33	+	1	0			0			0	0		
g4008	Scaffolds_17	-	1	0			0			0	0		
g12825	Scaffolds_33	-	15	14			0			0	0	20596	20661
g8268	Scaffolds_22	+	2	1			0			0	0	1800752	1801294
g4219	Scaffolds_17	-	1	0			0			0	0		
g72	Scaffolds_0	+	7	6			0	353563	354483	921	0	347491	347663
g926	Scaffolds_10	-	4	3			0			0	0	376539	376662
g3001	Scaffolds_15	-	1	0			0			0	0		
g508	Scaffolds_1	-	1	0			0			0	0		
g10103	Scaffolds_26	-	1	0			0			0	0		
g14938	Scaffolds_5	-	6	5	1394971	1395346	376			0	0	1393265	1393327
g829	Scaffolds_1	+	2	1			0	1343514	1344210	697	0	1342283	1342436
g12102	Scaffolds_30	+	1	0			0			0	0		
g15252	Scaffolds_7	+	1	0			0			0	0		
g4931	Scaffolds_18	-	1	0			0			0	0		
g7617	Scaffolds_21	-	1	0	2240792	2241166	375			0	0		
g253	Scaffolds_0	+	2	1			0	1043611	1043692	82	0	1040123	1040220
g10842	Scaffolds_29	+	1	0			0			0	0		
g4178	Scaffolds_17	-	1	0			0			0	0		
g3543	Scaffolds_16	+	1	0			0			0	0		
g1730	Scaffolds_12	+	1	0			0			0	0		
g11	Scaffolds_0	+	1	0			0			0	0		
g5453	Scaffolds_19	+	1	0			0			0	0		
g8737	Scaffolds_23	+	5	4			0	1645251	1646005	755	0	1643441	1643551
g15237	Scaffolds_7	+	3	2			0	137338	138019	682	0	135927	136202
g10854	Scaffolds_29	+	1	0			0			0	0		
g12695	Scaffolds_32	+	5	4			0	552704	553271	568	0	550620	550949
g8753	Scaffolds_23	-	2	1			0			0	0	1705491	1705607
g11297	Scaffolds_29	+	3	2			0	2649911	2650292	382	0	2646577	2646628
g9319	Scaffolds_24	+	1	0			0			0	0		
g3818	Scaffolds_17	+	7	6			0	167262	167705	444	0	164649	164771
g3199	Scaffolds_15	-	3	2			0			0	0	2432059	2432192
g670	Scaffolds_1	-	1	0			0			0	0		
g10260	Scaffolds_26	-	1	0			0			0	0		
g133	Scaffolds_0	-	1	0	565036	577140	12105			0	0		
g3352	Scaffolds_16	+	1	0			0			0	0		
g4720	Scaffolds_18	-	2	1	1762663	1762680	18			0	0	1762604	1762659
g9822	Scaffolds_26	-	1	0			0			0	0		
g5216	Scaffolds_18	+	1	0			0			0	0		
g7103	Scaffolds_21	+	1	0			0	239996	241329	1334	0		
g884	Scaffolds_10	-	1	0			0			0	0		
g11125	Scaffolds_29	-	1	0			0			0	0		
g9670	Scaffolds_25	-	4	3			0			0	0	1246981	1247344
g10284	Scaffolds_26	+	1	0			0			0	0		
g13192	Scaffolds_33	-	1	0			0			0	0		
g14907	Scaffolds_5	-	2	1			0			0	0	1256849	1256975
g15510	Scaffolds_8	-	1	0			0			0	0		
g12455	Scaffolds_31	+	1	0			0	1022706	1022913	208	0		
g15331	Scaffolds_7	-	1	0			0			0	0		
g8959	Scaffolds_24	-	1	0			0			0	0		
g3439	Scaffolds_16	-	1	0			0			0	0		
g12617	Scaffolds_32	+	2	1			0	305984	306562	579	0	305503	305606
g4046	Scaffolds_17	-	1	0			0			0	0		
g5774	Scaffolds_19	+	1	0			0			0	0		
g14011	Scaffolds_4	+	1	0			0			0	0		
g7265	Scaffolds_21	-	1	0			0			0	0		
g6714	Scaffolds_20	-	1	0			0			0	0		
g8324	Scaffolds_22	+	4	3			0	1995022	1995229	208	0	1993141	1993542
g11749	Scaffolds_3	+	5	4			0	959986	960565	580	0	958561	958738
g6414	Scaffolds_2	-	2	1	1444948	1445183	236			0	0	1444533	1444795
g4550	Scaffolds_18	-	3	2	1128567	1128788	222			0	0	1127542	1127749
g11528	Scaffolds_3	-	1	0			0			0	0		
g944	Scaffolds_10	+	1	0			0			0	0		
g15498	Scaffolds_8	+	1	0			0			0	0		
g2503	Scaffolds_14	-	4	3			0			0	0	1530813	1530928
g3720	Scaffolds_16	-	1	0			0			0	0		
g11372	Scaffolds_29	+	9	8			0			0	0	2895293	2895366
g15529	Scaffolds_8	+	2	1			0			0	0	643395	643850
g5908	Scaffolds_19	-	2	1	2016454	2016881	428			0	0	2016392	2016443
g10938	Scaffolds_29	+	1	0			0			0	0		
g13804	Scaffolds_4	-	1	0			0			0	0		
g7313	Scaffolds_21	+	3	2			0	1045415	1045929	515	0	1042915	1043216
g745	Scaffolds_1	-	1	0			0			0	0		
g6313	Scaffolds_2	-	1	0			0			0	0		
g7494	Scaffolds_21	-	2	1			0			0	0	1728729	1728886
g11777	Scaffolds_3	-	3	2	1054821	1054960	140			0	0	1054143	1054243
g4949	Scaffolds_18	+	3	2			0	2568887	2569408	522	0	2567901	2568034
g6592	Scaffolds_20	+	1	0			0			0	0		
g634	Scaffolds_1	+	4	3			0	595393	595755	363	0	594139	594242
g5422	Scaffolds_19	+	1	0			0			0	0		
g14812	Scaffolds_5	+	1	0			0			0	0		
g15004	Scaffolds_6	-	1	0			0			0	0		
g13113	Scaffolds_33	-	1	0			0			0	0		
g698	Scaffolds_1	+	1	0			0			0	0		
g11704	Scaffolds_3	+	4	3			0	826305	826359	55	0	821542	821856
g4728	Scaffolds_18	-	1	0			0			0	0		
g11597	Scaffolds_3	-	2	1	468895	469757	863			0	0	468484	468850
g556	Scaffolds_1	-	1	0			0			0	0		
g13966	Scaffolds_4	+	1	0			0			0	0		
g3552	Scaffolds_16	-	1	0			0			0	0		
g11095	Scaffolds_29	-	1	0			0			0	0		
g4661	Scaffolds_18	+	1	0			0			0	0		
g11692	Scaffolds_3	+	1	0			0			0	0		
g2970	Scaffolds_15	+	1	0			0			0	0		
g11212	Scaffolds_29	-	1	0			0			0	0		
g1191	Scaffolds_10	+	2	1			0	1336481	1336706	226	0	1331637	1332101
g9192	Scaffolds_24	-	1	0			0			0	0		
g11860	Scaffolds_3	+	1	0			0			0	0		
g7776	Scaffolds_22	-	1	0			0			0	0		
g8694	Scaffolds_23	+	1	0			0			0	0		
g9029	Scaffolds_24	+	1	0			0			0	0		
g2648	Scaffolds_15	-	2	1	275119	275153	35			0	0	274362	274423
g13708	Scaffolds_4	+	1	0			0			0	0		
g11171	Scaffolds_29	+	1	0			0			0	0		
g15290	Scaffolds_7	+	1	0			0			0	0		
g173	Scaffolds_0	+	1	0			0			0	0		
g14929	Scaffolds_5	+	1	0			0			0	0		
g3486	Scaffolds_16	+	2	1			0	504082	505179	1098	0	503966	504072
g150	Scaffolds_0	+	1	0			0			0	0		
g3379	Scaffolds_16	+	2	1			0			0	0	139942	140181
g11226	Scaffolds_29	-	2	1	2374665	2375201	537			0	0	2374582	2374627
g3698	Scaffolds_16	+	1	0			0	1205129	1205254	126	0		
g2369	Scaffolds_14	-	1	0			0			0	0		
g8720	Scaffolds_23	-	1	0			0			0	0		
g2789	Scaffolds_15	-	1	0			0			0	0		
g6926	Scaffolds_20	-	1	0			0			0	0		
g1611	Scaffolds_11	-	9	8	1266539	1266958	420			0	0	1264558	1264749
g6847	Scaffolds_20	-	1	0			0			0	0		
g9252	Scaffolds_24	-	1	0			0			0	0		
g12581	Scaffolds_32	+	1	0			0			0	0		
g8739	Scaffolds_23	-	2	1			0			0	0	1651847	1652147
g13344	Scaffolds_33	-	1	0			0			0	0		
g2056	Scaffolds_13	-	1	0			0			0	0		
g13603	Scaffolds_33	-	1	0			0			0	0		
g12005	Scaffolds_3	-	1	0			0			0	0		
g2117	Scaffolds_14	-	6	5	180049	180534	486			0	0	178751	178851
g14068	Scaffolds_4	+	1	0			0			0	0		
g11034	Scaffolds_29	-	1	0			0			0	0		
g9095	Scaffolds_24	+	2	1			0	887300	887435	136	0	886073	886269
g446	Scaffolds_0	+	1	0			0			0	0		
g4710	Scaffolds_18	-	1	0			0			0	0		
g9344	Scaffolds_25	-	4	3	62703	63202	500			0	0	61545	61629
g15716	Scaffolds_8	-	3	2			0			0	0	1357086	1357194
g11288	Scaffolds_29	-	1	0			0			0	0		
g7362	Scaffolds_21	-	5	4			0			0	0	1215217	1215347
g15197	Scaffolds_6	+	17	16			0	979455	979486	32	0	972895	973290
g1652	Scaffolds_11	-	1	0			0			0	0		
g15203	Scaffolds_7	+	4	3			0			0	0	3178	3472
g10144	Scaffolds_26	-	1	0			0			0	0		
g10024	Scaffolds_26	-	1	0			0			0	0		
g6329	Scaffolds_2	-	1	0			0			0	0		
g125	Scaffolds_0	-	1	0			0			0	0		
g15173	Scaffolds_6	+	1	0			0			0	0		
g10629	Scaffolds_29	-	1	0			0			0	0		
g883	Scaffolds_10	+	1	0			0	170094	170306	213	0		
g7336	Scaffolds_21	+	2	1			0			0	0	1131270	1131370
g14516	Scaffolds_4	+	1	0			0			0	0		
g10732	Scaffolds_29	-	1	0			0			0	0		
g13531	Scaffolds_33	-	1	0			0			0	0		
g12212	Scaffolds_31	-	1	0			0			0	0		
g1158	Scaffolds_10	+	1	0			0			0	0		
g8723	Scaffolds_23	-	1	0			0			0	0		
g4908	Scaffolds_18	-	1	0			0			0	0		
g15121	Scaffolds_6	+	1	0			0			0	0		
g11381	Scaffolds_29	+	1	0			0			0	0		
g9130	Scaffolds_24	+	3	2			0	1013325	1014020	696	0	1011669	1011970
g14539	Scaffolds_4	-	1	0			0			0	0		
g12583	Scaffolds_32	-	3	2			0			0	0	196655	196994
g7570	Scaffolds_21	-	1	0			0			0	0		
g5482	Scaffolds_19	-	1	0	596163	597317	1155			0	0		
g3683	Scaffolds_16	+	1	0			0			0	0		
g1986	Scaffolds_13	+	1	0	850853	850996	144			0	0		
g4384	Scaffolds_18	+	1	0			0			0	0		
g10843	Scaffolds_29	+	1	0			0			0	0		
g14459	Scaffolds_4	-	1	0			0			0	0		
g6700	Scaffolds_20	-	1	0			0			0	0		
g12987	Scaffolds_33	+	1	0			0	699973	700214	242	0		
g7073	Scaffolds_21	-	1	0			0			0	0		
g2363	Scaffolds_14	+	2	1			0			0	0	1057635	1057801
g5342	Scaffolds_19	-	1	0			0			0	0		
g2791	Scaffolds_15	+	1	0			0			0	0		
g4049	Scaffolds_17	-	1	0			0			0	0		
g2320	Scaffolds_14	-	1	0			0			0	0		
g13231	Scaffolds_33	+	2	1			0	1573945	1574146	202	0	1573180	1573307
g2983	Scaffolds_15	+	5	4			0	1568274	1568337	64	0	1566159	1566253
g9310	Scaffolds_24	-	1	0			0			0	0		
g15611	Scaffolds_8	+	1	0			0			0	0		
g5115	Scaffolds_18	-	1	0			0			0	0		
g196	Scaffolds_0	-	1	0			0			0	0		
g6349	Scaffolds_2	+	1	0			0	1208618	1208772	155	0		
g908	Scaffolds_10	+	4	3			0	310677	310724	48	0	309798	309956
g14487	Scaffolds_4	+	1	0			0			0	0		
g94	Scaffolds_0	-	1	0			0			0	0		
g4872	Scaffolds_18	-	1	0	2319822	2319965	144			0	0		
g15099	Scaffolds_6	-	1	0			0			0	0		
g15768	Scaffolds_8	-	1	0			0			0	0		
g13278	Scaffolds_33	-	1	0			0			0	0		
g3438	Scaffolds_16	-	1	0			0			0	0		
g2113	Scaffolds_14	-	3	2	159733	159929	197			0	0	159241	159438
g9031	Scaffolds_24	-	1	0			0			0	0		
g12956	Scaffolds_33	-	4	3			0			0	0	519602	519913
g9194	Scaffolds_24	-	2	1	1382132	1382828	697			0	0	1382063	1382105
g5609	Scaffolds_19	-	1	0			0			0	0		
g7639	Scaffolds_21	-	3	2	2328298	2328327	30			0	0	2321903	2324959
g3942	Scaffolds_17	-	1	0			0			0	0		
g4902	Scaffolds_18	+	1	0			0			0	0		
g11921	Scaffolds_3	+	1	0			0	1630834	1631329	496	0		
g2999	Scaffolds_15	+	1	0			0			0	0		
g10119	Scaffolds_26	+	1	0			0			0	0		
g5305	Scaffolds_19	+	1	0			0			0	0		
g9773	Scaffolds_26	-	1	0			0			0	0		
g15661	Scaffolds_8	+	1	0			0			0	0		
g8900	Scaffolds_24	+	2	1			0	117063	117714	652	0	116245	116294
g5578	Scaffolds_19	-	1	0			0			0	0		
g11435	Scaffolds_29	+	1	0			0	3116933	3117090	158	0		
g1289	Scaffolds_10	-	2	1			0			0	0	1621980	1622209
g2062	Scaffolds_14	+	1	0			0			0	0		
g5314	Scaffolds_19	-	1	0			0			0	0		
g5140	Scaffolds_18	-	1	0			0			0	0		
g2281	Scaffolds_14	+	1	0			0			0	0		
g15574	Scaffolds_8	+	1	0			0			0	0		
g12468	Scaffolds_31	+	1	0			0			0	0		
g3910	Scaffolds_17	+	1	0			0			0	0		
g3123	Scaffolds_15	-	1	0			0			0	0		
g4660	Scaffolds_18	-	1	0			0			0	0		
g1601	Scaffolds_11	-	1	0			0			0	0		
g1729	Scaffolds_12	-	1	0			0			0	0		
g3299	Scaffolds_15	+	1	0			0			0	0		
g8287	Scaffolds_22	-	3	2	1868368	1868783	416			0	0	1867674	1867723
g12948	Scaffolds_33	+	3	2			0	497903	498039	137	0	497345	497401
g13761	Scaffolds_4	-	1	0			0			0	0		
g13952	Scaffolds_4	+	5	4			0			0	0	1394824	1395133
g2454	Scaffolds_14	-	2	1			0			0	0	1367835	1368132
g3606	Scaffolds_16	-	1	0			0			0	0		
g4914	Scaffolds_18	+	1	0			0			0	0		
g8061	Scaffolds_22	-	1	0			0			0	0		
g4281	Scaffolds_18	+	1	0			0			0	0		
g7311	Scaffolds_21	+	1	0			0			0	0		
g4937	Scaffolds_18	+	2	1			0	2521855	2522716	862	0	2519691	2519733
g1119	Scaffolds_10	+	1	0			0	1082184	1082317	134	0		
g1114	Scaffolds_10	+	1	0			0			0	0		
g6995	Scaffolds_20	-	1	0			0			0	0		
g8899	Scaffolds_24	-	1	0			0			0	0		
g14855	Scaffolds_5	+	1	0			0			0	0		
g7371	Scaffolds_21	-	3	2			0			0	0	1252028	1252118
g4687	Scaffolds_18	+	1	0			0			0	0		
g11555	Scaffolds_3	-	1	0			0			0	0		
g3814	Scaffolds_17	-	1	0			0			0	0		
g16031	Scaffolds_9	+	1	0			0	714474	714701	228	0		
g2104	Scaffolds_14	+	1	0			0			0	0		
g356	Scaffolds_0	+	1	0			0			0	0		
g15571	Scaffolds_8	-	1	0			0			0	0		
g14937	Scaffolds_5	+	1	0			0	1390706	1391978	1273	0		
g15880	Scaffolds_9	-	1	0			0			0	0		
g15565	Scaffolds_8	+	1	0			0			0	0		
g1999	Scaffolds_13	+	1	0			0			0	0		
g7177	Scaffolds_21	+	1	0			0			0	0		
g4598	Scaffolds_18	-	3	2			0			0	0	1299063	1299400
g2749	Scaffolds_15	+	1	0			0			0	0		
g8108	Scaffolds_22	-	1	0			0			0	0		
g15820	Scaffolds_8	-	1	0			0			0	0		
g8507	Scaffolds_23	+	1	0			0			0	0		
g14085	Scaffolds_4	-	1	0			0			0	0		
g6905	Scaffolds_20	-	1	0			0			0	0		
g7909	Scaffolds_22	-	5	4	512157	512302	146			0	0	509125	509212
g5841	Scaffolds_19	-	1	0			0			0	0		
g2432	Scaffolds_14	+	1	0			0	1287042	1290361	3320	0		
g1096	Scaffolds_10	+	1	0			0			0	0		
g1475	Scaffolds_11	+	2	1			0			0	0	755644	755752
g2147	Scaffolds_14	-	1	0			0			0	0		
g6326	Scaffolds_2	+	1	0			0			0	0		
g11539	Scaffolds_3	-	1	0			0			0	0		
g9503	Scaffolds_25	+	1	0			0			0	0		
g7003	Scaffolds_20	+	1	0			0			0	0		
g9947	Scaffolds_26	+	1	0			0			0	0		
g7517	Scaffolds_21	+	1	0			0			0	0		
g9574	Scaffolds_25	-	1	0			0			0	0		
g4263	Scaffolds_18	-	1	0			0			0	0		
g9051	Scaffolds_24	+	1	0			0			0	0		
g5071	Scaffolds_18	-	5	4			0			0	0	2957115	2957190
g15058	Scaffolds_6	+	1	0			0			0	0		
g13096	Scaffolds_33	-	1	0			0			0	0		
g8512	Scaffolds_23	-	1	0			0			0	0		
g14856	Scaffolds_5	-	1	0			0			0	0		
g3699	Scaffolds_16	-	1	0			0			0	0		
g2637	Scaffolds_15	+	4	3			0	246261	246332	72	0	241220	241449
g7536	Scaffolds_21	-	1	0			0			0	0		
g15405	Scaffolds_8	-	1	0			0			0	0		
g7584	Scaffolds_21	-	1	0			0			0	0		
g11289	Scaffolds_29	+	3	2			0			0	0	2632840	2633092
g10112	Scaffolds_26	-	1	0			0			0	0		
g3493	Scaffolds_16	+	4	3			0	521769	521989	221	0	519505	519553
g1442	Scaffolds_11	-	1	0			0			0	0		
g4473	Scaffolds_18	-	4	3	872695	872909	215			0	0	871493	871835
g3721	Scaffolds_16	+	1	0			0			0	0		
g4831	Scaffolds_18	-	1	0			0			0	0		
g6208	Scaffolds_2	+	1	0			0	600808	601238	431	0		
g11902	Scaffolds_3	+	1	0			0			0	0		
g2456	Scaffolds_14	+	2	1			0			0	0	1370975	1371136
g7893	Scaffolds_22	-	5	4	452947	453423	477			0	0	450281	451296
g6681	Scaffolds_20	-	1	0			0			0	0		
g6456	Scaffolds_20	+	1	0			0			0	0		
g15420	Scaffolds_8	+	2	1			0	241600	241772	173	0	240374	240428
g12660	Scaffolds_32	-	1	0			0			0	0		
g8527	Scaffolds_23	-	3	2	732583	732691	109			0	0	732045	732128
g12042	Scaffolds_30	+	2	1			0	156616	157823	1208	0	153574	155663
g13621	Scaffolds_4	+	1	0			0			0	0		
g15977	Scaffolds_9	-	1	0			0			0	0		
g13354	Scaffolds_33	-	3	2			0			0	0	2100401	2100539
g5879	Scaffolds_19	+	1	0			0			0	0		
g10210	Scaffolds_26	-	1	0			0			0	0		
g5889	Scaffolds_19	+	1	0			0			0	0		
g5736	Scaffolds_19	+	2	1			0	1453755	1453824	70	0	1452982	1453151
g14400	Scaffolds_4	+	2	1			0	3192179	3192854	676	0	3191906	3191965
g7653	Scaffolds_21	+	1	0			0			0	0		
g14274	Scaffolds_4	+	2	1			0	2549929	2550273	345	0	2548668	2548797
g11032	Scaffolds_29	+	5	4			0			0	0	1651797	1651847
g6189	Scaffolds_2	-	1	0			0			0	0		
g4272	Scaffolds_18	+	1	0			0			0	0		
g13512	Scaffolds_33	+	1	0			0			0	0		
g12753	Scaffolds_32	-	1	0			0			0	0		
g5265	Scaffolds_18	-	2	1	3805009	3805174	166			0	0	3804391	3804745
g13661	Scaffolds_4	-	1	0			0			0	0		
g15169	Scaffolds_6	+	4	3			0	833198	833567	370	0	831666	831721
g1672	Scaffolds_11	+	1	0			0			0	0		
g4543	Scaffolds_18	+	1	0			0			0	0		
g4614	Scaffolds_18	+	1	0			0			0	0		
g2618	Scaffolds_15	+	1	0			0			0	0		
g9311	Scaffolds_24	+	1	0			0			0	0		
g15272	Scaffolds_7	-	2	1	267429	267622	194			0	0	267155	267260
g8501	Scaffolds_23	+	1	0			0			0	0		
g13750	Scaffolds_4	+	1	0			0			0	0		
g6059	Scaffolds_2	+	10	9			0	34241	37284	3044	0	26660	26840
g4243	Scaffolds_17	-	1	0			0			0	0		
g6984	Scaffolds_20	-	1	0			0			0	0		
g4257	Scaffolds_17	-	20	19			0			0	0	1772467	1772624
g12800	Scaffolds_32	+	1	0			0			0	0		
g2935	Scaffolds_15	+	2	1			0			0	0	1381578	1381633
g9900	Scaffolds_26	+	1	0			0			0	0		
g4262	Scaffolds_18	+	5	4			0	27350	31868	4519	0	25369	25476
g9423	Scaffolds_25	-	1	0			0			0	0		
g8751	Scaffolds_23	+	1	0			0			0	0		
g6062	Scaffolds_2	+	11	10			0			0	0	78018	78194
g14643	Scaffolds_5	-	1	0			0			0	0		
g6115	Scaffolds_2	+	1	0			0			0	0		
g11203	Scaffolds_29	+	1	0			0			0	0		
g5441	Scaffolds_19	-	1	0			0			0	0		
g177	Scaffolds_0	+	1	0			0			0	0		
g13037	Scaffolds_33	-	1	0			0			0	0		
g14350	Scaffolds_4	-	1	0			0			0	0		
g12538	Scaffolds_32	-	16	15	19484	20028	545			0	0	13451	13746
g12329	Scaffolds_31	-	1	0			0			0	0		
g3616	Scaffolds_16	-	5	4	918490	919017	528			0	0	916982	917125
g12472	Scaffolds_31	+	1	0			0			0	0		
g3778	Scaffolds_17	+	10	9			0			0	0	32090	32266
g12608	Scaffolds_32	-	1	0			0			0	0		
g4152	Scaffolds_17	-	1	0			0			0	0		
g4029	Scaffolds_17	-	1	0			0			0	0		
g14311	Scaffolds_4	-	1	0			0			0	0		
g803	Scaffolds_1	-	1	0			0			0	0		
g9772	Scaffolds_26	-	1	0			0			0	0		
g1929	Scaffolds_13	+	3	2			0	628428	630218	1791	0	627606	627764
g9024	Scaffolds_24	+	1	0			0			0	0		
g5142	Scaffolds_18	+	1	0			0			0	0		
g1980	Scaffolds_13	-	1	0			0			0	0		
g3324	Scaffolds_15	-	1	0			0			0	0		
g7138	Scaffolds_21	-	1	0			0			0	0		
g5030	Scaffolds_18	+	1	0			0			0	0		
g1486	Scaffolds_11	-	1	0			0			0	0		
g861	Scaffolds_10	+	1	0			0	98926	99109	184	0		
g4016	Scaffolds_17	-	1	0			0			0	0		
g10913	Scaffolds_29	-	1	0	1192518	1192751	234			0	0		
g13488	Scaffolds_33	+	1	0			0			0	0		
g1998	Scaffolds_13	+	1	0			0			0	0		
g10216	Scaffolds_26	-	2	1	1747393	1747393	1			0	0	1747002	1747262
g3251	Scaffolds_15	-	1	0			0			0	0		
g1967	Scaffolds_13	-	1	0			0			0	0		
g10739	Scaffolds_29	+	1	0			0			0	0		
g15983	Scaffolds_9	+	1	0			0			0	0		
g6097	Scaffolds_2	+	1	0			0			0	0		
g5150	Scaffolds_18	-	1	0			0			0	0		
g15307	Scaffolds_7	-	1	0			0			0	0		
g13746	Scaffolds_4	-	3	2	569476	572952	3477			0	0	568785	569083
g12979	Scaffolds_33	-	1	0			0			0	0		
g8021	Scaffolds_22	+	1	0			0	875770	876254	485	0		
g1053	Scaffolds_10	-	1	0			0			0	0		
g9149	Scaffolds_24	-	1	0			0			0	0		
g14584	Scaffolds_4	-	8	7	3828768	3829224	457			0	0	3826387	3826539
g15309	Scaffolds_7	+	1	0			0			0	0		
g4146	Scaffolds_17	-	1	0			0			0	0		
g14922	Scaffolds_5	+	2	1			0	1329484	1329582	99	0	1327829	1327924
g12671	Scaffolds_32	+	1	0			0	487547	487910	364	0		
g4410	Scaffolds_18	+	1	0			0			0	0		
g13241	Scaffolds_33	-	1	0			0			0	0		
g10593	Scaffolds_28	-	5	4	1007893	1008212	320			0	0	1006659	1006753
g13863	Scaffolds_4	+	2	1			0	1037142	1037374	233	0	1036259	1036327
g108	Scaffolds_0	-	1	0			0			0	0		
g14810	Scaffolds_5	+	1	0			0			0	0		
g11693	Scaffolds_3	-	1	0			0			0	0		
g6071	Scaffolds_2	+	1	0			0			0	0		
g365	Scaffolds_0	+	1	0			0			0	0		
g1689	Scaffolds_11	-	1	0			0			0	0		
g4688	Scaffolds_18	-	2	1			0			0	0	1633927	1634011
g11706	Scaffolds_3	-	1	0			0			0	0		
g11085	Scaffolds_29	+	1	0			0			0	0		
g4201	Scaffolds_17	-	1	0			0			0	0		
g2210	Scaffolds_14	-	3	2			0			0	0	505522	505737
g2422	Scaffolds_14	-	1	0			0			0	0		
g555	Scaffolds_1	+	1	0			0			0	0		
g3763	Scaffolds_16	-	4	3			0			0	0	1419674	1419923
g1560	Scaffolds_11	-	5	4	1093734	1094049	316			0	0	1092907	1093018
g9224	Scaffolds_24	+	1	0			0			0	0		
g12689	Scaffolds_32	-	1	0			0			0	0		
g4983	Scaffolds_18	+	1	0			0			0	0		
g453	Scaffolds_0	+	2	1			0			0	0	1691168	1691387
g11927	Scaffolds_3	-	1	0			0			0	0		
g14212	Scaffolds_4	-	1	0			0			0	0		
g764	Scaffolds_1	+	2	1			0			0	0	1084952	1085065
g8589	Scaffolds_23	-	1	0			0			0	0		
g14137	Scaffolds_4	-	4	3			0			0	0	2066450	2066517
g11431	Scaffolds_29	+	1	0			0			0	0		
g770	Scaffolds_1	-	1	0			0			0	0		
g1198	Scaffolds_10	+	1	0			0			0	0		
g2112	Scaffolds_14	+	3	2			0	158128	158455	328	0	157449	157568
g11215	Scaffolds_29	+	1	0			0			0	0		
g9069	Scaffolds_24	+	4	3			0	745443	745822	380	0	730632	730787
g12830	Scaffolds_33	+	1	0			0			0	0		
g6039	Scaffolds_19	-	1	0			0			0	0		
g9025	Scaffolds_24	-	2	1			0			0	0	553311	553508
g3045	Scaffolds_15	-	1	0			0			0	0		
g8925	Scaffolds_24	+	4	3			0	182302	182780	479	0	181455	181665
g9281	Scaffolds_24	-	1	0			0			0	0		
g3675	Scaffolds_16	-	2	1			0			0	0	1117761	1117969
g7252	Scaffolds_21	+	3	2			0	846027	846492	466	0	845656	845821
g11491	Scaffolds_3	+	1	0			0			0	0		
g8064	Scaffolds_22	-	1	0			0			0	0		
g13353	Scaffolds_33	-	1	0			0			0	0		
g584	Scaffolds_1	-	1	0			0			0	0		
g6372	Scaffolds_2	-	1	0			0			0	0		
g9585	Scaffolds_25	-	1	0			0			0	0		
g9171	Scaffolds_24	+	1	0			0			0	0		
g1121	Scaffolds_10	-	3	2			0			0	0	1085241	1085670
g1361	Scaffolds_11	-	8	7			0			0	0	308231	308285
g10115	Scaffolds_26	-	1	0			0			0	0		
g14429	Scaffolds_4	+	1	0			0			0	0		
g224	Scaffolds_0	+	1	0			0			0	0		
g8231	Scaffolds_22	-	3	2	1641093	1641296	204			0	0	1640725	1640800
g11223	Scaffolds_29	-	1	0			0			0	0		
g3277	Scaffolds_15	-	2	1			0			0	0	2704515	2704611
g15430	Scaffolds_8	-	2	1	282336	283039	704			0	0	281836	281926
g4358	Scaffolds_18	-	1	0			0			0	0		
g14753	Scaffolds_5	+	1	0			0			0	0		
g6356	Scaffolds_2	-	1	0			0			0	0		
g11236	Scaffolds_29	+	1	0			0			0	0		
g12207	Scaffolds_31	-	1	0			0			0	0		
g4602	Scaffolds_18	+	1	0			0			0	0		
g12230	Scaffolds_31	+	2	1			0			0	0	174863	174991
g13149	Scaffolds_33	+	1	0			0			0	0		
g4571	Scaffolds_18	-	1	0	1187135	1191633	4499			0	0		
g425	Scaffolds_0	+	1	0			0			0	0		
g13159	Scaffolds_33	-	1	0			0			0	0		
g11662	Scaffolds_3	+	2	1			0			0	0	668715	668755
g5600	Scaffolds_19	+	3	2			0	965391	965741	351	0	964239	964404
g9081	Scaffolds_24	-	1	0			0			0	0		
g1902	Scaffolds_13	+	1	0			0			0	0		
g11988	Scaffolds_3	-	2	1			0			0	0	1871166	1871522
g4140	Scaffolds_17	+	1	0			0	1327484	1327559	76	0		
g9234	Scaffolds_24	-	1	0	1529106	1529354	249			0	0		
g2798	Scaffolds_15	+	1	0			0			0	0		
g8082	Scaffolds_22	-	1	0			0			0	0		
g5421	Scaffolds_19	-	1	0			0			0	0		
g7500	Scaffolds_21	+	1	0			0			0	0		
g3819	Scaffolds_17	+	9	8			0	173998	176891	2894	0	171137	171515
g554	Scaffolds_1	-	1	0			0			0	0		
g12652	Scaffolds_32	+	1	0			0			0	0		
g189	Scaffolds_0	+	1	0			0			0	0		
g14474	Scaffolds_4	-	1	0			0			0	0		
g4122	Scaffolds_17	+	1	0			0			0	0		
g2657	Scaffolds_15	-	1	0			0			0	0		
g11787	Scaffolds_3	-	2	1			0			0	0	1111104	1111304
g4990	Scaffolds_18	+	1	0			0			0	0		
g5659	Scaffolds_19	+	1	0			0			0	0		
g7414	Scaffolds_21	-	1	0			0			0	0		
g11082	Scaffolds_29	+	1	0			0			0	0		
g8590	Scaffolds_23	+	1	0			0			0	0		
g4051	Scaffolds_17	+	1	0			0	992712	992761	50	0		
g13380	Scaffolds_33	+	1	0			0			0	0		
g7384	Scaffolds_21	-	1	0			0			0	0		
g13522	Scaffolds_33	-	1	0			0			0	0		
g5932	Scaffolds_19	-	1	0			0			0	0		
g1632	Scaffolds_11	+	2	1			0	1381206	1382782	1577	0	1380814	1380891
g5747	Scaffolds_19	+	4	3	1487516	1488705	1190	1489467	1489730	264	1	1487602	1487765
g13284	Scaffolds_33	+	1	0			0			0	0		
g2825	Scaffolds_15	+	1	0			0			0	0		
g15900	Scaffolds_9	-	1	0			0			0	0		
g2788	Scaffolds_15	+	1	0			0			0	0		
g8835	Scaffolds_23	+	1	0			0			0	0		
g13271	Scaffolds_33	-	1	0			0			0	0		
g2360	Scaffolds_14	+	2	1			0			0	0	1053817	1053901
g12219	Scaffolds_31	+	2	1			0	147151	148815	1665	0	147072	147118
g5245	Scaffolds_18	-	1	0			0			0	0		
g9819	Scaffolds_26	+	1	0			0			0	0		
g11514	Scaffolds_3	+	2	1			0			0	0	177830	178118
g3544	Scaffolds_16	+	1	0			0			0	0		
g8836	Scaffolds_23	-	2	1			0			0	0	1998921	1999000
g14648	Scaffolds_5	+	9	8			0	247112	247507	396	0	244193	244511
g3325	Scaffolds_15	+	1	0			0			0	0		
g9187	Scaffolds_24	+	1	0			0			0	0		
g4978	Scaffolds_18	+	4	3			0			0	0	2644936	2645026
g14733	Scaffolds_5	+	1	0			0			0	0		
g6986	Scaffolds_20	-	1	0			0			0	0		
g627	Scaffolds_1	-	2	1			0			0	0	570633	570904
g12820	Scaffolds_32	-	1	0	958591	958661	71			0	0		
g9295	Scaffolds_24	+	1	0			0			0	0		
g4887	Scaffolds_18	-	1	0			0			0	0		
g8983	Scaffolds_24	-	2	1			0			0	0	424203	424330
g4899	Scaffolds_18	+	1	0			0			0	0		
g4878	Scaffolds_18	-	1	0			0			0	0		
g4737	Scaffolds_18	-	1	0			0			0	0		
g14112	Scaffolds_4	-	1	0			0			0	0		
g14668	Scaffolds_5	-	1	0			0			0	0		
g5660	Scaffolds_19	-	1	0			0			0	0		
g3253	Scaffolds_15	-	2	1			0			0	0	2611256	2611441
g11507	Scaffolds_3	+	1	0			0			0	0		
g11682	Scaffolds_3	+	1	0			0			0	0		
g452	Scaffolds_0	-	1	0			0			0	0		
g5755	Scaffolds_19	+	1	0			0			0	0		
g4522	Scaffolds_18	-	1	0			0			0	0		
g13230	Scaffolds_33	-	1	0			0			0	0		
g552	Scaffolds_1	-	1	0			0			0	0		
g13306	Scaffolds_33	-	2	1			0			0	0	1895400	1895769
g6806	Scaffolds_20	+	1	0			0			0	0		
g1485	Scaffolds_11	-	1	0			0			0	0		
g534	Scaffolds_1	-	1	0			0			0	0		
g9102	Scaffolds_24	-	1	0			0			0	0		
g10199	Scaffolds_26	+	1	0			0			0	0		
g164	Scaffolds_0	+	1	0			0			0	0		
g11661	Scaffolds_3	-	1	0			0			0	0		
g5554	Scaffolds_19	+	1	0			0			0	0		
g535	Scaffolds_1	+	1	0			0			0	0		
g8058	Scaffolds_22	-	1	0			0			0	0		
g6016	Scaffolds_19	+	1	0			0			0	0		
g1865	Scaffolds_13	-	1	0	399774	406197	6424			0	0		
g14594	Scaffolds_5	+	1	0			0			0	0		
g6506	Scaffolds_20	-	1	0			0			0	0		
g71	Scaffolds_0	-	5	4			0			0	0	344588	344663
g4784	Scaffolds_18	-	1	0			0			0	0		
g9210	Scaffolds_24	+	2	1			0			0	0	1440308	1440697
g13676	Scaffolds_4	-	1	0			0			0	0		
g1823	Scaffolds_13	-	1	0			0			0	0		
g6392	Scaffolds_2	-	1	0			0			0	0		
g9655	Scaffolds_25	+	1	0			0			0	0		
g13671	Scaffolds_4	-	6	5	249931	250551	621			0	1	248659	248752
g5723	Scaffolds_19	-	1	0			0			0	0		
g3996	Scaffolds_17	+	5	4			0	819305	819503	199	0	817931	818004
g3313	Scaffolds_15	-	1	0			0			0	0		
g269	Scaffolds_0	+	1	0			0	1098988	1099309	322	0		
g11748	Scaffolds_3	+	1	0			0			0	0		
g3875	Scaffolds_17	+	1	0			0			0	0		
g14986	Scaffolds_6	-	1	0			0			0	0		
g1243	Scaffolds_10	-	1	0			0			0	0		
g6497	Scaffolds_20	+	1	0			0			0	0		
g6091	Scaffolds_2	-	2	1			0			0	0	226551	226721
g13787	Scaffolds_4	-	1	0			0			0	0		
g3667	Scaffolds_16	-	1	0			0			0	0		
g5731	Scaffolds_19	+	1	0			0			0	0		
g10933	Scaffolds_29	+	1	0			0			0	0		
g1766	Scaffolds_13	+	5	4			0	73518	75658	2141	0	71412	71542
g4017	Scaffolds_17	-	4	3	898695	898696	2			0	0	897796	897903
g378	Scaffolds_0	-	1	0			0			0	0		
g14933	Scaffolds_5	-	1	0			0			0	0		
g1558	Scaffolds_11	-	1	0			0			0	0		
g7696	Scaffolds_21	-	1	0			0			0	0		
g12031	Scaffolds_30	-	1	0			0			0	0		
g7158	Scaffolds_21	+	1	0			0			0	0		
g5304	Scaffolds_19	-	1	0	34453	34676	224			0	0		
g7418	Scaffolds_21	+	2	1			0			0	0	1424078	1424231
g13428	Scaffolds_33	-	1	0			0			0	0		
g12712	Scaffolds_32	+	1	0			0			0	0		
g15223	Scaffolds_7	+	1	0			0			0	0		
g14418	Scaffolds_4	-	2	1			0			0	0	3271410	3271479
g4028	Scaffolds_17	-	1	0			0			0	0		
g14531	Scaffolds_4	+	2	1			0			0	0	3661611	3661767
g8752	Scaffolds_23	+	1	0			0			0	0		
g13774	Scaffolds_4	-	1	0	711553	711693	141			0	0		
g73	Scaffolds_0	+	1	0			0	354748	355379	632	0		
g13357	Scaffolds_33	+	1	0			0			0	0		
g896	Scaffolds_10	+	2	1			0	246310	247081	772	0	245913	245985
g14271	Scaffolds_4	-	1	0			0			0	0		
g6653	Scaffolds_20	-	1	0			0			0	0		
g12290	Scaffolds_31	+	2	1			0			0	0	383329	383434
g12250	Scaffolds_31	+	1	0			0			0	0		
g11338	Scaffolds_29	+	1	0			0			0	0		
g311	Scaffolds_0	-	1	0			0			0	0		
g5770	Scaffolds_19	+	2	1			0	1574651	1577112	2462	0	1573929	1574025
g2199	Scaffolds_14	+	1	0			0			0	0		
g8242	Scaffolds_22	+	3	2			0	1681009	1681359	351	0	1679008	1679375
g6688	Scaffolds_20	-	2	1			0			0	0	941118	941176
g12564	Scaffolds_32	-	1	0			0			0	0		
g16005	Scaffolds_9	+	2	1			0			0	0	641477	641652
g10359	Scaffolds_27	-	1	0			0			0	0		
g11248	Scaffolds_29	+	1	0			0			0	0		
g7253	Scaffolds_21	-	1	0			0			0	0		
g12411	Scaffolds_31	+	1	0			0	842105	842233	129	0		
g12700	Scaffolds_32	+	1	0			0			0	0		
g2045	Scaffolds_13	-	1	0			0			0	0		
g6507	Scaffolds_20	-	1	0			0			0	0		
g1443	Scaffolds_11	+	1	0			0			0	0		
g14132	Scaffolds_4	-	6	5			0			0	0	2044538	2045236
g1760	Scaffolds_12	-	10	9	250277	250328	52			0	0	246873	247028
g15080	Scaffolds_6	+	1	0			0			0	0		
g9601	Scaffolds_25	-	1	0			0			0	0		
g9388	Scaffolds_25	-	1	0			0			0	0		
g13307	Scaffolds_33	+	1	0			0			0	0		
g6685	Scaffolds_20	-	2	1			0			0	0	931979	932180
g14125	Scaffolds_4	-	1	0			0			0	0		
g6907	Scaffolds_20	+	1	0			0			0	0		
g12217	Scaffolds_31	-	2	1			0			0	0	140844	140925
g3373	Scaffolds_16	+	1	0			0			0	0		
g11146	Scaffolds_29	+	2	1			0			0	0	2109242	2109295
g1272	Scaffolds_10	+	1	0			0			0	0		
g13320	Scaffolds_33	+	1	0			0			0	0		
g3540	Scaffolds_16	-	1	0			0			0	0		
g607	Scaffolds_1	+	1	0			0			0	0		
g13262	Scaffolds_33	+	4	3			0	1698436	1698479	44	0	1697638	1697703
g9695	Scaffolds_25	+	1	0			0			0	0		
g8367	Scaffolds_23	-	2	1	135185	135323	139			0	0	134791	135077
g12621	Scaffolds_32	+	1	0			0			0	0		
g542	Scaffolds_1	+	3	2			0	278126	278797	672	0	277574	277669
g15870	Scaffolds_9	+	1	0			0			0	0		
g5860	Scaffolds_19	+	1	0			0			0	0		
g5014	Scaffolds_18	+	1	0			0			0	0		
g11154	Scaffolds_29	+	2	1			0	2132679	2132736	58	0	2131620	2131813
g9265	Scaffolds_24	-	1	0	1638049	1638157	109			0	0		
g5131	Scaffolds_18	-	2	1	3249815	3253131	3317			0	0	3248504	3248544
g14236	Scaffolds_4	-	1	0	2426829	2427162	334			0	0		
g15658	Scaffolds_8	-	2	1			0			0	0	1105651	1105705
g5374	Scaffolds_19	+	1	0			0			0	0		
g109	Scaffolds_0	-	1	0			0			0	0		
g5926	Scaffolds_19	-	1	0			0			0	0		
g1660	Scaffolds_11	-	1	0			0			0	0		
g2130	Scaffolds_14	-	1	0			0			0	0		
g2266	Scaffolds_14	-	6	5			0			0	0	698222	698310
g14760	Scaffolds_5	+	1	0			0			0	0		
g15096	Scaffolds_6	-	1	0			0			0	0		
g1065	Scaffolds_10	-	1	0			0			0	0		
g2562	Scaffolds_14	+	1	0			0			0	0		
g7600	Scaffolds_21	-	1	0			0			0	0		
g5626	Scaffolds_19	-	1	0			0			0	0		
g13668	Scaffolds_4	-	1	0			0			0	0		
g14559	Scaffolds_4	+	1	0			0			0	0		
g13578	Scaffolds_33	+	4	3	3005835	3007440	1606	3008938	3009603	666	2	3005941	3006238
g14445	Scaffolds_4	-	1	0			0			0	0		
g5687	Scaffolds_19	+	1	0			0			0	0		
g4769	Scaffolds_18	-	1	0			0			0	0		
g2934	Scaffolds_15	+	1	0			0			0	0		
g2204	Scaffolds_14	-	1	0			0			0	0		
g11217	Scaffolds_29	+	3	2			0	2344925	2345055	131	0	2344119	2344323
g10993	Scaffolds_29	-	2	1			0			0	0	1523985	1524114
g148	Scaffolds_0	+	1	0			0	634931	635534	604	0		
g7484	Scaffolds_21	-	1	0			0			0	0		
g15552	Scaffolds_8	-	2	1	718367	718641	275			0	0	716306	717957
g6590	Scaffolds_20	+	1	0			0			0	0		
g6968	Scaffolds_20	+	1	0			0	1990003	1990060	58	0		
g9757	Scaffolds_26	-	1	0			0			0	0		
g13710	Scaffolds_4	-	1	0			0			0	0		
g10531	Scaffolds_28	-	1	0			0			0	0		
g1402	Scaffolds_11	-	1	0			0			0	0		
g13528	Scaffolds_33	-	1	0			0			0	0		
g4171	Scaffolds_17	+	1	0			0			0	0		
g11577	Scaffolds_3	-	1	0			0			0	0		
g1755	Scaffolds_12	+	4	3			0	191124	192248	1125	0	189916	190061
g6667	Scaffolds_20	-	2	1			0			0	0	817882	817977
g6899	Scaffolds_20	-	1	0			0			0	0		
g11742	Scaffolds_3	+	3	2			0	942819	942932	114	0	942087	942186
g13984	Scaffolds_4	-	5	4	1490780	1491044	265			0	0	1489186	1489296
g3326	Scaffolds_15	-	1	0			0			0	0		
g8864	Scaffolds_23	-	1	0			0			0	0		
g15626	Scaffolds_8	+	1	0			0			0	0		
g9366	Scaffolds_25	+	1	0			0			0	0		
g6634	Scaffolds_20	+	1	0			0			0	0		
g7748	Scaffolds_21	-	1	0			0			0	0		
g14446	Scaffolds_4	+	1	0			0	3365807	3366798	992	0		
g608	Scaffolds_1	+	1	0			0			0	0		
g12597	Scaffolds_32	+	1	0			0			0	0		
g6203	Scaffolds_2	+	1	0			0			0	0		
g2423	Scaffolds_14	-	1	0			0			0	0		
g10891	Scaffolds_29	+	1	0			0			0	0		
g5679	Scaffolds_19	-	1	0			0			0	0		
g10975	Scaffolds_29	-	1	0			0			0	0		
g15045	Scaffolds_6	+	2	1			0	412590	413295	706	0	412358	412495
g7087	Scaffolds_21	-	1	0			0			0	0		
g15593	Scaffolds_8	+	1	0			0			0	0		
g14987	Scaffolds_6	-	1	0			0			0	0		
g11623	Scaffolds_3	-	2	1	533649	534084	436			0	0	533111	533415
g3308	Scaffolds_15	-	1	0			0			0	0		
g3845	Scaffolds_17	+	2	1			0	282444	282486	43	0	282365	282407
g6564	Scaffolds_20	+	1	0			0			0	0		
g11329	Scaffolds_29	-	1	0			0			0	0		
g10530	Scaffolds_28	+	1	0			0			0	0		
g202	Scaffolds_0	+	1	0			0			0	0		
g3553	Scaffolds_16	+	1	0			0			0	0		
g5432	Scaffolds_19	-	1	0			0			0	0		
g14491	Scaffolds_4	+	1	0			0			0	0		
g640	Scaffolds_1	+	1	0			0			0	0		
g1327	Scaffolds_11	+	1	0			0			0	0		
g6262	Scaffolds_2	-	4	3	814680	814739	60			0	0	814081	814121
g9679	Scaffolds_25	-	1	0			0			0	0		
g8101	Scaffolds_22	+	1	0			0			0	0		
g8985	Scaffolds_24	-	1	0			0			0	0		
g12851	Scaffolds_33	+	1	0			0	152421	152714	294	0		
g9533	Scaffolds_25	-	2	1			0			0	0	785407	786506
g279	Scaffolds_0	-	7	6			0			0	0	1127950	1128696
g2590	Scaffolds_15	-	40	39	64271	64402	132			0	0	49338	49642
g3927	Scaffolds_17	+	1	0			0	557457	558761	1305	0		
g15539	Scaffolds_8	-	3	2	667739	667895	157			0	0	666763	666809
g4076	Scaffolds_17	+	1	0			0			0	0		
g7644	Scaffolds_21	+	1	0			0			0	0		
g6942	Scaffolds_20	-	1	0			0			0	0		
g3519	Scaffolds_16	-	1	0			0			0	0		
g3808	Scaffolds_17	+	5	4			0	133816	134666	851	0	132188	132274
g9199	Scaffolds_24	+	1	0			0			0	0		
g1160	Scaffolds_10	-	1	0			0			0	0		
g7482	Scaffolds_21	+	2	1			0	1658296	1658940	645	0	1657411	1657721
g10790	Scaffolds_29	-	1	0			0			0	0		
g7184	Scaffolds_21	-	1	0			0			0	0		
g8976	Scaffolds_24	+	1	0			0			0	0		
g9097	Scaffolds_24	+	1	0			0			0	0		
g3190	Scaffolds_15	+	2	1			0			0	0	2393281	2393328
g9347	Scaffolds_25	+	1	0			0			0	0		
g371	Scaffolds_0	+	1	0			0			0	0		
g3389	Scaffolds_16	-	1	0			0			0	0		
g1303	Scaffolds_11	-	1	0			0			0	0		
g1164	Scaffolds_10	-	4	3	1232940	1233015	76			0	0	1231934	1231991
g12346	Scaffolds_31	-	4	3			0			0	0	608413	608669
g1636	Scaffolds_11	+	5	4			0	1396409	1397461	1053	0	1394435	1394886
g12629	Scaffolds_32	-	1	0			0			0	0		
g12756	Scaffolds_32	-	1	0			0			0	0		
g15533	Scaffolds_8	+	1	0			0			0	0		
g15508	Scaffolds_8	+	1	0			0			0	0		
g10666	Scaffolds_29	+	6	5			0			0	0	228557	228663
g3454	Scaffolds_16	+	1	0			0			0	0		
g3852	Scaffolds_17	-	1	0			0			0	0		
g9782	Scaffolds_26	-	2	1			0			0	0	226512	226623
g5719	Scaffolds_19	+	1	0			0			0	0		
g9429	Scaffolds_25	-	1	0			0			0	0		
g1811	Scaffolds_13	+	2	1			0	229977	230041	65	0	229822	229887
g1079	Scaffolds_10	-	1	0			0			0	0		
g5748	Scaffolds_19	+	1	0			0			0	0		
g14607	Scaffolds_5	+	1	0			0			0	0		
g11829	Scaffolds_3	-	1	0			0			0	0		
g15412	Scaffolds_8	-	1	0			0			0	0		
g14272	Scaffolds_4	-	1	0			0			0	0		
g12814	Scaffolds_32	+	1	0			0			0	0		
g15422	Scaffolds_8	+	1	0			0			0	0		
g15452	Scaffolds_8	+	1	0			0	364435	364483	49	0		
g683	Scaffolds_1	+	1	0			0			0	0		
g13460	Scaffolds_33	+	1	0			0			0	0		
g13931	Scaffolds_4	+	1	0			0			0	0		
g2157	Scaffolds_14	+	1	0			0			0	0		
g5298	Scaffolds_18	+	1	0	3898232	3898417	186			0	0		
g10121	Scaffolds_26	+	1	0			0			0	0		
g4366	Scaffolds_18	+	1	0			0			0	0		
g13193	Scaffolds_33	+	1	0			0			0	0		
g4568	Scaffolds_18	+	1	0			0			0	0		
g14016	Scaffolds_4	-	1	0			0			0	0		
g1103	Scaffolds_10	+	1	0			0			0	0		
g6354	Scaffolds_2	-	1	0			0			0	0		
g11798	Scaffolds_3	+	1	0			0			0	0		
g1227	Scaffolds_10	-	1	0			0			0	0		
g2337	Scaffolds_14	+	8	7			0	982944	984512	1569	0	980569	980905
g4802	Scaffolds_18	+	1	0			0	2049657	2051212	1556	0		
g1337	Scaffolds_11	+	7	6			0	222843	223319	477	0	220103	220575
g12873	Scaffolds_33	+	1	0			0			0	0		
g1317	Scaffolds_11	-	1	0			0			0	0		
g6188	Scaffolds_2	+	1	0			0			0	0		
g10218	Scaffolds_26	-	1	0			0			0	0		
g1912	Scaffolds_13	-	8	7	560649	562075	1427			0	0	558162	558236
g3270	Scaffolds_15	-	1	0	2689369	2689947	579			0	0		
g10848	Scaffolds_29	+	1	0			0			0	0		
g12970	Scaffolds_33	-	1	0			0			0	0		
g5183	Scaffolds_18	-	4	3			0			0	0	3493917	3493963
g10095	Scaffolds_26	-	1	0			0			0	0		
g9869	Scaffolds_26	-	1	0			0			0	0		
g2358	Scaffolds_14	+	1	0			0			0	0		
g12477	Scaffolds_31	-	1	0			0			0	0		
g1072	Scaffolds_10	+	1	0			0	901448	906294	4847	0		
g9685	Scaffolds_25	-	1	0			0			0	0		
g10864	Scaffolds_29	+	6	5			0	1001008	1001288	281	0	998189	998255
g6972	Scaffolds_20	-	1	0			0			0	0		
g4859	Scaffolds_18	-	1	0			0			0	0		
g11893	Scaffolds_3	-	2	1			0			0	0	1519135	1519272
g9956	Scaffolds_26	+	1	0			0			0	0		
g14945	Scaffolds_6	-	1	0			0			0	0		
g11584	Scaffolds_3	+	2	1			0			0	0	439951	440074
g10139	Scaffolds_26	-	1	0			0			0	0		
g15549	Scaffolds_8	-	1	0			0			0	0		
g16008	Scaffolds_9	-	2	1			0			0	0	647828	647913
g16024	Scaffolds_9	+	1	0			0			0	0		
g15372	Scaffolds_8	+	2	1			0			0	0	54727	54878
g5858	Scaffolds_19	-	1	0			0			0	0		
g4055	Scaffolds_17	-	5	4	1007747	1008575	829			0	0	1006767	1006821
g5680	Scaffolds_19	+	1	0			0			0	0		
g5589	Scaffolds_19	-	1	0			0			0	0		
g10719	Scaffolds_29	-	1	0			0			0	0		
g7250	Scaffolds_21	+	1	0			0			0	0		
g13018	Scaffolds_33	+	1	0			0	802625	805635	3011	0		
g6142	Scaffolds_2	-	1	0			0			0	0		
g11303	Scaffolds_29	-	2	1			0			0	0	2662504	2662546
g14326	Scaffolds_4	-	1	0			0			0	0		
g12530	Scaffolds_31	-	1	0			0			0	0		
g14464	Scaffolds_4	+	1	0			0			0	0		
g3501	Scaffolds_16	-	2	1			0			0	0	541844	541972
g6330	Scaffolds_2	+	1	0			0			0	0		
g15654	Scaffolds_8	-	4	3			0			0	0	1049156	1049337
g6191	Scaffolds_2	-	1	0			0			0	0		
g4626	Scaffolds_18	+	3	2			0			0	0	1385234	1385303
g14831	Scaffolds_5	-	1	0			0			0	0		
g2105	Scaffolds_14	+	1	0			0	138963	139262	300	0		
g15481	Scaffolds_8	+	1	0			0			0	0		
g14857	Scaffolds_5	-	1	0			0			0	0		
g6318	Scaffolds_2	-	1	0			0			0	0		
g12403	Scaffolds_31	+	1	0			0			0	0		
g11543	Scaffolds_3	-	4	3	277514	277602	89			0	0	276736	276829
g178	Scaffolds_0	-	1	0	755615	755731	117			0	0		
g6253	Scaffolds_2	-	4	3	780320	780623	304			0	0	779659	779807
g15514	Scaffolds_8	+	3	2			0	613095	613626	532	0	612089	612261
g7730	Scaffolds_21	-	4	3			0			0	0	2697189	2697716
g13832	Scaffolds_4	-	1	0			0			0	0		
g1154	Scaffolds_10	-	1	0			0			0	0		
g5881	Scaffolds_19	+	1	0			0			0	0		
g3269	Scaffolds_15	-	4	3	2688004	2688579	576			0	0	2686748	2686983
g13333	Scaffolds_33	+	1	0			0			0	0		
g10197	Scaffolds_26	+	1	0			0			0	0		
g5584	Scaffolds_19	+	1	0			0			0	0		
g14782	Scaffolds_5	-	1	0			0			0	0		
g13820	Scaffolds_4	+	3	2			0			0	0	880520	880650
g6436	Scaffolds_20	+	1	0			0			0	0		
g13747	Scaffolds_4	-	1	0			0			0	0		
g6264	Scaffolds_2	-	1	0	816155	816205	51			0	0		
g5958	Scaffolds_19	+	1	0			0			0	0		
g13060	Scaffolds_33	+	1	0			0	956977	957164	188	0		
g8143	Scaffolds_22	-	1	0			0			0	0		
g5613	Scaffolds_19	+	3	2			0			0	0	989489	989822
g9181	Scaffolds_24	+	3	2			0	1296763	1297177	415	0	1295371	1295538
g6958	Scaffolds_20	+	3	2			0	1963351	1963883	533	0	1963111	1963198
g970	Scaffolds_10	-	4	3			0			0	0	558546	558638
g10784	Scaffolds_29	+	1	0			0			0	0		
g11358	Scaffolds_29	+	1	0			0			0	0		
g6929	Scaffolds_20	-	1	0			0			0	0		
g11808	Scaffolds_3	-	1	0			0			0	0		
g14802	Scaffolds_5	-	3	2			0			0	0	877635	878080
g7643	Scaffolds_21	-	2	1	2364174	2366248	2075			0	0	2358298	2361605
g7167	Scaffolds_21	+	2	1			0			0	0	554256	554505
g4759	Scaffolds_18	-	1	0			0			0	0		
g6762	Scaffolds_20	-	1	0			0			0	0		
g8586	Scaffolds_23	+	1	0			0			0	0		
g2627	Scaffolds_15	-	1	0			0			0	0		
g5713	Scaffolds_19	+	6	5			0	1362511	1364527	2017	0	1360777	1360857
g886	Scaffolds_10	-	1	0			0			0	0		
g2821	Scaffolds_15	-	1	0			0			0	0		
g4354	Scaffolds_18	-	1	0			0			0	0		
g13176	Scaffolds_33	+	5	4			0	1415015	1416234	1220	0	1411359	1412284
g6064	Scaffolds_2	+	15	14			0	120168	123361	3194	0	114816	115016
g9087	Scaffolds_24	+	1	0			0			0	0		
g301	Scaffolds_0	-	2	1	1194463	1194886	424			0	0	1193575	1193671
g8046	Scaffolds_22	-	1	0			0			0	0		
g1538	Scaffolds_11	+	4	3			0	1015650	1015686	37	0	1014565	1014856
g15365	Scaffolds_8	-	22	21	34155	34258	104			0	0	25833	26116
g6218	Scaffolds_2	-	1	0			0			0	0		
g4082	Scaffolds_17	-	1	0			0			0	0		
g6400	Scaffolds_2	+	1	0			0			0	0		
g10022	Scaffolds_26	+	1	0			0			0	0		
g9678	Scaffolds_25	+	1	0			0			0	0		
g9122	Scaffolds_24	+	1	0			0	984878	985595	718	0		
g4729	Scaffolds_18	+	1	0			0			0	0		
g936	Scaffolds_10	-	1	0			0			0	0		
g10293	Scaffolds_26	+	1	0			0			0	0		
g2827	Scaffolds_15	+	1	0			0			0	0		
g2472	Scaffolds_14	-	1	0			0			0	0		
g11440	Scaffolds_29	+	2	1			0	3147587	3148378	792	0	3147416	3147534
g4889	Scaffolds_18	-	1	0			0			0	0		
g9166	Scaffolds_24	-	1	0			0			0	0		
g9746	Scaffolds_26	+	1	0			0			0	0		
g7251	Scaffolds_21	-	1	0			0			0	0		
g5656	Scaffolds_19	-	1	0			0			0	0		
g13979	Scaffolds_4	-	1	0			0			0	0		
g11767	Scaffolds_3	+	1	0			0			0	0		
g11207	Scaffolds_29	-	1	0			0			0	0		
g11478	Scaffolds_3	+	2	1			0			0	0	64507	64664
g15456	Scaffolds_8	+	2	1			0			0	0	372482	372776
g8987	Scaffolds_24	-	1	0			0			0	0		
g12786	Scaffolds_32	+	2	1			0	856210	857107	898	0	855313	855718
g14379	Scaffolds_4	+	1	0			0			0	0		
g1581	Scaffolds_11	+	1	0			0			0	0		
g3259	Scaffolds_15	-	15	14	2627130	2627395	266			0	0	2621358	2621458
g16020	Scaffolds_9	-	1	0			0			0	0		
g243	Scaffolds_0	+	1	0			0			0	0		
g15970	Scaffolds_9	+	1	0			0			0	0		
g4905	Scaffolds_18	+	1	0			0			0	0		
g1157	Scaffolds_10	+	1	0			0			0	0		
g15563	Scaffolds_8	+	2	1			0	765473	766069	597	0	764409	764563
g2284	Scaffolds_14	-	1	0			0			0	0		
g3705	Scaffolds_16	-	1	0			0			0	0		
g12050	Scaffolds_30	+	2	1			0	201704	202206	503	0	201055	201119
g13102	Scaffolds_33	+	1	0			0	1112139	1112960	822	0		
g13253	Scaffolds_33	-	1	0			0			0	0		
g8970	Scaffolds_24	+	1	0			0			0	0		
g83	Scaffolds_0	+	3	2			0	387322	387977	656	0	385077	385118
g14596	Scaffolds_5	-	1	0			0			0	0		
g8440	Scaffolds_23	-	1	0			0			0	0		
g499	Scaffolds_1	-	1	0			0			0	0		
g2347	Scaffolds_14	-	1	0			0			0	0		
g5525	Scaffolds_19	+	2	1			0			0	0	728945	729100
g12872	Scaffolds_33	-	1	0			0			0	0		
g314	Scaffolds_0	+	1	0			0	1239599	1239820	222	0		
g5052	Scaffolds_18	+	1	0			0			0	0		
g6220	Scaffolds_2	-	1	0			0			0	0		
g4923	Scaffolds_18	+	1	0			0			0	0		
g7993	Scaffolds_22	-	1	0			0			0	0		
g3490	Scaffolds_16	+	2	1			0	509643	510906	1264	0	509132	509191
g12497	Scaffolds_31	+	1	0			0			0	0		
g5510	Scaffolds_19	-	1	0			0			0	0		
g5952	Scaffolds_19	+	1	0			0			0	0		
g5074	Scaffolds_18	-	2	1			0			0	0	2965971	2966116
g3565	Scaffolds_16	-	2	1			0			0	0	766362	766433
g3679	Scaffolds_16	+	1	0			0			0	0		
g8765	Scaffolds_23	+	1	0			0			0	0		
g6848	Scaffolds_20	-	1	0			0			0	0		
g12646	Scaffolds_32	-	1	0			0			0	0		
g5172	Scaffolds_18	+	1	0			0			0	0		
g14982	Scaffolds_6	-	1	0			0			0	0		
g5801	Scaffolds_19	+	1	0			0			0	0		
g7145	Scaffolds_21	-	3	2			0			0	0	440525	441020
g9098	Scaffolds_24	-	1	0			0			0	0		
g5693	Scaffolds_19	-	1	0			0			0	0		
g7451	Scaffolds_21	+	3	2			0	1541983	1542357	375	0	1541059	1541263
g7209	Scaffolds_21	+	1	0			0	724600	725068	469	0		
g6355	Scaffolds_2	+	1	0			0			0	0		
g1453	Scaffolds_11	-	1	0			0			0	0		
g15886	Scaffolds_9	-	1	0			0			0	0		
g9365	Scaffolds_25	-	2	1			0			0	0	126482	126772
g3523	Scaffolds_16	+	1	0			0			0	0		
g10421	Scaffolds_28	+	1	0			0			0	0		
g12691	Scaffolds_32	-	1	0			0			0	0		
g13899	Scaffolds_4	-	1	0			0			0	0		
g1752	Scaffolds_12	+	1	0			0	184684	187203	2520	0		
g6881	Scaffolds_20	-	1	0			0			0	0		
g6891	Scaffolds_20	-	1	0			0			0	0		
g7487	Scaffolds_21	-	1	0			0			0	0		
g2735	Scaffolds_15	+	1	0			0			0	0		
g10821	Scaffolds_29	-	1	0			0			0	0		
g8861	Scaffolds_23	+	1	0			0			0	0		
g10703	Scaffolds_29	+	1	0			0			0	0		
g9775	Scaffolds_26	+	3	2			0			0	0	205456	205772
g1761	Scaffolds_12	+	16	15			0	258053	258080	28	0	252202	252650
g4552	Scaffolds_18	-	1	0			0			0	0		
g13398	Scaffolds_33	-	2	1			0			0	0	2317747	2317818
g3517	Scaffolds_16	-	4	3	593891	594280	390			0	0	592510	592596
g4699	Scaffolds_18	-	1	0			0			0	0		
g9449	Scaffolds_25	-	1	0			0			0	0		
g851	Scaffolds_10	+	17	16			0			0	0	32143	32319
g5603	Scaffolds_19	-	1	0			0			0	0		
g6845	Scaffolds_20	+	1	0			0			0	0		
g5563	Scaffolds_19	+	1	0			0			0	0		
g11040	Scaffolds_29	+	3	2			0			0	0	1672659	1672803
g8081	Scaffolds_22	+	1	0			0			0	0		
g13412	Scaffolds_33	+	4	3			0	2367699	2367965	267	0	2366697	2366915
g1376	Scaffolds_11	-	3	2	398687	399252	566			0	0	398381	398495
g4962	Scaffolds_18	-	1	0			0			0	0		
g3535	Scaffolds_16	+	10	9			0	657999	658250	252	0	656520	656633
g9935	Scaffolds_26	-	1	0			0			0	0		
g11649	Scaffolds_3	-	1	0			0			0	0		
g10773	Scaffolds_29	+	1	0			0			0	0		
g10479	Scaffolds_28	-	2	1	551550	552192	643			0	0	551099	551146
g6604	Scaffolds_20	-	1	0			0			0	0		
g11247	Scaffolds_29	+	1	0			0			0	0		
g494	Scaffolds_1	-	1	0			0			0	0		
g5985	Scaffolds_19	-	1	0			0			0	0		
g14269	Scaffolds_4	+	1	0			0	2541276	2541598	323	0		
g9107	Scaffolds_24	-	1	0			0			0	0		
g10647	Scaffolds_29	+	5	4			0	169448	170340	893	0	168270	168470
g11075	Scaffolds_29	-	1	0			0			0	0		
g9044	Scaffolds_24	+	1	0			0			0	0		
g2649	Scaffolds_15	+	2	1			0	278160	279279	1120	0	278077	278143
g14817	Scaffolds_5	+	1	0			0			0	0		
g4641	Scaffolds_18	-	2	1	1430201	1430674	474			0	0	1429871	1430040
g12752	Scaffolds_32	+	3	2			0	737020	737190	171	0	735552	735670
g5378	Scaffolds_19	+	1	0			0			0	0		
g5446	Scaffolds_19	+	1	0			0			0	0		
g285	Scaffolds_0	+	1	0			0			0	0		
g3300	Scaffolds_15	-	1	0			0			0	0		
g2612	Scaffolds_15	-	1	0			0			0	0		
g14635	Scaffolds_5	+	1	0			0			0	0		
g11363	Scaffolds_29	+	1	0			0			0	0		
g5310	Scaffolds_19	-	1	0			0			0	0		
g14588	Scaffolds_5	-	1	0			0			0	0		
g7670	Scaffolds_21	-	1	0			0			0	0		
g2679	Scaffolds_15	+	1	0			0			0	0		
g6437	Scaffolds_20	-	1	0			0			0	0		
g4137	Scaffolds_17	-	1	0	1322124	1322741	618			0	0		
g7695	Scaffolds_21	+	2	1			0	2577813	2577997	185	0	2577483	2577539
g1089	Scaffolds_10	-	1	0			0			0	0		
g8942	Scaffolds_24	-	1	0			0			0	0		
g15781	Scaffolds_8	+	1	0			0			0	0		
g3610	Scaffolds_16	-	1	0			0			0	0		
g956	Scaffolds_10	+	1	0			0			0	0		
g11359	Scaffolds_29	-	1	0			0			0	0		
g14448	Scaffolds_4	-	1	0			0			0	0		
g605	Scaffolds_1	+	3	2			0	484335	486158	1824	0	483114	483466
g5732	Scaffolds_19	-	1	0			0			0	0		
g7462	Scaffolds_21	+	1	0			0			0	0		
g13283	Scaffolds_33	+	1	0			0			0	0		
g14872	Scaffolds_5	+	1	0			0			0	0		
g8734	Scaffolds_23	-	3	2	1636853	1637349	497			0	0	1636217	1636376
g1699	Scaffolds_11	+	1	0			0			0	0		
g12501	Scaffolds_31	-	2	1	1149658	1149767	110			0	0	1149028	1149234
g11544	Scaffolds_3	+	3	2			0			0	0	276549	276589
g10654	Scaffolds_29	-	1	0			0			0	0		
g11531	Scaffolds_3	-	1	0	228494	229226	733			0	0		
g5745	Scaffolds_19	+	1	0			0			0	0		
g12981	Scaffolds_33	-	1	0	677781	679427	1647			0	0		
g13038	Scaffolds_33	+	1	0			0			0	0		
g1718	Scaffolds_12	-	7	6			0			0	0	58259	58569
g6041	Scaffolds_19	-	1	0			0			0	0		
g1302	Scaffolds_11	-	18	17	69473	69575	103			0	0	63191	63354
g14969	Scaffolds_6	+	1	0			0			0	0		
g9212	Scaffolds_24	+	4	3			0	1448091	1448755	665	0	1446597	1446996
g13266	Scaffolds_33	-	1	0			0			0	0		
g11655	Scaffolds_3	+	1	0			0			0	0		
g2230	Scaffolds_14	+	1	0			0			0	0		
g339	Scaffolds_0	+	1	0			0			0	0		
g11780	Scaffolds_3	+	1	0			0			0	0		
g3444	Scaffolds_16	-	1	0			0			0	0		
g3317	Scaffolds_15	-	1	0			0			0	0		
g8582	Scaffolds_23	-	2	1	963071	963440	370			0	0	959889	959943
g5077	Scaffolds_18	+	1	0			0			0	0		
g6081	Scaffolds_2	+	1	0			0			0	0		
g4996	Scaffolds_18	-	6	5	2711871	2713503	1633			0	0	2709756	2710076
g2333	Scaffolds_14	+	1	0			0			0	0		
g2833	Scaffolds_15	+	2	1			0	890130	890245	116	0	879909	879955
g12914	Scaffolds_33	-	1	0			0			0	0		
g3664	Scaffolds_16	-	4	3			0			0	0	1090458	1090617
g12778	Scaffolds_32	-	1	0			0			0	0		
g13514	Scaffolds_33	+	4	3			0	2757023	2757071	49	0	2755453	2755671
g6201	Scaffolds_2	+	1	0			0			0	0		
g12905	Scaffolds_33	-	1	0			0			0	0		
g15162	Scaffolds_6	-	1	0			0			0	0		
g6128	Scaffolds_2	+	1	0			0			0	0		
g13670	Scaffolds_4	+	1	0			0	245825	246591	767	0		
g11755	Scaffolds_3	+	1	0			0			0	0		
g13095	Scaffolds_33	+	1	0			0			0	0		
g12738	Scaffolds_32	+	2	1			0			0	0	675263	675630
g1382	Scaffolds_11	+	1	0			0			0	0		
g14337	Scaffolds_4	-	2	1			0			0	0	2821889	2821949
g9009	Scaffolds_24	-	1	0			0			0	0		
g15816	Scaffolds_8	-	2	1			0			0	0	1705162	1705222
g458	Scaffolds_0	-	1	0			0			0	0		
g13419	Scaffolds_33	-	1	0			0			0	0		
g6458	Scaffolds_20	-	1	0			0			0	0		
g3146	Scaffolds_15	-	1	0			0			0	0		
g372	Scaffolds_0	-	1	0			0			0	0		
g9543	Scaffolds_25	-	1	0			0			0	0		
g15804	Scaffolds_8	-	1	0			0			0	0		
g954	Scaffolds_10	+	1	0			0			0	0		
g6501	Scaffolds_20	-	1	0			0			0	0		
g14570	Scaffolds_4	+	1	0			0			0	0		
g9919	Scaffolds_26	+	1	0			0			0	0		
g8913	Scaffolds_24	-	3	2			0			0	0	147883	148080
g1608	Scaffolds_11	+	1	0			0	1251253	1252891	1639	0		
g15660	Scaffolds_8	-	1	0			0			0	0		
g6198	Scaffolds_2	-	3	2	570111	572179	2069			0	0	569247	569585
g5317	Scaffolds_19	+	1	0			0			0	0		
g1	Scaffolds_0	-	32	31	30888	31088	201			0	0	16173	16473
g206	Scaffolds_0	-	1	0			0			0	0		
g10231	Scaffolds_26	-	5	4	1787758	1787830	73			0	0	1786733	1786874
g15248	Scaffolds_7	-	5	4			0			0	0	168920	168995
g15315	Scaffolds_7	-	11	10	425243	425497	255			0	0	421660	421807
g13067	Scaffolds_33	+	1	0			0			0	0		
g8070	Scaffolds_22	-	1	0			0			0	0		
g325	Scaffolds_0	+	1	0			0			0	0		
g10239	Scaffolds_26	+	1	0			0			0	0		
g11685	Scaffolds_3	+	1	0			0			0	0		
g5481	Scaffolds_19	-	1	0			0			0	0		
g2080	Scaffolds_14	-	1	0			0			0	0		
g6037	Scaffolds_19	-	1	0			0			0	0		
g7289	Scaffolds_21	+	1	0			0			0	0		
g5194	Scaffolds_18	+	1	0			0			0	0		
g9779	Scaffolds_26	-	1	0			0			0	0		
g2662	Scaffolds_15	-	1	0			0			0	0		
g567	Scaffolds_1	+	1	0			0			0	0		
g3280	Scaffolds_15	+	2	1			0			0	0	2711557	2711695
g15797	Scaffolds_8	-	1	0			0			0	0		
g515	Scaffolds_1	-	1	0			0			0	0		
g12388	Scaffolds_31	-	4	3	761150	762493	1344			0	0	759798	759875
g12846	Scaffolds_33	+	1	0			0			0	0		
g464	Scaffolds_0	-	7	6	1723480	1723855	376			0	0	1721948	1722027
g2755	Scaffolds_15	+	1	0			0			0	0		
g7431	Scaffolds_21	-	1	0			0			0	0		
g5862	Scaffolds_19	+	1	0			0	1870734	1870786	53	0		
g4416	Scaffolds_18	-	2	1	658661	658726	66			0	0	658119	658465
g4027	Scaffolds_17	+	1	0			0			0	0		
g2761	Scaffolds_15	-	1	0			0			0	0		
g1041	Scaffolds_10	-	2	1	790505	790944	440			0	0	790305	790433
g12782	Scaffolds_32	-	1	0			0			0	0		
g10613	Scaffolds_28	+	18	17			0			0	0	1101229	1101285
g3441	Scaffolds_16	+	7	6			0	358937	359004	68	0	351724	351814
g3241	Scaffolds_15	-	5	4	2577946	2578571	626			0	0	2576928	2577009
g798	Scaffolds_1	-	6	5	1220719	1222028	1310			0	0	1219565	1219617
g4261	Scaffolds_18	-	13	12	23435	23580	146			0	0	18680	18962
g12672	Scaffolds_32	-	1	0			0			0	0		
g15885	Scaffolds_9	+	2	1			0			0	0	190954	191044
g14988	Scaffolds_6	+	1	0			0			0	0		
g9068	Scaffolds_24	-	1	0			0			0	0		
g6245	Scaffolds_2	+	1	0			0			0	0		
g14509	Scaffolds_4	-	1	0			0			0	0		
g1091	Scaffolds_10	+	3	2			0	964255	965016	762	0	962947	963329
g14193	Scaffolds_4	+	3	2			0	2253912	2254144	233	0	2253051	2253350
g4892	Scaffolds_18	+	1	0			0			0	0		
g9537	Scaffolds_25	+	1	0			0			0	0		
g13684	Scaffolds_4	-	1	0			0			0	0		
g7847	Scaffolds_22	-	1	0			0			0	0		
g3811	Scaffolds_17	-	2	1			0			0	0	140249	140395
g7245	Scaffolds_21	+	2	1			0	828593	829164	572	0	828166	828219
g6102	Scaffolds_2	-	1	0			0			0	0		
g11339	Scaffolds_29	-	1	0			0			0	0		
g5701	Scaffolds_19	-	1	0			0			0	0		
g6641	Scaffolds_20	+	1	0			0			0	0		
g992	Scaffolds_10	-	1	0			0			0	0		
g15076	Scaffolds_6	+	30	29			0	533725	533991	267	0	521134	521331
g1741	Scaffolds_12	+	1	0			0	153450	153687	238	0		
g7082	Scaffolds_21	+	2	1			0	151012	151744	733	0	150182	150261
g1491	Scaffolds_11	-	1	0			0			0	0		
g9470	Scaffolds_25	+	5	4			0	536195	536620	426	0	534998	535204
g3685	Scaffolds_16	-	1	0			0			0	0		
g11738	Scaffolds_3	-	1	0			0			0	0		
g12658	Scaffolds_32	-	1	0			0			0	0		
g11948	Scaffolds_3	+	1	0			0			0	0		
g14142	Scaffolds_4	-	1	0			0			0	0		
g9376	Scaffolds_25	+	1	0			0			0	0		
g5231	Scaffolds_18	-	2	1	3698119	3698284	166			0	0	3697857	3697946
g8849	Scaffolds_23	+	1	0			0			0	0		
g1773	Scaffolds_13	+	1	0			0			0	0		
g11509	Scaffolds_3	-	1	0			0			0	0		
g8125	Scaffolds_22	-	1	0			0			0	0		
g16039	Scaffolds_9	-	3	2	733251	733305	55			0	0	732825	732936
g8208	Scaffolds_22	-	1	0			0			0	0		
g4718	Scaffolds_18	+	3	2			0			0	0	1753922	1754135
g2092	Scaffolds_14	+	1	0			0			0	0		
g7676	Scaffolds_21	-	1	0			0			0	0		
g15778	Scaffolds_8	+	1	0			0			0	0		
g8319	Scaffolds_22	-	1	0			0			0	0		
g15489	Scaffolds_8	-	4	3	499973	500125	153			0	0	499158	499292
g9475	Scaffolds_25	+	1	0			0			0	0		
g84	Scaffolds_0	+	1	0			0			0	0		
g8024	Scaffolds_22	+	5	4			0	884111	884950	840	0	881139	881311
g4303	Scaffolds_18	+	1	0			0			0	0		
g14814	Scaffolds_5	-	6	5	925469	926231	763			0	0	923420	923631
g533	Scaffolds_1	+	3	2			0	249565	249632	68	0	247170	247378
g14328	Scaffolds_4	-	1	0			0			0	0		
g14005	Scaffolds_4	+	1	0			0			0	0		
g12833	Scaffolds_33	+	3	2			0	92520	92769	250	0	91386	91516
g11238	Scaffolds_29	+	1	0			0			0	0		
g12108	Scaffolds_30	-	1	0			0			0	0		
g594	Scaffolds_1	-	3	2	450263	450511	249			0	0	449412	449623
g14534	Scaffolds_4	+	1	0			0			0	0		
g14496	Scaffolds_4	+	2	1			0	3536139	3536433	295	0	3535301	3535490
g10834	Scaffolds_29	+	1	0			0			0	0		
g10193	Scaffolds_26	-	1	0			0			0	0		
g3775	Scaffolds_16	+	15	14			0	1463702	1463767	66	0	1457837	1458350
g5185	Scaffolds_18	-	2	1			0			0	0	3497560	3497686
g9038	Scaffolds_24	-	1	0			0			0	0		
g2754	Scaffolds_15	-	1	0			0			0	0		
g11112	Scaffolds_29	+	3	2			0	1976645	1977300	656	0	1975708	1975812
g5848	Scaffolds_19	-	3	2	1818409	1818665	257			0	0	1817863	1817939
g9864	Scaffolds_26	+	1	0			0			0	0		
g1829	Scaffolds_13	+	1	0			0			0	0		
g16084	Scaffolds_9	+	1	0			0			0	0		
g1613	Scaffolds_11	+	1	0			0			0	0		
g1261	Scaffolds_10	+	2	1			0	1539086	1539384	299	0	1537700	1538197
g317	Scaffolds_0	-	1	0	1247458	1247952	495			0	0		
g12624	Scaffolds_32	-	1	0			0			0	0		
g7161	Scaffolds_21	+	1	0			0	544145	545090	946	0		
g4967	Scaffolds_18	-	1	0			0			0	0		
g7657	Scaffolds_21	-	1	0			0			0	0		
g2642	Scaffolds_15	+	5	4			0	261770	261778	9	0	259783	259912
g15366	Scaffolds_8	+	8	7			0	38629	39374	746	0	36246	36425
g11849	Scaffolds_3	-	1	0			0			0	0		
g5922	Scaffolds_19	-	1	0			0			0	0		
g9792	Scaffolds_26	-	1	0			0			0	0		
g14606	Scaffolds_5	-	1	0			0			0	0		
g14455	Scaffolds_4	+	2	1			0			0	0	3398702	3398913
g5085	Scaffolds_18	+	1	0			0			0	0		
g7007	Scaffolds_20	-	1	0	2124345	2124494	150			0	0		
g7938	Scaffolds_22	+	1	0			0			0	0		
g471	Scaffolds_1	-	15	14	23581	23907	327			0	0	18494	18776
g8544	Scaffolds_23	+	1	0			0			0	0		
g4413	Scaffolds_18	+	1	0			0			0	0		
g11162	Scaffolds_29	+	1	0			0			0	0		
g3318	Scaffolds_15	-	1	0			0			0	0		
g7225	Scaffolds_21	+	1	0			0			0	0		
g438	Scaffolds_0	-	1	0			0			0	0		
g9054	Scaffolds_24	-	1	0			0			0	0		
g8890	Scaffolds_24	-	1	0			0			0	0		
g2448	Scaffolds_14	-	1	0			0			0	0		
g12666	Scaffolds_32	+	12	11			0	462462	462698	237	0	459728	459951
g7968	Scaffolds_22	+	1	0			0	690416	691117	702	0		
g12103	Scaffolds_30	-	1	0			0			0	0		
g13189	Scaffolds_33	+	1	0			0			0	0		
g787	Scaffolds_1	+	1	0			0			0	0		
g16001	Scaffolds_9	-	3	2	632051	632314	264			0	0	631269	631372
g14413	Scaffolds_4	-	1	0			0			0	0		
g15892	Scaffolds_9	-	1	0			0			0	0		
g8392	Scaffolds_23	-	5	4	236347	237663	1317			0	0	234587	235126
g630	Scaffolds_1	-	2	1			0			0	0	585073	585125
g14023	Scaffolds_4	-	1	0			0			0	0		
g12486	Scaffolds_31	-	2	1	1106332	1106470	139			0	0	1104652	1105134
g11853	Scaffolds_3	-	1	0			0			0	0		
g4432	Scaffolds_18	+	6	5			0	725715	726483	769	0	723299	724289
g5977	Scaffolds_19	+	1	0			0			0	0		
g3860	Scaffolds_17	+	2	1			0	324224	324598	375	0	323693	323808
g8394	Scaffolds_23	-	1	0			0			0	0		
g241	Scaffolds_0	+	1	0			0			0	0		
g1115	Scaffolds_10	+	1	0			0			0	0		
g5350	Scaffolds_19	+	1	0			0			0	0		
g5652	Scaffolds_19	+	1	0			0			0	0		
g4271	Scaffolds_18	+	1	0			0			0	0		
g5714	Scaffolds_19	+	1	0			0	1367437	1368286	850	0		
g15971	Scaffolds_9	-	2	1			0			0	0	527990	528304
g10282	Scaffolds_26	+	1	0			0			0	0		
g7555	Scaffolds_21	+	1	0			0			0	0		
g2559	Scaffolds_14	+	1	0			0			0	0		
g15319	Scaffolds_7	-	1	0			0			0	0		
g15075	Scaffolds_6	-	1	0			0			0	0		
g6027	Scaffolds_19	-	1	0			0			0	0		
g3925	Scaffolds_17	-	1	0			0			0	0		
g1735	Scaffolds_12	-	1	0			0			0	0		
g14143	Scaffolds_4	+	1	0			0			0	0		
g5927	Scaffolds_19	-	1	0			0			0	0		
g12911	Scaffolds_33	+	1	0			0			0	0		
g3161	Scaffolds_15	-	3	2	2300349	2300473	125			0	0	2299645	2299749
g12342	Scaffolds_31	-	1	0			0			0	0		
g13013	Scaffolds_33	+	3	2			0	786043	787364	1322	0	785278	785349
g8722	Scaffolds_23	-	1	0			0			0	0		
g9861	Scaffolds_26	+	1	0			0			0	0		
g375	Scaffolds_0	+	1	0			0			0	0		
g7819	Scaffolds_22	-	1	0			0			0	0		
g5256	Scaffolds_18	-	1	0			0			0	0		
g5968	Scaffolds_19	-	3	2	2209958	2210126	169			0	0	2209115	2209385
g4806	Scaffolds_18	-	1	0			0			0	0		
g9337	Scaffolds_25	-	1	0			0			0	0		
g13116	Scaffolds_33	-	2	1			0			0	0	1151622	1151770
g1492	Scaffolds_11	-	2	1			0			0	0	815157	815205
g5199	Scaffolds_18	+	1	0			0			0	0		
g3913	Scaffolds_17	-	1	0			0			0	0		
g10098	Scaffolds_26	+	1	0			0			0	0		
g12253	Scaffolds_31	+	2	1			0	249103	250702	1600	0	248975	249029
g9565	Scaffolds_25	+	3	2			0	919136	919607	472	0	905997	906136
g2670	Scaffolds_15	+	2	1			0			0	0	330918	330964
g200	Scaffolds_0	+	1	0			0			0	0		
g8359	Scaffolds_23	-	1	0			0			0	0		
g13268	Scaffolds_33	+	1	0			0			0	0		
g647	Scaffolds_1	+	1	0			0			0	0		
g13264	Scaffolds_33	-	1	0			0			0	0		
g1710	Scaffolds_11	-	1	0			0			0	0		
g185	Scaffolds_0	-	1	0			0			0	0		
g4333	Scaffolds_18	+	1	0			0			0	0		
g11513	Scaffolds_3	-	1	0			0			0	0		
g1106	Scaffolds_10	-	1	0			0			0	0		
g11731	Scaffolds_3	-	1	0			0			0	0		
g15527	Scaffolds_8	+	1	0			0			0	0		
g3312	Scaffolds_15	+	12	11			0	2830876	2830993	118	0	2826514	2826577
g1800	Scaffolds_13	+	2	1			0			0	0	200177	200262
g2832	Scaffolds_15	+	2	1			0	878228	879419	1192	0	877788	878101
g8066	Scaffolds_22	+	1	0			0			0	0		
g7659	Scaffolds_21	-	1	0			0			0	0		
g9411	Scaffolds_25	+	1	0			0			0	0		
g3347	Scaffolds_16	-	9	8	21282	21541	260			0	0	18266	18528
g9275	Scaffolds_24	+	1	0			0			0	0		
g9440	Scaffolds_25	+	2	1			0			0	0	418742	418924
g9360	Scaffolds_25	-	1	0			0			0	0		
g12719	Scaffolds_32	+	1	0			0			0	0		
g8819	Scaffolds_23	-	1	0			0			0	0		
g13612	Scaffolds_33	+	16	15			0	3126859	3126880	22	0	3120659	3121127
g7656	Scaffolds_21	+	1	0			0			0	0		
g6508	Scaffolds_20	+	4	3			0	295264	295290	27	0	294556	294837
g13529	Scaffolds_33	-	1	0			0			0	0		
g905	Scaffolds_10	-	2	1			0			0	0	287750	288060
g13896	Scaffolds_4	+	1	0			0			0	0		
g10200	Scaffolds_26	-	1	0			0			0	0		
g4007	Scaffolds_17	-	2	1			0			0	0	865258	865447
g8230	Scaffolds_22	+	1	0			0			0	0		
g11614	Scaffolds_3	-	1	0			0			0	0		
g8680	Scaffolds_23	+	1	0			0			0	0		
g14077	Scaffolds_4	-	2	1			0			0	0	1854298	1854509
g5207	Scaffolds_18	-	1	0			0			0	0		
g14407	Scaffolds_4	+	1	0			0			0	0		
g15516	Scaffolds_8	-	1	0			0			0	0		
g2053	Scaffolds_13	+	2	1			0			0	0	1083182	1083399
g6696	Scaffolds_20	-	1	0			0			0	0		
g4378	Scaffolds_18	+	1	0			0			0	0		
g7355	Scaffolds_21	+	1	0			0	1178299	1178964	666	0		
g1824	Scaffolds_13	+	1	0			0			0	0		
g15458	Scaffolds_8	+	1	0			0			0	0		
g15199	Scaffolds_6	-	13	12	1010773	1012018	1246			0	0	1002403	1002551
g4045	Scaffolds_17	+	4	3			0	980951	981364	414	0	980034	980178
g8619	Scaffolds_23	-	2	1			0			0	0	1140280	1140481
g14883	Scaffolds_5	+	1	0			0			0	0		
g8775	Scaffolds_23	-	3	2	1777516	1777585	70			0	0	1776793	1776890
g2914	Scaffolds_15	+	1	0			0			0	0		
g9701	Scaffolds_25	-	1	0			0			0	0		
g2521	Scaffolds_14	-	3	2	1591140	1591627	488			0	0	1590336	1590478
g2190	Scaffolds_14	-	2	1			0			0	0	437338	437703
g3036	Scaffolds_15	+	1	0			0			0	0		
g8936	Scaffolds_24	-	4	3			0			0	0	234580	235016
g6147	Scaffolds_2	+	1	0			0	418305	419237	933	0		
g4792	Scaffolds_18	-	1	0			0			0	0		
g13690	Scaffolds_4	-	1	0			0			0	0		
g14454	Scaffolds_4	+	1	0			0			0	0		
g10226	Scaffolds_26	-	1	0			0			0	0		
g3737	Scaffolds_16	+	1	0			0			0	0		
g12220	Scaffolds_31	-	1	0	148816	148872	57			0	0		
g11564	Scaffolds_3	+	5	4			0	381757	382430	674	0	380454	380599
g6663	Scaffolds_20	+	2	1			0			0	0	799861	799913
g15844	Scaffolds_9	+	2	1			0			0	0	62429	62605
g9545	Scaffolds_25	-	1	0			0			0	0		
g5984	Scaffolds_19	+	1	0			0			0	0		
g13615	Scaffolds_4	+	19	18			0			0	0	24619	24795
g7288	Scaffolds_21	-	1	0			0			0	0		
g8747	Scaffolds_23	+	1	0			0			0	0		
g13955	Scaffolds_4	-	1	0	1406090	1406505	416			0	0		
g6269	Scaffolds_2	+	1	0			0			0	0		
g15823	Scaffolds_8	+	14	13			0	1766108	1766139	32	0	1760971	1761207
g727	Scaffolds_1	-	2	1			0			0	0	887629	887693
g13069	Scaffolds_33	-	1	0			0			0	0		
g15216	Scaffolds_7	-	1	0			0			0	0		
g815	Scaffolds_1	-	3	2	1285523	1285722	200			0	0	1285212	1285328
g12458	Scaffolds_31	-	1	0			0			0	0		
g1788	Scaffolds_13	+	1	0			0			0	0		
g1357	Scaffolds_11	-	2	1			0			0	0	292225	292418
g7376	Scaffolds_21	+	1	0			0			0	0		
g8114	Scaffolds_22	-	1	0			0			0	0		
g15170	Scaffolds_6	+	1	0			0			0	0		
g13694	Scaffolds_4	-	6	5			0			0	0	336836	337047
g2189	Scaffolds_14	+	1	0			0			0	0		
g10425	Scaffolds_28	+	2	1			0	317626	318032	407	0	317276	317546
g11407	Scaffolds_29	-	1	0			0			0	0		
g4467	Scaffolds_18	-	1	0			0			0	0		
g15735	Scaffolds_8	+	1	0			0			0	0		
g15224	Scaffolds_7	-	1	0			0			0	0		
g9594	Scaffolds_25	-	3	2	1003837	1004011	175			0	0	1003414	1003499
g7970	Scaffolds_22	+	1	0			0			0	0		
g4786	Scaffolds_18	+	1	0			0			0	0		
g11008	Scaffolds_29	+	1	0			0			0	0		
g5681	Scaffolds_19	-	2	1			0			0	0	1235745	1235856
g13830	Scaffolds_4	-	3	2			0			0	0	920224	920445
g6416	Scaffolds_2	-	1	0			0			0	0		
g6635	Scaffolds_20	-	1	0			0			0	0		
g2552	Scaffolds_14	-	1	0			0			0	0		
g233	Scaffolds_0	-	5	4	950781	950936	156			0	0	949449	949566
g14380	Scaffolds_4	-	1	0			0			0	0		
g14441	Scaffolds_4	-	1	0			0			0	0		
g14330	Scaffolds_4	+	1	0			0			0	0		
g6403	Scaffolds_2	+	1	0			0	1398026	1399683	1658	0		
g12985	Scaffolds_33	+	1	0			0			0	0		
g2808	Scaffolds_15	+	7	6			0	798890	799029	140	0	796646	796845
g1095	Scaffolds_10	-	1	0			0			0	0		
g13785	Scaffolds_4	+	1	0			0			0	0		
g9693	Scaffolds_25	+	1	0			0			0	0		
g12454	Scaffolds_31	+	1	0			0	1020353	1021199	847	0		
g14339	Scaffolds_4	+	2	1			0	2829612	2830371	760	0	2828779	2829032
g15794	Scaffolds_8	-	1	0			0			0	0		
g12028	Scaffolds_30	+	1	0			0			0	0		
g10251	Scaffolds_26	-	6	5	1882548	1884476	1929			0	0	1881157	1881216
g15551	Scaffolds_8	+	2	1			0			0	0	714740	715707
g3109	Scaffolds_15	-	1	0			0			0	0		
g3041	Scaffolds_15	+	2	1			0	1792639	1793226	588	0	1790902	1791205
g12770	Scaffolds_32	+	1	0			0			0	0		
g13771	Scaffolds_4	+	1	0			0			0	0		
g3627	Scaffolds_16	-	3	2			0			0	0	965776	965825
g6964	Scaffolds_20	+	1	0			0			0	0		
g3526	Scaffolds_16	+	1	0			0	623850	624860	1011	0		
g11472	Scaffolds_3	-	2	1			0			0	0	49324	49638
g5438	Scaffolds_19	-	4	3	431721	431929	209			0	0	430699	430793
g6038	Scaffolds_19	-	2	1	2479373	2479431	59			0	0	2479059	2479144
g9860	Scaffolds_26	-	4	3	488670	489744	1075			0	0	488024	488153
g13882	Scaffolds_4	+	1	0			0			0	0		
g1952	Scaffolds_13	+	1	0			0			0	0		
g8763	Scaffolds_23	-	5	4	1740838	1741183	346			0	0	1739850	1739909
g11920	Scaffolds_3	+	6	5			0	1629801	1629822	22	0	1628612	1628746
g10052	Scaffolds_26	+	1	0			0			0	0		
g7287	Scaffolds_21	-	1	0			0			0	0		
g7686	Scaffolds_21	+	1	0			0			0	0		
g3609	Scaffolds_16	+	1	0			0			0	0		
g9584	Scaffolds_25	+	1	0			0			0	0		
g11663	Scaffolds_3	-	6	5			0			0	0	670451	670608
g11642	Scaffolds_3	+	1	0			0			0	0		
g13168	Scaffolds_33	-	1	0			0			0	0		
g15833	Scaffolds_9	+	3	2			0	25328	25519	192	0	24620	24755
g11012	Scaffolds_29	-	4	3			0			0	0	1588270	1588597
g12313	Scaffolds_31	-	1	0			0			0	0		
g15025	Scaffolds_6	+	3	2			0	323830	324403	574	0	323281	323399
g12886	Scaffolds_33	+	4	3			0	259816	259886	71	0	258871	258928
g8349	Scaffolds_23	-	1	0			0			0	0		
g14546	Scaffolds_4	-	1	0			0			0	0		
g4705	Scaffolds_18	-	1	0			0			0	0		
g6833	Scaffolds_20	-	1	0			0			0	0		
g13685	Scaffolds_4	+	3	2			0	308158	308960	803	0	307555	307683
g9550	Scaffolds_25	-	1	0			0			0	0		
g13111	Scaffolds_33	+	1	0			0	1131134	1136256	5123	0		
g5855	Scaffolds_19	-	1	0			0			0	0		
g7293	Scaffolds_21	+	1	0			0			0	0		
g9464	Scaffolds_25	-	1	0			0			0	0		
g8909	Scaffolds_24	-	4	3	140036	140400	365			0	0	139368	139537
g6805	Scaffolds_20	-	1	0			0			0	0		
g9877	Scaffolds_26	-	2	1			0			0	0	543110	543183
g3962	Scaffolds_17	-	3	2	699336	702115	2780			0	0	698566	698712
g11569	Scaffolds_3	+	1	0			0			0	0		
g6131	Scaffolds_2	-	2	1			0			0	0	370169	370274
g1700	Scaffolds_11	-	1	0			0			0	0		
g280	Scaffolds_0	+	1	0			0			0	0		
g10192	Scaffolds_26	+	1	0			0			0	0		
g6561	Scaffolds_20	-	1	0			0			0	0		
g4736	Scaffolds_18	-	1	0			0			0	0		
g6493	Scaffolds_20	-	7	6			0			0	0	229329	229555
g8818	Scaffolds_23	-	1	0			0			0	0		
g7162	Scaffolds_21	-	2	1			0			0	0	544212	544285
g5227	Scaffolds_18	-	1	0			0			0	0		
g933	Scaffolds_10	+	3	2			0			0	0	404201	404521
g6475	Scaffolds_20	-	1	0			0			0	0		
g3733	Scaffolds_16	+	1	0			0			0	0		
g1786	Scaffolds_13	+	1	0			0			0	0		
g5749	Scaffolds_19	-	1	0			0			0	0		
g7042	Scaffolds_20	+	1	0			0			0	0		
g11842	Scaffolds_3	+	1	0			0			0	0		
g5915	Scaffolds_19	-	1	0			0			0	0		
g1532	Scaffolds_11	+	7	6			0	995945	996038	94	0	994059	994175
g9996	Scaffolds_26	-	1	0			0			0	0		
g10388	Scaffolds_28	+	12	11			0	95617	98292	2676	0	89001	89173
g9493	Scaffolds_25	-	1	0			0			0	0		
g2917	Scaffolds_15	+	1	0			0			0	0		
g10355	Scaffolds_27	-	1	0			0			0	0		
g6937	Scaffolds_20	-	1	0			0			0	0		
g2529	Scaffolds_14	+	1	0			0			0	0		
g12592	Scaffolds_32	+	1	0			0			0	0		
g6048	Scaffolds_19	+	2	1			0	2522010	2526899	4890	0	2520933	2521003
g7722	Scaffolds_21	-	1	0			0			0	0		
g8858	Scaffolds_23	+	1	0			0	2062629	2062936	308	0		
g6333	Scaffolds_2	-	1	0			0			0	0		
g1412	Scaffolds_11	-	1	0			0			0	0		
g11468	Scaffolds_3	-	1	0			0			0	0		
g7763	Scaffolds_21	+	1	0			0			0	0		
g4854	Scaffolds_18	-	1	0			0			0	0		
g9488	Scaffolds_25	+	1	0			0			0	0		
g7370	Scaffolds_21	+	2	1			0	1249128	1249629	502	0	1245422	1247966
g9160	Scaffolds_24	-	1	0			0			0	0		
g5045	Scaffolds_18	+	1	0			0			0	0		
g12594	Scaffolds_32	+	1	0			0			0	0		
g13214	Scaffolds_33	-	1	0			0			0	0		
g7228	Scaffolds_21	-	1	0			0			0	0		
g1600	Scaffolds_11	+	1	0			0			0	0		
g9206	Scaffolds_24	+	1	0			0			0	0		
g15193	Scaffolds_6	+	1	0			0			0	0		
g8639	Scaffolds_23	+	1	0			0			0	0		
g13418	Scaffolds_33	-	1	0			0			0	0		
g13397	Scaffolds_33	+	1	0			0			0	0		
g2932	Scaffolds_15	+	1	0			0			0	0		
g6474	Scaffolds_20	+	1	0			0			0	0		
g5568	Scaffolds_19	+	1	0			0			0	0		
g1462	Scaffolds_11	-	1	0			0			0	0		
g4836	Scaffolds_18	-	1	0			0			0	0		
g6662	Scaffolds_20	-	1	0			0			0	0		
g6478	Scaffolds_20	-	1	0			0			0	0		
g7962	Scaffolds_22	-	1	0			0			0	0		
g14473	Scaffolds_4	+	1	0			0			0	0		
g8651	Scaffolds_23	+	1	0			0			0	0		
g9203	Scaffolds_24	-	1	0			0			0	0		
g3677	Scaffolds_16	+	1	0			0			0	0		
g6583	Scaffolds_20	+	2	1			0			0	0	531155	531247
g3091	Scaffolds_15	-	1	0			0			0	0		
g11833	Scaffolds_3	-	2	1	1341521	1342455	935			0	0	1341067	1341367
g9985	Scaffolds_26	+	1	0			0			0	0		
g7221	Scaffolds_21	+	1	0			0			0	0		
g11277	Scaffolds_29	-	1	0	2581715	2581756	42			0	0		
g3969	Scaffolds_17	+	1	0			0			0	0		
g4312	Scaffolds_18	+	6	5			0			0	0	274286	274443
g3458	Scaffolds_16	+	1	0			0			0	0		
g4551	Scaffolds_18	-	1	0			0			0	0		
g13359	Scaffolds_33	+	3	2			0	2135131	2135594	464	0	2133825	2133904
g10325	Scaffolds_27	+	9	8			0	186935	187223	289	0	183317	183444
g14074	Scaffolds_4	+	1	0			0			0	0		
g5263	Scaffolds_18	-	1	0			0			0	0		
g1923	Scaffolds_13	+	6	5			0	601542	602286	745	0	599262	599317
g2464	Scaffolds_14	-	1	0			0			0	0		
g12760	Scaffolds_32	+	6	5			0	759443	759548	106	0	757155	757199
g4170	Scaffolds_17	-	3	2			0			0	0	1422039	1422277
g9049	Scaffolds_24	+	1	0			0			0	0		
g3224	Scaffolds_15	-	1	0			0			0	0		
g14758	Scaffolds_5	+	1	0			0			0	0		
g2727	Scaffolds_15	+	1	0			0			0	0		
g3704	Scaffolds_16	+	1	0			0			0	0		
g12370	Scaffolds_31	+	1	0	700459	704214	3756			0	0		
g694	Scaffolds_1	-	2	1			0			0	0	790212	790305
g2170	Scaffolds_14	+	1	0			0	374393	374473	81	0		
g13157	Scaffolds_33	-	1	0			0			0	0		
g6183	Scaffolds_2	+	3	2			0			0	0	529615	529905
g11225	Scaffolds_29	+	1	0			0			0	0		
g6853	Scaffolds_20	-	1	0			0			0	0		
g2406	Scaffolds_14	+	1	0			0			0	0		
g6897	Scaffolds_20	-	1	0			0			0	0		
g13754	Scaffolds_4	+	2	1			0	599670	599861	192	0	596745	596818
g14453	Scaffolds_4	-	1	0	3391155	3391264	110			0	0		
g8718	Scaffolds_23	-	3	2			0			0	0	1583244	1583522
g5203	Scaffolds_18	+	1	0			0			0	0		
g15465	Scaffolds_8	+	2	1			0	398644	400148	1505	0	398072	398113
g2804	Scaffolds_15	-	1	0			0			0	0		
g7046	Scaffolds_20	-	1	0			0			0	0		
g10001	Scaffolds_26	+	1	0			0			0	0		
g11784	Scaffolds_3	-	1	0			0			0	0		
g9745	Scaffolds_26	-	1	0			0			0	0		
g8201	Scaffolds_22	-	3	2			0			0	0	1518700	1518815
g5157	Scaffolds_18	-	1	0			0			0	0		
g13570	Scaffolds_33	-	2	1			0			0	0	2973817	2973904
g7243	Scaffolds_21	+	1	0			0			0	0		
g6277	Scaffolds_2	+	1	0			0			0	0		
g5344	Scaffolds_19	+	2	1			0	182665	183138	474	0	182172	182331
g6728	Scaffolds_20	+	4	3			0	1092758	1092840	83	0	1091879	1092073
g6255	Scaffolds_2	-	1	0			0			0	0		
g622	Scaffolds_1	+	1	0			0	555965	556182	218	0		
g431	Scaffolds_0	+	1	0			0			0	0		
g12364	Scaffolds_31	+	1	0			0			0	0		
g6476	Scaffolds_20	-	2	1			0			0	0	172777	172859
g1458	Scaffolds_11	-	1	0			0			0	0		
g15522	Scaffolds_8	-	1	0			0			0	0		
g6655	Scaffolds_20	+	2	1			0	766262	767399	1138	0	766145	766190
g3075	Scaffolds_15	-	1	0			0			0	0		
g2719	Scaffolds_15	+	2	1			0			0	0	478459	478901
g7489	Scaffolds_21	-	1	0			0			0	0		
g2110	Scaffolds_14	+	1	0			0			0	0		
g5264	Scaffolds_18	+	1	0			0			0	0		
g11638	Scaffolds_3	+	1	0			0			0	0		
g15901	Scaffolds_9	+	1	0			0			0	0		
g3936	Scaffolds_17	+	2	1			0	599680	604467	4788	0	599120	599358
g15406	Scaffolds_8	+	33	32			0	205114	205298	185	0	192247	192370
g4480	Scaffolds_18	+	3	2			0			0	0	890539	890866
g4251	Scaffolds_17	-	1	0			0			0	0		
g12148	Scaffolds_30	+	1	0			0			0	0		
g722	Scaffolds_1	+	1	0			0			0	0		
g11611	Scaffolds_3	-	1	0			0			0	0		
g9115	Scaffolds_24	+	1	0			0			0	0		
g12328	Scaffolds_31	+	1	0			0			0	0		
g13737	Scaffolds_4	-	1	0			0			0	0		
g7223	Scaffolds_21	+	1	0			0			0	0		
g14169	Scaffolds_4	+	1	0			0			0	0		
g2282	Scaffolds_14	-	1	0			0			0	0		
g13196	Scaffolds_33	-	1	0			0			0	0		
g4782	Scaffolds_18	-	4	3			0			0	0	1989407	1989659
g8253	Scaffolds_22	-	1	0			0			0	0		
g5852	Scaffolds_19	+	1	0			0			0	0		
g9367	Scaffolds_25	-	1	0			0			0	0		
g14801	Scaffolds_5	+	1	0			0			0	0		
g1977	Scaffolds_13	-	1	0			0			0	0		
g1726	Scaffolds_12	+	1	0			0			0	0		
g527	Scaffolds_1	+	3	2			0			0	0	216180	216244
g1549	Scaffolds_11	+	22	21			0	1051541	1052508	968	0	1043462	1044118
g1064	Scaffolds_10	+	1	0			0			0	0		
g2903	Scaffolds_15	-	1	0			0			0	0		
g12834	Scaffolds_33	+	3	2			0	94164	94691	528	0	92980	93031
g1235	Scaffolds_10	-	1	0			0			0	0		
g12535	Scaffolds_31	+	1	0			0			0	0		
g338	Scaffolds_0	+	1	0			0			0	0		
g15497	Scaffolds_8	-	2	1			0			0	0	533046	533091
g3264	Scaffolds_15	+	2	1			0			0	0	2671104	2671358
g6818	Scaffolds_20	+	3	2			0	1447855	1448883	1029	0	1446859	1446943
g10138	Scaffolds_26	-	5	4			0			0	0	1498865	1498993
g15434	Scaffolds_8	+	1	0			0			0	0		
g3725	Scaffolds_16	-	1	0			0			0	0		
g13073	Scaffolds_33	-	3	2	989458	989801	344			0	0	988996	989204
g15213	Scaffolds_7	-	2	1	45078	46146	1069			0	0	44741	44790
g11187	Scaffolds_29	+	1	0			0	2235706	2236156	451	0		
g13773	Scaffolds_4	+	1	0			0			0	0		
g9486	Scaffolds_25	+	1	0			0			0	0		
g6196	Scaffolds_2	+	3	2			0	564872	566401	1530	0	563491	564036
g673	Scaffolds_1	+	2	1			0	734164	734386	223	0	733600	733816
g8199	Scaffolds_22	+	1	0			0			0	0		
g3372	Scaffolds_16	-	1	0			0			0	0		
g3867	Scaffolds_17	+	2	1			0	349670	350167	498	0	349326	349504
g10685	Scaffolds_29	-	7	6	289131	289313	183			0	0	285518	285709
g12475	Scaffolds_31	+	1	0			0			0	0		
g15811	Scaffolds_8	-	1	0			0			0	0		
g11221	Scaffolds_29	+	2	1			0	2360343	2360990	648	0	2359482	2359533
g11172	Scaffolds_29	-	1	0			0			0	0		
g7267	Scaffolds_21	-	1	0			0			0	0		
g4884	Scaffolds_18	-	1	0			0			0	0		
g3899	Scaffolds_17	+	1	0			0			0	0		
g15042	Scaffolds_6	-	1	0			0			0	0		
g6526	Scaffolds_20	-	1	0			0			0	0		
g14368	Scaffolds_4	-	3	2			0			0	0	3014519	3014747
g10782	Scaffolds_29	-	3	2	661866	662117	252			0	0	661191	661247
g12687	Scaffolds_32	-	1	0			0			0	0		
g8896	Scaffolds_24	-	1	0			0			0	0		
g6146	Scaffolds_2	+	1	0			0			0	0		
g13971	Scaffolds_4	+	1	0			0			0	0		
g7436	Scaffolds_21	+	1	0			0			0	0		
g8455	Scaffolds_23	+	1	0			0			0	0		
g5653	Scaffolds_19	-	1	0			0			0	0		
g579	Scaffolds_1	-	2	1			0			0	0	397553	397928
g7189	Scaffolds_21	-	3	2	634876	635075	200			0	0	634139	634277
g15817	Scaffolds_8	+	1	0			0	1717473	1718655	1183	0		
g7554	Scaffolds_21	+	1	0			0			0	0		
g14524	Scaffolds_4	-	1	0			0			0	0		
g1489	Scaffolds_11	-	2	1			0			0	0	801920	802094
g4393	Scaffolds_18	-	1	0			0			0	0		
g15699	Scaffolds_8	+	2	1			0	1232951	1233672	722	0	1232287	1232389
g4749	Scaffolds_18	+	1	0			0			0	0		
g11201	Scaffolds_29	+	1	0			0			0	0		
g5790	Scaffolds_19	-	1	0			0			0	0		
g11121	Scaffolds_29	+	4	3			0	2009634	2009660	27	0	2008808	2008900
g13401	Scaffolds_33	+	1	0			0			0	0		
g3768	Scaffolds_16	+	1	0			0			0	0		
g6740	Scaffolds_20	+	1	0			0			0	0		
g8568	Scaffolds_23	+	1	0			0			0	0		
g14535	Scaffolds_4	-	1	0			0			0	0		
g4820	Scaffolds_18	+	1	0			0			0	0		
g10025	Scaffolds_26	+	1	0			0			0	0		
g3008	Scaffolds_15	+	1	0			0			0	0		
g6759	Scaffolds_20	+	1	0			0			0	0		
g1094	Scaffolds_10	-	1	0			0			0	0		
g14141	Scaffolds_4	-	1	0			0			0	0		
g10749	Scaffolds_29	+	2	1			0			0	0	562100	562270
g11253	Scaffolds_29	+	1	0			0			0	0		
g15264	Scaffolds_7	-	1	0			0			0	0		
g6079	Scaffolds_2	+	1	0			0			0	0		
g455	Scaffolds_0	-	1	0			0			0	0		
g3536	Scaffolds_16	-	1	0			0			0	0		
g99	Scaffolds_0	-	2	1			0			0	0	451562	451647
g3975	Scaffolds_17	-	2	1			0			0	0	755811	755887
g9354	Scaffolds_25	-	1	0			0			0	0		
g9588	Scaffolds_25	+	3	2			0	984735	987430	2696	0	984055	984354
g14309	Scaffolds_4	-	1	0			0			0	0		
g13029	Scaffolds_33	-	1	0			0			0	0		
g11173	Scaffolds_29	+	1	0			0			0	0		
g15862	Scaffolds_9	+	1	0			0			0	0		
g13072	Scaffolds_33	+	1	0			0	988653	989787	1135	0		
g7112	Scaffolds_21	+	1	0			0			0	0		
g11669	Scaffolds_3	+	1	0			0			0	0		
g12908	Scaffolds_33	-	5	4			0			0	0	334680	334858
g804	Scaffolds_1	+	1	0			0			0	0		
g14918	Scaffolds_5	-	1	0			0			0	0		
g11602	Scaffolds_3	-	1	0			0			0	0		
g15061	Scaffolds_6	+	1	0			0			0	0		
g3676	Scaffolds_16	+	1	0			0			0	0		
g12642	Scaffolds_32	+	5	4			0	387008	387463	456	0	385147	385484
g10611	Scaffolds_28	+	1	0			0			0	0		
g8654	Scaffolds_23	+	1	0			0			0	0		
g2571	Scaffolds_14	-	1	0			0			0	0		
g14864	Scaffolds_5	+	3	2			0	1101695	1102138	444	0	1101370	1101421
g14117	Scaffolds_4	+	1	0			0			0	0		
g6787	Scaffolds_20	+	1	0			0			0	0		
g8655	Scaffolds_23	+	1	0			0			0	0		
g11302	Scaffolds_29	+	1	0			0	2662401	2664802	2402	0		
g3289	Scaffolds_15	+	1	0			0			0	0		
g6581	Scaffolds_20	-	2	1			0			0	0	525793	525845
g13084	Scaffolds_33	-	2	1	1028389	1028645	257			0	0	1028222	1028296
g12107	Scaffolds_30	-	1	0			0			0	0		
g5866	Scaffolds_19	+	1	0			0			0	0		
g13329	Scaffolds_33	-	1	0			0			0	0		
g11168	Scaffolds_29	-	1	0			0			0	0		
g1279	Scaffolds_10	+	1	0			0			0	0		
g8192	Scaffolds_22	+	1	0			0			0	0		
g12848	Scaffolds_33	-	1	0			0			0	0		
g13551	Scaffolds_33	-	1	0			0			0	0		
g6321	Scaffolds_2	-	1	0			0			0	0		
g4477	Scaffolds_18	-	4	3			0			0	0	885856	885972
g8156	Scaffolds_22	-	4	3	1345807	1346566	760			0	0	1344823	1344920
g14060	Scaffolds_4	+	1	0			0			0	0		
g9567	Scaffolds_25	+	3	2			0	927100	927307	208	0	926642	926722
g15300	Scaffolds_7	-	1	0			0			0	0		
g4674	Scaffolds_18	+	2	1			0	1573234	1574227	994	0	1560871	1561195
g14903	Scaffolds_5	-	1	0			0			0	0		
g2217	Scaffolds_14	+	3	2			0			0	0	542526	542679
g14868	Scaffolds_5	-	1	0			0			0	0		
g11211	Scaffolds_29	+	1	0			0			0	0		
g12531	Scaffolds_31	+	1	0			0			0	0		
g4484	Scaffolds_18	+	1	0			0			0	0		
g9682	Scaffolds_25	-	1	0			0			0	0		
g6880	Scaffolds_20	-	1	0			0			0	0		
g13738	Scaffolds_4	-	4	3	542322	542611	290			0	0	541366	541445
g15388	Scaffolds_8	+	2	1			0	114398	115006	609	0	114013	114147
g10424	Scaffolds_28	-	1	0	316747	318021	1275			0	0		
g6435	Scaffolds_20	-	1	0			0			0	0		
g8313	Scaffolds_22	+	5	4			0	1949597	1949726	130	0	1947882	1948291
g15790	Scaffolds_8	+	1	0			0			0	0		
g129	Scaffolds_0	+	2	1			0	556235	557188	954	0	555781	555867
g10677	Scaffolds_29	+	2	1			0			0	0	262671	262840
g7638	Scaffolds_21	+	1	0			0	2321549	2328350	6802	0		
g9057	Scaffolds_24	+	3	2			0	685773	685879	107	0	685071	685192
g14466	Scaffolds_4	+	1	0			0			0	0		
g2799	Scaffolds_15	+	1	0			0			0	0		
g6311	Scaffolds_2	-	1	0			0			0	0		
g3357	Scaffolds_16	+	1	0			0			0	0		
g15978	Scaffolds_9	+	1	0			0			0	0		
g7932	Scaffolds_22	+	1	0			0			0	0		
g9916	Scaffolds_26	+	1	0			0			0	0		
g13838	Scaffolds_4	-	1	0			0			0	0		
g6998	Scaffolds_20	+	1	0			0	2095052	2095790	739	0		
g2491	Scaffolds_14	+	1	0			0	1496299	1498896	2598	0		
g12650	Scaffolds_32	-	1	0			0			0	0		
g6523	Scaffolds_20	+	1	0			0			0	0		
g2229	Scaffolds_14	+	1	0			0			0	0		
g8892	Scaffolds_24	+	2	1			0			0	0	94273	94342
g3386	Scaffolds_16	+	1	0			0			0	0		
g12135	Scaffolds_30	+	1	0			0			0	0		
g5740	Scaffolds_19	+	1	0			0			0	0		
g5946	Scaffolds_19	+	1	0			0			0	0		
g7294	Scaffolds_21	+	1	0			0			0	0		
g11681	Scaffolds_3	-	1	0			0			0	0		
g1609	Scaffolds_11	-	2	1			0			0	0	1251357	1251435
g8337	Scaffolds_22	-	1	0			0			0	0		
g15594	Scaffolds_8	-	1	0			0			0	0		
g5365	Scaffolds_19	-	2	1	232954	233347	394			0	0	232814	232915
g621	Scaffolds_1	+	1	0			0	553038	553259	222	0		
g11588	Scaffolds_3	+	2	1			0			0	0	449188	449305
g9100	Scaffolds_24	-	1	0			0			0	0		
g15681	Scaffolds_8	-	1	0			0			0	0		
g11525	Scaffolds_3	-	1	0			0			0	0		
g3238	Scaffolds_15	-	1	0			0			0	0		
g3466	Scaffolds_16	+	1	0			0			0	0		
g1582	Scaffolds_11	+	1	0			0			0	0		
g902	Scaffolds_10	-	1	0			0			0	0		
g6858	Scaffolds_20	+	2	1			0			0	0	1568688	1568895
g6107	Scaffolds_2	+	1	0			0			0	0		
g14296	Scaffolds_4	+	1	0			0			0	0		
g2176	Scaffolds_14	+	6	5			0	388617	388700	84	0	386260	386321
g4612	Scaffolds_18	+	1	0			0			0	0		
g2460	Scaffolds_14	-	1	0			0			0	0		
g11438	Scaffolds_29	-	1	0			0			0	0		
g9489	Scaffolds_25	+	1	0			0			0	0		
g1380	Scaffolds_11	+	1	0			0			0	0		
g11735	Scaffolds_3	+	1	0			0			0	0		
g3832	Scaffolds_17	-	1	0			0			0	0		
g12858	Scaffolds_33	-	2	1			0			0	0	172841	173153
g8608	Scaffolds_23	-	1	0			0			0	0		
g7946	Scaffolds_22	+	1	0			0			0	0		
g9243	Scaffolds_24	+	1	0			0			0	0		
g5951	Scaffolds_19	+	1	0			0			0	0		
g2879	Scaffolds_15	-	1	0			0			0	0		
g1034	Scaffolds_10	-	5	4			0			0	0	764696	764998
g3250	Scaffolds_15	+	2	1			0			0	0	2604792	2605095
g10528	Scaffolds_28	-	1	0			0			0	0		
g6956	Scaffolds_20	-	2	1	1958469	1958550	82			0	0	1958058	1958189
g14420	Scaffolds_4	+	1	0			0			0	0		
g2931	Scaffolds_15	+	1	0			0			0	0		
g423	Scaffolds_0	+	1	0			0			0	0		
g2308	Scaffolds_14	+	1	0			0			0	0		
g9780	Scaffolds_26	+	1	0			0			0	0		
g12953	Scaffolds_33	-	1	0			0			0	0		
g6241	Scaffolds_2	+	1	0			0			0	0		
g1830	Scaffolds_13	-	1	0			0			0	0		
g917	Scaffolds_10	-	2	1	335739	337944	2206			0	0	335521	335579
g6786	Scaffolds_20	-	1	0			0			0	0		
g13382	Scaffolds_33	-	1	0			0			0	0		
g10316	Scaffolds_27	-	1	0			0			0	0		
g7472	Scaffolds_21	+	1	0			0			0	0		
g14034	Scaffolds_4	+	3	2			0	1667185	1667442	258	0	1666597	1666778
g9204	Scaffolds_24	+	2	1			0			0	0	1419336	1419520
g14685	Scaffolds_5	-	1	0			0			0	0		
g1687	Scaffolds_11	-	2	1			0			0	0	1585211	1585274
g7705	Scaffolds_21	-	2	1			0			0	0	2614969	2615281
g10847	Scaffolds_29	-	1	0			0			0	0		
g3661	Scaffolds_16	+	1	0			0			0	0		
g13805	Scaffolds_4	-	1	0			0			0	0		
g6398	Scaffolds_2	+	2	1			0	1386854	1387050	197	0	1386511	1386718
g3771	Scaffolds_16	-	1	0			0			0	0		
g9236	Scaffolds_24	+	3	2			0	1531709	1532661	953	0	1531105	1531403
g5990	Scaffolds_19	+	4	3			0			0	0	2301275	2301334
g1401	Scaffolds_11	+	2	1			0			0	0	525060	525221
g3150	Scaffolds_15	+	1	0			0			0	0		
g151	Scaffolds_0	+	1	0			0			0	0		
g2090	Scaffolds_14	+	2	1			0			0	0	89293	89592
g1988	Scaffolds_13	+	1	0			0	855481	855615	135	0		
g8371	Scaffolds_23	-	1	0			0			0	0		
g12802	Scaffolds_32	+	1	0			0			0	0		
g4708	Scaffolds_18	-	1	0			0			0	0		
g5319	Scaffolds_19	-	1	0			0			0	0		
g6054	Scaffolds_19	-	17	16			0			0	0	2565731	2565886
g10621	Scaffolds_29	-	1	0			0			0	0		
g13493	Scaffolds_33	+	1	0			0	2666433	2666936	504	0		
g4678	Scaffolds_18	+	1	0			0			0	0		
g6933	Scaffolds_20	-	1	0			0			0	0		
g4940	Scaffolds_18	-	1	0			0			0	0		
g15609	Scaffolds_8	-	1	0			0			0	0		
g15763	Scaffolds_8	-	1	0			0			0	0		
g4554	Scaffolds_18	-	1	0			0			0	0		
g5370	Scaffolds_19	-	1	0			0			0	0		
g76	Scaffolds_0	-	1	0			0			0	0		
g15821	Scaffolds_8	-	8	7	1746822	1747154	333			0	0	1744880	1745035
g5184	Scaffolds_18	-	2	1			0			0	0	3495977	3496338
g10143	Scaffolds_26	+	1	0			0			0	0		
g14152	Scaffolds_4	-	1	0			0			0	0		
g283	Scaffolds_0	-	1	0			0			0	0		
g1210	Scaffolds_10	+	1	0			0			0	0		
g14797	Scaffolds_5	-	2	1	850930	851464	535			0	0	849818	850736
g4179	Scaffolds_17	-	1	0			0			0	0		
g5204	Scaffolds_18	-	1	0			0			0	0		
g14519	Scaffolds_4	-	1	0			0			0	0		
g9577	Scaffolds_25	-	2	1			0			0	0	950320	950412
g5108	Scaffolds_18	-	1	0			0			0	0		
g12254	Scaffolds_31	-	1	0			0			0	0		
g6631	Scaffolds_20	-	5	4	701147	701406	260	699505	700204	700	0	699646	699959
g12188	Scaffolds_31	-	1	0			0			0	0		
g15440	Scaffolds_8	+	1	0			0			0	0		
g8220	Scaffolds_22	+	1	0			0			0	0		
g6397	Scaffolds_2	+	4	3			0	1386321	1386360	40	0	1384877	1385176
g11558	Scaffolds_3	-	1	0			0			0	0		
g8623	Scaffolds_23	-	1	0			0			0	0		
g3256	Scaffolds_15	-	1	0	2615888	2616085	198			0	0		
g2928	Scaffolds_15	+	1	0			0			0	0		
g875	Scaffolds_10	+	1	0			0			0	0		
g2885	Scaffolds_15	-	1	0			0			0	0		
g5944	Scaffolds_19	+	1	0			0			0	0		
g1017	Scaffolds_10	+	1	0			0			0	0		
g7738	Scaffolds_21	-	1	0			0			0	0		
g8480	Scaffolds_23	+	1	0			0	535944	537225	1282	0		
g8386	Scaffolds_23	+	1	0			0			0	0		
g13265	Scaffolds_33	+	1	0			0			0	0		
g6445	Scaffolds_20	-	1	0			0			0	0		
g1182	Scaffolds_10	-	3	2			0			0	0	1296501	1296620
g5057	Scaffolds_18	-	4	3			0			0	0	2908797	2908898
g7063	Scaffolds_21	-	1	0	87501	87637	137			0	0		
g466	Scaffolds_0	-	1	0			0			0	0		
g12131	Scaffolds_30	-	8	7	516356	516649	294			0	0	511832	511931
g1217	Scaffolds_10	-	4	3	1416175	1416263	89			0	0	1415584	1415629
g13191	Scaffolds_33	+	1	0			0			0	0		
g15297	Scaffolds_7	-	1	0			0			0	0		
g10584	Scaffolds_28	+	3	2			0	964160	964551	392	0	963232	963372
g10693	Scaffolds_29	+	1	0			0			0	0		
g11460	Scaffolds_3	+	2	1			0	3805	4787	983	0	3295	3408
g1620	Scaffolds_11	-	2	1	1337887	1339306	1420	1337503	1337513	11	0	1337520	1337642
g9383	Scaffolds_25	+	2	1			0			0	0	223328	225286
g8368	Scaffolds_23	-	2	1	136707	137474	768			0	0	136444	136567
g7515	Scaffolds_21	-	3	2	1797088	1797120	33			0	0	1796030	1796112
g2288	Scaffolds_14	-	1	0	784927	785127	201			0	0		
g8482	Scaffolds_23	+	1	0			0			0	0		
g10309	Scaffolds_27	+	6	5			0	124890	125684	795	0	122747	122980
g9173	Scaffolds_24	+	1	0			0			0	0		
g9668	Scaffolds_25	-	1	0			0			0	0		
g12060	Scaffolds_30	-	3	2			0			0	0	234787	234900
g9020	Scaffolds_24	-	1	0			0			0	0		
g14577	Scaffolds_4	-	4	3			0			0	0	3795891	3798297
g1352	Scaffolds_11	+	1	0			0			0	0		
g10283	Scaffolds_26	-	1	0			0			0	0		
g15907	Scaffolds_9	+	1	0			0			0	0		
g8839	Scaffolds_23	-	1	0			0			0	0		
g10240	Scaffolds_26	-	1	0			0			0	0		
g12196	Scaffolds_31	+	1	0			0			0	0		
g16038	Scaffolds_9	+	1	0			0			0	0		
g14746	Scaffolds_5	+	1	0			0			0	0		
g7154	Scaffolds_21	+	1	0			0			0	0		
g10733	Scaffolds_29	-	1	0			0			0	0		
g577	Scaffolds_1	-	1	0	394048	394288	241			0	0		
g13355	Scaffolds_33	+	1	0			0	2103357	2110160	6804	0		
g2762	Scaffolds_15	+	1	0			0			0	0		
g2481	Scaffolds_14	+	1	0			0			0	0		
g13732	Scaffolds_4	-	1	0			0			0	0		
g3194	Scaffolds_15	+	3	2			0	2414820	2417983	3164	0	2413996	2414155
g11806	Scaffolds_3	-	1	0			0			0	0		
g1631	Scaffolds_11	+	1	0			0			0	0		
g5325	Scaffolds_19	+	1	0			0	107521	108065	545	0		
g13626	Scaffolds_4	+	2	1			0			0	0	113602	113662
g2280	Scaffolds_14	+	1	0			0			0	0		
g15639	Scaffolds_8	-	1	0			0			0	0		
g9821	Scaffolds_26	-	1	0			0			0	0		
g14642	Scaffolds_5	+	1	0			0			0	0		
g11556	Scaffolds_3	+	1	0			0			0	0		
g5624	Scaffolds_19	+	1	0			0			0	0		
g918	Scaffolds_10	+	4	3			0			0	0	336580	336671
g3283	Scaffolds_15	+	1	0			0			0	0		
g1441	Scaffolds_11	-	1	0			0			0	0		
g13494	Scaffolds_33	+	1	0			0			0	0		
g3125	Scaffolds_15	+	4	3			0	2130758	2130809	52	0	2130203	2130287
g10242	Scaffolds_26	-	4	3			0			0	0	1848286	1848332
g299	Scaffolds_0	+	1	0			0			0	0		
g11379	Scaffolds_29	-	1	0			0			0	0		
g12966	Scaffolds_33	-	2	1	625999	626231	233			0	0	625778	625827
g8511	Scaffolds_23	+	1	0			0			0	0		
g7879	Scaffolds_22	-	1	0			0			0	0		
g13092	Scaffolds_33	-	1	0			0			0	0		
g13749	Scaffolds_4	-	2	1			0			0	0	580365	580454
g2227	Scaffolds_14	-	1	0			0			0	0		
g2060	Scaffolds_14	-	1	0			0			0	0		
g12603	Scaffolds_32	-	1	0			0			0	0		
g6691	Scaffolds_20	+	1	0			0			0	0		
g6434	Scaffolds_20	+	1	0			0			0	0		
g6281	Scaffolds_2	-	1	0			0			0	0		
g15295	Scaffolds_7	-	1	0			0			0	0		
g10376	Scaffolds_28	-	11	10			0			0	0	31305	31588
g7425	Scaffolds_21	+	1	0			0			0	0		
g7174	Scaffolds_21	-	1	0			0			0	0		
g12651	Scaffolds_32	+	1	0			0			0	0		
g15546	Scaffolds_8	+	1	0			0			0	0		
g3478	Scaffolds_16	-	6	5			0			0	0	474614	474658
g6446	Scaffolds_20	+	1	0			0			0	0		
g9768	Scaffolds_26	-	1	0	182368	183275	908			0	0		
g1834	Scaffolds_13	-	1	0			0			0	0		
g13347	Scaffolds_33	-	1	0			0			0	0		
g14949	Scaffolds_6	-	1	0			0			0	0		
g1494	Scaffolds_11	+	1	0			0			0	0		
g11888	Scaffolds_3	-	1	0			0			0	0		
g13429	Scaffolds_33	-	1	0			0			0	0		
g5475	Scaffolds_19	+	1	0			0	578617	578923	307	0		
g14998	Scaffolds_6	-	1	0			0			0	0		
g9834	Scaffolds_26	-	1	0			0			0	0		
g14816	Scaffolds_5	+	3	2			0			0	0	929063	929110
g1969	Scaffolds_13	-	5	4			0			0	0	801056	801139
g9767	Scaffolds_26	+	1	0			0			0	0		
g3327	Scaffolds_15	-	1	0			0			0	0		
g11378	Scaffolds_29	-	1	0			0			0	0		
g575	Scaffolds_1	+	1	0			0			0	0		
g2372	Scaffolds_14	-	1	0			0			0	0		
g7597	Scaffolds_21	+	1	0			0			0	0		
g14065	Scaffolds_4	+	1	0			0			0	0		
g7880	Scaffolds_22	+	1	0			0			0	0		
g8920	Scaffolds_24	-	3	2	166103	167140	1038			0	0	165552	165611
g6489	Scaffolds_20	+	1	0			0			0	0		
g15798	Scaffolds_8	-	1	0			0			0	0		
g9048	Scaffolds_24	-	1	0			0			0	0		
g15839	Scaffolds_9	-	2	1			0			0	0	35301	35399
g5340	Scaffolds_19	+	3	2			0	173854	174423	570	0	172633	172924
g7689	Scaffolds_21	-	5	4	2531791	2532017	227			0	0	2530255	2530407
g12740	Scaffolds_32	-	2	1	680716	680971	256			0	0	680409	680461
g12023	Scaffolds_30	+	1	0			0			0	0		
g3877	Scaffolds_17	+	1	0			0			0	0		
g3843	Scaffolds_17	+	1	0			0			0	0		
g10120	Scaffolds_26	+	1	0			0	1419546	1419797	252	0		
g3988	Scaffolds_17	+	2	1			0			0	0	789053	789152
g870	Scaffolds_10	-	1	0			0			0	0		
g10030	Scaffolds_26	+	1	0			0			0	0		
g6611	Scaffolds_20	+	1	0			0			0	0		
g12518	Scaffolds_31	+	3	2			0			0	0	1199767	1200017
g3395	Scaffolds_16	-	2	1			0			0	0	182620	182766
g10423	Scaffolds_28	-	3	2	315385	315732	348			0	0	314757	314853
g7381	Scaffolds_21	-	1	0			0			0	0		
g3370	Scaffolds_16	-	1	0			0			0	0		
g10640	Scaffolds_29	+	1	0			0			0	0		
g6557	Scaffolds_20	+	1	0			0			0	0		
g6990	Scaffolds_20	-	1	0			0			0	0		
g15180	Scaffolds_6	+	6	5			0	884983	885601	619	0	883111	883244
g228	Scaffolds_0	+	1	0			0	935963	937883	1921	0		
g3718	Scaffolds_16	+	1	0			0			0	0		
g10173	Scaffolds_26	+	1	0			0			0	0		
g1850	Scaffolds_13	+	1	0			0			0	0		
g2402	Scaffolds_14	-	1	0			0			0	0		
g7205	Scaffolds_21	-	1	0			0			0	0		
g15963	Scaffolds_9	-	1	0			0			0	0		
g8806	Scaffolds_23	-	1	0			0			0	0		
g15262	Scaffolds_7	-	1	0			0			0	0		
g10002	Scaffolds_26	-	1	0			0			0	0		
g12850	Scaffolds_33	+	1	0			0	150876	151079	204	0		
g15503	Scaffolds_8	+	3	2			0	585384	586308	925	0	584709	584777
g14956	Scaffolds_6	+	2	1			0	41805	42048	244	0	41615	41796
g13601	Scaffolds_33	+	1	0			0			0	0		
g2462	Scaffolds_14	-	1	0			0			0	0		
g5650	Scaffolds_19	+	1	0			0			0	0		
g15724	Scaffolds_8	+	1	0			0			0	0		
g6271	Scaffolds_2	-	1	0			0			0	0		
g9162	Scaffolds_24	-	1	0			0			0	0		
g8096	Scaffolds_22	-	2	1	1149634	1150445	812			0	0	1149331	1149387
g6303	Scaffolds_2	-	1	0			0			0	0		
g5962	Scaffolds_19	+	1	0			0	2183650	2184033	384	0		
g3707	Scaffolds_16	-	1	0			0			0	0		
g9247	Scaffolds_24	-	4	3			0			0	0	1564028	1564103
g15175	Scaffolds_6	-	1	0			0			0	0		
g13497	Scaffolds_33	-	1	0			0			0	0		
g13164	Scaffolds_33	+	1	0			0			0	0		
g9586	Scaffolds_25	+	1	0			0			0	0		
g6974	Scaffolds_20	+	1	0			0	2011273	2011693	421	0		
g14871	Scaffolds_5	-	1	0			0			0	0		
g13640	Scaffolds_4	-	1	0			0			0	0		
g15509	Scaffolds_8	+	4	3			0	603643	603895	253	0	603228	603342
g8800	Scaffolds_23	-	1	0			0			0	0		
g5195	Scaffolds_18	+	1	0			0			0	0		
g13778	Scaffolds_4	+	1	0			0			0	0		
g13215	Scaffolds_33	-	5	4	1526984	1527642	659			0	0	1525427	1525560
g11419	Scaffolds_29	+	1	0			0			0	0		
g14297	Scaffolds_4	-	1	0			0			0	0		
g9170	Scaffolds_24	+	1	0			0			0	0		
g7123	Scaffolds_21	-	5	4			0			0	0	358253	358340
g10757	Scaffolds_29	-	1	0			0			0	0		
g7164	Scaffolds_21	-	1	0			0			0	0		
g4971	Scaffolds_18	-	6	5	2628013	2628066	54			0	0	2626483	2626539
g2220	Scaffolds_14	-	1	0			0			0	0		
g10094	Scaffolds_26	-	1	0			0			0	0		
g15087	Scaffolds_6	+	1	0			0			0	0		
g1392	Scaffolds_11	-	1	0			0			0	0		
g11536	Scaffolds_3	-	1	0			0			0	0		
g12037	Scaffolds_30	+	1	0			0			0	0		
g10497	Scaffolds_28	-	1	0			0			0	0		
g14943	Scaffolds_6	+	6	5			0	15023	16225	1203	0	13115	13193
g3955	Scaffolds_17	-	1	0			0			0	0		
g1218	Scaffolds_10	+	2	1			0	1418375	1418870	496	0	1416530	1416570
g5375	Scaffolds_19	+	5	4			0	258985	259291	307	0	256512	256595
g4072	Scaffolds_17	+	1	0			0			0	0		
g5123	Scaffolds_18	-	1	0			0			0	0		
g12550	Scaffolds_32	+	2	1			0	50857	50862	6	0	50513	50628
g181	Scaffolds_0	+	1	0			0			0	0		
g3179	Scaffolds_15	+	6	5			0	2362962	2365157	2196	0	2360759	2360853
g13477	Scaffolds_33	+	1	0			0			0	0		
g12276	Scaffolds_31	-	1	0			0			0	0		
g4723	Scaffolds_18	-	1	0			0			0	0		
g6275	Scaffolds_2	-	3	2	847283	847522	240			0	0	846889	846970
g78	Scaffolds_0	-	1	0			0			0	0		
g13870	Scaffolds_4	-	1	0			0			0	0		
g10381	Scaffolds_28	-	1	0			0			0	0		
g596	Scaffolds_1	-	2	1			0			0	0	457527	457579
g5187	Scaffolds_18	-	1	0			0			0	0		
g15081	Scaffolds_6	-	2	1			0			0	0	541656	541839
g5230	Scaffolds_18	+	2	1			0	3678363	3678794	432	0	3678045	3678139
g12471	Scaffolds_31	-	1	0	1064868	1065082	215			0	0		
g31	Scaffolds_0	+	3	2			0	198200	198248	49	0	190232	190378
g8975	Scaffolds_24	-	1	0			0			0	0		
g13375	Scaffolds_33	+	6	5			0			0	0	2173458	2173553
g8356	Scaffolds_23	-	1	0			0			0	0		
g13871	Scaffolds_4	+	2	1			0			0	0	1067295	1067433
g13948	Scaffolds_4	-	1	0			0			0	0		
g4256	Scaffolds_17	+	14	13			0	1748875	1748906	32	0	1743697	1743981
g14469	Scaffolds_4	+	1	0			0			0	0		
g13188	Scaffolds_33	-	1	0			0			0	0		
g1216	Scaffolds_10	-	1	0			0			0	0		
g14123	Scaffolds_4	-	1	0			0			0	0		
g1628	Scaffolds_11	+	1	0			0			0	0		
g11275	Scaffolds_29	-	1	0			0			0	0		
g13075	Scaffolds_33	-	1	0			0			0	0		
g11773	Scaffolds_3	+	1	0			0			0	0		
g9145	Scaffolds_24	-	1	0			0			0	0		
g7132	Scaffolds_21	-	1	0			0			0	0		
g7948	Scaffolds_22	-	1	0			0			0	0		
g2058	Scaffolds_13	+	1	0			0			0	0		
g4031	Scaffolds_17	-	2	1			0			0	0	940604	940671
g4289	Scaffolds_18	-	1	0			0			0	0		
g1909	Scaffolds_13	+	1	0			0			0	0		
g15625	Scaffolds_8	-	1	0			0			0	0		
g11839	Scaffolds_3	+	1	0			0			0	0		
g1015	Scaffolds_10	+	2	1			0	719786	720081	296	0	719458	719537
g9816	Scaffolds_26	+	1	0			0			0	0		
g2028	Scaffolds_13	-	1	0			0			0	0		
g4223	Scaffolds_17	+	5	4			0			0	0	1589673	1589734
g14641	Scaffolds_5	+	1	0			0			0	0		
g2623	Scaffolds_15	-	2	1	191289	191444	156			0	0	190772	191102
g9500	Scaffolds_25	+	2	1			0			0	0	662711	662960
g19	Scaffolds_0	-	3	2			0			0	0	130567	130790
g5666	Scaffolds_19	-	1	0			0			0	0		
g8039	Scaffolds_22	-	1	0	951049	951617	569			0	0		
g14028	Scaffolds_4	+	1	0			0			0	0		
g1455	Scaffolds_11	-	4	3			0			0	0	690359	690411
g8743	Scaffolds_23	-	1	0			0			0	0		
g114	Scaffolds_0	+	1	0			0			0	0		
g10765	Scaffolds_29	-	2	1			0			0	0	616814	616892
g3950	Scaffolds_17	-	2	1	667060	667384	325			0	0	666862	666912
g4624	Scaffolds_18	+	1	0			0			0	0		
g6451	Scaffolds_20	-	1	0			0			0	0		
g4274	Scaffolds_18	+	1	0			0			0	0		
g1493	Scaffolds_11	-	1	0			0			0	0		
g9006	Scaffolds_24	-	1	0			0			0	0		
g4921	Scaffolds_18	+	1	0			0			0	0		
g6580	Scaffolds_20	+	1	0			0	525637	527323	1687	0		
g13847	Scaffolds_4	+	1	0			0			0	0		
g4332	Scaffolds_18	-	1	0			0			0	0		
g11161	Scaffolds_29	-	1	0			0			0	0		
g8503	Scaffolds_23	-	1	0			0			0	0		
g10674	Scaffolds_29	+	1	0			0			0	0		
g7455	Scaffolds_21	+	5	4			0	1556449	1557236	788	0	1555255	1555308
g12934	Scaffolds_33	+	1	0			0			0	0		
g1816	Scaffolds_13	-	4	3			0			0	0	262539	262699
g9041	Scaffolds_24	-	11	10			0			0	0	597325	597602
g4047	Scaffolds_17	-	1	0			0			0	0		
g8438	Scaffolds_23	-	1	0			0			0	0		
g1125	Scaffolds_10	+	1	0			0			0	0		
g168	Scaffolds_0	-	2	1			0			0	0	714864	715344
g8193	Scaffolds_22	+	1	0			0			0	0		
g4351	Scaffolds_18	-	1	0			0			0	0		
g11719	Scaffolds_3	-	1	0	876790	876851	62			0	0		
g3840	Scaffolds_17	+	1	0			0			0	0		
g688	Scaffolds_1	+	1	0			0			0	0		
g1427	Scaffolds_11	+	1	0			0			0	0		
g10645	Scaffolds_29	-	4	3	164962	165306	345			0	0	163963	164089
g7463	Scaffolds_21	+	1	0			0			0	0		
g6365	Scaffolds_2	+	4	3			0	1270886	1271342	457	0	1270000	1270112
g2989	Scaffolds_15	-	3	2	1598559	1598695	137			0	0	1597810	1598022
g5363	Scaffolds_19	-	3	2			0			0	0	227073	227161
g15077	Scaffolds_6	+	2	1			0	535478	535675	198	0	534384	534503
g6883	Scaffolds_20	-	1	0			0			0	0		
g14366	Scaffolds_4	+	1	0			0			0	0		
g5303	Scaffolds_19	+	4	3			0	29907	34452	4546	0	28243	28323
g15284	Scaffolds_7	+	2	1			0			0	0	304965	305123
g4973	Scaffolds_18	-	1	0	2631616	2632567	952			0	0		
g3889	Scaffolds_17	-	1	0			0			0	0		
g11158	Scaffolds_29	+	1	0			0			0	0		
g5970	Scaffolds_19	-	3	2	2212144	2212204	61			0	0	2211782	2211867
g13558	Scaffolds_33	+	5	4			0	2914219	2914696	478	0	2912737	2912845
g10422	Scaffolds_28	-	1	0			0			0	0		
g11131	Scaffolds_29	-	8	7	2042891	2042973	83			0	0	2040640	2040812
g14431	Scaffolds_4	-	1	0			0			0	0		
g6448	Scaffolds_20	+	1	0			0			0	0		
g4545	Scaffolds_18	-	1	0			0			0	0		
g13285	Scaffolds_33	-	1	0			0			0	0		
g6386	Scaffolds_2	+	5	4			0			0	0	1333066	1333186
g7415	Scaffolds_21	-	1	0			0			0	0		
g3924	Scaffolds_17	-	1	0			0			0	0		
g5250	Scaffolds_18	-	4	3	3764258	3764537	280			0	0	3763469	3763533
g12637	Scaffolds_32	-	1	0			0			0	0		
g6490	Scaffolds_20	-	1	0			0			0	0		
g14511	Scaffolds_4	-	1	0			0			0	0		
g11342	Scaffolds_29	-	4	3			0			0	0	2792094	2792528
g267	Scaffolds_0	-	1	0			0			0	0		
g5208	Scaffolds_18	-	1	0			0			0	0		
g4345	Scaffolds_18	+	5	4			0	364893	364909	17	0	360556	360625
g4817	Scaffolds_18	+	1	0			0			0	0		
g6587	Scaffolds_20	-	3	2			0			0	0	543388	543511
g2144	Scaffolds_14	-	1	0			0			0	0		
g7043	Scaffolds_20	-	1	0			0			0	0		
g15035	Scaffolds_6	+	1	0			0			0	0		
g11593	Scaffolds_3	-	1	0	456397	458838	2442			0	0		
g11737	Scaffolds_3	+	1	0			0			0	0		
g5259	Scaffolds_18	-	1	0			0			0	0		
g10984	Scaffolds_29	-	1	0			0			0	0		
g1849	Scaffolds_13	+	4	3			0			0	0	366351	366644
g50	Scaffolds_0	-	1	0			0			0	0		
g3567	Scaffolds_16	+	2	1			0	775538	775666	129	0	775259	775331
g10974	Scaffolds_29	+	1	0			0			0	0		
g708	Scaffolds_1	-	1	0			0			0	0		
g15941	Scaffolds_9	+	4	3			0	434337	434622	286	0	430366	430411
g10092	Scaffolds_26	+	2	1			0	1347257	1349670	2414	0	1347122	1347167
g8444	Scaffolds_23	+	1	0			0			0	0		
g12041	Scaffolds_30	-	1	0			0			0	0		
g8040	Scaffolds_22	+	1	0			0			0	0		
g3089	Scaffolds_15	+	1	0			0			0	0		
g13348	Scaffolds_33	+	4	3			0			0	0	2051424	2051500
g14858	Scaffolds_5	+	3	2			0	1074112	1074443	332	0	1072748	1072900
g10186	Scaffolds_26	-	2	1			0			0	0	1650772	1652252
g15472	Scaffolds_8	+	6	5			0	422069	422341	273	0	419991	420066
g13892	Scaffolds_4	+	1	0			0			0	0		
g14720	Scaffolds_5	-	1	0			0			0	0		
g9697	Scaffolds_25	+	4	3			0	1390820	1391562	743	0	1389545	1389590
g11912	Scaffolds_3	-	1	0			0			0	0		
g9546	Scaffolds_25	+	2	1			0			0	0	825975	826103
g4356	Scaffolds_18	+	1	0			0			0	0		
g5193	Scaffolds_18	-	1	0			0			0	0		
g4197	Scaffolds_17	-	1	0			0			0	0		
g12744	Scaffolds_32	+	2	1			0			0	0	688716	688964
g9783	Scaffolds_26	-	1	0			0			0	0		
g2386	Scaffolds_14	+	1	0			0			0	0		
g13486	Scaffolds_33	-	3	2			0			0	0	2638582	2638754
g9153	Scaffolds_24	-	1	0			0			0	0		
g14808	Scaffolds_5	+	1	0			0			0	0		
g2658	Scaffolds_15	+	1	0			0			0	0		
g4689	Scaffolds_18	+	1	0			0			0	0		
g14952	Scaffolds_6	+	1	0			0			0	0		
g4064	Scaffolds_17	-	4	3	1044770	1045813	1044			0	0	1043830	1043961
g9007	Scaffolds_24	-	3	2			0			0	0	500292	500356
g4816	Scaffolds_18	-	1	0			0			0	0		
g5807	Scaffolds_19	-	1	0			0			0	0		
g7198	Scaffolds_21	-	3	2			0			0	0	677101	678965
g4875	Scaffolds_18	+	1	0			0			0	0		
g13518	Scaffolds_33	+	1	0			0			0	0		
g9028	Scaffolds_24	+	1	0			0			0	0		
g3666	Scaffolds_16	+	4	3			0	1095595	1095795	201	0	1094229	1094293
g6656	Scaffolds_20	-	1	0			0			0	0		
g4698	Scaffolds_18	+	2	1			0	1697274	1697294	21	0	1697099	1697165
g12967	Scaffolds_33	+	3	2			0			0	0	626608	626766
g2156	Scaffolds_14	-	1	0			0			0	0		
g3480	Scaffolds_16	-	1	0			0			0	0		
g9716	Scaffolds_25	-	1	0			0			0	0		
g6418	Scaffolds_2	-	1	0			0			0	0		
g3978	Scaffolds_17	-	1	0			0			0	0		
g15031	Scaffolds_6	-	1	0			0			0	0		
g2567	Scaffolds_14	-	3	2	1732467	1732621	155			0	0	1731465	1731659
g10033	Scaffolds_26	+	1	0			0			0	0		
g14168	Scaffolds_4	-	1	0			0			0	0		
g13998	Scaffolds_4	-	4	3	1544753	1545037	285			0	0	1543638	1543936
g12352	Scaffolds_31	+	1	0			0			0	0		
g1781	Scaffolds_13	-	2	1			0			0	0	145692	145849
g11259	Scaffolds_29	+	5	4			0	2501961	2503444	1484	0	2500816	2500892
g15751	Scaffolds_8	-	7	6	1484081	1484502	422			0	0	1482257	1482337
g5022	Scaffolds_18	-	1	0			0			0	0		
g11376	Scaffolds_29	-	1	0			0			0	0		
g4475	Scaffolds_18	+	1	0			0	874455	879828	5374	0		
g10358	Scaffolds_27	-	1	0			0			0	0		
g12361	Scaffolds_31	+	1	0			0			0	0		
g13699	Scaffolds_4	-	4	3	355261	355376	116			0	0	354363	354465
g13346	Scaffolds_33	-	1	0			0			0	0		
g15788	Scaffolds_8	-	2	1			0			0	0	1601801	1601859
g5649	Scaffolds_19	-	3	2			0			0	0	1107324	1107403
g8135	Scaffolds_22	-	3	2	1284372	1284756	385			0	0	1283832	1283942
g5787	Scaffolds_19	+	2	1			0			0	0	1615133	1615365
g14799	Scaffolds_5	+	2	1			0	865581	866289	709	0	864721	865505
g8180	Scaffolds_22	-	2	1	1421023	1421363	341			0	0	1420796	1420843
g10246	Scaffolds_26	+	1	0			0			0	0		
g10003	Scaffolds_26	-	1	0			0			0	0		
g2812	Scaffolds_15	+	1	0			0			0	0		
g15800	Scaffolds_8	+	1	0			0			0	0		
g7779	Scaffolds_22	+	1	0			0			0	0		
g4919	Scaffolds_18	+	1	0			0	2467638	2468675	1038	0		
g1848	Scaffolds_13	-	1	0			0			0	0		
g3131	Scaffolds_15	+	1	0			0			0	0		
g1048	Scaffolds_10	-	3	2	820639	822098	1460			0	0	820008	820140
g5202	Scaffolds_18	-	5	4	3564773	3565278	506			0	0	3562876	3562977
g12663	Scaffolds_32	-	1	0			0			0	0		
g1921	Scaffolds_13	+	1	0			0			0	0		
g15257	Scaffolds_7	+	1	0			0			0	0		
g13559	Scaffolds_33	+	1	0			0			0	0		
g11627	Scaffolds_3	+	1	0			0			0	0		
g3163	Scaffolds_15	-	1	0			0			0	0		
g8670	Scaffolds_23	-	1	0			0			0	0		
g14653	Scaffolds_5	+	1	0			0			0	0		
g7350	Scaffolds_21	-	1	0			0			0	0		
g6819	Scaffolds_20	-	1	0			0			0	0		
g10667	Scaffolds_29	+	1	0			0			0	0		
g8530	Scaffolds_23	+	3	2			0	747562	747587	26	0	746542	746776
g1709	Scaffolds_11	+	1	0			0			0	0		
g4547	Scaffolds_18	+	1	0			0			0	0		
g4343	Scaffolds_18	+	1	0			0			0	0		
g697	Scaffolds_1	-	7	6	801111	803517	2407			0	0	799310	799712
g10077	Scaffolds_26	+	7	6			0	1302511	1303634	1124	0	1300454	1300563
g1002	Scaffolds_10	+	4	3			0	685121	685312	192	0	684320	684425
g516	Scaffolds_1	+	3	2			0	181973	182219	247	0	181472	181553
g13800	Scaffolds_4	-	1	0			0			0	0		
g3504	Scaffolds_16	+	1	0			0			0	0		
g15667	Scaffolds_8	+	1	0			0			0	0		
g15542	Scaffolds_8	-	3	2			0			0	0	673091	673183
g3247	Scaffolds_15	-	1	0			0			0	0		
g16018	Scaffolds_9	-	1	0			0			0	0		
g661	Scaffolds_1	-	1	0			0			0	0		
g14465	Scaffolds_4	-	1	0			0			0	0		
g9312	Scaffolds_24	-	1	0			0			0	0		
g2824	Scaffolds_15	-	2	1	853687	854106	420			0	0	853364	853458
g13802	Scaffolds_4	-	1	0			0			0	0		
g8134	Scaffolds_22	+	3	2			0			0	0	1281837	1281906
g14692	Scaffolds_5	-	1	0			0			0	0		
g11993	Scaffolds_3	+	2	1			0			0	0	1882329	1882538
g550	Scaffolds_1	-	1	0			0			0	0		
g15459	Scaffolds_8	+	2	1			0	380643	381357	715	0	380230	380289
g13085	Scaffolds_33	-	3	2	1029576	1029729	154			0	0	1028914	1029006
g395	Scaffolds_0	-	1	0			0			0	0		
g11487	Scaffolds_3	+	2	1			0	94578	95939	1362	0	94470	94531
g7566	Scaffolds_21	-	3	2	2020928	2021450	523			0	0	2020580	2020745
g1629	Scaffolds_11	-	1	0			0			0	0		
g4585	Scaffolds_18	-	3	2	1236408	1238334	1927			0	0	1235977	1236046
g1701	Scaffolds_11	-	1	0			0			0	0		
g15007	Scaffolds_6	-	1	0			0			0	0		
g1946	Scaffolds_13	+	1	0			0			0	0		
g1602	Scaffolds_11	-	1	0			0			0	0		
g3028	Scaffolds_15	+	2	1			0			0	0	1745680	1745923
g8625	Scaffolds_23	+	1	0			0			0	0		
g443	Scaffolds_0	-	3	2			0			0	0	1661761	1661869
g14923	Scaffolds_5	+	1	0			0			0	0		
g13958	Scaffolds_4	+	2	1			0			0	0	1420386	1420510
g5322	Scaffolds_19	-	2	1			0			0	0	102586	102694
g6758	Scaffolds_20	-	1	0			0			0	0		
g12233	Scaffolds_31	-	2	1			0			0	0	184232	184342
g4796	Scaffolds_18	-	1	0			0			0	0		
g12836	Scaffolds_33	-	1	0			0			0	0		
g8728	Scaffolds_23	-	2	1			0			0	0	1616929	1617178
g11906	Scaffolds_3	-	1	0			0			0	0		
g13913	Scaffolds_4	-	5	4	1254932	1255078	147			0	0	1253434	1253591
g2106	Scaffolds_14	+	1	0			0			0	0		
g3205	Scaffolds_15	-	1	0			0			0	0		
g801	Scaffolds_1	-	1	0			0			0	0		
g2851	Scaffolds_15	-	4	3	1011496	1012612	1117			0	0	1010003	1010204
g15235	Scaffolds_7	-	2	1			0			0	0	132874	133100
g5173	Scaffolds_18	+	1	0			0			0	0		
g4583	Scaffolds_18	+	1	0			0			0	0		
g9894	Scaffolds_26	+	2	1			0	643041	644487	1447	0	642659	642849
g14054	Scaffolds_4	+	2	1			0	1754116	1754801	686	0	1753812	1754003
g3934	Scaffolds_17	-	1	0			0			0	0		
g15891	Scaffolds_9	+	1	0			0			0	0		
g12270	Scaffolds_31	-	2	1	326108	326200	93			0	0	325517	325842
g3025	Scaffolds_15	-	1	0			0			0	0		
g7495	Scaffolds_21	-	2	1	1730744	1731906	1163			0	0	1730302	1730386
g1143	Scaffolds_10	-	4	3			0			0	0	1162341	1162394
g8211	Scaffolds_22	+	1	0			0			0	0		
g14220	Scaffolds_4	+	3	2			0			0	0	2369965	2370065
g5380	Scaffolds_19	+	3	2			0	273781	274406	626	0	272786	272836
g6339	Scaffolds_2	-	1	0			0			0	0		
g13186	Scaffolds_33	+	3	2			0	1442758	1443126	369	0	1442015	1442264
g2528	Scaffolds_14	+	1	0			0			0	0		
g4023	Scaffolds_17	-	4	3			0			0	0	918284	918364
g3265	Scaffolds_15	-	1	0			0			0	0		
g10684	Scaffolds_29	-	1	0			0			0	0		
g3140	Scaffolds_15	+	1	0			0			0	0		
g15643	Scaffolds_8	+	3	2			0	1010429	1010567	139	0	1009844	1010103
g3624	Scaffolds_16	-	1	0			0			0	0		
g9523	Scaffolds_25	+	1	0			0			0	0		
g7210	Scaffolds_21	-	6	5			0			0	0	727159	727332
g5450	Scaffolds_19	-	3	2	485000	485151	152			0	0	484539	484709
g14906	Scaffolds_5	+	1	0			0			0	0		
g4229	Scaffolds_17	-	2	1			0			0	0	1612413	1612528
g1989	Scaffolds_13	-	1	0			0			0	0		
g15323	Scaffolds_7	-	2	1			0			0	0	447512	447582
g2927	Scaffolds_15	+	2	1			0	1334948	1336594	1647	0	1334525	1334649
g7666	Scaffolds_21	+	1	0			0			0	0		
g1464	Scaffolds_11	-	2	1	711564	711845	282			0	0	711154	711545
g7403	Scaffolds_21	-	2	1	1357226	1357446	221			0	0	1356766	1356962
g9323	Scaffolds_24	+	1	0			0	1864300	1864802	503	0		
g2536	Scaffolds_14	+	1	0			0			0	0		
g2543	Scaffolds_14	-	7	6			0			0	0	1679244	1679383
g13817	Scaffolds_4	-	1	0			0			0	0		
g10371	Scaffolds_27	+	1	0			0			0	0		
g15564	Scaffolds_8	-	2	1			0			0	0	766231	766404
g1419	Scaffolds_11	-	1	0	573747	574642	896			0	0		
g3314	Scaffolds_15	-	1	0			0			0	0		
g799	Scaffolds_1	+	1	0			0			0	0		
g10642	Scaffolds_29	-	1	0			0			0	0		
g7594	Scaffolds_21	+	1	0			0			0	0		
g2494	Scaffolds_14	-	3	2			0			0	0	1506603	1506893
g217	Scaffolds_0	-	1	0			0			0	0		
g8686	Scaffolds_23	+	3	2			0	1350587	1350885	299	0	1349645	1349717
g5002	Scaffolds_18	-	1	0			0			0	0		
g934	Scaffolds_10	+	1	0			0			0	0		
g8856	Scaffolds_23	+	1	0			0			0	0		
g7369	Scaffolds_21	-	4	3			0			0	0	1243282	1243462
g5688	Scaffolds_19	-	1	0			0			0	0		
g9308	Scaffolds_24	+	1	0			0			0	0		
g4740	Scaffolds_18	+	1	0			0			0	0		
g2323	Scaffolds_14	-	4	3	884211	885040	830			0	0	883161	883210
g4369	Scaffolds_18	-	1	0			0			0	0		
g11947	Scaffolds_3	-	1	0			0			0	0		
g10545	Scaffolds_28	-	1	0			0			0	0		
g12171	Scaffolds_30	-	1	0			0			0	0		
g14972	Scaffolds_6	-	4	3			0			0	0	97442	97628
g13360	Scaffolds_33	+	6	5			0	2137491	2137689	199	0	2135797	2135960
g1562	Scaffolds_11	-	1	0			0			0	0		
g624	Scaffolds_1	+	1	0			0			0	0		
g3064	Scaffolds_15	-	1	0			0			0	0		
g15622	Scaffolds_8	-	4	3			0			0	0	952105	952167
g15904	Scaffolds_9	-	3	2			0			0	0	245848	245888
g9216	Scaffolds_24	-	1	0			0			0	0		
g8222	Scaffolds_22	+	1	0			0			0	0		
g5169	Scaffolds_18	-	1	0			0			0	0		
g9805	Scaffolds_26	+	2	1			0	314690	315916	1227	0	313800	313972
g15191	Scaffolds_6	-	1	0			0			0	0		
g1959	Scaffolds_13	+	1	0			0			0	0		
g12426	Scaffolds_31	+	1	0			0			0	0		
g8004	Scaffolds_22	+	1	0			0	825292	825310	19	0		
g2443	Scaffolds_14	-	1	0			0			0	0		
g16057	Scaffolds_9	-	7	6			0			0	0	787512	787647
g6850	Scaffolds_20	+	1	0			0			0	0		
g2226	Scaffolds_14	-	1	0			0			0	0		
g8467	Scaffolds_23	-	1	0			0			0	0		
g6842	Scaffolds_20	+	5	4			0	1517959	1518195	237	0	1516854	1517178
g12852	Scaffolds_33	-	3	2	153821	153999	179			0	0	152989	153209
g6499	Scaffolds_20	+	4	3			0	252432	253067	636	0	251250	251549
g1743	Scaffolds_12	+	6	5			0	157442	157893	452	0	155698	155823
g1422	Scaffolds_11	+	1	0			0			0	0		
g4776	Scaffolds_18	-	2	1	1978240	1978859	620			0	0	1977968	1978013
g4455	Scaffolds_18	-	1	0			0			0	0		
g903	Scaffolds_10	-	1	0			0			0	0		
g12573	Scaffolds_32	-	1	0			0			0	0		
g15000	Scaffolds_6	-	1	0			0			0	0		
g10581	Scaffolds_28	+	1	0			0			0	0		
g9741	Scaffolds_26	+	6	5			0	84439	85176	738	0	82697	82834
g10681	Scaffolds_29	+	1	0			0			0	0		
g3798	Scaffolds_17	+	1	0			0			0	0		
g11944	Scaffolds_3	-	1	0			0			0	0		
g3826	Scaffolds_17	-	1	0			0			0	0		
g13780	Scaffolds_4	-	2	1			0			0	0	731562	731793
g15532	Scaffolds_8	-	1	0			0			0	0		
g10357	Scaffolds_27	-	1	0			0			0	0		
g9800	Scaffolds_26	-	3	2	298720	299532	813			0	0	298045	298305
g14703	Scaffolds_5	-	1	0			0			0	0		
g14347	Scaffolds_4	-	1	0			0			0	0		
g6837	Scaffolds_20	-	2	1	1501360	1501456	97			0	0	1500969	1501073
g599	Scaffolds_1	-	1	0			0			0	0		
g7727	Scaffolds_21	-	2	1			0			0	0	2692002	2692071
g4832	Scaffolds_18	+	4	3			0			0	0	2152588	2152723
g14815	Scaffolds_5	-	3	2	928828	930674	1847			0	0	928291	928488
g7518	Scaffolds_21	-	1	0			0			0	0		
g11180	Scaffolds_29	+	1	0			0			0	0		
g14106	Scaffolds_4	-	3	2			0			0	0	1967044	1967151
g7866	Scaffolds_22	-	2	1			0			0	0	372998	373531
g7368	Scaffolds_21	-	4	3			0			0	0	1234369	1236717
g6242	Scaffolds_2	-	1	0			0			0	0		
g8820	Scaffolds_23	-	1	0	1949640	1950171	532			0	0		
g5452	Scaffolds_19	-	3	2			0			0	0	488486	488799
g15511	Scaffolds_8	+	1	0			0			0	0		
g7218	Scaffolds_21	-	1	0			0			0	0		
g3995	Scaffolds_17	+	2	1			0	816383	816499	117	0	815127	815222
g9331	Scaffolds_24	+	1	0			0			0	0		
g15151	Scaffolds_6	-	1	0	774785	775060	276			0	0		
g226	Scaffolds_0	+	4	3			0	928793	928923	131	0	925388	925478
g12599	Scaffolds_32	+	1	0			0			0	0		
g10036	Scaffolds_26	-	3	2			0			0	0	1158656	1159318
g9959	Scaffolds_26	-	1	0			0			0	0		
g1117	Scaffolds_10	-	1	0			0			0	0		
g8787	Scaffolds_23	+	1	0			0			0	0		
g14331	Scaffolds_4	+	3	2			0	2781713	2781741	29	0	2780708	2780844
g6244	Scaffolds_2	-	1	0			0			0	0		
g9288	Scaffolds_24	+	5	4			0	1738238	1738479	242	0	1736679	1736783
g16079	Scaffolds_9	-	4	3			0			0	0	854393	854978
g13185	Scaffolds_33	-	1	0			0			0	0		
g1935	Scaffolds_13	-	1	0			0			0	0		
g14452	Scaffolds_4	+	1	0			0			0	0		
g7424	Scaffolds_21	-	1	0			0			0	0		
g2163	Scaffolds_14	-	1	0			0			0	0		
g7281	Scaffolds_21	-	6	5			0			0	0	933352	933746
g10276	Scaffolds_26	-	1	0			0			0	0		
g5024	Scaffolds_18	-	1	0			0			0	0		
g14985	Scaffolds_6	-	1	0			0			0	0		
g3266	Scaffolds_15	-	2	1			0			0	0	2675617	2675930
g13218	Scaffolds_33	-	1	0			0			0	0		
g14659	Scaffolds_5	+	1	0			0			0	0		
g4069	Scaffolds_17	+	4	3			0	1056413	1056550	138	0	1055201	1055301
g4180	Scaffolds_17	+	2	1			0	1452336	1452540	205	0	1452009	1452297
g11549	Scaffolds_3	+	4	3	306712	307311	600	308031	308353	323	1	307040	307175
g14523	Scaffolds_4	+	2	1			0	3640705	3644741	4037	0	3640171	3640351
g5625	Scaffolds_19	+	1	0			0			0	0		
g12241	Scaffolds_31	+	1	0			0			0	0		
g6061	Scaffolds_2	-	19	18			0			0	0	69043	69336
g8248	Scaffolds_22	+	1	0			0			0	0		
g11845	Scaffolds_3	-	4	3	1385599	1385839	241			0	0	1384667	1384709
g11979	Scaffolds_3	+	1	0			0			0	0		
g12965	Scaffolds_33	-	2	1	621021	624153	3133			0	0	620672	620892
g2264	Scaffolds_14	-	5	4	694101	694801	701			0	0	692385	692461
g7605	Scaffolds_21	-	1	0			0			0	0		
g922	Scaffolds_10	+	1	0			0			0	0		
g2589	Scaffolds_15	-	1	0			0			0	0		
g11653	Scaffolds_3	-	1	0			0			0	0		
g5582	Scaffolds_19	-	1	0			0			0	0		
g8756	Scaffolds_23	-	2	1	1719195	1719916	722			0	0	1718963	1719139
g11580	Scaffolds_3	+	1	0			0			0	0		
g3824	Scaffolds_17	+	1	0			0			0	0		
g10262	Scaffolds_26	-	1	0			0			0	0		
g1144	Scaffolds_10	-	1	0			0			0	0		
g6554	Scaffolds_20	-	3	2	455235	455268	34			0	0	454754	454830
g11412	Scaffolds_29	-	3	2			0			0	0	3024865	3024953
g13252	Scaffolds_33	-	1	0			0			0	0		
g5451	Scaffolds_19	+	3	2			0			0	0	485323	485372
g1052	Scaffolds_10	+	2	1			0	844614	844959	346	0	842915	843227
g6180	Scaffolds_2	+	1	0			0			0	0		
g3850	Scaffolds_17	-	1	0			0			0	0		
g8828	Scaffolds_23	+	1	0			0	1968459	1968654	196	0		
g1739	Scaffolds_12	-	2	1			0			0	0	149443	149563
g13054	Scaffolds_33	+	1	0			0			0	0		
g9653	Scaffolds_25	+	1	0			0			0	0		
g13122	Scaffolds_33	+	1	0			0			0	0		
g6103	Scaffolds_2	+	1	0			0			0	0		
g12924	Scaffolds_33	-	5	4			0			0	0	397201	397292
g9848	Scaffolds_26	-	1	0			0			0	0		
g13318	Scaffolds_33	+	1	0			0			0	0		
g5032	Scaffolds_18	-	1	0			0			0	0		
g4423	Scaffolds_18	-	3	2			0			0	0	681197	681331
g12649	Scaffolds_32	+	2	1			0			0	0	410383	410557
g4347	Scaffolds_18	-	1	0			0			0	0		
g11488	Scaffolds_3	-	1	0			0			0	0		
g11213	Scaffolds_29	-	1	0			0			0	0		
g3026	Scaffolds_15	+	3	2			0	1742193	1743331	1139	0	1741310	1741645
g12826	Scaffolds_33	+	17	16			0			0	0	25952	26132
g13586	Scaffolds_33	+	2	1			0	3045343	3045720	378	0	3044640	3044703
g11068	Scaffolds_29	+	1	0			0			0	0		
g4426	Scaffolds_18	-	2	1			0			0	0	706914	707223
g10370	Scaffolds_27	-	1	0			0			0	0		
g11408	Scaffolds_29	-	1	0			0			0	0		
g11758	Scaffolds_3	+	2	1			0	985493	986332	840	0	985154	985233
g14605	Scaffolds_5	-	1	0			0			0	0		
g8473	Scaffolds_23	+	1	0			0			0	0		
g4584	Scaffolds_18	-	2	1	1234345	1235494	1150			0	0	1234053	1234137
g7307	Scaffolds_21	+	3	2			0	1035289	1035684	396	0	1034603	1034754
g4642	Scaffolds_18	+	1	0			0			0	0		
g332	Scaffolds_0	+	2	1			0			0	0	1299287	1299426
g8267	Scaffolds_22	-	4	3			0			0	0	1798136	1798179
g14000	Scaffolds_4	-	1	0			0			0	0		
g10090	Scaffolds_26	+	2	1			0			0	0	1342675	1342845
g14122	Scaffolds_4	+	1	0			0	2017975	2018627	653	0		
g3673	Scaffolds_16	+	3	2			0	1110482	1111057	576	0	1109428	1109677
g15483	Scaffolds_8	-	1	0			0			0	0		
g4158	Scaffolds_17	+	3	2			0	1385710	1385930	221	0	1384573	1384789
g13129	Scaffolds_33	+	1	0			0			0	0		
g17	Scaffolds_0	-	2	1	114295	114331	37			0	0	114048	114094
g4005	Scaffolds_17	+	1	0			0	862924	864168	1245	0		
g13618	Scaffolds_4	+	14	13			0	67373	68733	1361	0	62562	62717
g199	Scaffolds_0	+	1	0			0			0	0		
g538	Scaffolds_1	+	1	0			0			0	0		
g7353	Scaffolds_21	-	1	0			0			0	0		
g340	Scaffolds_0	+	1	0			0			0	0		
g3597	Scaffolds_16	-	1	0			0			0	0		
g14043	Scaffolds_4	-	1	0			0			0	0		
g3572	Scaffolds_16	-	1	0			0			0	0		
g1054	Scaffolds_10	-	2	1			0			0	0	850108	850272
g15491	Scaffolds_8	+	1	0			0			0	0		
g11107	Scaffolds_29	+	3	2			0	1960140	1960229	90	0	1954722	1954800
g16061	Scaffolds_9	+	4	3			0	799144	799251	108	0	797939	798248
g15931	Scaffolds_9	+	5	4			0	393011	393042	32	0	392321	392382
g1434	Scaffolds_11	-	4	3	614642	614797	156			0	0	613600	613675
g7533	Scaffolds_21	-	3	2	1889661	1889688	28			0	0	1889383	1889437
g10742	Scaffolds_29	-	1	0			0			0	0		
g11524	Scaffolds_3	+	1	0			0			0	0		
g1767	Scaffolds_13	-	1	0			0			0	0		
g15320	Scaffolds_7	+	1	0			0			0	0		
g491	Scaffolds_1	-	1	0			0			0	0		
g8907	Scaffolds_24	-	1	0			0			0	0		
g2724	Scaffolds_15	-	1	0			0			0	0		
g277	Scaffolds_0	-	1	0			0			0	0		
g5834	Scaffolds_19	+	1	0			0			0	0		
g15726	Scaffolds_8	-	4	3			0			0	0	1389428	1389722
g9271	Scaffolds_24	-	1	0			0			0	0		
g13533	Scaffolds_33	+	3	2			0	2823855	2824496	642	0	2823045	2823131
g5752	Scaffolds_19	+	1	0			0			0	0		
g10964	Scaffolds_29	+	1	0			0			0	0		
g10056	Scaffolds_26	+	1	0			0			0	0		
g2327	Scaffolds_14	-	2	1	918533	922284	3752			0	0	918124	918321
g5784	Scaffolds_19	-	1	0			0			0	0		
g12585	Scaffolds_32	+	1	0			0			0	0		
g15881	Scaffolds_9	+	1	0			0			0	0		
g15869	Scaffolds_9	+	4	3			0			0	0	144838	145121
g3403	Scaffolds_16	+	2	1			0	207180	207530	351	0	206886	206935
g15030	Scaffolds_6	-	3	2			0			0	0	344377	344423
g13349	Scaffolds_33	-	5	4			0			0	0	2053158	2053321
g4722	Scaffolds_18	-	1	0			0			0	0		
g11968	Scaffolds_3	+	1	0			0			0	0		
g5769	Scaffolds_19	-	3	2			0			0	0	1573323	1573461
g14057	Scaffolds_4	-	1	0			0			0	0		
g15828	Scaffolds_9	+	2	1			0	11051	11151	101	0	10469	10800
g6973	Scaffolds_20	+	1	0			0			0	0		
g4255	Scaffolds_17	-	18	17	1741925	1742249	325			0	0	1731957	1732249
g4138	Scaffolds_17	+	2	1			0			0	0	1322985	1323053
g4006	Scaffolds_17	-	2	1			0			0	0	863134	863217
g8301	Scaffolds_22	+	1	0			0			0	0		
g11890	Scaffolds_3	-	5	4			0			0	0	1508331	1508448
g10492	Scaffolds_28	+	1	0			0			0	0		
g8320	Scaffolds_22	-	1	0			0			0	0		
g10548	Scaffolds_28	+	3	2			0	807142	808195	1054	0	806530	806582
g11652	Scaffolds_3	-	2	1			0			0	0	634971	635074
g9793	Scaffolds_26	-	3	2	261823	261990	168			0	0	260011	261458
g6639	Scaffolds_20	+	2	1			0			0	0	718297	718514
g8859	Scaffolds_23	-	1	0			0			0	0		
g10161	Scaffolds_26	-	1	0			0			0	0		
g1440	Scaffolds_11	+	1	0			0			0	0		
g1679	Scaffolds_11	+	1	0			0			0	0		
g11457	Scaffolds_29	+	4	3			0	3212286	3212301	16	0	3210899	3211196
g1896	Scaffolds_13	-	3	2	512464	512997	534			0	0	512050	512095
g9595	Scaffolds_25	+	2	1			0	1005148	1006305	1158	0	1004557	1004776
g2374	Scaffolds_14	-	1	0			0			0	0		
g7009	Scaffolds_20	+	1	0			0			0	0		
g6236	Scaffolds_2	-	1	0			0			0	0		
g7057	Scaffolds_21	+	1	0			0			0	0		
g6784	Scaffolds_20	-	1	0			0			0	0		
g15674	Scaffolds_8	+	10	9			0	1148994	1149324	331	0	1147128	1147216
g12937	Scaffolds_33	+	9	8			0	459782	460224	443	0	457198	457305
g11252	Scaffolds_29	+	4	3			0	2471767	2471974	208	0	2469725	2469778
g14600	Scaffolds_5	+	2	1			0	42634	43333	700	0	42240	42408
g8146	Scaffolds_22	+	1	0			0			0	0		
g6629	Scaffolds_20	-	1	0			0			0	0		
g15705	Scaffolds_8	+	4	3			0	1256465	1256575	111	0	1255797	1255900
g13007	Scaffolds_33	+	3	2			0	772464	774159	1696	0	771887	771955
g3084	Scaffolds_15	-	1	0			0			0	0		
g14158	Scaffolds_4	+	1	0			0			0	0		
g9522	Scaffolds_25	+	1	0			0			0	0		
g10304	Scaffolds_27	-	1	0			0			0	0		
g6923	Scaffolds_20	-	1	0			0			0	0		
g13487	Scaffolds_33	+	1	0			0			0	0		
g10196	Scaffolds_26	-	4	3			0			0	0	1685001	1685059
g7956	Scaffolds_22	-	1	0			0			0	0		
g8968	Scaffolds_24	+	2	1			0	372206	372492	287	0	371285	371872
g12056	Scaffolds_30	-	1	0			0			0	0		
g8583	Scaffolds_23	-	3	2	964612	964687	76			0	0	964034	964138
g12190	Scaffolds_31	+	3	2			0	70084	70124	41	0	68982	69069
g9827	Scaffolds_26	+	5	4			0	385140	385157	18	0	383288	383348
g12436	Scaffolds_31	-	1	0			0			0	0		
g9058	Scaffolds_24	+	4	3			0			0	0	685988	686302
g5665	Scaffolds_19	+	1	0			0			0	0		
g13730	Scaffolds_4	+	2	1			0			0	0	511063	511360
g6615	Scaffolds_20	+	2	1			0	652147	652387	241	0	651811	651855
g6712	Scaffolds_20	-	4	3			0			0	0	1028541	1029150
g6545	Scaffolds_20	+	3	2			0			0	0	426345	426399
g15329	Scaffolds_7	+	1	0			0			0	0		
g7025	Scaffolds_20	+	2	1			0			0	0	2193399	2193443
g11880	Scaffolds_3	-	1	0			0			0	0		
g3127	Scaffolds_15	-	2	1	2141890	2142068	179			0	0	2141492	2141630
g6900	Scaffolds_20	-	1	0			0			0	0		
g15202	Scaffolds_7	-	2	1	2940	3476	537			0	0	2459	2617
g9922	Scaffolds_26	-	1	0			0			0	0		
g2997	Scaffolds_15	+	1	0			0			0	0		
g1250	Scaffolds_10	+	3	2			0	1509692	1510469	778	0	1509017	1509074
g7433	Scaffolds_21	+	2	1			0			0	0	1487611	1487816
g12086	Scaffolds_30	+	1	0			0			0	0		
g12257	Scaffolds_31	+	1	0			0			0	0		
g6216	Scaffolds_2	-	2	1	634464	634492	29			0	0	634214	634370
g7754	Scaffolds_21	-	2	1	2805192	2805839	648			0	0	2805070	2805139
g9813	Scaffolds_26	-	2	1	337349	340945	3597			0	1	340355	340746
g1078	Scaffolds_10	+	6	5			0	925775	925976	202	0	924666	924764
g8974	Scaffolds_24	+	2	1			0			0	0	392183	392384
g675	Scaffolds_1	+	1	0			0			0	0		
g11915	Scaffolds_3	+	2	1			0	1610723	1611164	442	0	1610245	1610337
g5702	Scaffolds_19	+	1	0			0			0	0		
