gene	log2FC	padj	neg_log10_padj	significant	protein
g4043	4.6505	4.414206e-89	88.355	yes	DnaJ homolog subfamily B member 5
g4042	4.6170	9.739126e-79	78.011	yes	Chaperone protein ClpB1
g8328	-3.4658	4.053539e-37	36.392	yes	Zinc metalloproteinase nas-15
g12035	-2.7463	9.095696e-37	36.041	yes	Neural-cadherin
g6378	3.4839	3.554911e-33	32.449	yes	Ferric reduction oxidase 7, chloroplastic
g8131	-2.5892	1.420170e-30	29.848	yes	Trypsin I-P1
g342	6.0275	1.466136e-28	27.834	yes	NA
g8955	2.0117	8.156015e-27	26.089	yes	NA
g6018	-2.5118	2.104597e-25	24.677	yes	Matrilin-3
g6003	-3.4021	2.416864e-25	24.617	yes	AAA-ATPase At4g25835
g4485	-2.9491	3.451698e-24	23.462	yes	Sodium-dependent phosphate transport protein 2B
g522	2.3426	1.710400e-23	22.767	yes	Apoptosis-inducing factor homolog A
g6004	-2.8545	5.937973e-22	21.226	yes	Putative AAA family ATPase L572
g15559	3.1293	2.867649e-20	19.542	yes	NA
g2569	3.4670	5.767225e-20	19.239	yes	NA
g1305	-1.9212	7.501090e-20	19.125	yes	Actin
g13536	3.3591	1.619686e-18	17.791	yes	Cyclin-dependent kinase F-3
g12119	-2.5157	4.433545e-18	17.353	yes	Serine/threonine-protein phosphatase 2B catalytic subunit
g912	-2.2690	1.010378e-17	16.996	yes	NA
g13866	3.6878	2.256340e-17	16.647	yes	Ultraviolet-B receptor UVR8
g6725	-2.8154	3.014731e-17	16.521	yes	NA
g9086	2.7831	9.709337e-17	16.013	yes	Transcriptional activator Myb
g8049	-2.6832	1.295398e-16	15.888	yes	Protein mono-ADP-ribosyltransferase PARP3
g11028	3.9912	3.143228e-16	15.503	yes	NA
g1855	-4.1984	3.176276e-16	15.498	yes	NA
g1416	3.8917	4.004524e-16	15.397	yes	NA
g8732	2.9382	5.030355e-16	15.298	yes	Capreomycidine synthase
g13759	-2.0260	5.351914e-16	15.271	yes	Severin
g7882	-2.2297	2.542933e-15	14.595	yes	Sodium/potassium/calcium exchanger 5
g4607	3.3669	5.740080e-15	14.241	yes	NA
g14307	-2.7100	6.262595e-15	14.203	yes	NA
g15357	1.5373	1.380143e-14	13.860	yes	Polyketide synthase Pks13
g15324	1.7934	1.530188e-14	13.815	yes	High affinity iron permease ftrA
g3582	2.2985	5.220915e-14	13.282	yes	NA
g5286	-3.0958	5.863798e-14	13.232	yes	NA
g12261	-1.9475	7.368497e-14	13.133	yes	MOB kinase activator-like 1A
g7860	-2.5857	8.240258e-14	13.084	yes	Sodium/potassium/calcium exchanger 1
g4487	-2.9913	1.438143e-13	12.842	yes	Sodium-dependent phosphate transport protein 2B
g7969	-1.6997	4.784375e-13	12.320	yes	NA
g4649	-2.9793	9.395840e-13	12.027	yes	NA
g3578	2.4692	1.483671e-12	11.829	yes	NA
g13513	-2.7399	2.293972e-12	11.639	yes	NA
g11796	3.1279	2.604771e-12	11.584	yes	Stromal membrane-associated protein 2
g11443	-1.8962	2.665884e-12	11.574	yes	MOB kinase activator-like 1A
g4758	-2.4980	3.031152e-12	11.518	yes	Gamma-aminobutyric acid type B receptor subunit 2
g8059	-2.2506	3.031152e-12	11.518	yes	NA
g11596	-2.3046	3.161481e-12	11.500	yes	NA
g12075	-1.8582	8.626981e-12	11.064	yes	NA
g12367	-2.5790	2.312361e-11	10.636	yes	NA
g7516	1.4360	3.563556e-11	10.448	yes	LAS seventeen-binding protein 3
g9082	2.2402	4.368422e-11	10.360	yes	Histidinol dehydrogenase
g1856	-2.6829	4.443235e-11	10.352	yes	NA
g7826	-1.5590	7.097148e-11	10.149	yes	Nascent polypeptide-associated complex subunit alpha-like protein
g14188	1.8949	7.633150e-11	10.117	yes	NA
g12071	-1.3773	8.538820e-11	10.069	yes	Transitional endoplasmic reticulum ATPase
g4490	-2.5358	1.019302e-10	9.992	yes	Sodium-dependent phosphate transport protein 2B
g7870	-2.8154	1.047527e-10	9.980	yes	NA
g8466	2.9584	1.260241e-10	9.900	yes	Heme oxygenase 1
g6952	-1.6584	1.534924e-10	9.814	yes	Dehydration-responsive element-binding protein 2G
g8048	-2.0382	1.619069e-10	9.791	yes	Myosin-6
g9021	2.7159	1.679757e-10	9.775	yes	Dihydroxy-acid dehydratase
g1439	1.2172	3.831051e-10	9.417	yes	Low affinity inorganic phosphate transporter 5
g10808	3.4504	4.173123e-10	9.380	yes	Propanediol uptake facilitator PduF
g15914	1.6634	7.604729e-10	9.119	yes	Arginase
g642	-1.8805	9.290519e-10	9.032	yes	MOB kinase activator-like 1 homolog B
g5434	3.6282	9.722921e-10	9.012	yes	Porphobilinogen deaminase
g2273	-1.9315	1.643017e-09	8.784	yes	Ammonium transporter 1 member 3
g7777	-1.5797	2.111489e-09	8.675	yes	NA
g9324	-1.2404	2.242520e-09	8.649	yes	Arginine kinase Oct f 2
g8236	-1.3313	2.657318e-09	8.576	yes	Triacylglycerol lipase SDP1
g5459	5.9839	2.657318e-09	8.576	yes	Magnetosome protein MamZ
g6374	4.4672	2.797794e-09	8.553	yes	Ferric reduction oxidase 7, chloroplastic
g8148	-1.2396	3.062608e-09	8.514	yes	Cytochrome P450 710A3
g1875	3.6299	4.212608e-09	8.375	yes	NA
g13924	-1.4234	4.347785e-09	8.362	yes	NA
g2270	-1.7163	6.914474e-09	8.160	yes	Ammonium transporter 1 member 3
g2420	-1.9260	7.620684e-09	8.118	yes	Calcium-regulated actin-bundling protein
g2793	1.3205	9.731361e-09	8.012	yes	NA
g7117	1.6400	1.193065e-08	7.923	yes	NA
g526	2.5377	1.220457e-08	7.913	yes	Apoptosis-inducing factor homolog B
g14479	-2.3750	1.448683e-08	7.839	yes	NA
g5246	-2.8078	1.505856e-08	7.822	yes	Drebrin
g6304	-2.2969	1.887763e-08	7.724	yes	NA
g286	-2.6482	1.933673e-08	7.714	yes	NA
g15722	2.1548	2.267371e-08	7.644	yes	NA
g8862	-1.9048	2.533428e-08	7.596	yes	Sphingomyelinase C
g15150	-1.3761	2.680369e-08	7.572	yes	NA
g8894	1.4370	2.739629e-08	7.562	yes	NA
g6015	1.5530	3.069530e-08	7.513	yes	Collagen alpha-2(VI) chain
g8160	-1.3388	3.097726e-08	7.509	yes	Cyclin-Y
g1853	-4.6684	3.464968e-08	7.460	yes	NA
g7883	-1.2773	3.557948e-08	7.449	yes	Homoserine kinase
g12109	-2.0184	3.557948e-08	7.449	yes	NA
g8293	-1.8565	6.294049e-08	7.201	yes	Glycerophosphocholine acyltransferase 1
g2740	-1.3992	6.423241e-08	7.192	yes	NA
g6238	-3.1257	6.423241e-08	7.192	yes	NA
g12030	-1.8780	6.459872e-08	7.190	yes	GDT1-like protein 5
g126	-1.5387	7.596445e-08	7.119	yes	NA
g2570	2.6808	8.011552e-08	7.096	yes	NA
g8100	-1.2927	8.011552e-08	7.096	yes	Organellar oligopeptidase A, chloroplastic/mitochondrial
g8047	-1.4767	8.294073e-08	7.081	yes	D-3-phosphoglycerate dehydrogenase
g7795	-1.2112	9.234146e-08	7.035	yes	Casein kinase II subunit alpha-2
g8023	-1.5054	9.412658e-08	7.026	yes	Twinfilin
g7793	-1.2088	1.014275e-07	6.994	yes	Alcohol dehydrogenase class-3
g11076	1.8930	1.024920e-07	6.989	yes	SEC14-like protein 5
g8072	-1.6935	1.086977e-07	6.964	yes	Myosin-I heavy chain
g12159	-1.6258	1.100336e-07	6.958	yes	NA
g349	5.6398	1.174609e-07	6.930	yes	NA
g12053	-1.1479	1.187160e-07	6.925	yes	Epsin
g12321	2.6041	1.495452e-07	6.825	yes	NA
g12173	-2.6657	1.495452e-07	6.825	yes	NA
g14190	1.2117	1.495452e-07	6.825	yes	NA
g11298	-1.8534	1.610863e-07	6.793	yes	Actin-binding Rho-activating protein
g7044	1.2445	1.662064e-07	6.779	yes	Purple acid phosphatase 18
g10392	-3.0844	1.819139e-07	6.740	yes	Dynamin-related protein 4C
g7939	-1.4443	1.879568e-07	6.726	yes	Exosome RNA helicase MTR4
g701	1.5313	2.057571e-07	6.687	yes	Hybrid signal transduction histidine kinase K
g12057	-1.7741	2.057571e-07	6.687	yes	NA
g2939	-3.1303	2.101251e-07	6.678	yes	NA
g15547	-1.8368	2.316998e-07	6.635	yes	High molecular weight form of myosin-1
g3138	-3.5309	2.408359e-07	6.618	yes	NA
g12120	-1.6196	2.534449e-07	6.596	yes	Prostaglandin E synthase 2
g1204	-1.7813	2.860730e-07	6.544	yes	High molecular weight form of myosin-1
g10712	2.6928	2.931925e-07	6.533	yes	Chaperone protein ClpB
g991	2.4792	3.260355e-07	6.487	yes	NA
g2222	-1.5726	3.286658e-07	6.483	yes	Trypsin
g8010	-1.7447	3.360876e-07	6.474	yes	NA
g10539	-1.3573	3.739470e-07	6.427	yes	NA
g15068	-2.3409	3.750344e-07	6.426	yes	Bis(5'-nucleosyl)-tetraphosphatase PrpE [asymmetrical]
g12935	-1.9653	3.978465e-07	6.400	yes	NA
g2845	1.1235	4.128485e-07	6.384	yes	NA
g7845	-1.8272	4.394103e-07	6.357	yes	NA
g14630	-2.1464	4.909309e-07	6.309	yes	NA
g8226	-1.2271	5.402827e-07	6.267	yes	Putative 26S proteasome complex subunit sem-1
g1742	2.8574	5.580813e-07	6.253	yes	Hydroxymethylglutaryl-CoA lyase, mitochondrial
g14754	-1.2537	5.610615e-07	6.251	yes	Pollen-specific protein SF3
g8917	-1.0190	6.014812e-07	6.221	yes	NA
g1778	2.0868	6.025602e-07	6.220	yes	Sterol-4-alpha-carboxylate 3-dehydrogenase, decarboxylating
g4408	2.1521	6.767319e-07	6.170	yes	Aqualysin-1
g3596	-2.0153	6.778521e-07	6.169	yes	NA
g9652	-1.4485	6.778521e-07	6.169	yes	Atrial natriuretic peptide-converting enzyme
g6156	-2.1111	6.788417e-07	6.168	yes	Cyclin-U2-2
g2759	-1.7294	6.900451e-07	6.161	yes	Protease Do-like 7
g13789	3.6439	7.349936e-07	6.134	yes	NA
g12954	-1.3432	7.501226e-07	6.125	yes	Superoxide oxidase CybB
g7801	-1.1926	7.882971e-07	6.103	yes	Calcium-transporting ATPase 1
g4946	1.8502	7.882971e-07	6.103	yes	N-acetylgalactosamine-6-O-sulfatase
g8710	-1.4815	7.916931e-07	6.101	yes	Uncharacterized J domain-containing protein C4H3.01
g1958	1.8157	9.133862e-07	6.039	yes	NA
g10799	1.8112	1.018664e-06	5.992	yes	Glycerol uptake facilitator protein
g7926	-1.9244	1.141617e-06	5.942	yes	Myosin-K heavy chain
g7830	-1.5182	1.169320e-06	5.932	yes	Acyl-CoA dehydrogenase apdG
g7949	-1.8327	1.203936e-06	5.919	yes	Myosin-J heavy chain
g14240	-2.4344	1.237678e-06	5.907	yes	NA
g11628	1.6933	1.270522e-06	5.896	yes	NA
g9405	-1.5539	1.270522e-06	5.896	yes	NA
g7975	-3.3790	1.280590e-06	5.893	yes	Poly [ADP-ribose] polymerase 1
g12832	0.9976	1.349925e-06	5.870	yes	NA
g8157	-1.0605	1.349925e-06	5.870	yes	NA
g14378	-1.3658	1.534124e-06	5.814	yes	Trimethylamine transporter
g6412	3.4828	1.670819e-06	5.777	yes	NA
g8897	1.7411	1.670819e-06	5.777	yes	Protein JOKA2
g6357	-2.8924	1.693238e-06	5.771	yes	NA
g8178	-1.3956	1.814300e-06	5.741	yes	NA
g12098	-3.0660	1.823482e-06	5.739	yes	NA
g10829	-1.9182	2.045330e-06	5.689	yes	NA
g12105	-1.3903	2.173651e-06	5.663	yes	Thioredoxin domain-containing protein
g12095	-1.8550	2.387360e-06	5.622	yes	Malonyl CoA-acyl carrier protein transacylase
g10487	-1.5493	2.387360e-06	5.622	yes	NA
g8084	-1.6218	2.402733e-06	5.619	yes	NA
g5217	-1.7454	2.494855e-06	5.603	yes	NA
g7246	1.4154	2.525790e-06	5.598	yes	NA
g12150	-1.1634	2.625059e-06	5.581	yes	UPF0014 membrane protein slr1647
g195	1.5790	2.695688e-06	5.569	yes	NA
g8330	-1.3798	2.695688e-06	5.569	yes	Actin-related protein 2/3 complex subunit 5
g7798	-2.2685	2.713743e-06	5.566	yes	NA
g5457	4.2182	2.736579e-06	5.563	yes	NA
g13868	2.2126	2.750628e-06	5.561	yes	E3 ubiquitin-protein ligase RNF181
g6408	2.8953	2.871272e-06	5.542	yes	Putative lipid phosphate phosphatase 3, chloroplastic
g6380	5.4902	2.970952e-06	5.527	yes	Ferric reduction oxidase 6
g7881	-2.0619	3.225836e-06	5.491	yes	NA
g7067	-1.8582	3.271448e-06	5.485	yes	Disintegrin and metalloproteinase domain-containing protein MDE
g10271	1.8256	3.290097e-06	5.483	yes	NA
g13089	-1.6982	3.341329e-06	5.476	yes	Arginine kinase Oct f 2
g12609	-1.3213	3.546133e-06	5.450	yes	S-phase kinase-associated protein 1 homolog
g12197	-1.7066	4.027974e-06	5.395	yes	NA
g2823	-2.2305	4.100426e-06	5.387	yes	Polyadenylate-binding protein RBP47
g7889	-1.1276	4.100426e-06	5.387	yes	NADH dehydrogenase [ubiquinone] 1 alpha subcomplex subunit 9, mitochondrial
g9229	-2.3837	4.165757e-06	5.380	yes	Ubiquitin carboxyl-terminal hydrolase 50
g13492	-1.7679	4.363869e-06	5.360	yes	Anoctamin-7
g14376	1.0454	4.394608e-06	5.357	yes	Trimethylamine transporter
g7259	-1.7351	4.394608e-06	5.357	yes	Myosin-2
g12099	-1.3254	4.394608e-06	5.357	yes	V-type proton ATPase subunit H
g12058	-1.2648	4.679747e-06	5.330	yes	NA
g12169	-2.2735	4.776956e-06	5.321	yes	Serine/threonine-protein kinase 4
g8127	-1.2148	5.360589e-06	5.271	yes	Suppressor protein of bem1/bed5 double mutants
g8115	-1.4990	5.723453e-06	5.242	yes	Thiamine transporter 2
g1521	-2.3393	6.753692e-06	5.170	yes	NA
g3730	-1.5431	7.345477e-06	5.134	yes	NA
g9799	2.3364	7.611769e-06	5.119	yes	NA
g6154	-1.4887	7.741324e-06	5.111	yes	Ribosomal protein S6 kinase beta-1
g2075	-2.4209	8.663981e-06	5.062	yes	NA
g10235	1.8044	9.411392e-06	5.026	yes	NA
g12175	-1.6138	9.568591e-06	5.019	yes	NA
g8258	-1.1967	1.071513e-05	4.970	yes	Purine nucleoside phosphorylase
g8261	-1.2833	1.085917e-05	4.964	yes	Sphingolipid delta(4)-desaturase DES1
g8053	-1.4165	1.088850e-05	4.963	yes	NA
g7846	-1.1491	1.103060e-05	4.957	yes	Serine-protein kinase ATM
g11711	-1.5783	1.122334e-05	4.950	yes	Transcription factor MYB3R-3
g15987	-1.5889	1.133209e-05	4.946	yes	NA
g8303	-1.0792	1.137162e-05	4.944	yes	Phosphate acetyltransferase
g10461	-1.0535	1.207141e-05	4.918	yes	Dimethylglycine dehydrogenase, mitochondrial
g10185	1.4524	1.211933e-05	4.917	yes	NA
g6977	1.7761	1.211933e-05	4.917	yes	NA
g9061	-1.7526	1.256435e-05	4.901	yes	High molecular weight form of myosin-1
g12122	-1.2516	1.307573e-05	4.884	yes	Cullin-4
g10704	-1.9034	1.341372e-05	4.872	yes	NA
g13358	1.4732	1.344960e-05	4.871	yes	NA
g15628	-1.1913	1.349086e-05	4.870	yes	Flavohemoprotein
g15117	-2.0352	1.401683e-05	4.853	yes	NA
g8052	-1.0277	1.441277e-05	4.841	yes	NA
g15343	-2.3783	1.441277e-05	4.841	yes	Myosin-M heavy chain
g14184	-2.0185	1.441277e-05	4.841	yes	NA
g14493	-1.9122	1.475103e-05	4.831	yes	NA
g5493	-1.6488	1.503669e-05	4.823	yes	NA
g9683	-3.2494	1.571211e-05	4.804	yes	NA
g5102	1.6342	1.631483e-05	4.787	yes	Sugar transport protein 1
g12027	-2.1265	1.763251e-05	4.754	yes	NA
g4177	-2.0870	1.810625e-05	4.742	yes	Endoribonuclease Dicer homolog 2b
g7625	1.1139	1.857841e-05	4.731	yes	Pyrophosphate-energized vacuolar membrane proton pump
g3555	-1.9590	1.868910e-05	4.728	yes	NA
g3290	-1.4850	1.882740e-05	4.725	yes	NA
g4062	-2.9319	1.882740e-05	4.725	yes	NA
g7851	-1.0427	1.918806e-05	4.717	yes	DNA damage-binding protein 1
g8015	-1.1625	1.962090e-05	4.707	yes	Structural maintenance of chromosomes protein 1
g8045	-1.3200	2.007161e-05	4.697	yes	NA
g9610	-0.9199	2.071491e-05	4.684	yes	NA
g8111	-1.7011	2.113360e-05	4.675	yes	Serine/threonine-protein kinase pakC
g5715	1.5187	2.113685e-05	4.675	yes	Iron-sulfur cluster assembly 1 homolog, mitochondrial
g6428	-1.7616	2.194696e-05	4.659	yes	Myosin-1
g7769	-1.4672	2.206062e-05	4.656	yes	Thioredoxin reductase SEP1
g13659	-0.9553	2.222065e-05	4.653	yes	Actin
g8673	1.4992	2.234716e-05	4.651	yes	3-sulfolactaldehyde dehydrogenase
g2593	5.3834	2.242514e-05	4.649	yes	Folate-biopterin transporter
g3781	2.4119	2.242514e-05	4.649	yes	NA
g14306	-1.8168	2.242514e-05	4.649	yes	NA
g3013	-1.7663	2.242514e-05	4.649	yes	NA
g12067	-1.5205	2.242514e-05	4.649	yes	NA
g12701	-0.9899	2.339218e-05	4.631	yes	Protein IWS1 homolog
g8334	-1.0727	2.596142e-05	4.586	yes	Succinate--CoA ligase [ADP-forming] subunit alpha
g725	1.1225	2.667941e-05	4.574	yes	NA
g3994	-1.3623	2.669407e-05	4.574	yes	High molecular weight form of myosin-1
g7964	-1.8449	2.707408e-05	4.567	yes	NA
g14084	-1.9829	2.830654e-05	4.548	yes	NA
g8286	-1.0145	2.909821e-05	4.536	yes	NA
g5018	1.2147	3.026572e-05	4.519	yes	Protein psi1
g8733	1.0933	3.080817e-05	4.511	yes	NA
g11538	-1.1384	3.119337e-05	4.506	yes	ABC transporter B family member 2
g8888	-1.7593	3.208020e-05	4.494	yes	NA
g12065	-1.1056	3.449910e-05	4.462	yes	Transmembrane protein 65
g8104	-2.4704	3.563869e-05	4.448	yes	NA
g7770	-1.4111	3.579976e-05	4.446	yes	Sentrin-specific protease 1
g7816	-2.8041	3.630601e-05	4.440	yes	Staphyloferrin A synthase
g7778	-0.9929	3.678572e-05	4.434	yes	Proteasomal ubiquitin receptor ADRM1-A
g5468	-1.7113	3.690919e-05	4.433	yes	NA
g15905	-1.9305	3.819081e-05	4.418	yes	NA
g11245	-1.5387	3.819081e-05	4.418	yes	Unconventional myosin-Ie
g8465	1.5172	3.957663e-05	4.403	yes	Rho GTPase-activating protein 22
g8151	-1.6468	3.957663e-05	4.403	yes	Phosducin-like protein 1
g13582	-1.9303	4.138340e-05	4.383	yes	Myosin-2 heavy chain
g8290	-1.2553	4.144567e-05	4.383	yes	Protein costars
g14652	-1.6409	4.381997e-05	4.358	yes	NA
g5017	1.9735	4.477803e-05	4.349	yes	Chaperone protein ClpB1
g8640	-1.5631	4.486698e-05	4.348	yes	NA
g654	1.2539	4.486698e-05	4.348	yes	Glutamate decarboxylase 5
g7967	-1.8272	4.497139e-05	4.347	yes	Protein phosphatase Slingshot
g10815	2.2040	5.194143e-05	4.284	yes	Bifunctional protein FolD 4, chloroplastic
g242	-1.0545	5.290726e-05	4.276	yes	Translation machinery-associated protein 22
g13862	2.7440	5.378688e-05	4.269	yes	Mitochondrial inner membrane protein Mpv17
g6827	1.7358	5.755435e-05	4.240	yes	Tetratricopeptide repeat protein 28
g5503	-1.3023	5.868704e-05	4.231	yes	Serine/threonine-protein phosphatase 2A 55 kDa regulatory subunit B delta isoform
g12211	-1.2367	5.960511e-05	4.225	yes	NA
g4935	2.2070	6.017437e-05	4.221	yes	NA
g12359	1.7488	6.034955e-05	4.219	yes	NA
g8209	-1.4029	6.137947e-05	4.212	yes	Acyl-CoA dehydrogenase apdG
g9739	1.9708	6.161902e-05	4.210	yes	Tubby-like F-box protein 3
g15114	-1.9030	6.161902e-05	4.210	yes	NA
g3203	-1.9546	6.194121e-05	4.208	yes	NA
g7892	-1.0761	6.194121e-05	4.208	yes	Glyceraldehyde-3-phosphate dehydrogenase 2
g7955	-2.8549	6.239530e-05	4.205	yes	Long-chain-fatty-acid--CoA ligase ACSBG2
g5954	1.3674	6.250371e-05	4.204	yes	NA
g10448	1.3090	6.293823e-05	4.201	yes	NA
g12262	1.3060	7.003934e-05	4.155	yes	Protein NRT1/ PTR FAMILY 8.4
g8336	-1.1500	7.365591e-05	4.133	yes	Probable pre-mRNA-splicing factor ATP-dependent RNA helicase DEAH2
g12422	-1.9296	7.390832e-05	4.131	yes	Medium-chain-fatty-acid--[acyl-carrier-protein] ligase JamA
g11059	1.9376	7.749219e-05	4.111	yes	NA
g7977	-1.0433	8.312771e-05	4.080	yes	UPF0587 protein CG4646
g13235	-1.4722	8.385427e-05	4.076	yes	Gamma-aminobutyric acid type B receptor subunit 2
g4306	2.7561	8.643833e-05	4.063	yes	DNA-dependent metalloprotease WSS1 homolog 2
g8219	-0.9010	8.643833e-05	4.063	yes	V-type proton ATPase 21 kDa proteolipid subunit c''
g8167	-1.8720	8.643833e-05	4.063	yes	NA
g4500	-2.8928	8.974445e-05	4.047	yes	NA
g9427	1.0911	8.989454e-05	4.046	yes	Metal tolerance protein 2
g12288	1.6949	9.279520e-05	4.032	yes	FAD-linked sulfhydryl oxidase ALR
g4810	1.0488	9.462219e-05	4.024	yes	NA
g8265	-1.1743	9.743995e-05	4.011	yes	NA
g1732	-1.9715	9.794236e-05	4.009	yes	APETALA2-like protein 2
g12349	1.7634	1.051599e-04	3.978	yes	3-isopropylmalate dehydratase
g8616	-1.0473	1.067518e-04	3.972	yes	Alcohol dehydrogenase class-3
g2180	-1.6258	1.176082e-04	3.930	yes	Serine/threonine-protein phosphatase 6 regulatory ankyrin repeat subunit B
g1757	-0.9712	1.201445e-04	3.920	yes	Actin
g14305	-2.2356	1.218269e-04	3.914	yes	NA
g15110	-1.8315	1.218269e-04	3.914	yes	NA
g12021	-1.1836	1.243853e-04	3.905	yes	Glutamate dehydrogenase, mitochondrial
g12020	-1.2338	1.249856e-04	3.903	yes	NA
g7020	1.5014	1.271946e-04	3.896	yes	E3 ubiquitin-protein ligase RNF8
g7873	-1.0879	1.272923e-04	3.895	yes	RhoGEF domain-containing protein gxcJ
g6793	1.2636	1.304309e-04	3.885	yes	NA
g8057	-1.0384	1.320714e-04	3.879	yes	ER membrane protein complex subunit 2
g15009	2.7770	1.326279e-04	3.877	yes	NA
g8067	-0.8687	1.327160e-04	3.877	yes	Charged multivesicular body protein 6-A
g268	-1.0791	1.327160e-04	3.877	yes	NA
g7981	-0.9813	1.336455e-04	3.874	yes	Synapse-associated protein of 47 kDa
g12481	-1.4860	1.363006e-04	3.866	yes	NA
g3772	-1.1606	1.435663e-04	3.843	yes	NA
g8139	-0.9767	1.437675e-04	3.842	yes	Aspartokinase
g11113	-1.6423	1.441791e-04	3.841	yes	Unconventional myosin-VI
g10155	1.5656	1.447681e-04	3.839	yes	Cytosolic Fe-S cluster assembly factor NBP35
g8062	-0.9247	1.570862e-04	3.804	yes	NA
g7999	-1.1083	1.604095e-04	3.795	yes	Serine/threonine-protein kinase AFC2
g3020	-2.3938	1.611332e-04	3.793	yes	Myosin-M heavy chain
g12051	-1.0789	1.613072e-04	3.792	yes	CLIP-associated protein
g11190	-1.3155	1.637805e-04	3.786	yes	NA
g12344	-1.6302	1.637805e-04	3.786	yes	NA
g4764	-1.4129	1.684553e-04	3.774	yes	NA
g8129	-1.1305	1.840928e-04	3.735	yes	NA
g10236	0.9840	1.840928e-04	3.735	yes	Heat stress transcription factor A-4a
g8122	-1.2167	1.906679e-04	3.720	yes	NA
g8233	-1.0266	1.965803e-04	3.706	yes	NA
g16033	-1.1780	1.986156e-04	3.702	yes	NA
g5542	1.7910	1.996880e-04	3.700	yes	NA
g5312	1.4293	2.033706e-04	3.692	yes	NA
g12136	-1.1309	2.033706e-04	3.692	yes	Diphosphomevalonate decarboxylase
g2379	-1.5831	2.047627e-04	3.689	yes	Histone-lysine N-methyltransferase set5
g46	-1.6618	2.092852e-04	3.679	yes	NA
g14591	-1.6635	2.157215e-04	3.666	yes	LIM domain-containing protein WLIM2b
g8106	-0.9483	2.194506e-04	3.659	yes	NA
g1233	-1.4885	2.203307e-04	3.657	yes	NA
g3639	-1.5740	2.226018e-04	3.652	yes	Serine/threonine-protein kinase 4
g6067	-1.2893	2.258146e-04	3.646	yes	NA
g8331	-2.7994	2.293514e-04	3.639	yes	NA
g10080	-1.1034	2.298066e-04	3.639	yes	Transgelin-2
g4248	-1.6001	2.359770e-04	3.627	yes	NA
g8810	-1.6290	2.415707e-04	3.617	yes	NA
g7952	-1.7138	2.415707e-04	3.617	yes	Long-chain-fatty-acid--CoA ligase ACSBG2
g12072	-1.2531	2.439207e-04	3.613	yes	NA
g7896	-2.6277	2.449802e-04	3.611	yes	Putative diacyglycerol O-acyltransferase MT1468
g9712	-1.4395	2.480373e-04	3.605	yes	High molecular weight form of myosin-1
g9299	-1.1643	2.484585e-04	3.605	yes	Phosphoserine aminotransferase
g9428	1.5413	2.544334e-04	3.594	yes	DNA-3-methyladenine glycosylase 1
g2809	-0.8753	2.545763e-04	3.594	yes	NA
g5586	2.1333	2.548989e-04	3.594	yes	NA
g7809	-1.0860	2.651398e-04	3.577	yes	GTPase HRas
g10550	-1.5065	2.762634e-04	3.559	yes	Carbonic anhydrase 2
g9983	1.5109	2.798656e-04	3.553	yes	NA
g8804	0.9198	2.803144e-04	3.552	yes	Serine/threonine-protein kinase Sgk1
g6821	2.2390	2.808038e-04	3.552	yes	NA
g8572	-1.5753	2.892254e-04	3.539	yes	Zinc metalloproteinase/disintegrin
g2407	1.4915	2.892488e-04	3.539	yes	NA
g4040	3.5537	2.912462e-04	3.536	yes	Chaperone protein ClpB1
g11574	1.0202	2.967569e-04	3.528	yes	NA
g12918	1.3471	2.973109e-04	3.527	yes	NA
g9664	-2.0457	3.006624e-04	3.522	yes	NA
g8411	1.1760	3.056519e-04	3.515	yes	Sterol 3-beta-glucosyltransferase
g13427	1.0025	3.070760e-04	3.513	yes	Lathosterol oxidase
g5972	1.0957	3.077496e-04	3.512	yes	NA
g8314	-1.0670	3.077496e-04	3.512	yes	COP9 signalosome complex subunit 3
g10341	1.0603	3.206960e-04	3.494	yes	NA
g7821	-1.2117	3.267786e-04	3.486	yes	NA
g11757	-0.9706	3.272489e-04	3.485	yes	Centrosomal protein of 164 kDa
g8095	-1.6096	3.272489e-04	3.485	yes	NA
g12083	-1.2419	3.476777e-04	3.459	yes	NA
g11189	1.4172	3.521341e-04	3.453	yes	NA
g15074	-1.7333	3.588219e-04	3.445	yes	TPR repeat-containing protein YpiA
g7212	-1.8220	3.591046e-04	3.445	yes	Ubiquitin-protein ligase E3A
g10000	-1.9343	3.596511e-04	3.444	yes	Vacuolar protein sorting-associated protein 1
g12146	-1.0197	3.616151e-04	3.442	yes	Hypoxanthine-guanine phosphoribosyltransferase
g8285	-0.8178	3.625260e-04	3.441	yes	Tubulin beta chain
g938	1.3938	3.677270e-04	3.434	yes	Ras-related protein Rab-19
g8327	-1.2899	3.743240e-04	3.427	yes	Clavesin-2
g15145	1.2510	3.743240e-04	3.427	yes	NA
g13994	2.0802	3.761662e-04	3.425	yes	NA
g8235	-0.9250	3.812269e-04	3.419	yes	Fatty acid amide hydrolase
g9283	-2.2765	3.985876e-04	3.399	yes	NA
g10067	2.6009	4.084041e-04	3.389	yes	NA
g8255	-2.2043	4.127782e-04	3.384	yes	NA
g733	1.3908	4.217659e-04	3.375	yes	NA
g12106	-0.9615	4.310024e-04	3.366	yes	Probable inactive purple acid phosphatase 29
g3944	-1.0606	4.319311e-04	3.365	yes	Dual E2 ubiquitin-conjugating enzyme/E3 ubiquitin-protein ligase BIRC6
g1685	-1.4011	4.319311e-04	3.365	yes	Unconventional myosin-Ib
g3100	1.0034	4.319311e-04	3.365	yes	GID complex subunit 1
g2387	1.7730	4.552406e-04	3.342	yes	Ubiquitin-conjugating enzyme E2 14
g7887	-0.9393	4.626223e-04	3.335	yes	Ribose-phosphate pyrophosphokinase
g14568	-2.5457	4.627410e-04	3.335	yes	NA
g8170	-0.9568	4.672065e-04	3.330	yes	H(+)/Cl(-) exchange transporter 7
g12174	-1.3674	4.695730e-04	3.328	yes	NA
g8198	-1.4720	4.787075e-04	3.320	yes	Enoyl-CoA hydratase domain-containing protein 3, mitochondrial
g715	1.1308	4.822529e-04	3.317	yes	NA
g15428	3.2713	4.822529e-04	3.317	yes	12-oxophytodienoate reductase 1
g12130	-1.3799	4.857030e-04	3.314	yes	AP2-like ethylene-responsive transcription factor TOE3
g2956	-1.7231	4.909163e-04	3.309	yes	Zinc transporter ZIP12
g4310	-1.4152	4.946517e-04	3.306	yes	NA
g14186	3.3656	5.126029e-04	3.290	yes	NA
g8030	-1.4787	5.241218e-04	3.281	yes	NA
g2532	-1.8320	5.347410e-04	3.272	yes	NA
g7966	-1.0167	5.347410e-04	3.272	yes	NA
g13404	-1.5016	5.563821e-04	3.255	yes	NA
g7461	1.7572	5.563821e-04	3.255	yes	NA
g459	2.8268	5.563821e-04	3.255	yes	NA
g12046	-1.3184	5.576639e-04	3.254	yes	Uridine kinase
g7477	-1.5413	5.586349e-04	3.253	yes	NA
g1686	1.2271	5.586349e-04	3.253	yes	Lateral signaling target protein 2 homolog
g1610	-1.8120	5.818030e-04	3.235	yes	cGMP-dependent protein kinase 2
g3296	-3.4887	5.841633e-04	3.233	yes	NA
g10459	-0.9034	5.927446e-04	3.227	yes	Sarcosine dehydrogenase, mitochondrial
g10234	-1.7241	5.975643e-04	3.224	yes	Actin-binding Rho-activating protein
g7827	-1.6376	5.996571e-04	3.222	yes	NA
g9397	-2.2200	6.048371e-04	3.218	yes	Probable serine incorporator
g259	1.0617	6.048371e-04	3.218	yes	Calcium/calmodulin-dependent protein kinase type 1
g14669	-1.9593	6.103632e-04	3.214	yes	NA
g13340	-1.4428	6.103632e-04	3.214	yes	NA
g5078	-0.9844	6.110968e-04	3.214	yes	Na(+)/H(+) antiporter
g2202	-1.6146	6.232032e-04	3.205	yes	NFX1-type zinc finger-containing protein 1
g7546	1.9299	6.298542e-04	3.201	yes	Ornithine decarboxylase
g475	-2.0499	6.298542e-04	3.201	yes	NA
g13956	-0.9124	6.319058e-04	3.199	yes	NA
g12464	-1.3582	6.375458e-04	3.195	yes	NA
g8022	-1.9261	6.408465e-04	3.193	yes	Mannose-P-dolichol utilization defect 1 protein homolog 1
g13677	-1.1032	6.494420e-04	3.187	yes	Myb-related protein B
g11283	-2.2474	6.510312e-04	3.186	yes	WD repeat-containing protein 35
g8094	-0.8135	6.510312e-04	3.186	yes	CCR4-NOT transcription complex subunit 1
g15389	1.5900	6.522215e-04	3.186	yes	NA
g12195	-0.9139	6.547614e-04	3.184	yes	NA
g11193	-0.9560	6.548550e-04	3.184	yes	NA
g8384	-2.6174	6.729264e-04	3.172	yes	NA
g7453	-1.2859	6.729264e-04	3.172	yes	NA
g597	-1.7884	6.876916e-04	3.163	yes	NA
g12069	-1.2012	6.967322e-04	3.157	yes	NA
g8797	1.8081	7.037411e-04	3.153	yes	Probable sodium/sulfate cotransporter 3
g7213	-1.3764	7.037444e-04	3.153	yes	NA
g10483	-0.9180	7.037444e-04	3.153	yes	Serine/threonine-protein kinase Tao
g3042	1.9301	7.037444e-04	3.153	yes	NA
g9227	1.6382	7.135462e-04	3.147	yes	Ubiquitin carboxyl-terminal hydrolase 2
g8472	-1.9493	7.234819e-04	3.141	yes	NA
g5636	0.9162	7.239901e-04	3.140	yes	NA
g10541	-1.5297	7.334999e-04	3.135	yes	NA
g8342	-1.1479	7.514148e-04	3.124	yes	NA
g93	1.2350	7.574596e-04	3.121	yes	NA
g5700	-1.8212	7.638207e-04	3.117	yes	Choline transporter-like protein 4
g14241	-2.0673	7.655910e-04	3.116	yes	NA
g11843	-1.5571	7.655910e-04	3.116	yes	Probable serine/threonine-protein kinase roco5
g9597	-2.1680	7.776159e-04	3.109	yes	NA
g7800	-1.5887	7.834081e-04	3.106	yes	NA
g15562	-0.9000	7.836699e-04	3.106	yes	NA
g7571	-1.4110	7.839199e-04	3.106	yes	NA
g10485	-1.1506	7.932718e-04	3.101	yes	Probable serine/threonine-protein kinase DDB_G0272254
g915	0.8148	8.059917e-04	3.094	yes	Probable metal-nicotianamine transporter YSL6
g15010	1.9300	8.059917e-04	3.094	yes	NA
g12145	-1.0832	8.327552e-04	3.079	yes	Exportin-6-B
g15706	1.4137	8.368584e-04	3.077	yes	Transcription factor MYB98
g12659	-1.9220	8.490019e-04	3.071	yes	NA
g5824	1.3544	8.584265e-04	3.066	yes	NA
g9675	1.2140	8.808288e-04	3.055	yes	NA
g25	-0.9790	8.964561e-04	3.047	yes	NA
g8195	-0.8510	8.966688e-04	3.047	yes	Sorbin and SH3 domain-containing protein 1 homolog
g7411	0.8288	8.966688e-04	3.047	yes	Probable inactive serine/threonine-protein kinase slob1
g8291	-1.0589	8.966688e-04	3.047	yes	NA
g12208	-2.2236	9.081746e-04	3.042	yes	NA
g6650	2.3066	9.228587e-04	3.035	yes	NA
g755	1.8767	9.451310e-04	3.025	yes	NA
g8001	-1.2893	9.545761e-04	3.020	yes	Mitochondrial 2-oxoglutarate/malate carrier protein
g9005	1.0377	9.645798e-04	3.016	yes	E3 ubiquitin-protein ligase KEG
g11951	1.5588	9.646966e-04	3.016	yes	NA
g12165	2.3438	1.005406e-03	2.998	yes	ADP-ribosylation factor 1
g9981	0.9168	1.028946e-03	2.988	yes	NA
g2274	-1.6593	1.031831e-03	2.986	yes	Glutamine synthetase
g15029	-2.7144	1.031831e-03	2.986	yes	NA
g10826	1.1160	1.042054e-03	2.982	yes	Protein kinase 2
g10105	1.1944	1.051656e-03	2.978	yes	NA
g4561	-1.6269	1.059896e-03	2.975	yes	DNA methyltransferase CcrM
g7917	-1.0808	1.059896e-03	2.975	yes	O-acetyl-L-homoserine sulfhydrylase
g15278	-1.7883	1.072104e-03	2.970	yes	NA
g797	0.6875	1.072104e-03	2.970	yes	Aldo-keto reductase family 1 member A1
g7995	-1.3031	1.075857e-03	2.968	yes	NA
g16030	-1.1234	1.106773e-03	2.956	yes	NA
g12117	-1.4771	1.114556e-03	2.953	yes	NA
g2025	1.9556	1.120309e-03	2.951	yes	NA
g11257	-0.9020	1.120812e-03	2.950	yes	NA
g16063	1.3190	1.151795e-03	2.939	yes	Transcription factor MYB3R-1
g12055	-1.0584	1.151795e-03	2.939	yes	NA
g8746	-1.5646	1.155711e-03	2.937	yes	NA
g15664	-1.1475	1.159615e-03	2.936	yes	Protein dispatched homolog 1
g12899	-2.7482	1.161352e-03	2.935	yes	NA
g11261	-0.8556	1.161352e-03	2.935	yes	NA
g14561	-0.7454	1.181590e-03	2.928	yes	DNA-dependent ATPase/E3 ubiquitin-protein ligase rad5
g5986	-1.0562	1.187181e-03	2.925	yes	NA
g6541	-0.8479	1.187181e-03	2.925	yes	Probable cysteine desulfurase
g7978	-0.8486	1.200637e-03	2.921	yes	NA
g1745	-1.1847	1.200637e-03	2.921	yes	tRNA wybutosine-synthesizing protein 5
g11021	-1.1777	1.200836e-03	2.921	yes	Small ribosomal subunit protein eS28
g15133	1.1463	1.206860e-03	2.918	yes	Low affinity inorganic phosphate transporter 4
g3906	1.9110	1.206860e-03	2.918	yes	Carnitine O-acetyltransferase, mitochondrial
g7797	-1.2203	1.206860e-03	2.918	yes	Hydroxyacylglutathione hydrolase
g8593	0.8646	1.231126e-03	2.910	yes	NA
g6221	-2.0526	1.233760e-03	2.909	yes	NA
g8213	-1.6300	1.267812e-03	2.897	yes	Cytosolic sulfotransferase 1
g12751	-1.1477	1.290708e-03	2.889	yes	NACHT domain- and WD repeat-containing protein 1
g4217	-1.3334	1.345795e-03	2.871	yes	NA
g3104	-1.3530	1.356971e-03	2.867	yes	NA
g2807	1.1869	1.372293e-03	2.863	yes	NA
g12100	-0.8376	1.391897e-03	2.856	yes	NA
g11776	-1.7150	1.402973e-03	2.853	yes	Cysteine and glycine-rich protein 1
g12371	-1.2721	1.420600e-03	2.848	yes	NA
g396	-1.4844	1.445297e-03	2.840	yes	NA
g15144	1.0407	1.465091e-03	2.834	yes	NA
g10046	2.0504	1.467133e-03	2.834	yes	NA
g14821	1.2427	1.479939e-03	2.830	yes	NA
g7990	-1.2099	1.481710e-03	2.829	yes	NA
g8360	-1.2095	1.514720e-03	2.820	yes	Trypsin 5G1
g13403	-2.2190	1.514720e-03	2.820	yes	NA
g5722	0.7729	1.518026e-03	2.819	yes	NA
g313	-1.6710	1.527800e-03	2.816	yes	Protein psiC
g8054	-0.8538	1.567492e-03	2.805	yes	NA
g7513	-1.8896	1.571339e-03	2.804	yes	NA
g7919	-0.8950	1.571339e-03	2.804	yes	NA
g10978	1.5768	1.572679e-03	2.803	yes	NA
g12679	-1.4001	1.583891e-03	2.800	yes	NA
g7865	-1.0060	1.584578e-03	2.800	yes	ATP-binding cassette sub-family B member 10, mitochondrial
g2415	-1.6037	1.610133e-03	2.793	yes	Protein psiC
g4128	1.1778	1.621400e-03	2.790	yes	Signal transducer and activator of transcription A
g4991	-1.4138	1.623361e-03	2.790	yes	NA
g13424	1.6176	1.651094e-03	2.782	yes	NA
g8128	-0.9976	1.656596e-03	2.781	yes	NA
g8387	1.3716	1.674528e-03	2.776	yes	NA
g7867	-1.1860	1.678128e-03	2.775	yes	NA
g9733	1.4857	1.678595e-03	2.775	yes	NAD(P)H oxidoreductase RTN4IP1, mitochondrial
g8215	-1.2891	1.678595e-03	2.775	yes	Sentrin-specific protease 6
g12325	-1.0630	1.678595e-03	2.775	yes	NA
g6413	1.7325	1.688322e-03	2.773	yes	NA
g7996	-0.8583	1.688322e-03	2.773	yes	Elongation factor 1-alpha
g11861	-3.3365	1.690119e-03	2.772	yes	NA
g15116	-1.4660	1.738569e-03	2.760	yes	NA
g12767	-1.2663	1.750978e-03	2.757	yes	NA
g13609	-0.7422	1.765616e-03	2.753	yes	NA
g85	-1.8123	1.765721e-03	2.753	yes	Serine/threonine/tyrosine-protein kinase HT1
g8263	-0.9558	1.776937e-03	2.750	yes	Transcription factor MYB3R-3
g7933	-1.0526	1.817329e-03	2.741	yes	MTOR-associated protein MEAK7
g2636	1.2549	1.836139e-03	2.736	yes	NA
g6309	-1.1933	1.844253e-03	2.734	yes	Folate receptor alpha
g10431	-1.6858	1.844253e-03	2.734	yes	Myosin-M heavy chain
g10069	1.5293	1.853259e-03	2.732	yes	NA
g1836	-0.8350	1.858168e-03	2.731	yes	NA
g12942	-1.5961	1.858168e-03	2.731	yes	NA
g7792	-0.9717	1.901910e-03	2.721	yes	UPF0324 membrane protein mlr2225
g12160	-0.9971	1.923354e-03	2.716	yes	Ubiquitin-like modifier-activating enzyme ATG7
g15146	1.0486	1.941240e-03	2.712	yes	NA
g13696	1.4345	1.978386e-03	2.704	yes	NA
g12170	-0.8850	1.990873e-03	2.701	yes	Cysteinylglycine-S-conjugate dipeptidase
g13077	1.1205	1.990873e-03	2.701	yes	ATP-dependent Clp protease ATP-binding subunit ClpX
g478	0.8258	2.000933e-03	2.699	yes	Uncharacterized protein HI_1586
g14603	1.2096	2.006926e-03	2.697	yes	NA
g10174	0.9169	2.035359e-03	2.691	yes	NA
g5634	-0.8417	2.100723e-03	2.678	yes	Cytochrome c peroxidase, mitochondrial
g9689	-2.0262	2.140489e-03	2.669	yes	NA
g6363	-1.8887	2.144162e-03	2.669	yes	NA
g9078	2.0354	2.144967e-03	2.669	yes	NA
g6302	1.5568	2.147855e-03	2.668	yes	NA
g15120	-1.8110	2.159646e-03	2.666	yes	NA
g2600	0.7520	2.185128e-03	2.661	yes	NA
g511	3.0673	2.194100e-03	2.659	yes	Probable transporter XF_0766
g7810	-0.9037	2.194100e-03	2.659	yes	Probable inactive serine/threonine-protein kinase scy1
g8225	-0.8920	2.194100e-03	2.659	yes	General transcription and DNA repair factor IIH helicase subunit XPD
g8176	-1.4706	2.208919e-03	2.656	yes	Large ribosomal subunit protein bL34
g1281	0.7214	2.219907e-03	2.654	yes	Intermembrane lipid transfer protein vps13A
g16076	0.8366	2.220466e-03	2.654	yes	NA
g9421	0.9897	2.306678e-03	2.637	yes	Phospholipid-transporting ATPase DRS2
g7133	-1.8121	2.308831e-03	2.637	yes	NA
g7982	-1.0031	2.323963e-03	2.634	yes	Protein Rae1
g2200	-1.4329	2.334515e-03	2.632	yes	NA
g1724	-0.9421	2.346723e-03	2.630	yes	NA
g5533	-0.8122	2.414031e-03	2.617	yes	Alpha-tocopherol transfer protein-like
g11986	-1.2886	2.418381e-03	2.616	yes	NA
g4135	-1.9543	2.423505e-03	2.616	yes	NA
g15118	-1.4212	2.449878e-03	2.611	yes	NA
g8260	-1.4607	2.488197e-03	2.604	yes	tRNA:m(4)X modification enzyme TRM13 homolog
g8212	-0.8445	2.488197e-03	2.604	yes	Protein phosphatase 1B
g7972	-1.2908	2.549155e-03	2.594	yes	Uncharacterized protein aq_1088
g13006	0.7288	2.623947e-03	2.581	yes	NA
g10969	-1.8585	2.659050e-03	2.575	yes	Disintegrin and metalloproteinase domain-containing protein B
g9907	-2.3863	2.694250e-03	2.570	yes	NA
g15147	1.0271	2.751362e-03	2.560	yes	NA
g12167	-1.8473	2.772009e-03	2.557	yes	SH3 and multiple ankyrin repeat domains protein 2
g1996	-1.1458	2.787052e-03	2.555	yes	NA
g3424	1.2828	2.790786e-03	2.554	yes	Transmembrane protein DDB_G0269096
g8008	-0.8498	2.801454e-03	2.553	yes	Glutathione S-transferase 1
g398	-1.6081	2.802253e-03	2.552	yes	NA
g7773	-0.8936	2.812241e-03	2.551	yes	Large ribosomal subunit protein eL6z
g8944	1.1767	2.890038e-03	2.539	yes	Diacylglycerol lipase-beta
g10399	-1.1861	3.033442e-03	2.518	yes	Probable serine/threonine-protein kinase drkC
g10026	-1.8266	3.056991e-03	2.515	yes	NA
g7187	-1.6967	3.068915e-03	2.513	yes	GREB1-like protein
g11926	1.2581	3.076831e-03	2.512	yes	Ubiquitin-like domain-containing protein CIP73
g2630	-2.2459	3.117773e-03	2.506	yes	NA
g12168	-2.8057	3.130832e-03	2.504	yes	NA
g8218	-0.9401	3.130832e-03	2.504	yes	Phosphatidylinositol 4-phosphate 5-kinase
g10830	-1.0698	3.153994e-03	2.501	yes	G protein-coupled receptor kinase 5
g8295	-1.5100	3.203422e-03	2.494	yes	NA
g11210	-1.2097	3.242006e-03	2.489	yes	NA
g218	0.7628	3.264223e-03	2.486	yes	NA
g7588	2.1905	3.286579e-03	2.483	yes	NA
g11914	1.1736	3.295457e-03	2.482	yes	Zinc finger A20 and AN1 domain-containing stress-associated protein 9
g13245	-0.9454	3.371124e-03	2.472	yes	NA
g8098	-1.0670	3.378739e-03	2.471	yes	Disulfide-bond oxidoreductase YghU
g2297	1.2803	3.413847e-03	2.467	yes	Persulfide dioxygenase ETHE1 homolog, mitochondrial
g6548	-1.6138	3.465832e-03	2.460	yes	NA
g13338	-1.4847	3.539690e-03	2.451	yes	Actin-binding Rho-activating protein
g2610	0.7340	3.677216e-03	2.434	yes	Protein CCA1
g11981	-0.7624	3.707551e-03	2.431	yes	Estradiol 17-beta-dehydrogenase 11
g2844	-0.8281	3.744597e-03	2.427	yes	NA
g12524	1.0653	3.745372e-03	2.427	yes	NA
g8587	1.6372	3.802070e-03	2.420	yes	Zinc finger protein ZPR1 homolog
g13509	1.2857	3.826177e-03	2.417	yes	NA
g8266	-0.7212	3.902746e-03	2.409	yes	Serine/threonine-protein kinase 54
g8249	-1.4686	3.903558e-03	2.409	yes	NA
g1678	-1.4559	3.934161e-03	2.405	yes	NA
g8667	1.0119	3.934161e-03	2.405	yes	Protein SrpB
g2388	1.8885	3.956439e-03	2.403	yes	NA
g10038	-0.8255	3.989022e-03	2.399	yes	Long-chain-fatty-acid--CoA ligase ACSBG2
g1255	1.4742	4.027489e-03	2.395	yes	Probable sodium/metabolite cotransporter BASS4, chloroplastic
g7365	1.0600	4.063035e-03	2.391	yes	NA
g5287	-2.3260	4.087074e-03	2.389	yes	NA
g13417	1.4045	4.087074e-03	2.389	yes	NA
g16046	0.8666	4.152093e-03	2.382	yes	Lon protease 2
g9485	1.0815	4.152093e-03	2.382	yes	Mechanosensitive ion channel protein 10
g18	1.7682	4.156056e-03	2.381	yes	Putative carbamate hydrolase RutD
g4469	0.9183	4.157117e-03	2.381	yes	NA
g11258	1.1951	4.184772e-03	2.378	yes	Probable transporter PD_1892
g2504	-0.8161	4.210213e-03	2.376	yes	DNA polymerase alpha catalytic subunit
g8074	-0.8080	4.221744e-03	2.375	yes	Sporulation protein RMD1
g857	-1.3633	4.232357e-03	2.373	yes	NA
g15112	-1.2463	4.398588e-03	2.357	yes	NA
g859	-1.0220	4.495096e-03	2.347	yes	NA
g3141	-1.7574	4.495784e-03	2.347	yes	Crystal protein
g7077	-2.8236	4.495784e-03	2.347	yes	NA
g6770	0.7634	4.498931e-03	2.347	yes	NA
g15381	-1.1088	4.502062e-03	2.347	yes	Solute carrier family 12 member 2
g14849	1.9402	4.554648e-03	2.342	yes	NA
g7234	0.7659	4.581944e-03	2.339	yes	Kynurenine/alpha-aminoadipate aminotransferase, mitochondrial
g3003	1.1560	4.635622e-03	2.334	yes	Plexin-A2
g9403	-1.9465	4.647617e-03	2.333	yes	NA
g7872	-1.1767	4.652250e-03	2.332	yes	NA
g11070	-2.1792	4.699081e-03	2.328	yes	NA
g8682	-1.3774	4.717729e-03	2.326	yes	NA
g5311	-1.2135	4.743850e-03	2.324	yes	Putative cytochrome P450 CYP13A7
g6802	-0.8841	4.766987e-03	2.322	yes	NA
g3902	1.2494	4.789077e-03	2.320	yes	Putative amidohydrolase YhaA
g12365	-2.3528	4.789077e-03	2.320	yes	NA
g7734	-3.3460	4.802950e-03	2.318	yes	NA
g6710	-0.8584	4.985291e-03	2.302	yes	Protoheme IX farnesyltransferase, mitochondrial
g2331	-0.8498	5.002214e-03	2.301	yes	ATP synthase F(1) complex subunit delta, mitochondrial
g6	-0.7390	5.077240e-03	2.294	yes	Protein psiP
g8126	-0.7860	5.113124e-03	2.291	yes	NA
g14694	-1.5243	5.116225e-03	2.291	yes	NA
g7886	-0.9302	5.150810e-03	2.288	yes	Peroxisomal biogenesis factor 3
g10888	1.2967	5.184334e-03	2.285	yes	NA
g13337	-0.6493	5.295733e-03	2.276	yes	Actin
g13217	1.1716	5.297346e-03	2.276	yes	GTP-binding protein 2
g8012	-1.4121	5.297346e-03	2.276	yes	Uncharacterized protein y4mH
g753	-0.8339	5.297346e-03	2.276	yes	NA
g9014	-0.9006	5.297346e-03	2.276	yes	Solute carrier family 49 member A3
g2815	-0.9228	5.297346e-03	2.276	yes	NA
g8276	-0.8401	5.297346e-03	2.276	yes	Lipid droplet-associated hydrolase
g10147	-2.2283	5.297346e-03	2.276	yes	NA
g10669	0.8450	5.305345e-03	2.275	yes	Calcineurin subunit B
g8187	-1.2678	5.306094e-03	2.275	yes	Zinc-type alcohol dehydrogenase-like protein C337.11
g1746	-2.1916	5.310274e-03	2.275	yes	NA
g4631	-0.8337	5.326360e-03	2.274	yes	Probable arginine--tRNA ligase, cytoplasmic
g1309	-0.7173	5.327282e-03	2.273	yes	ABC transporter G family member 11
g15421	-1.1973	5.378835e-03	2.269	yes	NA
g6153	-1.3359	5.393841e-03	2.268	yes	Ribosomal protein S6 kinase alpha-2
g12076	-0.7151	5.434506e-03	2.265	yes	Protein REVEILLE 5
g1110	-1.2925	5.503982e-03	2.259	yes	Acetyl-coenzyme A synthetase
g11129	0.9886	5.513164e-03	2.259	yes	NA
g1247	1.1268	5.616930e-03	2.251	yes	Uncharacterized methyltransferase C1B3.06c
g15005	1.6736	5.641831e-03	2.249	yes	NA
g7890	-1.4233	5.658489e-03	2.247	yes	NA
g3399	0.7895	5.668746e-03	2.247	yes	Cysteine protease RD19A
g3082	1.0901	5.742552e-03	2.241	yes	Cyclin-U4-3
g13608	-1.1358	5.764075e-03	2.239	yes	NA
g9338	-1.0254	5.807295e-03	2.236	yes	Uncharacterized protein R883
g13097	-1.7767	5.906381e-03	2.229	yes	Serine/threonine-protein kinase 54
g4800	1.1183	5.909622e-03	2.228	yes	NA
g2668	-2.2662	5.923731e-03	2.227	yes	Band 7 domain-containing protein MJ0827
g3455	0.6806	5.973373e-03	2.224	yes	NA
g12022	-1.1036	6.076103e-03	2.216	yes	3-hydroxybutyryl-CoA dehydratase-like protein, mitochondrial
g7856	-0.6662	6.085909e-03	2.216	yes	Transformation/transcription domain-associated protein
g5872	-1.2274	6.120039e-03	2.213	yes	Putative heme-binding peroxidase
g3859	1.2554	6.146987e-03	2.211	yes	NA
g5226	-1.6300	6.283849e-03	2.202	yes	RasGEF domain-containing serine/threonine-protein kinase X
g8382	-1.1670	6.296755e-03	2.201	yes	NA
g5540	0.8674	6.307109e-03	2.200	yes	Autoinducer 2 sensor kinase/phosphatase LuxQ
g6914	-0.7041	6.316585e-03	2.200	yes	Adenylyl cyclase-associated protein 1
g14195	0.9240	6.370227e-03	2.196	yes	ABC transporter G family member 39
g12810	1.0911	6.479487e-03	2.188	yes	Serine/threonine-protein kinase RIO3
g9713	-2.0957	6.488195e-03	2.188	yes	Uncharacterized Nudix hydrolase P35G2.12
g15374	-1.7933	6.490677e-03	2.188	yes	NA
g12140	-1.2139	6.490677e-03	2.188	yes	NA
g1163	0.6775	6.546254e-03	2.184	yes	CBS domain-containing protein CBSCBSPB3
g12492	-2.5945	6.589151e-03	2.181	yes	NA
g11956	0.8662	6.655972e-03	2.177	yes	NA
g1523	-2.4456	6.669352e-03	2.176	yes	NA
g12808	-0.8832	6.669352e-03	2.176	yes	Chymotrypsin-like protease CTRL-1
g315	-1.7194	6.697938e-03	2.174	yes	Regulator of G protein signaling 13
g7885	-1.2779	6.697938e-03	2.174	yes	Probable magnesium transporter NIPA8
g7859	-1.8838	6.697938e-03	2.174	yes	NA
g8760	-1.2291	6.697938e-03	2.174	yes	NA
g5161	-2.1472	6.703774e-03	2.174	yes	Severin
g9492	-0.8701	6.703774e-03	2.174	yes	E3 SUMO-protein ligase NSE2
g6030	-1.1922	6.797559e-03	2.168	yes	Bidirectional sugar transporter SWEET6
g11972	1.4586	6.828463e-03	2.166	yes	Sulfite oxidase
g5294	-1.8813	6.842867e-03	2.165	yes	NA
g8097	-1.0694	6.881804e-03	2.162	yes	Protein O-mannosyl-transferase TMTC4
g7286	-0.7111	6.883393e-03	2.162	yes	NA
g10327	-1.5306	6.974931e-03	2.156	yes	NA
g8185	1.6773	6.985175e-03	2.156	yes	NA
g7759	1.8686	7.044277e-03	2.152	yes	NA
g11191	-1.3488	7.052242e-03	2.152	yes	NA
g8758	0.9779	7.081073e-03	2.150	yes	Upstream activation factor subunit UAF30
g15672	-0.8629	7.260320e-03	2.139	yes	NA
g2455	-1.0347	7.402701e-03	2.131	yes	Bifunctional lysine-specific demethylase and histidyl-hydroxylase NO66
g3687	0.7282	7.402701e-03	2.131	yes	Patatin-like phospholipase domain-containing protein 6
g3364	-1.4008	7.589575e-03	2.120	yes	NA
g8044	-1.3489	7.601561e-03	2.119	yes	Nucleolar protein 16
g5961	0.8861	7.666147e-03	2.115	yes	Calcium-dependent protein kinase 5
g1353	-1.2498	7.719174e-03	2.112	yes	Pyruvyl transferase 1
g9415	2.2515	7.765904e-03	2.110	yes	Protein YSC84
g8102	-0.8013	7.771541e-03	2.109	yes	Protein OS-9 homolog
g2033	1.1215	7.772138e-03	2.109	yes	NA
g14639	0.9072	7.786443e-03	2.109	yes	Putative aldehyde dehydrogenase family 7 member A1 homolog
g11824	-1.4322	7.887391e-03	2.103	yes	cGMP-dependent protein kinase 2
g5712	1.4608	8.020792e-03	2.096	yes	NA
g481	0.8521	8.064403e-03	2.093	yes	NA
g7054	-1.7279	8.064403e-03	2.093	yes	NA
g12114	-1.3450	8.089988e-03	2.092	yes	NA
g10540	-1.3206	8.089988e-03	2.092	yes	NA
g11722	-1.2542	8.089988e-03	2.092	yes	Diacylglycerol lipase-alpha
g8194	-1.3583	8.211839e-03	2.086	yes	Molybdopterin synthase sulfur carrier subunit
g9936	-1.2761	8.241424e-03	2.084	yes	Ubiquitin carboxyl-terminal hydrolase 17-like protein B
g13464	1.5135	8.241424e-03	2.084	yes	NA
g8068	-1.3657	8.241424e-03	2.084	yes	NA
g5359	-1.0430	8.242890e-03	2.084	yes	Disheveled-associated activator of morphogenesis 1
g8232	-1.0283	8.242890e-03	2.084	yes	E3 ubiquitin-protein ligase RNF10
g7875	-0.9851	8.242890e-03	2.084	yes	Probable transcriptional regulatory protein TTE1135
g7701	-1.3991	8.297124e-03	2.081	yes	NA
g15299	-1.8276	8.387305e-03	2.076	yes	NA
g4520	-0.9370	8.415795e-03	2.075	yes	Myosin ID heavy chain
g10409	-1.2209	8.415795e-03	2.075	yes	NA
g9674	0.9577	8.415795e-03	2.075	yes	NA
g13563	-0.8565	8.447340e-03	2.073	yes	Acetyl-CoA acetyltransferase
g9328	-1.2397	8.639606e-03	2.064	yes	Heat shock 70 kDa protein 12B
g2862	-1.4375	8.688309e-03	2.061	yes	Ribonuclease inhibitor
g13784	-2.1858	8.688309e-03	2.061	yes	NA
g4339	1.0151	8.768122e-03	2.057	yes	NA
g12326	-1.0625	8.848264e-03	2.053	yes	Zinc metalloproteinase-disintegrin-like EoVMP2
g15142	1.0593	8.862543e-03	2.052	yes	NA
g7446	-0.8735	8.910096e-03	2.050	yes	cAMP-dependent protein kinase regulatory subunit
g12354	1.4811	8.958083e-03	2.048	yes	NA
g15021	0.7357	9.014267e-03	2.045	yes	Diacylglycerol lipase-beta
g11477	1.4177	9.014267e-03	2.045	yes	NA
g14202	-1.4269	9.023230e-03	2.045	yes	Guanine nucleotide-binding protein alpha-7 subunit
g4282	1.6509	9.100077e-03	2.041	yes	Alternative squalene epoxidase
g15410	2.8249	9.274437e-03	2.033	yes	NA
g8245	-2.1109	9.282029e-03	2.032	yes	NA
g8990	-1.8876	9.370885e-03	2.028	yes	LIM homeobox transcription factor 1-beta.1
g6055	-1.5536	9.392754e-03	2.027	yes	NA
g3731	-1.1172	9.415457e-03	2.026	yes	FK506-binding protein 1B
g12470	-2.1322	9.424754e-03	2.026	yes	NA
g14316	0.6969	9.427713e-03	2.026	yes	Intermembrane lipid transfer protein VPS13B
g5776	-0.6629	9.427713e-03	2.026	yes	26S proteasome regulatory subunit 4
g2756	-1.4675	9.427713e-03	2.026	yes	NA
g11151	-0.9129	9.433445e-03	2.025	yes	NA
g12264	1.4037	9.474609e-03	2.023	yes	Protein NRT1/ PTR FAMILY 8.4
g3323	-1.2543	9.588326e-03	2.018	yes	Ubiquinone biosynthesis O-methyltransferase
g2968	1.6333	9.606130e-03	2.017	yes	NA
g4659	0.8199	9.712251e-03	2.013	yes	NA
g3137	0.9192	9.724532e-03	2.012	yes	NA
g225	-2.1143	9.724532e-03	2.012	yes	Probable glucitol transport protein GutA
g8166	-1.5498	9.785087e-03	2.009	yes	NA
g1102	-1.2331	9.815691e-03	2.008	yes	NA
g419	1.0765	9.815691e-03	2.008	yes	Cysteine dioxygenase type 1
g7848	-0.9463	1.001490e-02	1.999	yes	Serine/threonine-protein kinase YPK1
g7973	-1.3782	1.001509e-02	1.999	yes	Endonuclease III homolog
g3178	0.9450	1.011309e-02	1.995	yes	NA
g13867	-1.0674	1.015740e-02	1.993	yes	Protein DD3-3
g3369	1.2094	1.022053e-02	1.991	yes	NA
g5449	1.4118	1.024028e-02	1.990	yes	NADPH-dependent quinone oxidoreductase VAT1
g8203	-0.8092	1.033576e-02	1.986	yes	Transportin MOS14
g9362	-1.4235	1.034892e-02	1.985	yes	Two-pore potassium channel 1
g5060	-1.2001	1.034892e-02	1.985	yes	Structural maintenance of chromosomes protein 6B
g15113	-1.1745	1.045739e-02	1.981	yes	NA
g12025	-0.7917	1.045739e-02	1.981	yes	Splicing factor 3B subunit 2
g2813	-1.1114	1.045739e-02	1.981	yes	NA
g7071	-1.1021	1.050218e-02	1.979	yes	Ubiquitin carboxyl-terminal hydrolase 15
g7912	-0.8163	1.050218e-02	1.979	yes	Calcium-binding protein 39-like
g9325	-1.4768	1.057825e-02	1.976	yes	Phospholipid scramblase 1
g1867	0.7580	1.060958e-02	1.974	yes	NA
g568	0.9655	1.060958e-02	1.974	yes	Uracil-regulated protein 1
g12070	-1.3161	1.082390e-02	1.966	yes	NA
g15305	0.9802	1.083896e-02	1.965	yes	Calcium/calmodulin-dependent protein kinase type 1B
g13154	-1.6636	1.087842e-02	1.963	yes	NA
g14002	-0.8113	1.090363e-02	1.962	yes	Receptor expression-enhancing protein 5
g8109	-1.2546	1.093238e-02	1.961	yes	Biogenesis of lysosome-related organelles complex 1 subunit 2
g8019	-0.9254	1.102591e-02	1.958	yes	Periodic tryptophan protein 2 homolog
g8663	0.6104	1.102591e-02	1.958	yes	Sodium-dependent phosphate transport protein 2B
g8567	1.0154	1.120530e-02	1.951	yes	NA
g10687	-0.7550	1.123249e-02	1.950	yes	Poly [ADP-ribose] polymerase 2-A
g240	-1.4209	1.133313e-02	1.946	yes	Pleckstrin homology domain-containing family A member 1
g512	-1.4637	1.134818e-02	1.945	yes	NA
g11754	0.7873	1.134818e-02	1.945	yes	NA
g3747	-0.6051	1.150955e-02	1.939	yes	NA
g8190	-1.1181	1.160337e-02	1.935	yes	NA
g8223	-0.8359	1.169655e-02	1.932	yes	NA
g10748	-2.0210	1.178355e-02	1.929	yes	NA
g8153	-0.8013	1.179913e-02	1.928	yes	NA
g8147	-0.8071	1.190893e-02	1.924	yes	NA
g9369	-1.1243	1.202792e-02	1.920	yes	Putative mitochondrial 2-oxoglutarate/malate carrier protein
g14721	0.6476	1.203384e-02	1.920	yes	Probable myosin light chain kinase DDB_G0271550
g155	-0.7284	1.209616e-02	1.917	yes	NA
g6743	-1.2225	1.210218e-02	1.917	yes	NA
g3071	1.1553	1.210686e-02	1.917	yes	Protein O-glucosyltransferase 2
g4204	2.1532	1.214740e-02	1.916	yes	NA
g14211	-1.3522	1.214740e-02	1.916	yes	3',5'-cyclic-nucleotide phosphodiesterase regA
g15662	-1.2172	1.214740e-02	1.916	yes	NA
g8887	-0.6827	1.214740e-02	1.916	yes	NA
g1338	-1.0687	1.215798e-02	1.915	yes	NA
g10428	-0.7760	1.247508e-02	1.904	yes	Myb-related protein A
g10331	0.8373	1.261675e-02	1.899	yes	Putative cystathionine beta-synthase MT1108
g3631	-0.7219	1.263924e-02	1.898	yes	NA
g15036	0.8762	1.263924e-02	1.898	yes	Ribosomal protein S6 kinase alpha-6
g3873	0.8689	1.267652e-02	1.897	yes	Phosphatidylinositol/phosphatidylcholine transfer protein SFH2
g14260	-1.4093	1.267862e-02	1.897	yes	NA
g13400	-1.6774	1.284168e-02	1.891	yes	NA
g9702	-1.0478	1.295538e-02	1.888	yes	NA
g10266	0.8851	1.295538e-02	1.888	yes	NA
g1237	-1.2889	1.296413e-02	1.887	yes	NA
g8224	-1.1208	1.306327e-02	1.884	yes	ATP-dependent RecD2 DNA helicase
g4222	0.8174	1.309451e-02	1.883	yes	NA
g5229	-1.8406	1.321661e-02	1.879	yes	NA
g2325	0.8206	1.327249e-02	1.877	yes	NA
g7802	-0.6419	1.331079e-02	1.876	yes	Ubiquitin-conjugating enzyme E2 2
g12161	-1.2109	1.345002e-02	1.871	yes	NA
g3292	-1.5573	1.348440e-02	1.870	yes	NA
g3081	1.2542	1.355470e-02	1.868	yes	E3 ubiquitin-protein ligase RNF181
g8997	1.1021	1.358184e-02	1.867	yes	NA
g15614	-1.5935	1.368080e-02	1.864	yes	NA
g8171	-0.6954	1.376351e-02	1.861	yes	N-terminal acetyltransferase A complex auxiliary subunit NAA15
g2097	-0.6528	1.377071e-02	1.861	yes	66 kDa stress protein
g10579	-1.2218	1.380776e-02	1.860	yes	Rho GTPase-activating protein 22
g12204	-1.0050	1.386112e-02	1.858	yes	NA
g15210	-0.7986	1.392250e-02	1.856	yes	NA
g1595	-2.4781	1.394579e-02	1.856	yes	NA
g388	0.8068	1.397926e-02	1.855	yes	FH protein interacting protein FIP2
g7383	1.2412	1.403880e-02	1.853	yes	NA
g12138	-1.0658	1.405568e-02	1.852	yes	NA
g8197	-1.0007	1.406958e-02	1.852	yes	Ultraviolet-B receptor UVR8
g7813	-0.6457	1.411682e-02	1.850	yes	JmjC domain-containing protein F
g3651	1.2863	1.414753e-02	1.849	yes	Ribosomal protein S6 kinase alpha-2
g6589	0.9360	1.414753e-02	1.849	yes	NA
g14569	-1.5927	1.435936e-02	1.843	yes	NA
g8205	-0.8986	1.437639e-02	1.842	yes	Alpha-(1,3)-fucosyltransferase FucT
g1664	-1.1091	1.440163e-02	1.842	yes	NA
g7786	-1.2217	1.442215e-02	1.841	yes	L-asparaginase 1
g6733	-0.7853	1.442215e-02	1.841	yes	NA
g4532	-1.0815	1.442215e-02	1.841	yes	NA
g8794	0.8871	1.442215e-02	1.841	yes	Probable sodium/sulfate cotransporter 3
g4582	0.6679	1.457475e-02	1.836	yes	NA
g5160	-2.1584	1.457475e-02	1.836	yes	NA
g12268	-1.1974	1.461372e-02	1.835	yes	Protein NRT1/ PTR FAMILY 8.3
g275	-1.1965	1.463539e-02	1.835	yes	NA
g4605	1.5679	1.471115e-02	1.832	yes	Histone H2A
g12064	-1.2288	1.481584e-02	1.829	yes	NA
g8142	-0.6591	1.485630e-02	1.828	yes	Lysine-specific histone demethylase 1 homolog 3
g12043	-0.6487	1.485630e-02	1.828	yes	Intermembrane lipid transfer protein VPS13
g10389	-1.2581	1.491339e-02	1.826	yes	NA
g12111	-0.6795	1.491339e-02	1.826	yes	NA
g3601	-1.0191	1.492254e-02	1.826	yes	Probable serine/threonine-protein kinase DDB_G0267514
g3461	0.9183	1.509042e-02	1.821	yes	Multicopper oxidase mco
g2531	0.9259	1.509042e-02	1.821	yes	Chaperone protein DnaJ
g9937	0.7811	1.515122e-02	1.820	yes	ABC transporter G family member 1
g6674	0.8169	1.529517e-02	1.815	yes	NA
g9279	-1.2549	1.536838e-02	1.813	yes	NA
g5618	2.4214	1.541305e-02	1.812	yes	NA
g15288	-0.8185	1.546238e-02	1.811	yes	Surfeit locus protein 2
g1864	1.7319	1.554198e-02	1.808	yes	Tubulin polyglutamylase ttll6
g15115	-1.3696	1.560253e-02	1.807	yes	NA
g14846	-1.3193	1.560465e-02	1.807	yes	Probable protein phosphatase 2C 27
g12435	1.6643	1.565326e-02	1.805	yes	NA
g12142	-0.9989	1.565326e-02	1.805	yes	D-inositol 3-phosphate glycosyltransferase
g1033	1.1446	1.570355e-02	1.804	yes	NA
g13967	0.8387	1.586127e-02	1.800	yes	Prolyl 4-hydroxylase subunit alpha
g1314	-0.7953	1.586127e-02	1.800	yes	Guanine nucleotide-binding protein subunit alpha
g10812	1.2079	1.586127e-02	1.800	yes	Acyl-coenzyme A thioesterase 4, mitochondrial
g5813	0.9486	1.607138e-02	1.794	yes	Cyclin-U1-1
g10952	0.9799	1.620652e-02	1.790	yes	G protein-coupled receptor-associated protein LMBRD2
g14151	0.6426	1.646049e-02	1.784	yes	Intermembrane lipid transfer protein vps1301
g3914	-2.4677	1.647406e-02	1.783	yes	NA
g1248	-1.6193	1.651922e-02	1.782	yes	NA
g10249	-0.9348	1.668013e-02	1.778	yes	Macrophage migration inhibitory factor
g10966	-1.0051	1.678472e-02	1.775	yes	Disintegrin and metalloproteinase domain-containing protein B
g7876	-1.1959	1.686986e-02	1.773	yes	DNA-directed RNA polymerases II, IV and V subunit 12
g8002	-1.9557	1.686986e-02	1.773	yes	Methylsterol monooxygenase 2-2
g8152	-0.7948	1.687474e-02	1.773	yes	Putative UDP-glucuronate:xylan alpha-glucuronosyltransferase 3
g8007	-0.8345	1.687474e-02	1.773	yes	NA
g3654	-1.4171	1.694852e-02	1.771	yes	NA
g7620	-1.9723	1.704682e-02	1.768	yes	NA
g8385	-1.0290	1.733823e-02	1.761	yes	NA
g14414	-1.9718	1.735113e-02	1.761	yes	LIM domain kinase 1
g4969	-2.0631	1.735113e-02	1.761	yes	NA
g10007	-1.1264	1.735113e-02	1.761	yes	Phosphatidylinositol 4-kinase
g7771	-0.8699	1.735113e-02	1.761	yes	NA
g10125	0.6331	1.735113e-02	1.761	yes	ABC transporter A family member 1
g3928	-0.9154	1.735113e-02	1.761	yes	Hydroxymethylglutaryl-CoA synthase A
g6124	-0.5903	1.744611e-02	1.758	yes	Ribosomal protein S6 kinase alpha-2
g13277	0.9752	1.749562e-02	1.757	yes	NA
g8972	-1.1107	1.771241e-02	1.752	yes	Myosin-VIIa
g7923	-0.7802	1.777105e-02	1.750	yes	AMP deaminase
g11255	-0.7182	1.793407e-02	1.746	yes	NA
g4218	-0.7799	1.799824e-02	1.745	yes	NA
g5827	1.1939	1.806310e-02	1.743	yes	NA
g12162	-0.8620	1.810895e-02	1.742	yes	NA
g13315	-1.2337	1.821067e-02	1.740	yes	Putative pumilio homolog 8, chloroplastic
g10314	0.7131	1.843516e-02	1.734	yes	Fumarate hydratase, mitochondrial
g2951	-1.2274	1.873752e-02	1.727	yes	Protein DNA-DAMAGE INDUCIBLE 1
g9998	-2.1416	1.876022e-02	1.727	yes	NA
g2066	0.7553	1.880351e-02	1.726	yes	NA
g12068	-0.9232	1.885376e-02	1.725	yes	ATP-dependent RNA helicase DHX29
g6423	-1.1089	1.889499e-02	1.724	yes	NA
g837	0.8437	1.896025e-02	1.722	yes	NA
g15188	-0.9999	1.896808e-02	1.722	yes	NA
g10828	-0.6456	1.910247e-02	1.719	yes	NA
g15878	0.8184	1.931588e-02	1.714	yes	Rab GTPase-activating protein eat-17
g7806	-2.2632	1.945599e-02	1.711	yes	NA
g12129	-0.8202	1.975660e-02	1.704	yes	2',5'-phosphodiesterase 12
g8159	-1.1643	1.999953e-02	1.699	yes	NA
g8533	-1.2679	2.012633e-02	1.696	yes	Multiple C2 and transmembrane domain-containing protein 1
g8034	-1.2100	2.012633e-02	1.696	yes	Bax inhibitor 1
g8013	-0.8534	2.013001e-02	1.696	yes	NA
g8165	-1.1686	2.015973e-02	1.696	yes	NA
g1077	0.7256	2.027118e-02	1.693	yes	Vacuolar protein sorting-associated protein 32 homolog 1
g6649	-1.4465	2.031260e-02	1.692	yes	NA
g972	-1.0241	2.031260e-02	1.692	yes	2Fe-2S ferredoxin
g8823	-2.3277	2.058799e-02	1.686	yes	E3 ubiquitin-protein ligase SspH1
g9461	0.9700	2.074075e-02	1.683	yes	N-acyl-aromatic-L-amino acid amidohydrolase (carboxylate-forming)
g8264	-1.0329	2.076377e-02	1.683	yes	Ankyrin repeat and BTB/POZ domain-containing protein 1
g8120	-0.7158	2.097983e-02	1.678	yes	NA
g7963	-0.8889	2.100635e-02	1.678	yes	NA
g9974	-0.7296	2.104340e-02	1.677	yes	High molecular weight form of myosin-1
g13724	-0.9142	2.116432e-02	1.674	yes	Gigasin-3a
g9495	-0.9146	2.119285e-02	1.674	yes	Ergothioneine biosynthesis protein A
g6325	-1.7524	2.128235e-02	1.672	yes	Muscle-specific protein 20
g8406	0.8906	2.158369e-02	1.666	yes	NA
g13729	-0.8786	2.158916e-02	1.666	yes	Ileal sodium/bile acid cotransporter
g11875	-0.6569	2.192898e-02	1.659	yes	Eukaryotic translation initiation factor 3 subunit J-A
g13687	0.7375	2.194550e-02	1.659	yes	Exosome complex component 10
g12210	-2.1714	2.199569e-02	1.658	yes	Multiple C2 and transmembrane domain-containing protein 1
g15119	-2.0263	2.211870e-02	1.655	yes	NA
g7844	-0.9990	2.211870e-02	1.655	yes	Transmembrane protein 184A
g5786	-0.8384	2.214375e-02	1.655	yes	Glutathione gamma-glutamylcysteinyltransferase 2
g10845	0.6800	2.224781e-02	1.653	yes	Probable protein phosphatase 2C 71
g8284	-0.6104	2.229204e-02	1.652	yes	Arylsulfatase
g5165	-1.7642	2.229204e-02	1.652	yes	E3 ubiquitin-protein ligase SspH1
g312	-3.1013	2.229684e-02	1.652	yes	Protein psiK
g10857	-1.4897	2.240477e-02	1.650	yes	Transient receptor potential cation channel subfamily A member 1 homolog
g1564	-0.7490	2.249956e-02	1.648	yes	Protein mono-ADP-ribosyltransferase PARP6
g11309	0.7981	2.257771e-02	1.646	yes	PHAF1 protein At3g51130
g3804	0.8368	2.257771e-02	1.646	yes	Mitochondrial Rho GTPase 2
g8189	-0.8382	2.257771e-02	1.646	yes	DNA replication licensing factor MCM2
g10486	-1.5763	2.259092e-02	1.646	yes	Probable serine/threonine-protein kinase DDB_G0272254
g5162	1.2741	2.261995e-02	1.646	yes	NA
g4161	-0.9645	2.261995e-02	1.646	yes	NA
g8869	-1.6001	2.281851e-02	1.642	yes	NA
g4286	1.5786	2.310922e-02	1.636	yes	NA
g6149	-0.6543	2.314855e-02	1.635	yes	ATP-dependent RNA helicase has1
g8761	0.9300	2.314855e-02	1.635	yes	NA
g5424	-1.2857	2.317911e-02	1.635	yes	Sodium/hydrogen exchanger 8
g7404	0.8114	2.326133e-02	1.633	yes	ABC transporter C family member 3
g4214	-1.5523	2.339873e-02	1.631	yes	NA
g4995	1.0905	2.339873e-02	1.631	yes	NA
g781	-0.6841	2.340518e-02	1.631	yes	Protein kinase 2
g7943	-0.7962	2.395641e-02	1.621	yes	Protein regulator of cytokinesis 1
g14365	1.3051	2.395641e-02	1.621	yes	DnaJ homolog subfamily B member 6
g3400	-1.7719	2.403971e-02	1.619	yes	Importin subunit alpha-1a
g12947	1.0563	2.425947e-02	1.615	yes	Protein JOKA2
g4630	1.0279	2.425947e-02	1.615	yes	Probable 1-acylglycerol-3-phosphate O-acyltransferase
g3189	-1.0764	2.426260e-02	1.615	yes	NA
g12357	0.8051	2.428153e-02	1.615	yes	NA
g3432	0.8039	2.428153e-02	1.615	yes	Glutaredoxin 1
g12029	-0.7971	2.442529e-02	1.612	yes	Trifunctional purine biosynthetic protein adenosine-3
g6299	1.2515	2.446361e-02	1.611	yes	NA
g15940	0.9047	2.446361e-02	1.611	yes	NA
g7468	-0.6481	2.446361e-02	1.611	yes	Kelch domain-containing protein 4
g8254	-0.6982	2.475267e-02	1.606	yes	Vacuolar basic amino acid transporter vsb1
g15067	-0.8065	2.475267e-02	1.606	yes	Cytochrome P450 704C1
g2457	-1.2264	2.475267e-02	1.606	yes	NA
g7858	-0.9668	2.475267e-02	1.606	yes	NA
g7817	-0.9954	2.477603e-02	1.606	yes	14-3-3 protein zeta/delta
g12665	-0.7166	2.505922e-02	1.601	yes	NA
g4891	1.0722	2.510316e-02	1.600	yes	Crystallin J1C
g12442	0.7717	2.510316e-02	1.600	yes	Inositol hexakisphosphate kinase 3
g4448	-1.4077	2.515851e-02	1.599	yes	NA
g12112	-0.8383	2.517264e-02	1.599	yes	NA
g9731	-0.9835	2.549882e-02	1.593	yes	NA
g15164	-3.2130	2.549882e-02	1.593	yes	NA
g4089	0.9535	2.574589e-02	1.589	yes	Elongation factor 3
g6698	-1.0127	2.576817e-02	1.589	yes	ABC transporter A family member 1
g13823	-1.1517	2.583231e-02	1.588	yes	Chromate transport protein
g7465	-2.0641	2.583231e-02	1.588	yes	NA
g7782	-1.4327	2.583231e-02	1.588	yes	Cytidine deaminase 6
g15069	-2.2271	2.583231e-02	1.588	yes	NA
g2667	-1.6934	2.583231e-02	1.588	yes	Band 7 domain-containing protein MJ0827
g7599	0.8399	2.583231e-02	1.588	yes	NA
g5530	-1.2842	2.583231e-02	1.588	yes	NA
g7374	-1.2443	2.583231e-02	1.588	yes	NA
g4363	-1.1231	2.585641e-02	1.587	yes	NA
g2661	-0.7744	2.600216e-02	1.585	yes	Beta-lactamase domain-containing protein 2
g8270	-1.0100	2.608081e-02	1.584	yes	DEAD-box ATP-dependent RNA helicase 36
g12166	-0.5688	2.685037e-02	1.571	yes	ADP-ribosylation factor
g2061	-0.6335	2.703775e-02	1.568	yes	NA
g12044	-0.6623	2.704360e-02	1.568	yes	ATP-sensitive inward rectifier potassium channel 12
g2424	1.2779	2.719303e-02	1.566	yes	NA
g5034	0.9853	2.729918e-02	1.564	yes	Cell division control protein 48 homolog A
g1383	-0.7434	2.729918e-02	1.564	yes	NA
g11960	-1.3177	2.745321e-02	1.561	yes	Bifunctional adenosine 5'-phosphosulfate phosphorylase/adenylylsulfatase HINT4
g2309	1.6164	2.747730e-02	1.561	yes	NA
g15109	-1.6491	2.758241e-02	1.559	yes	NA
g11262	1.0029	2.764873e-02	1.558	yes	NA
g7820	-0.9029	2.783451e-02	1.555	yes	GIGYF family protein Gyf
g8479	1.4964	2.789170e-02	1.555	yes	Transcription factor MYB3R-5
g8116	-0.6112	2.844381e-02	1.546	yes	Fumarate reductase
g8141	-0.9899	2.896171e-02	1.538	yes	Sodium/potassium/calcium exchanger 5
g5726	-2.0428	2.906007e-02	1.537	yes	NA
g12096	-0.8995	2.911222e-02	1.536	yes	NADH-cytochrome b5 reductase 2
g5933	-1.2122	2.911222e-02	1.536	yes	NA
g3868	-0.7336	2.928680e-02	1.533	yes	Cytochrome P450 CYP94D108
g2613	-1.8522	2.966795e-02	1.528	yes	NA
g5670	-0.7471	2.966795e-02	1.528	yes	ATP-dependent DNA helicase Q1
g8228	-2.0798	2.970430e-02	1.527	yes	Kinesin-II 95 kDa subunit
g29	-1.7980	3.016443e-02	1.521	yes	Disintegrin and metalloproteinase domain-containing protein B
g10625	0.7288	3.017145e-02	1.520	yes	NA
g5331	-0.8158	3.017894e-02	1.520	yes	Muscle LIM protein Mlp84B
g7735	-1.0661	3.018956e-02	1.520	yes	Cyclic GMP-binding protein C
g8204	-0.9785	3.023328e-02	1.520	yes	SPRY domain-containing protein 7
g12153	-0.9764	3.024877e-02	1.519	yes	NA
g6387	0.5862	3.030205e-02	1.519	yes	Long-chain-fatty-acid--CoA ligase 5
g11256	0.6789	3.042777e-02	1.517	yes	Calcium/calmodulin-dependent protein kinase kinase 2
g792	-1.1087	3.045014e-02	1.516	yes	NA
g2955	-2.1234	3.063370e-02	1.514	yes	NA
g794	-1.1084	3.064198e-02	1.514	yes	Probable ubiquitin carboxyl-terminal hydrolase MINDY-4
g6816	-0.8720	3.064198e-02	1.514	yes	Monoterpene epsilon-lactone hydrolase
g9346	-1.0588	3.069433e-02	1.513	yes	NA
g5795	1.5469	3.093544e-02	1.510	yes	Protein ENHANCED DISEASE RESISTANCE 2-like
g3874	0.6603	3.146376e-02	1.502	yes	NA
g14387	-1.4111	3.150869e-02	1.502	yes	NA
g15423	0.5414	3.160103e-02	1.500	yes	E3 ubiquitin-protein ligase HERC2
g1529	-1.2670	3.160124e-02	1.500	yes	NA
g12016	-1.2139	3.175995e-02	1.498	yes	NA
g15249	-0.7124	3.183833e-02	1.497	yes	Eukaryotic translation initiation factor 3 subunit D
g10823	-1.0429	3.185367e-02	1.497	yes	NA
g1086	0.6122	3.206651e-02	1.494	yes	Probable protein phosphatase 2C 5
g7843	-0.7095	3.239366e-02	1.490	yes	Pre-mRNA-splicing factor prp1
g15103	-1.2218	3.244767e-02	1.489	yes	Actin
g4572	0.7940	3.265301e-02	1.486	yes	NA
g14345	0.7614	3.297679e-02	1.482	yes	NA
g5833	0.7818	3.329394e-02	1.478	yes	Thioredoxin
g15964	-1.2652	3.413547e-02	1.467	yes	Myosin-2
g2527	0.6143	3.415426e-02	1.467	yes	Linear gramicidin synthase subunit D
g7823	-0.7111	3.426701e-02	1.465	yes	Integral membrane protein GPR180
g1927	-1.5296	3.441624e-02	1.463	yes	NA
g6272	-0.6327	3.441628e-02	1.463	yes	Signal recognition particle subunit SRP68
g2488	0.6448	3.464128e-02	1.460	yes	Prohibitin-2
g5223	-0.9540	3.466286e-02	1.460	yes	NA
g1963	0.6713	3.491659e-02	1.457	yes	NA
g9043	-1.7003	3.511408e-02	1.455	yes	Nuclear distribution protein nudF
g9833	-0.7540	3.515772e-02	1.454	yes	ATP-dependent RNA helicase DBP3
g7665	0.9522	3.523871e-02	1.453	yes	NA
g8724	1.5348	3.525979e-02	1.453	yes	DnaJ homolog subfamily C member 7 homolog
g15182	-1.0053	3.525979e-02	1.453	yes	Gelsolin-like protein 1
g9079	-1.2459	3.525979e-02	1.453	yes	Probable serine/threonine-protein kinase DDB_G0268876
g4213	-2.3537	3.573379e-02	1.447	yes	NA
g7014	-1.4423	3.590311e-02	1.445	yes	GDP-fucose protein O-fucosyltransferase 4
g7326	-1.5969	3.590311e-02	1.445	yes	NA
g433	-0.7642	3.593054e-02	1.445	yes	NA
g6498	1.2238	3.593054e-02	1.445	yes	NA
g12094	-1.1029	3.611505e-02	1.442	yes	Phosphatidylinositol transfer protein CSR1
g8073	-1.1669	3.611505e-02	1.442	yes	NA
g8145	-1.4558	3.611505e-02	1.442	yes	NA
g6308	-0.6625	3.622619e-02	1.441	yes	Hydroxyproline O-arabinosyltransferase RDN2
g7994	-1.6091	3.628679e-02	1.440	yes	Glutathione gamma-glutamylcysteinyltransferase 2
g1961	-0.6206	3.628679e-02	1.440	yes	Probable glutamate--tRNA ligase, cytoplasmic
g5308	-1.4649	3.631092e-02	1.440	yes	Protein rliB
g10637	-1.8542	3.631092e-02	1.440	yes	Inorganic pyrophosphatase
g15957	0.5337	3.661914e-02	1.436	yes	NA
g1776	-1.9281	3.661914e-02	1.436	yes	NA
g6225	0.7830	3.661914e-02	1.436	yes	UV excision repair protein rhp23
g8216	-1.1034	3.675875e-02	1.435	yes	D-galactarolactone cycloisomerase
g2840	0.7495	3.689285e-02	1.433	yes	Anti-sigma-I factor RsgI3
g6382	2.0916	3.706020e-02	1.431	yes	NA
g8207	-0.7363	3.706257e-02	1.431	yes	Glutathione S-transferase kappa 1
g7791	-1.2364	3.732379e-02	1.428	yes	NA
g14386	-1.4637	3.733342e-02	1.428	yes	NA
g6613	-0.7791	3.749645e-02	1.426	yes	Phenyloxazoline synthase MbtB
g12783	-1.3688	3.799685e-02	1.420	yes	MOB kinase activator-like 1 homolog B
g3907	-0.5897	3.803907e-02	1.420	yes	Coronin-1C
g9037	0.8948	3.806337e-02	1.419	yes	Nose resistant to fluoxetine protein 6
g1932	1.6838	3.809751e-02	1.419	yes	NA
g7318	-0.9122	3.826891e-02	1.417	yes	Uncharacterized urease accessory protein ureG-like
g11999	0.7186	3.845592e-02	1.415	yes	NA
g169	-0.7560	3.847364e-02	1.415	yes	Nudix hydrolase 8
g12134	-0.7473	3.864317e-02	1.413	yes	NA
g12941	0.5637	3.864317e-02	1.413	yes	NA
g10597	-2.0604	3.865069e-02	1.413	yes	NA
g8006	-0.9602	3.877437e-02	1.411	yes	Serine/threonine-protein phosphatase 4 regulatory subunit 2-A
g1169	1.2278	3.895719e-02	1.409	yes	DENN domain-containing protein 4C
g14636	0.5988	3.901796e-02	1.409	yes	Alpha-aminoadipic semialdehyde synthase
g12045	-1.1473	3.901796e-02	1.409	yes	Lysosomal phospholipase A and acyltransferase
g1548	0.6413	3.907481e-02	1.408	yes	Probable carboxypeptidase S-like 2
g9408	-1.2307	3.921072e-02	1.407	yes	von Willebrand factor A domain-containing protein 5B1
g12049	-0.7678	3.937019e-02	1.405	yes	E3 ubiquitin-protein ligase RNF123
g3278	0.8959	3.950298e-02	1.403	yes	NA
g2596	-0.6295	3.950298e-02	1.403	yes	NA
g15178	0.6670	3.950494e-02	1.403	yes	NA
g5735	0.8347	3.956791e-02	1.403	yes	GTP cyclohydrolase-2
g12807	0.8733	3.956791e-02	1.403	yes	Trypsin
g3847	0.5260	3.956791e-02	1.403	yes	Probable alpha-mannosidase At5g66150
g15443	-0.9156	3.956791e-02	1.403	yes	Coactosin
g7772	-0.7070	3.956791e-02	1.403	yes	Serine/threonine-protein kinase rio2
g3094	0.7098	3.962208e-02	1.402	yes	2-acylglycerol O-acyltransferase 1
g7974	-0.8697	3.964591e-02	1.402	yes	NA
g9642	0.6531	3.979039e-02	1.400	yes	Phosphatidylserine decarboxylase proenzyme 1, mitochondrial
g13138	0.9578	3.981430e-02	1.400	yes	Probable myosin light chain kinase DDB_G0282429
g8191	-1.1727	3.981430e-02	1.400	yes	NA
g12871	0.5717	3.987981e-02	1.399	yes	Lysophosphatidylcholine acyltransferase 2
g1142	0.5719	4.004172e-02	1.397	yes	NA
g272	0.7505	4.158438e-02	1.381	yes	Sulfhydryl oxidase 1
g15132	-1.7238	4.171337e-02	1.380	yes	NA
g5725	-0.6036	4.189565e-02	1.378	yes	L-lactate dehydrogenase (cytochrome)
g15948	2.4326	4.217878e-02	1.375	yes	Kinesin-like protein KIN-14Q
g2573	-0.5439	4.256988e-02	1.371	yes	Probable uroporphyrinogen-III C-methyltransferase
g15350	-1.0988	4.256988e-02	1.371	yes	cGMP-dependent 3',5'-cGMP phosphodiesterase A
g15200	-0.9868	4.260661e-02	1.371	yes	NA
g10590	2.0241	4.295339e-02	1.367	yes	Cilium assembly protein DZIP1L
g1634	0.8720	4.295681e-02	1.367	yes	NA
g9096	0.7885	4.303103e-02	1.366	yes	Probable myosin light chain kinase DDB_G0282429
g2248	-0.8409	4.303103e-02	1.366	yes	NADH dehydrogenase [ubiquinone] 1 beta subcomplex subunit 2
g476	-2.1774	4.334149e-02	1.363	yes	m7GpppN-mRNA hydrolase NUDT17
g2256	0.6194	4.334149e-02	1.363	yes	GTP-binding protein 1
g9641	-1.2859	4.334149e-02	1.363	yes	NA
g928	-0.6289	4.361356e-02	1.360	yes	Gamma-aminobutyric acid type B receptor subunit 2
g7937	-1.8901	4.392614e-02	1.357	yes	NA
g7757	0.9496	4.397433e-02	1.357	yes	Serine/threonine-protein kinase EDR1
g14100	0.5900	4.431445e-02	1.353	yes	Ubiquitin carboxyl-terminal hydrolase 32
g3599	-1.2181	4.446453e-02	1.352	yes	NA
g13714	1.0627	4.475406e-02	1.349	yes	NA
g7783	-0.6321	4.491514e-02	1.348	yes	Histone H3.2
g1527	-1.3161	4.491514e-02	1.348	yes	NA
g4425	-2.5729	4.509493e-02	1.346	yes	NA
g4609	0.6207	4.531612e-02	1.344	yes	THO complex subunit 2
g6791	0.8799	4.547212e-02	1.342	yes	NA
g7976	-1.1733	4.549920e-02	1.342	yes	Poly [ADP-ribose] polymerase 1
g2475	-1.4234	4.549920e-02	1.342	yes	NA
g8050	-0.5769	4.549920e-02	1.342	yes	RalBP1-associated Eps domain-containing protein 1
g8326	-0.8824	4.551121e-02	1.342	yes	Serine/threonine-protein phosphatase 4 catalytic subunit
g15741	0.9443	4.560075e-02	1.341	yes	Probable phospholipid-transporting ATPase IM
g5134	-1.0160	4.562094e-02	1.341	yes	NA
g12548	-0.7031	4.579984e-02	1.339	yes	Protein unc-45 homolog A
g14171	-0.6537	4.591608e-02	1.338	yes	NA
g7906	-1.0669	4.591608e-02	1.338	yes	AIG2-like protein C
g6675	0.6178	4.601524e-02	1.337	yes	E3 ubiquitin-protein ligase AIRP2
g12164	-0.6007	4.605983e-02	1.337	yes	ADP-ribosylation factor
g7579	-0.7881	4.613247e-02	1.336	yes	NA
g9725	0.6878	4.614100e-02	1.336	yes	NA
g4145	-1.5813	4.617899e-02	1.336	yes	NA
g3773	-0.5419	4.618496e-02	1.335	yes	NA
g1528	-1.1865	4.618496e-02	1.335	yes	NA
g14629	0.5779	4.618496e-02	1.335	yes	Vacuolar-sorting receptor 1
g7989	-0.7979	4.687741e-02	1.329	yes	Branched-chain-amino-acid aminotransferase
g2306	0.7916	4.737471e-02	1.324	yes	NA
g13728	-1.1881	4.764499e-02	1.322	yes	Fatty acyl-CoA reductase
g3732	-1.5143	4.778672e-02	1.321	yes	NA
g11904	0.8297	4.788038e-02	1.320	yes	Iron-sulfur cluster assembly enzyme ISCU
g12252	-1.0593	4.788038e-02	1.320	yes	NA
g13447	0.7053	4.808467e-02	1.318	yes	DnaJ homolog subfamily C member 11
g8447	1.5934	4.808467e-02	1.318	yes	NA
g5803	-0.9085	4.825098e-02	1.316	yes	Regulator of nonsense transcripts 1
g2278	-0.5657	4.825098e-02	1.316	yes	Glutamine synthetase cytosolic isozyme
g5000	1.1086	4.828241e-02	1.316	yes	Stress-induced-phosphoprotein 1
g11883	-0.7028	4.849848e-02	1.314	yes	Regulator of telomere elongation helicase 1 homolog
g6708	1.0204	4.865439e-02	1.313	yes	CBS domain-containing protein CBSX3, mitochondrial
g7785	-0.7267	4.873938e-02	1.312	yes	E3 ubiquitin-protein ligase UPL6
g845	-1.2868	4.901720e-02	1.310	yes	NA
g11371	-0.7223	4.907541e-02	1.309	yes	Phosphoenolpyruvate carboxykinase (ATP)
g14624	1.3135	4.910180e-02	1.309	yes	Histidine ammonia-lyase
g6043	-0.5635	4.929595e-02	1.307	yes	NA
g1050	1.2672	4.933192e-02	1.307	yes	NA
g2575	-0.5149	4.951983e-02	1.305	yes	High affinity nitrate transporter 2.5
g10717	0.6716	4.960698e-02	1.304	yes	Serine carboxypeptidase-like 20
g2506	0.5266	4.965860e-02	1.304	yes	NA
g5729	0.7399	4.965860e-02	1.304	yes	NA
g2986	-0.5788	4.972462e-02	1.303	yes	NA
g9820	1.7839	4.981036e-02	1.303	yes	Putative S-adenosyl-L-methionine-dependent methyltransferase MSMEG_0614/MSMEI_0598
g5362	-1.4283	4.994617e-02	1.301	yes	NA
g11636	0.6444	4.994617e-02	1.301	yes	NA
g11797	1.0742	4.994617e-02	1.301	yes	NA
g9864	-1.4187	5.022314e-02	1.299	no	Probable protein phosphatase 2C 72
g5944	-1.6056	5.022314e-02	1.299	no	Pleckstrin homology domain-containing family A member 1
g15921	1.0445	5.022314e-02	1.299	no	F-box DNA helicase 1
g15292	-0.8935	5.028010e-02	1.299	no	Serine/threonine-protein kinase pakA
g12081	-0.9097	5.029885e-02	1.298	no	Sodium/hydrogen exchanger 7
g6327	0.7224	5.043895e-02	1.297	no	NA
g15140	0.6184	5.044434e-02	1.297	no	NA
g7910	-0.6153	5.049915e-02	1.297	no	Putative GTPase-activating protein AN11010
g11597	-1.0307	5.084896e-02	1.294	no	Probable protein phosphatase 2C 2
g10700	-0.9685	5.097307e-02	1.293	no	NA
g7178	0.4806	5.097582e-02	1.293	no	NA
g7746	0.6255	5.102121e-02	1.292	no	UMP-CMP kinase
g10287	0.7760	5.130604e-02	1.290	no	NA
g8075	-0.5177	5.135545e-02	1.289	no	Secernin-2
g4987	0.6806	5.141384e-02	1.289	no	von Willebrand factor A domain-containing protein 8
g8112	-0.6776	5.149483e-02	1.288	no	Serine/threonine-protein kinase pakC
g12994	0.8797	5.149483e-02	1.288	no	NA
g438	-1.5647	5.162028e-02	1.287	no	Gamma-aminobutyric acid type B receptor subunit 2
g12670	0.6658	5.162663e-02	1.287	no	Arylsulfatase I
g8715	2.4661	5.166639e-02	1.287	no	Probable nucleoredoxin 1
g8179	-0.7037	5.166738e-02	1.287	no	NA
g15713	0.5372	5.172281e-02	1.286	no	Transcription factor MYB3R-2
g14390	-0.7050	5.173237e-02	1.286	no	NA
g7959	-0.7588	5.175005e-02	1.286	no	Vesicle transport v-SNARE 12
g5305	-0.9729	5.186328e-02	1.285	no	G8 domain-containing protein DDB_G0286897
g920	-1.0104	5.205535e-02	1.284	no	Probable metal-nicotianamine transporter YSL6
g8386	1.5422	5.208900e-02	1.283	no	NA
g1539	0.5428	5.208900e-02	1.283	no	NA
g10202	0.8747	5.223400e-02	1.282	no	Transcription factor MYB3R-2
g6976	1.6454	5.228863e-02	1.282	no	NA
g5889	-1.1037	5.233062e-02	1.281	no	Ubiquitin-like domain-containing CTD phosphatase 1
g14712	-1.5431	5.285692e-02	1.277	no	NA
g1396	0.7111	5.285692e-02	1.277	no	Sulfate transporter
g14401	0.8639	5.297744e-02	1.276	no	NA
g326	0.6121	5.329431e-02	1.273	no	Broad substrate specificity ATP-binding cassette transporter ABCG2
g11463	0.7800	5.340055e-02	1.272	no	Myb-related protein A
g8217	-0.9001	5.340055e-02	1.272	no	Solute carrier family 49 member 4 homolog
g8214	-0.7722	5.345455e-02	1.272	no	Uncharacterized TLC domain-containing protein C17A2.02c
g11239	-0.9189	5.350147e-02	1.272	no	Transcriptional activator Myb
g16087	-1.0445	5.353845e-02	1.271	no	NA
g11610	-0.8305	5.403298e-02	1.267	no	NA
g12642	-1.3917	5.403298e-02	1.267	no	NA
g2165	-0.9621	5.403298e-02	1.267	no	NA
g10356	-0.5677	5.414101e-02	1.266	no	Mycosubtilin synthase subunit A
g10103	0.9863	5.437313e-02	1.265	no	NA
g7832	-0.8563	5.450148e-02	1.264	no	Phosphoglycerate mutase-like protein 1
g3135	0.7732	5.451147e-02	1.264	no	NA
g3367	0.8403	5.505465e-02	1.259	no	TBC1 domain family member 31
g4640	-0.8876	5.517083e-02	1.258	no	NA
g7847	-1.2562	5.554742e-02	1.255	no	Pyrrolidone-carboxylate peptidase
g12959	-0.7258	5.554742e-02	1.255	no	NA
g7997	-0.6304	5.570151e-02	1.254	no	Sialate:O-sulfotransferase 1
g2572	0.7178	5.574316e-02	1.254	no	Cystathionine beta-lyase PatB
g12433	0.6007	5.592341e-02	1.252	no	NA
g4055	-1.1310	5.592341e-02	1.252	no	NA
g11276	0.7701	5.592341e-02	1.252	no	ABC transporter A family member 1
g8175	-0.5584	5.602710e-02	1.252	no	NA
g11022	0.8694	5.605730e-02	1.251	no	Luminal-binding protein 4
g12740	-1.6820	5.605730e-02	1.251	no	NA
g7938	-1.2998	5.605768e-02	1.251	no	NA
g10601	-0.7901	5.610923e-02	1.251	no	NA
g7709	0.7544	5.641734e-02	1.249	no	NA
g14863	-0.8882	5.679413e-02	1.246	no	Sorting nexin-4
g2413	0.7632	5.687082e-02	1.245	no	Uncharacterized transporter C18H10.16
g2437	-0.9324	5.693173e-02	1.245	no	Phosphatidylinositol 3-kinase 2
g8325	0.7428	5.703596e-02	1.244	no	Protein mono-ADP-ribosyltransferase PARP8
g3802	0.8989	5.723040e-02	1.242	no	Iduronate 2-sulfatase
g3157	0.8252	5.797181e-02	1.237	no	NA
g3499	0.5831	5.827235e-02	1.235	no	NA
g1557	0.5799	5.838374e-02	1.234	no	Phosphatidylinositol/phosphatidylcholine transfer protein SFH9
g7854	-0.7347	5.856082e-02	1.232	no	NA
g7285	-0.7544	5.881562e-02	1.231	no	NA
g4524	-0.8379	5.919075e-02	1.228	no	NA
g13643	0.7540	5.935249e-02	1.227	no	Serine/threonine-protein phosphatase 4 regulatory subunit 3B
g15328	0.8242	5.935249e-02	1.227	no	Copper-transporting ATPase HMA5
g2295	-0.8455	5.939641e-02	1.226	no	Serine/arginine-rich splicing factor 8
g4772	0.8230	5.939641e-02	1.226	no	RAN GTPase-activating protein 2
g13076	0.8200	5.939641e-02	1.226	no	DNA repair protein RAD51 homolog 3
g891	-0.6213	5.939641e-02	1.226	no	Dynein axonemal heavy chain gamma
g14229	-0.5900	5.939641e-02	1.226	no	Cullin-associated NEDD8-dissociated protein 1
g8014	-1.0787	5.968993e-02	1.224	no	NA
g10281	0.8156	5.995037e-02	1.222	no	Terminal nucleotidyltransferase 4B
g8076	-0.6638	6.001566e-02	1.222	no	Oxidation resistance protein 1B
g11492	-0.7163	6.026970e-02	1.220	no	G protein-coupled receptor kinase 1
g3039	-0.4831	6.029170e-02	1.220	no	Mitochondrial-processing peptidase subunit alpha
g14216	0.8250	6.030701e-02	1.220	no	Pyrroline-5-carboxylate reductase
g7630	1.2861	6.074770e-02	1.216	no	ABC transporter G family member 31
g11913	0.8057	6.103926e-02	1.214	no	Inactive C-alpha-formylglycine-generating enzyme 2
g12149	-0.8991	6.161094e-02	1.210	no	NA
g6732	0.7574	6.161094e-02	1.210	no	Multidrug resistance-associated protein 1
g15889	0.8083	6.165049e-02	1.210	no	Copine-5
g15977	-1.0433	6.168882e-02	1.210	no	Myosin-6
g7775	-0.6583	6.191970e-02	1.208	no	NA
g8268	-1.0275	6.191970e-02	1.208	no	Intracellular ribonuclease LX
g13581	-0.7129	6.209295e-02	1.207	no	Probable glutamine--tRNA ligase
g4154	1.0957	6.225442e-02	1.206	no	Mitochondrial intermembrane space cysteine motif-containing protein MIX17
g1215	0.7088	6.231898e-02	1.205	no	NA
g5714	1.9451	6.257507e-02	1.204	no	Ultraviolet-B receptor UVR8
g8066	-1.1550	6.257507e-02	1.204	no	Ulvan-active sulfatase
g4355	0.8100	6.338131e-02	1.198	no	NA
g9224	1.0782	6.364946e-02	1.196	no	16 kDa phloem protein 1
g856	-0.6266	6.364946e-02	1.196	no	NA
g8021	-1.0539	6.409309e-02	1.193	no	Hypoxia-inducible factor 1-alpha inhibitor
g13941	1.3179	6.439169e-02	1.191	no	Protein fantom
g12260	-0.7493	6.516525e-02	1.186	no	NA
g1878	0.7494	6.517242e-02	1.186	no	NA
g1733	-1.9482	6.517242e-02	1.186	no	Palmitoyltransferase ZDHHC9
g7354	0.7231	6.517242e-02	1.186	no	Stress-induced-phosphoprotein 1
g7587	2.0851	6.519165e-02	1.186	no	NA
g10894	0.5082	6.529724e-02	1.185	no	BCAS3 microtubule associated cell migration factor
g1114	-1.0568	6.542172e-02	1.184	no	NA
g8359	-1.7922	6.567311e-02	1.183	no	Probable 1-acyl-sn-glycerol-3-phosphate acyltransferase 4
g5131	-1.0779	6.582553e-02	1.182	no	Retrovirus-related Pol polyprotein from transposon RE1
g12123	-0.5787	6.584878e-02	1.181	no	Dapdiamide A synthase
g10664	0.6962	6.599222e-02	1.181	no	Succinate--CoA ligase [GDP-forming] subunit beta, mitochondrial
g12028	-1.3475	6.604283e-02	1.180	no	Chromosome-associated kinesin KIF4
g15155	-0.9495	6.621175e-02	1.179	no	NA
g9472	0.9077	6.622426e-02	1.179	no	NA
g7245	1.3076	6.625791e-02	1.179	no	NA
g9917	0.5257	6.630362e-02	1.178	no	NA
g15497	-1.4834	6.642471e-02	1.178	no	Importin subunit alpha-2
g11416	-0.5022	6.642471e-02	1.178	no	Eukaryotic translation initiation factor 5B
g314	-1.3445	6.688927e-02	1.175	no	Protein psiC
g12135	-1.6544	6.731019e-02	1.172	no	NA
g11794	0.6237	6.733333e-02	1.172	no	NA
g6086	-0.9211	6.735728e-02	1.172	no	NA
g4598	-0.9631	6.770667e-02	1.169	no	Serine/threonine-protein kinase 3
g4353	-0.9207	6.890390e-02	1.162	no	E3 ubiquitin-protein ligase HERC2
g10374	0.5356	6.895098e-02	1.161	no	Autoinducer 2 sensor kinase/phosphatase LuxQ
g7920	-1.0068	6.912099e-02	1.160	no	N-alpha-acetyltransferase 50
g13553	0.8275	6.944820e-02	1.158	no	NA
g8699	0.4881	6.956534e-02	1.158	no	NA
g7991	-0.5599	6.986377e-02	1.156	no	Dynamin-1-like protein
g15845	0.4668	6.986377e-02	1.156	no	NA
g15219	0.8872	7.023847e-02	1.153	no	Uncharacterized MFS-type transporter C09D4.1
g5682	0.7068	7.023847e-02	1.153	no	NA
g7812	-0.9034	7.031242e-02	1.153	no	Activating signal cointegrator 1
g1973	1.0750	7.044996e-02	1.152	no	1-Cys peroxiredoxin
g878	-0.9140	7.052971e-02	1.152	no	NA
g14534	1.2077	7.052971e-02	1.152	no	Baeyer-Villiger monooxygenase
g6226	0.5010	7.111442e-02	1.148	no	E3 ubiquitin-protein ligase ubr1
g9089	1.0978	7.114907e-02	1.148	no	Kinesin-like protein KIN-7O
g12920	1.9063	7.118385e-02	1.148	no	NA
g5520	0.5494	7.131406e-02	1.147	no	Pyrophosphate-energized vacuolar membrane proton pump
g12026	-0.6328	7.131406e-02	1.147	no	NA
g12404	-0.8858	7.205458e-02	1.142	no	NA
g5380	-1.7963	7.205458e-02	1.142	no	NA
g1800	-1.2050	7.222109e-02	1.141	no	Calcium and calcium/calmodulin-dependent serine/threonine-protein kinase
g7330	-1.8817	7.228225e-02	1.141	no	NA
g5537	1.0698	7.259710e-02	1.139	no	NA
g13617	-0.9564	7.295626e-02	1.137	no	NA
g14896	0.5288	7.323243e-02	1.135	no	CSC1-like protein ERD4
g6753	0.8285	7.336145e-02	1.135	no	70 kDa peptidyl-prolyl isomerase
g13291	-1.3333	7.359390e-02	1.133	no	Midasin
g10999	0.6186	7.368718e-02	1.133	no	NA
g12704	0.4662	7.368718e-02	1.133	no	Carboxypeptidase Y
g619	1.1201	7.368718e-02	1.133	no	Cyclin-U1-1
g7787	-0.7085	7.443932e-02	1.128	no	Uncharacterized transporter YDR338C
g8143	-1.1243	7.486616e-02	1.126	no	Probable assembly chaperone of rpl4
g11278	1.3891	7.504919e-02	1.125	no	ABC transporter A family member 1
g7965	-0.8059	7.521035e-02	1.124	no	Kynureninase
g4759	-1.1082	7.521035e-02	1.124	no	NA
g8025	-1.0073	7.521035e-02	1.124	no	Metal-independent phosphoserine phosphatase
g244	0.7129	7.556792e-02	1.122	no	NA
g13439	-0.5209	7.559225e-02	1.122	no	Probable mitochondrial-processing peptidase subunit beta, mitochondrial
g1479	0.4848	7.568758e-02	1.121	no	Protein-glutamine gamma-glutamyltransferase E
g10029	-0.8049	7.611343e-02	1.119	no	Adenine phosphoribosyltransferase 1
g7028	0.8705	7.640578e-02	1.117	no	NA
g10275	0.5130	7.649066e-02	1.116	no	Protein transport protein SEC16A homolog
g6014	3.4874	7.679630e-02	1.115	no	NA
g15707	-0.8748	7.679630e-02	1.115	no	NA
g7050	-0.9227	7.722997e-02	1.112	no	NA
g1759	-0.8961	7.766968e-02	1.110	no	NA
g12693	0.9909	7.799597e-02	1.108	no	Protein dispatched homolog 3
g12432	-0.9592	7.808816e-02	1.107	no	Macrophage mannose receptor 1
g7341	0.6972	7.843470e-02	1.105	no	Protein KINESIN LIGHT CHAIN-RELATED 3
g5281	0.8116	7.844725e-02	1.105	no	NA
g12066	-0.6850	7.854420e-02	1.105	no	Uncharacterized ATP-dependent helicase C29A10.10c
g10938	1.0307	7.891385e-02	1.103	no	Histone deacetylase 5
g8058	-1.1416	7.915243e-02	1.102	no	NA
g437	0.4882	7.970128e-02	1.099	no	NA
g6620	-0.9600	7.994895e-02	1.097	no	NA
g9755	-0.6124	7.996667e-02	1.097	no	Beta-1,2-xylosyltransferase RCN11
g1583	-1.0716	7.996667e-02	1.097	no	NA
g1933	0.8581	8.017106e-02	1.096	no	NA
g233	1.3800	8.052212e-02	1.094	no	NA
g2883	-0.6638	8.081896e-02	1.092	no	Glyceraldehyde-3-phosphate dehydrogenase-like protein
g5317	-1.1989	8.111501e-02	1.091	no	NA
g16074	-0.5786	8.111501e-02	1.091	no	Gelation factor
g11247	-1.1688	8.118600e-02	1.091	no	NA
g9984	0.6481	8.118600e-02	1.091	no	NA
g14977	-0.5300	8.118600e-02	1.091	no	NA
g7871	-0.6032	8.132809e-02	1.090	no	Glycylpeptide N-tetradecanoyltransferase 1
g5571	0.6812	8.191827e-02	1.087	no	Probable E3 ubiquitin ligase SUD1
g1339	-0.7125	8.191827e-02	1.087	no	NA
g6170	0.5686	8.223016e-02	1.085	no	Serine/threonine-protein kinase ATG1a
g1038	-0.5943	8.241765e-02	1.084	no	Transcriptional activator Myb
g785	-0.6170	8.249577e-02	1.084	no	NA
g11901	-0.9269	8.249577e-02	1.084	no	NA
g12060	-1.3761	8.297933e-02	1.081	no	NA
g7805	-0.5428	8.297933e-02	1.081	no	NA
g5105	-0.4870	8.319992e-02	1.080	no	Sugar transport protein 10
g7046	-1.3300	8.320465e-02	1.080	no	NA
g4816	-1.6591	8.337929e-02	1.079	no	NA
g2013	0.7557	8.421506e-02	1.075	no	TM2 domain-containing protein DDB_G0277895
g13599	0.4742	8.432379e-02	1.074	no	Gamma-glutamylcyclotransferase
g9026	0.7826	8.445367e-02	1.073	no	Uncharacterized protein YNL011C
g14862	0.6521	8.474719e-02	1.072	no	Glucose 1-dehydrogenase 3
g3276	0.7939	8.474719e-02	1.072	no	FUN14 domain-containing protein 1A
g13809	0.7505	8.477980e-02	1.072	no	Store-operated calcium entry-associated regulatory factor
g12032	-0.8931	8.484016e-02	1.071	no	PHD and RING finger domain-containing protein 1
g12073	-0.8573	8.504337e-02	1.070	no	Chaperone protein DnaJ
g5243	-0.5326	8.535998e-02	1.069	no	Fumarate hydratase class I, aerobic
g4912	-0.6618	8.638444e-02	1.064	no	NA
g12234	-0.6798	8.673250e-02	1.062	no	NA
g1510	0.7936	8.708735e-02	1.060	no	NA
g3889	-1.7159	8.728009e-02	1.059	no	Alkane 1-monooxygenase 1
g14123	1.5009	8.731149e-02	1.059	no	NA
g7376	1.2300	8.747214e-02	1.058	no	Sulfotransferase 1 family member D1
g6274	0.7827	8.782004e-02	1.056	no	Gamma-butyrobetaine dioxygenase
g11609	-0.5190	8.836143e-02	1.054	no	26S proteasome non-ATPase regulatory subunit 4 homolog
g11053	0.9579	8.883527e-02	1.051	no	NAD-dependent protein deacylase Sirt4
g4117	0.8714	8.980139e-02	1.047	no	Transcriptional activator Myb
g15619	0.8263	9.052173e-02	1.043	no	Gamma-glutamyl phosphate reductase
g5934	0.6616	9.062003e-02	1.043	no	ABC1 family protein YPL109C, mitochondrial
g1681	-0.6525	9.083160e-02	1.042	no	SUMO-conjugating enzyme ubc9
g14975	-0.5975	9.105469e-02	1.041	no	NA
g15148	0.8505	9.202214e-02	1.036	no	NA
g6383	0.7810	9.235964e-02	1.035	no	NA
g8483	0.6320	9.248874e-02	1.034	no	Transcription factor GTE2
g9744	0.6387	9.270080e-02	1.033	no	Tubby protein
g8801	0.6382	9.290692e-02	1.032	no	NA
g8734	1.1829	9.290692e-02	1.032	no	NA
g1365	-0.7306	9.290692e-02	1.032	no	NA
g4585	1.9461	9.374834e-02	1.028	no	NA
g9376	1.6014	9.416655e-02	1.026	no	NA
g13551	1.7232	9.441191e-02	1.025	no	NA
g3053	1.0333	9.445675e-02	1.025	no	NA
g4449	0.5538	9.488053e-02	1.023	no	Serine/threonine-protein kinase CTR1
g66	-1.0085	9.488053e-02	1.023	no	Thioredoxin reductase-like selenoprotein T
g6789	0.8522	9.503718e-02	1.022	no	NA
g7880	-1.5611	9.525002e-02	1.021	no	NA
g2835	-0.6583	9.525002e-02	1.021	no	Ammonium transporter 1 member 3
g12103	-1.1818	9.525002e-02	1.021	no	NA
g10965	0.9812	9.533371e-02	1.021	no	NA
g13105	0.7420	9.611388e-02	1.017	no	Glutamate--cysteine ligase
g15240	0.5831	9.611388e-02	1.017	no	Patatin-like phospholipase domain-containing protein CNBE2340
g13052	0.7638	9.641897e-02	1.016	no	Probable cytochrome P450 12c1, mitochondrial
g3779	-5.3126	9.663119e-02	1.015	no	NA
g10118	0.8332	9.791834e-02	1.009	no	NA
g5563	1.2624	9.827670e-02	1.008	no	Mitochondrial fission 1 protein
g7092	-0.8141	9.863150e-02	1.006	no	NA
g13038	1.5038	9.863512e-02	1.006	no	NA
g6146	-1.3841	9.863512e-02	1.006	no	NA
g8313	-1.4083	9.879183e-02	1.005	no	NA
g2047	-0.8276	9.880336e-02	1.005	no	GIGYF family protein Gyf
g7947	-0.8374	9.880336e-02	1.005	no	GPI ethanolamine phosphate transferase 3, catalytic subunit
g10488	-0.7750	9.932684e-02	1.003	no	Probable serine/threonine-protein kinase DDB_G0272254
g5053	-0.7825	9.933932e-02	1.003	no	Myosin-13
g14831	-1.1338	9.933932e-02	1.003	no	NA
g13786	0.6990	9.933932e-02	1.003	no	NA
g13313	0.5435	9.938202e-02	1.003	no	Arylsulfatase G
g1824	-1.0972	9.938639e-02	1.003	no	Cytochrome b561 domain-containing protein At4g18260
g8782	0.6299	9.957807e-02	1.002	no	Sugar transporter SWEET1
g882	-0.6409	9.990321e-02	1.000	no	SWR1 complex subunit 2
g14845	-0.7294	9.990321e-02	1.000	no	18S rRNA aminocarboxypropyltransferase
g3356	0.6598	9.990321e-02	1.000	no	Probable phospholipase YOR022C, mitochondrial
g2605	0.9692	9.990321e-02	1.000	no	NA
g3080	0.6789	9.990321e-02	1.000	no	NA
g5724	0.4739	9.990321e-02	1.000	no	Ubiquitin carboxyl-terminal hydrolase 34
g7780	-0.7347	9.990321e-02	1.000	no	Chorismate synthase ARO2
g14089	-0.4727	9.999736e-02	1.000	no	NA
g3653	-0.8842	1.006491e-01	0.997	no	Origin recognition complex subunit 1
g8531	-0.6521	1.007006e-01	0.997	no	Guanine nucleotide-binding protein subunit alpha
g1829	1.1606	1.007421e-01	0.997	no	NA
g14343	0.8525	1.007421e-01	0.997	no	Ribonuclease inhibitor
g12062	-0.6452	1.017356e-01	0.993	no	Synaptic vesicle 2-related protein
g2953	0.8102	1.022073e-01	0.991	no	NA
g7454	-2.2239	1.022073e-01	0.991	no	NA
g4420	-0.5730	1.026356e-01	0.989	no	Glutamate synthase large subunit-like protein YerD
g6023	0.5450	1.030913e-01	0.987	no	NA
g482	-0.4746	1.031956e-01	0.986	no	Uncharacterized protein HI_1586
g8561	0.6257	1.031956e-01	0.986	no	Lipoyl synthase 1, mitochondrial
g15682	0.7369	1.037648e-01	0.984	no	[Pyruvate dehydrogenase (acetyl-transferring)] kinase, mitochondrial
g15302	0.5549	1.037648e-01	0.984	no	97 kDa heat shock protein
g15197	-1.2186	1.037909e-01	0.984	no	NA
g12034	-0.5291	1.039150e-01	0.983	no	Exocyst complex component SEC6
g7774	-0.5862	1.039150e-01	0.983	no	NA
g8585	2.1528	1.039150e-01	0.983	no	Kinesin-like protein KIF1A
g12246	0.6988	1.040782e-01	0.983	no	Mitochondrial import inner membrane translocase subunit tim16
g12574	0.6467	1.041551e-01	0.982	no	UPF0664 stress-induced protein C29B12.11c
g7694	0.6470	1.044989e-01	0.981	no	NA
g1982	-1.0299	1.048134e-01	0.980	no	Large ribosomal subunit protein bL36
g8041	-0.6455	1.048852e-01	0.979	no	Cysteine proteinase 3
g7958	-0.6519	1.061390e-01	0.974	no	DNA-directed RNA polymerases II, IV and V subunit 11
g13579	-0.9253	1.062978e-01	0.973	no	NA
g8553	-0.5548	1.062978e-01	0.973	no	NA
g15579	0.5216	1.066187e-01	0.972	no	RAC family serine/threonine-protein kinase homolog
g15528	-0.7653	1.073173e-01	0.969	no	NA
g8242	-1.0804	1.075122e-01	0.969	no	Mitochondrial adenyl nucleotide antiporter SLC25A24
g2523	0.4615	1.075122e-01	0.969	no	Myosin-5
g9291	-1.0251	1.078230e-01	0.967	no	NA
g170	0.6102	1.078393e-01	0.967	no	Kinesin-like protein KIFC3
g1446	0.5792	1.085441e-01	0.964	no	NA
g8437	0.5250	1.085441e-01	0.964	no	Lipase ZK262.3
g12283	2.4885	1.086982e-01	0.964	no	NA
g9059	0.6943	1.088881e-01	0.963	no	1-phosphatidylinositol 4,5-bisphosphate phosphodiesterase delta-4
g7864	1.7778	1.088881e-01	0.963	no	NA
g13939	0.6353	1.088881e-01	0.963	no	Phosphatidylinositol/phosphatidylcholine transfer protein SFH1
g8071	-0.5707	1.092066e-01	0.962	no	Methylmalonic aciduria type A homolog, mitochondrial
g2474	-0.6788	1.092472e-01	0.962	no	NA
g14865	0.5895	1.093007e-01	0.961	no	Serine/threonine-protein kinase sgk-1
g107	0.5476	1.094220e-01	0.961	no	DnaJ homolog subfamily C member 13
g8005	-0.6108	1.094314e-01	0.961	no	NA
g7612	0.5829	1.096602e-01	0.960	no	NA
g3819	1.0836	1.097979e-01	0.959	no	NA
g15880	0.9787	1.097979e-01	0.959	no	NA
g5439	0.9820	1.106697e-01	0.956	no	Mitochondrial glycine transporter
g8340	-0.8474	1.106717e-01	0.956	no	NA
g5554	1.5238	1.108874e-01	0.955	no	Sugar fermentation stimulation protein homolog
g1392	-1.3391	1.109932e-01	0.955	no	NA
g9455	0.4332	1.113035e-01	0.953	no	Protein LHY
g8038	-0.6622	1.115622e-01	0.952	no	Small ribosomal subunit protein eS21
g4593	-0.7041	1.117069e-01	0.952	no	NA
g12756	0.9793	1.117258e-01	0.952	no	NA
g7531	-1.3592	1.127252e-01	0.948	no	NACHT domain- and WD repeat-containing protein 1
g860	0.5546	1.131991e-01	0.946	no	Lysophosphatidylinositol acyltransferase 10
g1459	-1.1134	1.131991e-01	0.946	no	NA
g9751	-1.1827	1.132460e-01	0.946	no	NA
g12463	2.6678	1.137935e-01	0.944	no	C-signal
g10879	0.6398	1.137935e-01	0.944	no	NA
g12677	-0.6679	1.137935e-01	0.944	no	NA
g1709	-1.5901	1.137935e-01	0.944	no	NA
g9991	0.4941	1.142228e-01	0.942	no	Phosphatidylinositol 4-kinase beta
g8311	-0.6157	1.143852e-01	0.942	no	DnaJ homolog subfamily C member 1
g11263	0.8337	1.143852e-01	0.942	no	NA
g2797	0.8210	1.143852e-01	0.942	no	NA
g8716	0.7819	1.146832e-01	0.941	no	NA
g6477	0.7505	1.146832e-01	0.941	no	NA
g13467	0.9699	1.166910e-01	0.933	no	NA
g7957	-0.7968	1.169380e-01	0.932	no	NA
g12668	0.5093	1.170882e-01	0.931	no	NA
g14108	-0.5674	1.170882e-01	0.931	no	PRA1 family protein B6
g5509	-2.0494	1.174061e-01	0.930	no	NA
g1944	-0.6504	1.174880e-01	0.930	no	NA
g6668	0.4872	1.175542e-01	0.930	no	E3 ubiquitin-protein ligase ubr11
g6295	-0.5640	1.176934e-01	0.929	no	25S rRNA (uridine-N(3))-methyltransferase
g11339	-1.0568	1.176934e-01	0.929	no	NA
g6037	-0.9700	1.176934e-01	0.929	no	E3 ubiquitin-protein ligase ipaH3
g11366	-0.5230	1.181642e-01	0.928	no	26S proteasome non-ATPase regulatory subunit 11 homolog
g5094	-0.7951	1.181642e-01	0.928	no	Opine dehydrogenase
g235	0.5222	1.181844e-01	0.927	no	Ornithine aminotransferase, mitochondrial
g2358	-1.0883	1.185073e-01	0.926	no	NA
g4747	0.6850	1.185073e-01	0.926	no	Nuclear inhibitor of protein phosphatase 1
g10517	0.7375	1.185073e-01	0.926	no	Protein DENND6A
g5766	-0.5596	1.190148e-01	0.924	no	Small ribosomal subunit protein eS12
g15001	-0.4769	1.192140e-01	0.924	no	NA
g4620	-0.7569	1.192914e-01	0.923	no	Probable threonine--tRNA ligase 1, cytoplasmic
g15737	-0.4626	1.193954e-01	0.923	no	Serine/threonine-protein kinase tor
g13380	-1.0805	1.193954e-01	0.923	no	NA
g9193	-0.8914	1.198807e-01	0.921	no	Glutathione-independent glyoxalase DJR-1.1
g15520	-0.4901	1.211729e-01	0.917	no	NA
g1323	0.7010	1.211729e-01	0.917	no	NA
g8550	-0.7334	1.223801e-01	0.912	no	Fibronectin type III domain-containing protein
g13327	-0.5894	1.223801e-01	0.912	no	NA
g11780	1.1249	1.228579e-01	0.911	no	NA
g2423	1.0934	1.230853e-01	0.910	no	NA
g12487	-1.2163	1.230853e-01	0.910	no	NA
g9934	-0.6184	1.231622e-01	0.910	no	NA
g7186	-0.5964	1.233106e-01	0.909	no	GREB1-like protein
g15436	-0.5898	1.235011e-01	0.908	no	Eukaryotic translation initiation factor 3 subunit E
g10878	0.5726	1.236356e-01	0.908	no	Fibronectin type-III domain-containing protein 3A
g4384	-0.9189	1.238726e-01	0.907	no	NA
g11195	0.4216	1.242937e-01	0.906	no	Arylsulfatase B
g469	-1.0764	1.246740e-01	0.904	no	NA
g5073	0.4445	1.259733e-01	0.900	no	FK506-binding protein 5
g7154	-1.6651	1.260725e-01	0.899	no	NA
g15408	0.4893	1.260725e-01	0.899	no	Ubiquitin-conjugating enzyme E2 5
g10123	-0.6126	1.261985e-01	0.899	no	NA
g9191	0.4100	1.263110e-01	0.899	no	Polyunsaturated fatty acid synthase subunit B
g3201	0.5495	1.263110e-01	0.899	no	NA
g10253	0.8384	1.263110e-01	0.899	no	Iron-sulfur cluster co-chaperone protein HscB
g2637	1.5908	1.263715e-01	0.898	no	NA
g15215	0.7809	1.270127e-01	0.896	no	NA
g5299	-0.8743	1.270519e-01	0.896	no	NA
g5747	1.0645	1.270519e-01	0.896	no	NA
g3794	0.9084	1.275322e-01	0.894	no	Solute carrier family 35 member B1
g3842	0.4903	1.278587e-01	0.893	no	Cytoplasmic dynein 1 heavy chain 1
g14412	0.9835	1.283222e-01	0.892	no	NA
g14625	0.6951	1.283840e-01	0.891	no	Chromosome-associated kinesin KIF4A
g394	0.5630	1.285884e-01	0.891	no	NA
g9044	-1.2229	1.289276e-01	0.890	no	Phosphate-binding protein PstS
g12969	0.7030	1.289276e-01	0.890	no	NA
g10763	-1.5527	1.292395e-01	0.889	no	Probable serine/threonine-protein kinase DDB_G0280133
g14095	-0.5549	1.293000e-01	0.888	no	Uroporphyrinogen decarboxylase
g14584	-0.9462	1.293003e-01	0.888	no	NA
g4266	0.6333	1.295654e-01	0.888	no	Serine/threonine-protein kinase RUNKEL
g8581	0.6372	1.298926e-01	0.886	no	ABC transporter ATP-binding protein ModF
g14670	-0.6323	1.300010e-01	0.886	no	NA
g7992	-0.5861	1.302678e-01	0.885	no	DEAD-box ATP-dependent RNA helicase 35
g4472	0.5067	1.302678e-01	0.885	no	Cadmium/zinc-transporting ATPase HMA2
g6773	1.9146	1.302678e-01	0.885	no	NA
g5042	0.4622	1.302678e-01	0.885	no	E3 ubiquitin-protein ligase Ufd4
g13412	1.0944	1.309856e-01	0.883	no	NA
g13634	-1.3435	1.315284e-01	0.881	no	NA
g8307	-0.9145	1.315284e-01	0.881	no	Ribosome biogenesis protein WDR12 homolog
g14556	-0.5397	1.320116e-01	0.879	no	Glutathione S-transferase 1
g7861	0.7774	1.321528e-01	0.879	no	Catalase
g9672	0.6847	1.321996e-01	0.879	no	Probable magnesium transporter NIPA8
g1788	-1.1271	1.325756e-01	0.878	no	NA
g2227	-1.3448	1.328314e-01	0.877	no	NA
g8688	0.5021	1.328314e-01	0.877	no	Cytosolic arginine sensor for mTORC1 subunit 1
g8785	0.5803	1.328314e-01	0.877	no	Anamorsin homolog
g12128	-0.5068	1.328314e-01	0.877	no	7-dehydrocholesterol reductase
g2250	0.5994	1.328873e-01	0.877	no	Mitochondrial inner membrane m-AAA protease component yta12
g7203	3.0462	1.330101e-01	0.876	no	Intraflagellar transport protein 122 homolog
g12342	1.2408	1.330528e-01	0.876	no	Long-chain fatty acid transport protein 4
g4288	0.6004	1.331304e-01	0.876	no	NA
g5900	0.4628	1.332390e-01	0.875	no	Solute carrier family 25 member 3
g8747	-1.0996	1.332390e-01	0.875	no	Phosphatidylinositol 4,5-bisphosphate 5-phosphatase A
g4146	-0.9230	1.332390e-01	0.875	no	Uncharacterized protein R188
g6038	-1.1644	1.332390e-01	0.875	no	NA
g9790	-0.6947	1.332390e-01	0.875	no	NA
g13416	1.2736	1.336559e-01	0.874	no	NA
g8108	-0.9941	1.341003e-01	0.873	no	cGMP-dependent 3',5'-cGMP phosphodiesterase A
g6444	0.5480	1.341003e-01	0.873	no	Cystathionine beta-lyase, chloroplastic
g6518	-0.5679	1.341003e-01	0.873	no	Ribose-phosphate pyrophosphokinase
g474	-0.8359	1.341003e-01	0.873	no	Nuclear distribution protein PAC1
g10983	0.7214	1.342217e-01	0.872	no	Transcription factor MYB3R-5
g10171	-0.9687	1.356675e-01	0.868	no	NA
g1665	-0.9391	1.359691e-01	0.867	no	NA
g7840	-0.4915	1.359691e-01	0.867	no	Aldo-keto reductase family 1 member A1
g130	0.6174	1.359691e-01	0.867	no	NA
g5513	0.6896	1.360496e-01	0.866	no	Hybrid signal transduction histidine kinase K
g4452	0.6073	1.364178e-01	0.865	no	NA
g5524	0.6774	1.367978e-01	0.864	no	Rho guanine nucleotide exchange factor 10
g1168	0.8107	1.368914e-01	0.864	no	NA
g8877	0.6969	1.374504e-01	0.862	no	Lysine-specific demethylase JMJ21
g11713	0.4617	1.374504e-01	0.862	no	Leucine-zipper-like transcriptional regulator 1
g5731	1.0072	1.375962e-01	0.861	no	Pyrimidine-specific ribonucleoside hydrolase RihA
g2	-0.6432	1.380322e-01	0.860	no	Trypsin II-P29
g13799	0.6525	1.386636e-01	0.858	no	E3 ubiquitin-protein ligase dbl4
g1641	-0.6895	1.388637e-01	0.857	no	NA
g8275	-0.6138	1.389150e-01	0.857	no	EIN3-binding F-box protein 1
g13529	-1.1211	1.389274e-01	0.857	no	NA
g7578	-0.8138	1.389274e-01	0.857	no	NA
g9322	-0.4874	1.389274e-01	0.857	no	Guanine nucleotide-binding protein subunit beta
g1662	-1.9711	1.389274e-01	0.857	no	Tetratricopeptide repeat protein 8
g6864	0.5901	1.389274e-01	0.857	no	Phosphatidylethanolamine N-methyltransferase
g8657	-0.4753	1.403849e-01	0.853	no	NA
g1098	-0.4526	1.412310e-01	0.850	no	Actin-depolymerizing factor 7
g14004	-2.1879	1.412803e-01	0.850	no	Calcium-activated potassium channel slowpoke
g14692	-1.5234	1.417320e-01	0.849	no	Acyl-coenzyme A diphosphatase NUDT19
g1221	-0.7251	1.418357e-01	0.848	no	NA
g10075	0.7101	1.426264e-01	0.846	no	Trimethylamine transporter
g14255	0.6573	1.426264e-01	0.846	no	Twinkle mtDNA helicase
g10417	-0.8311	1.426264e-01	0.846	no	NA
g10667	-1.4428	1.430108e-01	0.845	no	NA
g3222	0.8142	1.435036e-01	0.843	no	NA
g3768	1.3852	1.436233e-01	0.843	no	NA
g7729	0.7457	1.436688e-01	0.843	no	(3aS,4S,5R,7aS)-5-hydroxy-7a-methyl-1-oxo-octahydro-1H-indene-4-carboxyl-CoA dehydrogenase
g3685	-1.1873	1.436688e-01	0.843	no	E3 ubiquitin-protein ligase SlrP
g319	-0.4019	1.439382e-01	0.842	no	Electron transfer flavoprotein-ubiquinone oxidoreductase, mitochondrial
g10387	-0.8087	1.450507e-01	0.838	no	NA
g10849	-0.4932	1.451878e-01	0.838	no	NA
g6269	-1.2808	1.454358e-01	0.837	no	Ceramide-1-phosphate transfer protein
g2265	-0.5405	1.456263e-01	0.837	no	Heparan sulfate 2-O-sulfotransferase 1
g15011	-0.6610	1.458044e-01	0.836	no	NA
g13902	-0.8178	1.458044e-01	0.836	no	NA
g7193	-0.5669	1.471383e-01	0.832	no	NA
g2301	0.9542	1.472034e-01	0.832	no	Bifunctional peptidase and (3S)-lysyl hydroxylase Jmjd7
g6495	-0.5200	1.473752e-01	0.832	no	N-acetylgalactosamine-6-O-sulfatase
g8103	-0.6418	1.473752e-01	0.832	no	NA
g194	0.6131	1.479808e-01	0.830	no	Protein SUPPRESSOR OF QUENCHING 1, chloroplastic
g9654	-0.4174	1.486973e-01	0.828	no	ATP-dependent chromatin remodeler CHD7
g11171	0.8970	1.486973e-01	0.828	no	NA
g15233	0.4443	1.486973e-01	0.828	no	Membrane-anchored lipid-binding protein YSP2
g3722	0.7723	1.486973e-01	0.828	no	Thermosome subunit alpha
g15307	-0.9488	1.490949e-01	0.827	no	Phosphoethanolamine N-methyltransferase 1
g14458	-0.8918	1.494489e-01	0.826	no	Myosin-1
g8380	-0.6751	1.496665e-01	0.825	no	NA
g2223	-0.9394	1.496665e-01	0.825	no	NA
g14720	-1.4572	1.497080e-01	0.825	no	NA
g8941	0.5225	1.499039e-01	0.824	no	NA
g4778	-0.6872	1.502186e-01	0.823	no	NA
g12107	-1.3594	1.506331e-01	0.822	no	NA
g7231	0.7674	1.506331e-01	0.822	no	DnaJ homolog subfamily B member 4
g8396	-1.0401	1.508787e-01	0.821	no	NA
g5136	0.5765	1.508824e-01	0.821	no	Ubiquinol oxidase, mitochondrial
g1551	-0.7527	1.509846e-01	0.821	no	Probable carboxypeptidase S-like 2
g10329	-0.6712	1.510423e-01	0.821	no	BTB/POZ domain-containing protein KCTD21
g6277	-1.4124	1.510423e-01	0.821	no	Myosin-I heavy chain
g6828	-0.4442	1.510423e-01	0.821	no	E3 ubiquitin-protein ligase DTX3
g9284	-0.9860	1.516850e-01	0.819	no	NA
g8618	-0.5257	1.518768e-01	0.819	no	NA
g4541	-0.5464	1.518768e-01	0.819	no	Uncharacterized helicase C694.02
g10902	0.6569	1.525720e-01	0.817	no	Geranylgeranyl pyrophosphate synthase
g12794	0.8916	1.527245e-01	0.816	no	Trypsin-1
g8308	-1.9586	1.528625e-01	0.816	no	Enkurin
g9162	-1.4079	1.530652e-01	0.815	no	NA
g15473	0.7295	1.533086e-01	0.814	no	DENN domain-containing protein 5B
g11052	-0.6492	1.541463e-01	0.812	no	NA
g9750	-0.6937	1.549183e-01	0.810	no	NA
g7894	-0.5730	1.551552e-01	0.809	no	TM2 domain-containing protein DDB_G0287015
g15093	-0.7507	1.553908e-01	0.809	no	NA
g12421	-0.7976	1.553908e-01	0.809	no	NA
g57	-1.4682	1.554998e-01	0.808	no	NA
g4795	-0.7544	1.558942e-01	0.807	no	NA
g2865	0.5989	1.559366e-01	0.807	no	Ribosomal protein S6 kinase beta-2
g3492	-0.5361	1.564226e-01	0.806	no	Zinc-regulated GTPase metalloprotein activator 1
g15163	0.7161	1.574554e-01	0.803	no	30-kDa cleavage and polyadenylation specificity factor 30
g8113	-0.7427	1.574554e-01	0.803	no	DDRGK domain-containing protein 1
g11046	0.5718	1.575051e-01	0.803	no	NA
g7819	-1.0999	1.577490e-01	0.802	no	Flotillin-2
g4529	0.5869	1.586568e-01	0.800	no	NA
g10509	-0.4431	1.586568e-01	0.800	no	NA
g7483	0.9330	1.587864e-01	0.799	no	NA
g7600	1.0762	1.587864e-01	0.799	no	Lithostathine-1
g5821	0.5685	1.597363e-01	0.797	no	Serine/threonine-protein phosphatase PP-X isozyme 2
g4257	-0.9739	1.609524e-01	0.793	no	G-type lectin S-receptor-like serine/threonine-protein kinase RLK1
g2767	-0.5560	1.623257e-01	0.790	no	NA
g197	-0.6529	1.635425e-01	0.786	no	Myosin-15
g9695	-0.9856	1.635947e-01	0.786	no	Thiol S-methyltransferase TMT1B
g12883	0.4316	1.643719e-01	0.784	no	NA
g6403	-0.9836	1.656923e-01	0.781	no	NA
g6421	0.6488	1.656923e-01	0.781	no	NA
g16084	-1.3270	1.656923e-01	0.781	no	NA
g10215	0.6045	1.659248e-01	0.780	no	NA
g5345	-1.4294	1.659545e-01	0.780	no	NA
g12108	-1.1239	1.661927e-01	0.779	no	Tyrosine-protein phosphatase non-receptor type 20
g541	-0.8098	1.662778e-01	0.779	no	Eukaryotic translation initiation factor 4H
g620	0.6522	1.666144e-01	0.778	no	Cyclin-U4-1
g12722	0.7878	1.668305e-01	0.778	no	NA
g12483	-1.6133	1.673550e-01	0.776	no	NA
g3568	1.6220	1.674662e-01	0.776	no	NA
g4514	0.4886	1.674662e-01	0.776	no	Glutathione S-transferase 3, mitochondrial
g5871	-1.4741	1.675065e-01	0.776	no	NA
g8011	-0.7504	1.675065e-01	0.776	no	Uncharacterized protein y4mH
g15973	-0.6753	1.678786e-01	0.775	no	NA
g12956	-1.0425	1.678920e-01	0.775	no	NA
g3691	0.4144	1.680660e-01	0.775	no	Acyl-CoA-binding protein
g9312	-1.4327	1.680660e-01	0.775	no	NA
g8201	-1.2787	1.687657e-01	0.773	no	NA
g9189	0.4028	1.687657e-01	0.773	no	Polyunsaturated fatty acid synthase subunit A
g3448	-0.5944	1.688513e-01	0.772	no	E3 ubiquitin-protein ligase HERC2
g11749	0.8574	1.689151e-01	0.772	no	NA
g2231	0.7372	1.693108e-01	0.771	no	NA
g15176	0.4431	1.693947e-01	0.771	no	Protein CSF1
g3130	0.7275	1.693947e-01	0.771	no	NA
g196	0.9002	1.699596e-01	0.770	no	NA
g4134	-1.7511	1.703322e-01	0.769	no	NA
g4712	-0.8563	1.712795e-01	0.766	no	Serine/threonine-protein kinase 3
g9102	-0.9452	1.718032e-01	0.765	no	cGMP-dependent protein kinase 1
g3814	1.3710	1.726809e-01	0.763	no	Cytoplasmic dynein 2 light intermediate chain 1
g2562	1.0692	1.729139e-01	0.762	no	NADPH-dependent diflavin oxidoreductase 1
g11472	-1.0107	1.732799e-01	0.761	no	NA
g397	-1.4336	1.733697e-01	0.761	no	NA
g5536	-0.5110	1.735602e-01	0.761	no	NA
g13926	0.5542	1.744345e-01	0.758	no	Prestalk A differentiation protein A
g4465	-0.5133	1.746136e-01	0.758	no	NA
g79	0.4233	1.746136e-01	0.758	no	Alpha,alpha-trehalose-phosphate synthase [UDP-forming] 6
g10098	-1.0785	1.747932e-01	0.757	no	NA
g11970	0.4789	1.755683e-01	0.756	no	3',5'-cyclic-AMP phosphodiesterase 4C
g2161	-0.5305	1.759615e-01	0.755	no	V-type proton ATPase catalytic subunit A
g2817	-0.7987	1.766221e-01	0.753	no	NA
g2071	0.6826	1.766458e-01	0.753	no	Glycerol-3-phosphate dehydrogenase, mitochondrial
g830	0.4088	1.766458e-01	0.753	no	NA
g8269	-0.6448	1.766458e-01	0.753	no	NA
g3715	-0.7931	1.774967e-01	0.751	no	Folylpolyglutamate synthase
g14732	-0.4977	1.775424e-01	0.751	no	TOM1-like protein 4
g6959	0.6101	1.775424e-01	0.751	no	Rab GTPase-activating protein eat-17
g3431	0.5846	1.776212e-01	0.751	no	NA
g5108	-1.1108	1.777307e-01	0.750	no	Glycerol-3-phosphate O-acyltransferase 1
g15330	0.6367	1.778103e-01	0.750	no	Peptidyl-prolyl cis-trans isomerase FKBP42
g2989	-1.3767	1.778103e-01	0.750	no	Histone H3.2
g13627	0.4924	1.786917e-01	0.748	no	NA
g12225	-0.4558	1.788008e-01	0.748	no	Very long chain fatty acid elongase 6
g7796	-0.5518	1.790031e-01	0.747	no	Small ribosomal subunit protein eS4
g13273	-1.2175	1.790532e-01	0.747	no	NA
g6891	-0.9305	1.795452e-01	0.746	no	Superoxide-generating NADPH oxidase heavy chain subunit A
g3306	-0.6943	1.798059e-01	0.745	no	Telobox protein 1
g6314	-0.6007	1.799758e-01	0.745	no	DnaJ homolog subfamily C member 7
g15072	-0.6384	1.803339e-01	0.744	no	Bis(5'-nucleosyl)-tetraphosphatase, symmetrical
g3340	-0.9317	1.805137e-01	0.743	no	NA
g2690	0.5042	1.814995e-01	0.741	no	Structural maintenance of chromosomes protein 4
g12368	-1.5585	1.816384e-01	0.741	no	NA
g8559	-0.6801	1.816384e-01	0.741	no	FK506-binding protein 1
g6790	0.7913	1.818847e-01	0.740	no	NA
g12040	-0.7655	1.824281e-01	0.739	no	Gamma-glutamylanilide hydrolase
g9679	-0.9004	1.825445e-01	0.739	no	CRAL/TRIO domain-containing lipid transfer protein
g13054	1.8652	1.825445e-01	0.739	no	Cytochrome P450 CYP12A2
g7808	-0.8358	1.825445e-01	0.739	no	Peptidyl-prolyl cis-trans isomerase CYP40
g13099	1.1894	1.828906e-01	0.738	no	NA
g16019	0.5199	1.837285e-01	0.736	no	Ribitol-5-phosphate xylosyltransferase 1
g5756	0.4717	1.838975e-01	0.735	no	Protein MON2 homolog
g1349	0.6368	1.839104e-01	0.735	no	Regulator of chromosome condensation
g14714	1.1194	1.840345e-01	0.735	no	Lysine histidine transporter-like 6
g1919	-0.7262	1.852203e-01	0.732	no	3-phosphoshikimate 1-carboxyvinyltransferase
g4508	0.6361	1.852203e-01	0.732	no	Gastric triacylglycerol lipase
g5390	0.6250	1.852868e-01	0.732	no	NA
g6317	-0.6218	1.859844e-01	0.731	no	NA
g9644	-0.4886	1.859844e-01	0.731	no	NA
g2041	0.7980	1.868103e-01	0.729	no	Phosphoglycolate phosphatase
g1891	-1.1117	1.868103e-01	0.729	no	Cyclic GMP-binding protein C
g2761	1.0840	1.869588e-01	0.728	no	NA
g5800	0.5689	1.874773e-01	0.727	no	DEAD-box ATP-dependent RNA helicase FANCM
g7283	-1.8152	1.874773e-01	0.727	no	Dynein regulatory complex subunit 4
g153	-0.6544	1.875523e-01	0.727	no	Golgi reassembly-stacking protein 1
g15180	-1.7767	1.886851e-01	0.724	no	NA
g12825	-0.9544	1.887452e-01	0.724	no	NA
g14078	0.7232	1.888188e-01	0.724	no	Acetolactate synthase, mitochondrial
g8000	-0.5057	1.890334e-01	0.723	no	Uncharacterized protein At3g06530
g15502	0.3752	1.890334e-01	0.723	no	Dual E2 ubiquitin-conjugating enzyme/E3 ubiquitin-protein ligase BIRC6
g9488	-1.3210	1.890334e-01	0.723	no	Rho guanine nucleotide exchange factor 17
g15028	-0.7031	1.890334e-01	0.723	no	UMP-CMP kinase
g11510	0.6873	1.890334e-01	0.723	no	NA
g7188	-0.9665	1.891735e-01	0.723	no	GREB1-like protein
g9650	0.6527	1.891735e-01	0.723	no	Peroxisomal ATPase PEX1
g6116	0.6227	1.895587e-01	0.722	no	Putative aldolase class 2 protein PA3430
g13828	0.5545	1.906046e-01	0.720	no	NA
g15551	-1.1850	1.906046e-01	0.720	no	NA
g4501	0.5564	1.910084e-01	0.719	no	Transducin beta-like protein 3
g11576	0.7821	1.913346e-01	0.718	no	Probable nitronate monooxygenase
g12684	-0.5099	1.914868e-01	0.718	no	Small ribosomal subunit protein eS26B
g8874	-0.7408	1.915623e-01	0.718	no	NA
g740	0.5682	1.915623e-01	0.718	no	ELMO domain-containing protein B
g4774	0.4468	1.915623e-01	0.718	no	6-phosphogluconolactonase
g8137	-0.4604	1.917201e-01	0.717	no	NA
g5738	0.7016	1.917201e-01	0.717	no	RNA-binding protein FUS
g15937	0.6325	1.923604e-01	0.716	no	ATP-dependent RNA helicase DBP2
g820	-0.7306	1.930009e-01	0.714	no	NA
g10251	1.0386	1.933427e-01	0.714	no	NA
g9285	-0.9688	1.938573e-01	0.713	no	NA
g9445	-0.4885	1.939661e-01	0.712	no	Metal tolerance protein C4
g2673	0.7117	1.941407e-01	0.712	no	Tubulin beta chain
g4338	1.3001	1.952283e-01	0.709	no	NA
g8966	0.7000	1.952283e-01	0.709	no	Probable protein tyrosine phosphatase type IVA A
g100	1.1646	1.952855e-01	0.709	no	NA
g9565	1.5942	1.953477e-01	0.709	no	Dynein axonemal heavy chain 1
g13459	0.6938	1.954412e-01	0.709	no	NA
g4656	0.6164	1.956254e-01	0.709	no	NA
g9843	0.3803	1.963975e-01	0.707	no	Exportin-7
g3666	-1.4492	1.963975e-01	0.707	no	NA
g1920	-0.5340	1.970879e-01	0.705	no	Microcephalin
g8110	-0.8406	1.978710e-01	0.704	no	NA
g4484	-1.1845	1.981193e-01	0.703	no	Sodium-dependent phosphate transport protein 2B
g7337	0.4504	1.981358e-01	0.703	no	NA
g2897	-0.7290	1.985054e-01	0.702	no	NA
g5716	0.8583	1.985054e-01	0.702	no	NA
g2959	0.4205	1.990211e-01	0.701	no	BEACH domain-containing protein C2
g4749	1.2546	2.000778e-01	0.699	no	NA
g1793	0.6901	2.000778e-01	0.699	no	NA
g12948	0.8920	2.002096e-01	0.699	no	NA
g3549	0.6204	2.003441e-01	0.698	no	RING finger protein 44
g12133	-2.1593	2.006630e-01	0.698	no	NA
g14498	-0.5063	2.016580e-01	0.695	no	Proteasome subunit beta type-6
g4975	0.5371	2.021841e-01	0.694	no	WD repeat-containing protein 26 homolog
g13983	0.5834	2.029702e-01	0.693	no	NA
g15750	-0.6465	2.034906e-01	0.691	no	Fatty-acid amide hydrolase 2-B
g12084	0.5557	2.036265e-01	0.691	no	Zinc finger X-chromosomal protein
g7247	0.6606	2.036289e-01	0.691	no	NA
g3122	-0.7200	2.036289e-01	0.691	no	Actin-binding protein wsp1
g6840	0.4512	2.053353e-01	0.688	no	C6 finger domain transcription factor hasA
g7370	1.6000	2.063384e-01	0.685	no	NA
g961	0.6798	2.071730e-01	0.684	no	NA
g10843	0.8441	2.071730e-01	0.684	no	NA
g6908	0.6132	2.083466e-01	0.681	no	Endoplasmin homolog
g4103	-0.6161	2.083466e-01	0.681	no	NA
g4098	0.5073	2.083646e-01	0.681	no	NA
g11716	0.4180	2.087711e-01	0.680	no	Sulfite exporter TauE/SafE family protein 4
g7296	0.5502	2.096082e-01	0.679	no	Fumarate reductase
g692	0.7859	2.097031e-01	0.678	no	NA
g3036	-1.0245	2.104098e-01	0.677	no	NA
g1626	-0.6119	2.104098e-01	0.677	no	Condensin complex subunit 2
g2055	0.6258	2.109086e-01	0.676	no	NAD-capped RNA hydrolase NUDT12
g7458	1.0868	2.109086e-01	0.676	no	NA
g12131	-1.2329	2.109086e-01	0.676	no	NA
g10303	0.6928	2.112749e-01	0.675	no	Ferrochelatase, mitochondrial
g7681	0.6314	2.116117e-01	0.674	no	E3 ubiquitin-protein ligase rnf8
g5976	-0.7365	2.118357e-01	0.674	no	High-affinity zinc transporter ZRT101
g2405	0.7553	2.124315e-01	0.673	no	Transcription factor bHLH140
g10383	-0.4582	2.125560e-01	0.673	no	NA
g6660	0.3861	2.131154e-01	0.671	no	MAG2-interacting protein 2
g7968	-1.0831	2.131154e-01	0.671	no	NA
g14335	0.3992	2.135771e-01	0.670	no	Probable E3 ubiquitin-protein ligase HERC1
g14589	0.6802	2.140295e-01	0.670	no	NA
g14020	0.6229	2.140295e-01	0.670	no	Lysophosphatidylcholine acyltransferase 1
g14825	0.4603	2.150638e-01	0.667	no	NA
g7169	0.6599	2.153125e-01	0.667	no	NA
g1294	-0.7424	2.153125e-01	0.667	no	NA
g7362	-0.9532	2.153125e-01	0.667	no	NA
g2833	1.0946	2.153125e-01	0.667	no	NA
g12721	0.6445	2.153125e-01	0.667	no	Cathepsin C
g266	0.5066	2.153219e-01	0.667	no	NA
g2352	0.6808	2.153471e-01	0.667	no	Retinol dehydrogenase 14
g4705	-1.1385	2.154830e-01	0.667	no	Probable prolyl 4-hydroxylase 7
g1581	-0.9543	2.156335e-01	0.666	no	NA
g2904	-0.5635	2.156335e-01	0.666	no	Sperm-associated antigen 1
g9479	1.4752	2.156335e-01	0.666	no	Mechanosensitive ion channel protein 10
g14776	-0.4686	2.156335e-01	0.666	no	Large ribosomal subunit protein eL18y
g2739	0.9483	2.167723e-01	0.664	no	Patatin-like phospholipase domain-containing protein 4
g1130	0.6865	2.168730e-01	0.664	no	NA
g13210	0.4790	2.171970e-01	0.663	no	NA
g873	-0.7751	2.173533e-01	0.663	no	Protein FAM50 homolog
g13766	0.5430	2.174929e-01	0.663	no	ATP-binding cassette sub-family A member 2
g9590	0.4790	2.178388e-01	0.662	no	RCC1 and BTB domain-containing protein 2
g4511	-0.6394	2.186962e-01	0.660	no	Luc7-like protein 3
g11035	0.5394	2.198833e-01	0.658	no	NA
g1270	0.4230	2.201593e-01	0.657	no	NA
g3044	0.7711	2.201593e-01	0.657	no	Glutaredoxin
g11924	0.7784	2.202090e-01	0.657	no	NA
g14930	0.6013	2.205563e-01	0.656	no	NA
g8064	-0.9315	2.207222e-01	0.656	no	NA
g11692	-0.8510	2.208787e-01	0.656	no	NA
g309	0.6353	2.213339e-01	0.655	no	NA
g3619	0.4826	2.216210e-01	0.654	no	Protein GFS12
g1660	-1.2953	2.216210e-01	0.654	no	NA
g12419	-0.8923	2.220400e-01	0.654	no	NA
g11720	0.5834	2.220400e-01	0.654	no	Serine protein kinase H
g5489	0.5799	2.220400e-01	0.654	no	Dynein axonemal assembly factor 5
g5069	-0.9023	2.222802e-01	0.653	no	NA
g5391	0.5731	2.224837e-01	0.653	no	NA
g3714	0.5826	2.226941e-01	0.652	no	Serine/threonine-protein phosphatase BSU1
g15402	1.7887	2.228150e-01	0.652	no	NA
g1830	1.1629	2.228694e-01	0.652	no	NA
g6432	-0.7931	2.229687e-01	0.652	no	Probable maleylacetoacetate isomerase 2
g499	0.9514	2.230295e-01	0.652	no	NA
g15596	-0.6429	2.232292e-01	0.651	no	G-type lectin S-receptor-like serine/threonine-protein kinase RLK1
g13535	-0.6201	2.232292e-01	0.651	no	Caffeate CoA-transferase
g13296	0.6643	2.232292e-01	0.651	no	NA
g3955	1.3203	2.239199e-01	0.650	no	NA
g14751	0.5301	2.241213e-01	0.650	no	Signal peptide peptidase
g14429	-0.8928	2.243674e-01	0.649	no	NA
g5674	-0.5418	2.243942e-01	0.649	no	RNA-binding protein 28
g14891	0.5406	2.244523e-01	0.649	no	NA
g2353	0.4495	2.244523e-01	0.649	no	Retinol dehydrogenase 14
g1779	0.5866	2.244523e-01	0.649	no	DEAD-box ATP-dependent RNA helicase 26
g3860	-1.0437	2.252056e-01	0.647	no	NA
g11355	0.5825	2.252187e-01	0.647	no	Ubiquitin carboxyl-terminal hydrolase 34
g14780	1.7581	2.253227e-01	0.647	no	Carbonyl reductase [NADPH] 1
g3230	0.6823	2.253547e-01	0.647	no	NA
g2689	-0.4220	2.253547e-01	0.647	no	26S proteasome regulatory subunit 7A
g2026	-0.7080	2.253547e-01	0.647	no	NA
g2238	-0.6490	2.255647e-01	0.647	no	Mercuric reductase
g1562	-1.3997	2.272551e-01	0.643	no	Phosphatidylinositol/phosphatidylcholine transfer protein SFH1
g10868	-0.3985	2.273419e-01	0.643	no	Glutamate synthase 2 [NADH], chloroplastic
g6522	0.6460	2.273419e-01	0.643	no	Short chain isoprenyl diphosphate synthase
g14956	1.2052	2.273419e-01	0.643	no	NA
g11560	-1.5262	2.273904e-01	0.643	no	Probable serine/threonine-protein kinase drkA
g12116	-0.6408	2.279121e-01	0.642	no	NA
g13473	-0.5406	2.291211e-01	0.640	no	NA
g8860	-0.4682	2.292145e-01	0.640	no	Phosphoglycerate kinase
g929	0.7662	2.292145e-01	0.640	no	Uncharacterized MFS-type transporter MJ1560
g14504	-0.8696	2.293445e-01	0.640	no	Protein phosphatase 1B
g13371	-0.5075	2.293855e-01	0.639	no	NA
g6493	-1.0035	2.293855e-01	0.639	no	Multicopper oxidase CueO
g123	-0.6046	2.297689e-01	0.639	no	Ubiquitin-like protein 5
g2433	0.6118	2.301839e-01	0.638	no	Sorting and assembly machinery component 50 homolog A
g6397	-1.7130	2.301839e-01	0.638	no	NA
g144	0.4047	2.302637e-01	0.638	no	NPC intracellular cholesterol transporter 1
g14918	-1.2541	2.302637e-01	0.638	no	NA
g9720	-0.8073	2.304207e-01	0.637	no	Protein SEEDLING PLASTID DEVELOPMENT 1
g2345	-1.0215	2.321975e-01	0.634	no	Protein patched homolog 3
g13493	-1.3975	2.325504e-01	0.633	no	Protein app1
g11212	-0.7959	2.327716e-01	0.633	no	ATP-dependent RNA helicase DBP2
g12001	0.3945	2.335101e-01	0.632	no	Alanine aminotransferase 2
g8790	-0.4489	2.337714e-01	0.631	no	Superoxide dismutase [Cu-Zn]
g2590	-1.0384	2.337714e-01	0.631	no	NA
g6982	0.6047	2.344167e-01	0.630	no	NA
g15581	0.9667	2.345194e-01	0.630	no	NA
g5578	-0.7156	2.350031e-01	0.629	no	cAMP-dependent protein kinase catalytic subunit beta
g2494	-1.2583	2.357839e-01	0.627	no	NA
g12667	-0.6232	2.357839e-01	0.627	no	Phenylacetaldehyde reductase
g2017	-0.4567	2.357839e-01	0.627	no	NA
g4941	0.5080	2.357839e-01	0.627	no	NA
g12403	-0.8955	2.363944e-01	0.626	no	NA
g6505	0.3915	2.365480e-01	0.626	no	Dual E2 ubiquitin-conjugating enzyme/E3 ubiquitin-protein ligase BIRC6
g691	-0.3810	2.370790e-01	0.625	no	Asparagine--tRNA ligase
g4279	0.8015	2.371473e-01	0.625	no	Peptidyl-prolyl cis-trans isomerase D
g2998	0.4708	2.380999e-01	0.623	no	N-acetylgalactosamine-6-sulfatase
g2713	0.5998	2.383561e-01	0.623	no	Peptidyl-glycine alpha-amidating monooxygenase B
g6371	-0.5893	2.383561e-01	0.623	no	3',5'-cyclic-AMP phosphodiesterase 4B
g1091	0.9280	2.383561e-01	0.623	no	NA
g1034	1.2375	2.383561e-01	0.623	no	NA
g8299	-0.6455	2.383561e-01	0.623	no	Biotin-dependent acyl-coenzyme A carboxylase alpha3 subunit
g7722	-1.1916	2.383561e-01	0.623	no	Pleckstrin homology domain-containing family D member 1
g7072	0.5241	2.383561e-01	0.623	no	Solute carrier family 40 member 1
g2242	0.4880	2.383561e-01	0.623	no	NA
g6673	0.4049	2.383561e-01	0.623	no	NA
g7932	-1.1457	2.383561e-01	0.623	no	Ribosomal RNA large subunit methyltransferase E
g15962	-0.5193	2.386534e-01	0.622	no	NA
g12914	-0.9314	2.391725e-01	0.621	no	NA
g1111	-1.3543	2.394136e-01	0.621	no	NA
g5843	-0.4577	2.400231e-01	0.620	no	Cyclin-dependent kinase 3
g1303	-0.9620	2.401423e-01	0.620	no	NA
g13393	0.4238	2.411315e-01	0.618	no	Uncharacterized membrane protein F35D11.3
g12765	-1.9985	2.411315e-01	0.618	no	NA
g7993	-0.8987	2.411315e-01	0.618	no	Low specificity L-threonine aldolase
g10864	0.9563	2.411315e-01	0.618	no	Tyrosine aminotransferase
g15920	-0.6756	2.413376e-01	0.617	no	NA
g2059	-0.4705	2.417555e-01	0.617	no	NA
g4077	0.4576	2.417684e-01	0.617	no	NA
g8916	0.6301	2.421404e-01	0.616	no	NA
g3269	0.8787	2.424563e-01	0.615	no	Putative nucleotidase BH1399
g8379	-0.4311	2.426045e-01	0.615	no	Methionine--tRNA ligase, cytoplasmic
g15077	-1.2957	2.439576e-01	0.613	no	Protein ABHD13
g8070	-0.9616	2.440539e-01	0.613	no	NA
g5125	0.3706	2.440539e-01	0.613	no	NA
g3803	0.7484	2.442616e-01	0.612	no	NA
g7	-0.7526	2.443062e-01	0.612	no	Glutamate synthase 1 [NADH], chloroplastic
g6955	0.7725	2.452110e-01	0.610	no	NA
g9182	1.3691	2.456318e-01	0.610	no	NA
g8302	-0.7328	2.456318e-01	0.610	no	NA
g2804	-1.2096	2.460729e-01	0.609	no	NA
g15279	-1.5506	2.462551e-01	0.609	no	NA
g5026	0.6067	2.465879e-01	0.608	no	Putative zinc transporter At3g08650
g3869	-0.5742	2.467483e-01	0.608	no	NA
g12846	-0.9411	2.469565e-01	0.607	no	Uncharacterized protein C6G9.01c
g14304	-0.5590	2.471050e-01	0.607	no	Aminoacylase-1
g8156	-1.2664	2.471050e-01	0.607	no	NA
g15922	-0.5206	2.471050e-01	0.607	no	NA
g3951	0.5009	2.475399e-01	0.606	no	Peroxisomal bifunctional enzyme
g3912	-0.4801	2.483168e-01	0.605	no	Chaperone protein dnaJ 6
g6081	0.9250	2.492460e-01	0.603	no	Succinyl-CoA--D-citramalate CoA-transferase
g3910	-0.7643	2.493310e-01	0.603	no	Cytochrome P450 CYP94D108
g15156	0.4355	2.498934e-01	0.602	no	Sodium-coupled neutral amino acid transporter 5
g5325	-1.2282	2.499307e-01	0.602	no	Protein ABHD1
g3563	0.4300	2.512671e-01	0.600	no	Protein ARG5,6, mitochondrial
g484	2.8189	2.513268e-01	0.600	no	Uncharacterized protein HI_1586
g1949	-0.3744	2.513268e-01	0.600	no	NA
g15352	0.5592	2.516948e-01	0.599	no	Tryptophan synthase beta chain 1
g4683	2.0750	2.517307e-01	0.599	no	Tectonic-1
g7241	0.7817	2.523811e-01	0.598	no	NA
g11548	0.4590	2.524876e-01	0.598	no	Transcriptional activator Myb
g2286	0.4239	2.535582e-01	0.596	no	6-phosphofructo-2-kinase/fructose-2,6-bisphosphatase
g10810	-1.4966	2.541979e-01	0.595	no	Ankyrin repeat domain-containing protein 61
g5506	-0.5370	2.543493e-01	0.595	no	NA
g12739	0.6612	2.557803e-01	0.592	no	NA
g5829	0.6036	2.558198e-01	0.592	no	NA
g6890	-0.3764	2.561540e-01	0.591	no	RutC family protein PH0854
g5866	-1.0403	2.561540e-01	0.591	no	NA
g10708	0.8144	2.563767e-01	0.591	no	NA
g6241	-1.1500	2.567845e-01	0.590	no	NA
g1760	-0.9653	2.570826e-01	0.590	no	G-type lectin S-receptor-like serine/threonine-protein kinase RLK1
g15403	0.6077	2.571124e-01	0.590	no	Multifunctional procollagen lysine hydroxylase and glycosyltransferase LH3
g7010	0.6296	2.571124e-01	0.590	no	Vam6/Vps39-like protein
g5076	0.3840	2.572537e-01	0.590	no	CD2-associated protein
g1728	0.4372	2.573440e-01	0.589	no	NA
g4936	0.5481	2.573440e-01	0.589	no	Probable ATP-dependent RNA helicase DDX56
g4667	0.4028	2.575930e-01	0.589	no	Paladin
g15645	0.4225	2.578694e-01	0.589	no	NA
g12987	1.1493	2.578739e-01	0.589	no	NA
g772	0.3872	2.580136e-01	0.588	no	NA
g12741	2.2838	2.584282e-01	0.588	no	NA
g11471	-0.3796	2.590865e-01	0.587	no	Eukaryotic translation initiation factor 3 subunit B
g14755	0.3946	2.596014e-01	0.586	no	VIP36-like protein
g9252	0.8841	2.596766e-01	0.586	no	Chaperone protein DnaJ
g2191	0.4552	2.596766e-01	0.586	no	Trafficking protein particle complex subunit 10
g836	0.7160	2.599259e-01	0.585	no	NA
g13391	0.4883	2.602350e-01	0.585	no	Microtubule-associated serine/threonine-protein kinase 3
g14037	0.4445	2.602787e-01	0.585	no	Probable transport protein MmpL1
g8130	-0.5423	2.602853e-01	0.585	no	Glutamine--fructose-6-phosphate aminotransferase [isomerizing]
g5337	0.7039	2.602853e-01	0.585	no	NA
g2933	-0.6193	2.610768e-01	0.583	no	Ribose-phosphate pyrophosphokinase
g425	-0.8478	2.615438e-01	0.582	no	BTB/POZ domain-containing protein KCTD21
g12052	-0.3639	2.616597e-01	0.582	no	Coatomer subunit alpha-1
g4677	0.4062	2.616597e-01	0.582	no	NA
g5425	0.6882	2.622980e-01	0.581	no	Putative ion-transport protein YfeO
g14180	-0.5815	2.622980e-01	0.581	no	NA
g11133	0.5455	2.623641e-01	0.581	no	NA
g10386	0.5510	2.624203e-01	0.581	no	NA
g1990	-0.6500	2.624203e-01	0.581	no	Beta-amyrin 28-monooxygenase
g14684	-0.4603	2.624203e-01	0.581	no	NA
g15762	0.5213	2.626178e-01	0.581	no	NA
g1085	0.5695	2.626178e-01	0.581	no	Nuclear distribution protein PAC1
g11935	-1.9702	2.626178e-01	0.581	no	von Willebrand factor
g10473	-0.4338	2.626178e-01	0.581	no	S-formylglutathione hydrolase
g9257	-1.1125	2.635398e-01	0.579	no	NA
g14704	0.5352	2.636849e-01	0.579	no	Putative 3,4-dihydroxy-2-butanone kinase
g10695	0.5142	2.639393e-01	0.578	no	NA
g7730	1.1086	2.644822e-01	0.578	no	Dynein heavy chain, cytoplasmic
g8389	0.5777	2.649472e-01	0.577	no	DNA repair protein UVH3
g10790	-0.9038	2.656500e-01	0.576	no	Proteasome activator complex subunit 3
g1902	-0.8556	2.656500e-01	0.576	no	NA
g4788	0.4112	2.667753e-01	0.574	no	Zinc protease PQQL-like
g328	-0.5981	2.669105e-01	0.574	no	Deoxyribose-phosphate aldolase
g965	0.7234	2.680434e-01	0.572	no	NA
g13440	0.5725	2.685404e-01	0.571	no	Actin-binding Rho-activating protein
g9858	0.3665	2.686500e-01	0.571	no	NA
g3429	0.5900	2.691232e-01	0.570	no	NAD kinase
g12031	-0.8184	2.698966e-01	0.569	no	Intraflagellar transport protein 80 homolog
g13248	-0.5437	2.704539e-01	0.568	no	Eukaryotic initiation factor eIF4E1
g13221	0.4327	2.717372e-01	0.566	no	Protein TPX2
g8229	-0.5728	2.717372e-01	0.566	no	Group 2 truncated hemoglobin 3-2
g4926	0.3652	2.717372e-01	0.566	no	Coatomer subunit gamma-2
g8757	0.7847	2.730263e-01	0.564	no	NA
g15207	0.3570	2.730263e-01	0.564	no	Arylsulfatase B
g92	0.5397	2.731330e-01	0.564	no	NA
g5876	-0.5050	2.735691e-01	0.563	no	Proteasome subunit beta type-4
g2652	0.6508	2.735691e-01	0.563	no	NA
g12061	-0.4086	2.736877e-01	0.563	no	Sterol 3-beta-glucosyltransferase
g9470	0.9568	2.739002e-01	0.562	no	Probable DNA replication complex GINS protein PSF1
g7662	0.5548	2.750605e-01	0.561	no	NA
g2674	-0.4881	2.753218e-01	0.560	no	NA
g3777	-0.7039	2.753854e-01	0.560	no	NA
g4016	0.8536	2.755060e-01	0.560	no	Sensory/regulatory protein RpfC
g10737	0.3855	2.765271e-01	0.558	no	ARF guanine-nucleotide exchange factor GNOM
g12102	-0.7523	2.765337e-01	0.558	no	NA
g15590	-0.4876	2.772596e-01	0.557	no	NA
g13341	-0.3541	2.772596e-01	0.557	no	Succinate dehydrogenase [ubiquinone] flavoprotein subunit 1, mitochondrial
g3942	0.9375	2.772596e-01	0.557	no	NA
g5433	-0.4994	2.772697e-01	0.557	no	Porphobilinogen deaminase
g13870	1.3894	2.775828e-01	0.557	no	Enoyl-[acyl-carrier-protein] reductase, mitochondrial
g6692	0.5037	2.775828e-01	0.557	no	Cathepsin B-like cysteine proteinase 5
g6672	0.5933	2.775828e-01	0.557	no	NA
g3790	0.4039	2.775828e-01	0.557	no	Protein ApaG
g7347	0.5213	2.777637e-01	0.556	no	ATP-dependent RNA helicase DHX8
g7498	-0.4389	2.780320e-01	0.556	no	Solute carrier family 71 member 1
g12841	-0.6456	2.783981e-01	0.555	no	Small ribosomal subunit protein uS5
g880	-0.4035	2.792828e-01	0.554	no	E3 ubiquitin-protein ligase Ufd4
g15033	0.5714	2.792828e-01	0.554	no	Beta-hexosaminidase 1
g9952	0.4670	2.792828e-01	0.554	no	NA
g2452	0.3971	2.792828e-01	0.554	no	NA
g12411	-0.8752	2.792828e-01	0.554	no	NA
g2983	0.8340	2.792828e-01	0.554	no	NA
g12139	-0.7092	2.792828e-01	0.554	no	Dynein light chain Tctex-type 1
g3806	0.5570	2.792828e-01	0.554	no	NA
g7185	2.6714	2.792828e-01	0.554	no	Extracellular serine proteinase
g471	-0.9945	2.797455e-01	0.553	no	NA
g4928	-0.4742	2.807080e-01	0.552	no	NADH dehydrogenase [ubiquinone] 1 beta subcomplex subunit 9
g11690	-0.6716	2.816480e-01	0.550	no	NA
g4052	-0.5044	2.820426e-01	0.550	no	Probable ATP-dependent RNA helicase DDX10
g1001	-0.6090	2.825695e-01	0.549	no	NA
g2626	0.6312	2.837034e-01	0.547	no	3-methyl-2-oxobutanoate hydroxymethyltransferase 1, mitochondrial
g15283	-0.7844	2.837560e-01	0.547	no	NA
g12762	-0.4127	2.838059e-01	0.547	no	Dihydrolipoyllysine-residue succinyltransferase component of 2-oxoglutarate dehydrogenase complex, mitochondrial
g8118	0.4240	2.838059e-01	0.547	no	Na(+)/H(+) antiporter NhaA
g558	0.4280	2.850352e-01	0.545	no	NA
g7089	-0.5132	2.854411e-01	0.544	no	Charged multivesicular body protein 3
g14477	0.3876	2.857236e-01	0.544	no	Choline-phosphate cytidylyltransferase A
g10735	0.5155	2.865141e-01	0.543	no	NA
g7375	-0.7914	2.865509e-01	0.543	no	Luciferin sulfotransferase
g5089	-0.4977	2.865509e-01	0.543	no	Protein csh3
g5565	-0.4205	2.865509e-01	0.543	no	ATP-binding cassette sub-family F member 1
g5882	0.4623	2.865509e-01	0.543	no	Prolyl 4-hydroxylase 2
g12607	-0.5529	2.865509e-01	0.543	no	Lysine-specific demethylase 8
g1071	-0.3815	2.868563e-01	0.542	no	Actin-related protein 2
g15827	0.4914	2.868832e-01	0.542	no	Transient receptor potential cation channel subfamily V member 3
g8949	-0.5371	2.868832e-01	0.542	no	Aldehyde dehydrogenase, mitochondrial
g16001	-0.9489	2.890101e-01	0.539	no	NA
g15812	-0.7237	2.893149e-01	0.539	no	NA
g3782	-0.5294	2.895500e-01	0.538	no	NA
g4897	0.5558	2.895705e-01	0.538	no	NA
g10083	0.5785	2.896879e-01	0.538	no	NA
g9628	0.5307	2.900399e-01	0.538	no	NA
g7350	1.5722	2.909588e-01	0.536	no	NA
g8870	-0.6945	2.909588e-01	0.536	no	Cation channel sperm-associated auxiliary subunit epsilon
g14757	0.4965	2.910837e-01	0.536	no	Separin
g15697	0.6553	2.930874e-01	0.533	no	Uncharacterized transporter C405.03c
g38	0.6918	2.930874e-01	0.533	no	EVI5-like protein
g11010	-0.4178	2.931806e-01	0.533	no	Acid phosphatase A
g5737	-0.5541	2.931806e-01	0.533	no	NA
g13360	1.4766	2.934148e-01	0.533	no	NA
g11649	-0.8991	2.936335e-01	0.532	no	NA
g5774	0.7540	2.937970e-01	0.532	no	NA
g4938	0.4170	2.937970e-01	0.532	no	Transaldolase
g14454	-0.9303	2.942078e-01	0.531	no	NA
g7313	0.7384	2.948236e-01	0.530	no	U3 small nucleolar RNA-interacting protein 2
g2576	-0.5126	2.949344e-01	0.530	no	Nitrite reductase [NAD(P)H]
g13565	4.0537	2.950451e-01	0.530	no	Cyclic nucleotide-gated channel alpha-3
g6590	-0.8570	2.951207e-01	0.530	no	Rhamnolipids biosynthesis 3-oxoacyl-[acyl-carrier-protein] reductase
g117	0.4569	2.955458e-01	0.529	no	NA
g9794	-0.4148	2.955458e-01	0.529	no	Farnesyl pyrophosphate synthase
g3375	0.5255	2.959837e-01	0.529	no	E3 ubiquitin-protein ligase goliath
g9846	-0.9478	2.964817e-01	0.528	no	NA
g5881	0.9531	2.969279e-01	0.527	no	Ribosomal protein S6 kinase alpha-6
g3753	-0.4344	2.970480e-01	0.527	no	Myophilin
g5941	0.4347	2.976842e-01	0.526	no	Arginine-specific demethylase JMJ20
g2476	-0.6801	2.980839e-01	0.526	no	NA
g4807	0.7370	2.983026e-01	0.525	no	DnaJ homolog subfamily C member 25
g120	-0.7618	2.987516e-01	0.525	no	Nucleolar complex protein 3 homolog
g14990	0.4766	2.989074e-01	0.524	no	CBL-interacting protein kinase 28
g13460	0.9336	2.994246e-01	0.524	no	NA
g6469	-0.6208	2.996331e-01	0.523	no	Tetracycline resistance protein, class A
g7277	0.6714	2.996561e-01	0.523	no	Deoxyribodipyrimidine photo-lyase
g933	1.0244	3.016523e-01	0.520	no	NA
g1761	-1.0592	3.016523e-01	0.520	no	NA
g900	0.4333	3.017617e-01	0.520	no	Importin subunit alpha-1b
g595	-0.5340	3.019421e-01	0.520	no	Double-strand break repair protein MRE11
g5781	-0.6307	3.019882e-01	0.520	no	Large ribosomal subunit protein bL32
g14783	-0.4061	3.020206e-01	0.520	no	Large ribosomal subunit protein eL37A
g13157	-1.0344	3.023006e-01	0.520	no	NA
g3895	-0.7500	3.023006e-01	0.520	no	Protein mono-ADP-ribosyltransferase PARP12
g4399	-0.5825	3.029644e-01	0.519	no	Thioredoxin reductase sirT
g11406	0.4314	3.032829e-01	0.518	no	NA
g3559	0.3752	3.033356e-01	0.518	no	Ubiquitin carboxyl-terminal hydrolase 33
g8901	0.4637	3.033356e-01	0.518	no	Conserved oligomeric Golgi complex subunit 4
g6065	-1.0225	3.033356e-01	0.518	no	NA
g2530	0.6897	3.033796e-01	0.518	no	Amino acid transporter AVT3A
g951	0.6606	3.034104e-01	0.518	no	Cyclin-U4-1
g6158	0.3923	3.034350e-01	0.518	no	Mitogen-activated protein kinase kinase kinase 1
g9809	-1.4723	3.034350e-01	0.518	no	NA
g12927	0.5371	3.035169e-01	0.518	no	Lysine-specific histone demethylase 1A
g11399	0.6143	3.035169e-01	0.518	no	Protein deacetylase HDAC6
g3453	0.3817	3.042621e-01	0.517	no	Adenylyl-sulfate kinase
g5186	-0.4485	3.043557e-01	0.517	no	RNA-binding protein FXR1
g1741	-0.8925	3.043902e-01	0.517	no	NA
g10016	0.7107	3.043902e-01	0.517	no	NA
g8227	-1.5751	3.043902e-01	0.517	no	Transcriptional regulatory protein CseB
g9258	0.6522	3.051288e-01	0.516	no	Sugar transport protein 1
g12506	0.4764	3.051669e-01	0.515	no	Protein polyglycylase TTLL10
g14801	-0.9760	3.062503e-01	0.514	no	SEC14-like protein 1
g2240	-0.4178	3.067005e-01	0.513	no	Xyloglucan 6-xylosyltransferase 2
g4650	1.0471	3.069400e-01	0.513	no	NA
g10257	0.4883	3.069400e-01	0.513	no	Chaperone protein DnaK
g14743	-0.6357	3.074361e-01	0.512	no	Ataxin-3
g14618	0.6611	3.074913e-01	0.512	no	NA
g4158	1.4489	3.082110e-01	0.511	no	NA
g1104	-0.3880	3.082110e-01	0.511	no	DNA-dependent protein kinase catalytic subunit
g3085	0.3953	3.090762e-01	0.510	no	2-methylene-furan-3-one reductase
g493	-0.6541	3.090762e-01	0.510	no	NA
g10382	0.4680	3.091395e-01	0.510	no	NA
g15383	0.5132	3.091395e-01	0.510	no	Cycloeucalenol cycloisomerase
g10702	0.4720	3.098601e-01	0.509	no	NA
g9411	-0.9035	3.106769e-01	0.508	no	Dual specificity protein kinase KNS1
g5572	0.5092	3.106769e-01	0.508	no	NA
g1828	0.5433	3.108187e-01	0.507	no	NA
g5624	-0.9690	3.109151e-01	0.507	no	NA
g5062	-0.8725	3.111425e-01	0.507	no	Structural maintenance of chromosomes protein 6
g7842	-0.5826	3.114994e-01	0.507	no	NA
g10915	0.3784	3.114994e-01	0.507	no	Multiple C2 and transmembrane domain-containing protein 1
g4533	-0.4561	3.118085e-01	0.506	no	NA
g9893	-0.4089	3.129797e-01	0.504	no	Hypoxia-inducible factor 1-alpha inhibitor
g1053	-0.8644	3.133901e-01	0.504	no	NA
g1150	-0.5359	3.133969e-01	0.504	no	NA
g2051	0.4681	3.133969e-01	0.504	no	Negative elongation factor D
g245	0.4598	3.133969e-01	0.504	no	Calcium-dependent protein kinase 5
g14476	0.6798	3.137896e-01	0.503	no	NA
g1227	-0.8495	3.138548e-01	0.503	no	Glucose dehydrogenase [FAD, quinone]
g15749	0.7483	3.140453e-01	0.503	no	NA
g3500	-0.6395	3.143940e-01	0.503	no	Putative ubiquitin-like-specific protease 1B
g2283	-0.4287	3.145584e-01	0.502	no	F-actin-capping protein subunit alpha
g1711	-0.5703	3.152739e-01	0.501	no	NA
g15819	-1.5082	3.172604e-01	0.499	no	NA
g10514	-0.4015	3.175433e-01	0.498	no	E3 ubiquitin-protein ligase UPL1
g14256	0.3819	3.176163e-01	0.498	no	NA
g4546	-0.5600	3.176920e-01	0.498	no	EH domain-containing protein 1
g9287	0.6698	3.184757e-01	0.497	no	NA
g10985	-0.5474	3.190326e-01	0.496	no	Guanine nucleotide-binding protein-like NSN1
g12163	-0.6599	3.192115e-01	0.496	no	NA
g13091	-0.5692	3.195615e-01	0.495	no	Protein real-time
g4066	0.6107	3.207107e-01	0.494	no	Uncharacterized protein MJ1055
g2317	0.5607	3.209986e-01	0.493	no	Endothelial differentiation-related factor 1 homolog
g13130	-0.6204	3.209986e-01	0.493	no	NA
g2578	-0.3893	3.225833e-01	0.491	no	Nitrate reductase [NADH] 1
g7946	-1.0661	3.226211e-01	0.491	no	Bifunctional protein GlmU
g6353	0.7565	3.234241e-01	0.490	no	WD repeat-containing protein 44
g13527	0.5741	3.234241e-01	0.490	no	NA
g4376	0.4588	3.241997e-01	0.489	no	Cytoplasmic 60S subunit biogenesis factor REI1
g10761	0.4181	3.241997e-01	0.489	no	Protein polyglycylase TTLL10
g10063	0.4815	3.249560e-01	0.488	no	Metabotropic glutamate receptor-like protein M
g2092	-0.9404	3.268768e-01	0.486	no	NA
g945	0.4155	3.271084e-01	0.485	no	Inositol 1,4,5-trisphosphate-gated calcium channel ITPR1
g1669	0.6400	3.271084e-01	0.485	no	Phospholipid-transporting ATPase 10
g10519	-0.4763	3.276557e-01	0.485	no	Mevalonate kinase
g3121	1.1809	3.278228e-01	0.484	no	Kinesin-like protein KIF13A
g3404	0.5443	3.281760e-01	0.484	no	Transcription factor MYB3R-2
g6005	-0.3832	3.284981e-01	0.483	no	Sodium-dependent phosphate transport protein 2B
g3460	0.3885	3.295490e-01	0.482	no	NA
g14888	0.3306	3.299032e-01	0.482	no	Monodehydroascorbate reductase
g2291	-0.5101	3.299032e-01	0.482	no	NA
g250	0.3388	3.299141e-01	0.482	no	NA
g9901	0.3970	3.303653e-01	0.481	no	Carbonic anhydrase
g12536	-0.6007	3.319241e-01	0.479	no	NA
g3143	-0.3586	3.331526e-01	0.477	no	Aspartate--tRNA ligase, cytoplasmic
g12953	-0.9874	3.343852e-01	0.476	no	Probable E3 ubiquitin-protein ligase HERC1
g15787	0.3956	3.343852e-01	0.476	no	NA
g1504	0.4341	3.344422e-01	0.476	no	NA
g7373	0.6172	3.344422e-01	0.476	no	Hepatic sodium/bile acid cotransporter
g10447	0.4723	3.347303e-01	0.475	no	NA
g6702	0.3644	3.357700e-01	0.474	no	Probable allantoicase 1
g15534	0.6142	3.357700e-01	0.474	no	Large ribosomal subunit protein uL16-like
g9310	-0.7163	3.357700e-01	0.474	no	NA
g1734	-0.5714	3.357700e-01	0.474	no	NA
g5097	0.4661	3.357700e-01	0.474	no	3',5'-cyclic-AMP phosphodiesterase 4C
g15799	-1.4563	3.357700e-01	0.474	no	NACHT domain- and WD repeat-containing protein 1
g15411	-0.5330	3.359752e-01	0.474	no	DNA topoisomerase 6 subunit B
g8300	-1.5514	3.362114e-01	0.473	no	NA
g5932	-0.7128	3.362114e-01	0.473	no	NA
g8770	0.3597	3.362333e-01	0.473	no	Ultraviolet-B receptor UVR8
g8017	-0.7457	3.364784e-01	0.473	no	Echinoderm microtubule-associated protein-like 6
g8563	-0.3693	3.368932e-01	0.473	no	NA
g4571	0.8582	3.377124e-01	0.471	no	NA
g8551	0.5026	3.378197e-01	0.471	no	NA
g9196	0.5348	3.386220e-01	0.470	no	Actin-histidine N-methyltransferase
g15464	-0.3574	3.392352e-01	0.469	no	Probable voltage-gated potassium channel subunit beta
g2654	-0.4057	3.392352e-01	0.469	no	Proteasome subunit beta type-2
g7276	0.6084	3.392352e-01	0.469	no	Monoacylglycerol lipase ABHD2
g9423	0.7555	3.392443e-01	0.469	no	Iron-sulfur cluster assembly 2 homolog, mitochondrial
g5499	0.4970	3.395342e-01	0.469	no	NA
g5122	-0.6630	3.395342e-01	0.469	no	Mitochondrial inner membrane protein Mpv17
g1311	-0.6306	3.395342e-01	0.469	no	Guanine nucleotide-binding protein G(o) subunit alpha
g14749	0.6028	3.395342e-01	0.469	no	ATP-binding cassette sub-family C member 2
g4690	0.3881	3.395342e-01	0.469	no	SEC14 cytosolic factor
g11561	0.4183	3.395981e-01	0.469	no	Histone acetyltransferase HAC12
g4219	-0.6604	3.400392e-01	0.468	no	NA
g7295	0.3917	3.400392e-01	0.468	no	NAD-dependent histone deacetylase sirtuin-1
g8754	-0.4900	3.406196e-01	0.468	no	NA
g9330	0.6477	3.409568e-01	0.467	no	Uncharacterized ABC transporter ATP-binding protein C29A3.09c
g3586	2.3202	3.426365e-01	0.465	no	NADP-dependent alcohol dehydrogenase C 1
g13574	0.4471	3.426365e-01	0.465	no	Heat shock protein homolog pss1
g7761	-0.4199	3.426461e-01	0.465	no	Uncharacterized glycosyltransferase in aroQ 3'region
g7273	-1.2841	3.428074e-01	0.465	no	NA
g10116	0.3860	3.428668e-01	0.465	no	NA
g4994	-0.6168	3.428668e-01	0.465	no	NA
g3726	-0.5505	3.428668e-01	0.465	no	Protein phosphatase 1L
g12216	0.5129	3.428668e-01	0.465	no	NA
g4126	-0.3571	3.429189e-01	0.465	no	Multisite-specific tRNA:(cytosine-C(5))-methyltransferase
g151	1.0322	3.429189e-01	0.465	no	NA
g10150	-0.5707	3.434342e-01	0.464	no	1-acyl-sn-glycerol-3-phosphate acyltransferase BAT2, chloroplastic
g1545	-0.6066	3.434510e-01	0.464	no	Dihydrolipoyllysine-residue acetyltransferase component of pyruvate dehydrogenase complex, mitochondrial
g9925	-0.4583	3.434510e-01	0.464	no	Vacuolar transporter chaperone complex subunit 4
g10531	0.8301	3.438078e-01	0.464	no	Uncharacterized protein HI_1586
g374	0.6365	3.446983e-01	0.463	no	NA
g13102	0.8200	3.448733e-01	0.462	no	Mitochondrial substrate carrier family protein E
g6398	-1.1441	3.464378e-01	0.460	no	NA
g9941	0.3409	3.464378e-01	0.460	no	Superoxide dismutase [Mn], mitochondrial
g10914	-0.4071	3.464378e-01	0.460	no	Uncharacterized protein C57A7.06
g13661	0.7863	3.466019e-01	0.460	no	NA
g3838	0.5388	3.470457e-01	0.460	no	Heat shock 70 kDa protein
g10921	-0.3950	3.478823e-01	0.459	no	Proteasome subunit beta type-5
g11109	-0.4101	3.478823e-01	0.459	no	Aspartate aminotransferase, mitochondrial
g5356	0.5187	3.478903e-01	0.459	no	Small ribosomal subunit protein uS10
g13192	0.8695	3.485918e-01	0.458	no	NA
g12894	-0.4143	3.485918e-01	0.458	no	NA
g13583	-0.6856	3.485918e-01	0.458	no	NA
g6042	-0.3915	3.485918e-01	0.458	no	Cytochrome c peroxidase, mitochondrial
g10129	0.7738	3.485918e-01	0.458	no	Serine/threonine-protein kinase PKZ1
g527	0.9186	3.489287e-01	0.457	no	NA
g13148	0.3753	3.489287e-01	0.457	no	Serine/threonine-protein phosphatase 6 regulatory subunit 2
g8114	-0.9485	3.491028e-01	0.457	no	NA
g4271	-0.8870	3.493334e-01	0.457	no	NA
g2473	0.5496	3.516910e-01	0.454	no	NA
g6514	0.5459	3.519525e-01	0.454	no	NA
g9617	0.5802	3.522774e-01	0.453	no	Protein SHQ1 homolog
g6258	0.5293	3.528486e-01	0.452	no	NA
g1208	0.4923	3.531398e-01	0.452	no	AarF domain-containing kinase 1
g3243	-0.3424	3.531398e-01	0.452	no	Thioredoxin domain-containing protein 5
g6608	0.5676	3.531398e-01	0.452	no	ATPase family AAA domain-containing protein 3A
g3285	0.6474	3.531398e-01	0.452	no	NA
g11063	-0.3952	3.531398e-01	0.452	no	Type-3 glutamine synthetase
g13521	-0.4383	3.531398e-01	0.452	no	Carnitine O-acetyltransferase
g7255	-0.5653	3.543175e-01	0.451	no	Proliferation marker protein Ki-67
g9708	0.4836	3.543565e-01	0.451	no	GDT1-like protein 3
g7541	0.4736	3.543565e-01	0.451	no	Transmembrane emp24 domain-containing protein 2
g9169	0.5011	3.546175e-01	0.450	no	NA
g185	-0.9287	3.546175e-01	0.450	no	Protein ENHANCED DISEASE RESISTANCE 2-like
g13156	0.6268	3.549675e-01	0.450	no	Protein O-mannosyl-transferase tmem260
g11912	1.3989	3.549675e-01	0.450	no	Egl nine homolog 1
g6104	-0.3504	3.553649e-01	0.449	no	NA
g4076	-0.7961	3.556048e-01	0.449	no	NA
g8395	-0.8182	3.560644e-01	0.448	no	NA
g14215	-0.3419	3.560644e-01	0.448	no	Cysteine synthase
g8056	-0.3712	3.562930e-01	0.448	no	NA
g13913	1.4581	3.567459e-01	0.448	no	NA
g1582	-1.2549	3.584372e-01	0.446	no	NA
g4070	0.3999	3.584372e-01	0.446	no	Acyl-coenzyme A oxidase 2, peroxisomal
g8588	0.4163	3.585213e-01	0.445	no	Breast cancer type 2 susceptibility protein
g47	0.4647	3.586427e-01	0.445	no	3-isopropylmalate dehydrogenase
g7690	-0.5774	3.588310e-01	0.445	no	NA
g3271	0.3422	3.588310e-01	0.445	no	Chaperone protein dnaJ 10
g4105	0.5299	3.588834e-01	0.445	no	Elongation factor 3
g5237	0.3867	3.588834e-01	0.445	no	NA
g9506	0.4132	3.588834e-01	0.445	no	Protein CREG1
g7416	0.5360	3.588834e-01	0.445	no	Histone-lysine N-methyltransferase ATXR3
g2486	0.3346	3.602850e-01	0.443	no	Probable serine incorporator
g5257	0.5801	3.603717e-01	0.443	no	Glyoxysomal processing protease, glyoxysomal
g14944	0.6470	3.606625e-01	0.443	no	NA
g14145	-0.6619	3.606625e-01	0.443	no	Uncharacterized protein C3orf26 homolog
g6894	0.5286	3.615318e-01	0.442	no	Armadillo segment polarity protein
g6128	-0.8553	3.615771e-01	0.442	no	Quinone oxidoreductase PKS9
g9634	-0.6043	3.623893e-01	0.441	no	Putative oxidoreductase SadH
g8605	-0.4494	3.623893e-01	0.441	no	NA
g15608	0.4749	3.623893e-01	0.441	no	Uncharacterized protein YqkD
g9265	0.7685	3.623893e-01	0.441	no	Sugar transport protein 1
g9219	0.4255	3.623893e-01	0.441	no	Small ribosomal subunit protein eS19z
g15676	0.4466	3.623893e-01	0.441	no	Glycerol kinase
g9031	0.7742	3.630126e-01	0.440	no	Monodehydroascorbate reductase
g3949	2.0061	3.630126e-01	0.440	no	Sperm-associated antigen 1
g143	-0.5954	3.633774e-01	0.440	no	NA
g15166	0.4650	3.640069e-01	0.439	no	Serine/threonine-protein kinase cst-1
g11505	-0.5819	3.640069e-01	0.439	no	E3 ubiquitin-protein ligase SspH1
g14768	0.5294	3.640069e-01	0.439	no	NA
g14994	0.3296	3.640069e-01	0.439	no	NA
g2988	0.4940	3.640442e-01	0.439	no	NA
g13491	0.4364	3.651215e-01	0.438	no	Cysteine desulfurase, mitochondrial
g2700	0.4992	3.651215e-01	0.438	no	NA
g13981	0.3737	3.656673e-01	0.437	no	NA
g1590	-0.6901	3.659758e-01	0.437	no	NA
g8405	-0.5092	3.662736e-01	0.436	no	Protein ENHANCED DISEASE RESISTANCE 2-like
g3360	0.3739	3.670519e-01	0.435	no	E3 ubiquitin-protein ligase TOM1-like
g604	0.4347	3.671997e-01	0.435	no	NA
g935	0.4453	3.671997e-01	0.435	no	NA
g2638	-0.6868	3.671997e-01	0.435	no	NA
g10691	-0.4336	3.671997e-01	0.435	no	mRNA cap guanine-N(7) methyltransferase 1
g2750	1.3134	3.674435e-01	0.435	no	Dynein axonemal heavy chain gamma
g2068	0.3908	3.674435e-01	0.435	no	Cystinosin
g4457	2.4119	3.674435e-01	0.435	no	Tubulin-folding cofactor B
g4427	0.3967	3.674435e-01	0.435	no	Mitoferrin
g919	0.3432	3.674435e-01	0.435	no	Probable metal-nicotianamine transporter YSL6
g10350	-0.4077	3.674435e-01	0.435	no	Peroxisomal multifunctional enzyme type 2
g7916	-1.5860	3.674435e-01	0.435	no	cGMP-dependent 3',5'-cGMP phosphodiesterase A
g13764	-0.5192	3.685191e-01	0.434	no	Heat shock factor protein 4
g1246	0.6146	3.685191e-01	0.434	no	Uncharacterized methyltransferase C1B3.06c
g13751	-0.4247	3.690439e-01	0.433	no	Splicing factor U2AF 50 kDa subunit
g11470	1.8211	3.690439e-01	0.433	no	BBSome complex member BBS2
g7343	0.5088	3.690439e-01	0.433	no	NA
g15556	-0.6397	3.690439e-01	0.433	no	NA
g13002	0.4030	3.690439e-01	0.433	no	NA
g13846	0.3657	3.690439e-01	0.433	no	Mitogen-activated protein kinase kinase SIPKK
g4031	-1.1642	3.706507e-01	0.431	no	NA
g3331	0.5698	3.710519e-01	0.431	no	Phospholipid:diacylglycerol acyltransferase
g11494	-0.3801	3.710519e-01	0.431	no	Calcium-regulated actin-bundling protein
g509	0.4088	3.714100e-01	0.430	no	Leucine-zipper-like transcriptional regulator 1 homolog
g1005	0.4111	3.714100e-01	0.430	no	EH domain-containing protein 3
g1922	-0.4273	3.724034e-01	0.429	no	Putative ribosome biogenesis protein C8F11.04
g3927	-0.7549	3.724034e-01	0.429	no	Pleckstrin homology domain-containing family G member 2
g1906	0.4476	3.726501e-01	0.429	no	NA
g11508	-0.5040	3.733863e-01	0.428	no	DNA repair protein Ku70
g10910	-0.3288	3.733863e-01	0.428	no	NA
g10467	-0.5709	3.734158e-01	0.428	no	Carnitine monooxygenase oxygenase subunit
g8253	-0.9571	3.734158e-01	0.428	no	tRNA-specific adenosine deaminase 1
g8101	-0.8079	3.734158e-01	0.428	no	Rab-like protein 3
g9111	0.3260	3.734158e-01	0.428	no	NA
g5291	-0.6023	3.734158e-01	0.428	no	Protein transport protein Sec61 subunit beta
g1957	-0.3576	3.734158e-01	0.428	no	CRAL-TRIO domain-containing protein C365.01
g5028	-0.6604	3.734158e-01	0.428	no	Putative zinc transporter At3g08650
g14687	-1.4579	3.734158e-01	0.428	no	NA
g11054	0.5622	3.734158e-01	0.428	no	FAD-binding monooxygenase ktnD
g4954	0.4986	3.734158e-01	0.428	no	NA
g15484	-0.3585	3.734158e-01	0.428	no	Calcium/calmodulin-dependent protein kinase type 1
g3551	0.3326	3.734158e-01	0.428	no	WD repeat and FYVE domain-containing protein 3
g13947	0.4919	3.734158e-01	0.428	no	Monothiol glutaredoxin-S17
g5845	-0.3702	3.734158e-01	0.428	no	Peroxisome biogenesis protein 16
g15377	0.3942	3.734619e-01	0.428	no	NA
g7814	-0.8023	3.737966e-01	0.427	no	Protein DD3-3
g16083	-0.4080	3.739912e-01	0.427	no	NA
g10294	0.4929	3.758436e-01	0.425	no	NA
g14114	-0.5018	3.763135e-01	0.424	no	Esterase
g5908	-0.7277	3.763135e-01	0.424	no	NA
g7006	0.5740	3.767799e-01	0.424	no	NA
g300	0.4345	3.772416e-01	0.423	no	Calcium/calmodulin-dependent protein kinase type IV
g907	-0.3932	3.772416e-01	0.423	no	NA
g11313	0.5134	3.772416e-01	0.423	no	Adenylate cyclase type 10
g9486	-1.0033	3.773833e-01	0.423	no	NA
g219	0.5581	3.774573e-01	0.423	no	Protein PIN-LIKES 2
g11911	-0.3455	3.776035e-01	0.423	no	NA
g4910	1.2249	3.776035e-01	0.423	no	Calpain-type cysteine protease ADL1
g9716	-1.0374	3.776035e-01	0.423	no	NA
g3890	-0.6325	3.776035e-01	0.423	no	NA
g2338	-0.4254	3.776035e-01	0.423	no	Pyrimidine-nucleoside phosphorylase
g11442	-0.4931	3.778889e-01	0.423	no	NA
g1589	0.5041	3.784297e-01	0.422	no	Lipase
g13378	0.5109	3.794580e-01	0.421	no	NA
g7000	0.4147	3.794580e-01	0.421	no	Mitogen-activated protein kinase 4b
g9116	0.5211	3.801936e-01	0.420	no	Serine carboxypeptidase S10 family member 1
g15406	-0.7727	3.801936e-01	0.420	no	G-type lectin S-receptor-like serine/threonine-protein kinase RLK1
g12861	0.8581	3.802541e-01	0.420	no	NA
g1	-1.0066	3.802541e-01	0.420	no	NA
g8774	0.4992	3.802541e-01	0.420	no	Protein YIPF6 homolog
g9463	0.3734	3.802541e-01	0.420	no	Vignain
g8981	-0.5068	3.802541e-01	0.420	no	Acetyl-CoA acetyltransferase, mitochondrial
g8891	-0.5244	3.808758e-01	0.419	no	Manganese-dependent ADP-ribose/CDP-alcohol diphosphatase
g12631	0.5283	3.818100e-01	0.418	no	Alkaline ceramidase 1
g7302	-1.5011	3.819753e-01	0.418	no	NA
g11337	-0.3342	3.819753e-01	0.418	no	26S proteasome non-ATPase regulatory subunit 2
g6391	0.3743	3.819753e-01	0.418	no	Sulfoquinovosidase
g998	0.3426	3.820733e-01	0.418	no	NA
g8755	0.4948	3.820733e-01	0.418	no	NA
g7078	0.3435	3.834073e-01	0.416	no	Membrane-associated sulfotransferase kil1
g1095	-0.8299	3.840053e-01	0.416	no	NA
g6972	0.8188	3.849648e-01	0.415	no	Cytochrome b5 domain-containing protein RLF
g338	-0.9277	3.862446e-01	0.413	no	NA
g8220	-0.9733	3.864929e-01	0.413	no	NA
g12479	-0.3444	3.868623e-01	0.412	no	Iduronate 2-sulfatase
g4303	0.9316	3.868658e-01	0.412	no	Diacylglycerol O-acyltransferase 2
g1254	0.7813	3.869777e-01	0.412	no	Probable sodium/metabolite cotransporter BASS4, chloroplastic
g3536	1.1183	3.871081e-01	0.412	no	Dihydrofolate synthase/folylpolyglutamate synthase
g7567	-0.4741	3.871081e-01	0.412	no	NA
g5061	-0.6494	3.876982e-01	0.412	no	Structure-specific endonuclease subunit MUS81
g5698	0.4536	3.876982e-01	0.412	no	Tubulin alpha-1 chain
g7242	-0.6034	3.877284e-01	0.411	no	NA
g9929	-0.8625	3.877284e-01	0.411	no	Schlafen-like protein 2
g8599	0.4701	3.877284e-01	0.411	no	Large ribosomal subunit protein eL43
g1387	0.3993	3.877284e-01	0.411	no	NA
g10058	-0.5586	3.877284e-01	0.411	no	General transcription and DNA repair factor IIH subunit TFB2
g15923	0.3965	3.877284e-01	0.411	no	Adenylyltransferase and sulfurtransferase MOCS3
g9649	-0.3682	3.883058e-01	0.411	no	Large ribosomal subunit protein uL13
g1344	0.3683	3.887190e-01	0.410	no	NA
g8092	-0.4883	3.892650e-01	0.410	no	NA
g5292	-0.4154	3.899011e-01	0.409	no	Alpha-galactosidase
g4827	-0.6057	3.899011e-01	0.409	no	BUB3-interacting and GLEBS motif-containing protein ZNF207
g4331	0.3913	3.910122e-01	0.408	no	NA
g7569	-0.4214	3.918652e-01	0.407	no	NA
g3786	0.5397	3.921763e-01	0.407	no	NA
g7577	-0.5409	3.921763e-01	0.407	no	NA
g12274	0.6386	3.936043e-01	0.405	no	NA
g3316	-0.3658	3.943653e-01	0.404	no	pre-rRNA 2'-O-ribose RNA methyltransferase FTSJ3
g6237	0.4626	3.950690e-01	0.403	no	NA
g8274	-0.5576	3.951211e-01	0.403	no	NA
g6876	-0.5501	3.951211e-01	0.403	no	Cyclin-dependent kinase 2
g8600	0.8539	3.962401e-01	0.402	no	NA
g9875	0.4428	3.964135e-01	0.402	no	Protein kinase C gamma type
g6528	-0.4769	3.964899e-01	0.402	no	Acylamino-acid-releasing enzyme
g12752	-0.9717	3.968421e-01	0.401	no	NA
g8752	-0.7464	3.970711e-01	0.401	no	NA
g11013	0.4176	3.973816e-01	0.401	no	SUN domain-containing protein 4
g13738	-1.2273	3.973816e-01	0.401	no	NA
g9995	0.3131	3.973816e-01	0.401	no	Neutral ceramidase 2
g9088	0.6647	3.973816e-01	0.401	no	THUMP domain-containing protein 1
g7698	0.3694	3.973816e-01	0.401	no	NA
g5960	0.4404	3.973816e-01	0.401	no	NA
g3268	0.3823	3.973816e-01	0.401	no	NA
g10043	2.2502	3.973816e-01	0.401	no	Multiple C2 and transmembrane domain-containing protein 1
g892	0.4146	3.973816e-01	0.401	no	DExH-box ATP-dependent RNA helicase DExH1
g2971	-1.2502	3.976254e-01	0.401	no	NA
g10611	-0.8989	3.976764e-01	0.400	no	NA
g14980	-1.0599	3.976764e-01	0.400	no	Arf-GAP with coiled-coil, ANK repeat and PH domain-containing protein 1
g11684	-0.3922	3.976764e-01	0.400	no	Nucleolar complex protein 2 homolog
g12885	-0.6844	3.979924e-01	0.400	no	NA
g9334	-0.3811	3.979924e-01	0.400	no	Myosin-8
g9677	-0.4029	3.979924e-01	0.400	no	Proteasome subunit beta type-1-B
g9046	0.5022	3.981758e-01	0.400	no	NA
g14173	-0.4246	3.991747e-01	0.399	no	NA
g4647	0.4360	3.996649e-01	0.398	no	TPR-containing protein DDB_G0280363
g7181	0.4949	4.004346e-01	0.397	no	Ferlin 2
g8696	-0.3899	4.004346e-01	0.397	no	Caltractin
g13848	0.5260	4.009067e-01	0.397	no	DNA ligase 1
g12236	-0.3810	4.014761e-01	0.396	no	NA
g26	0.8753	4.015712e-01	0.396	no	NA
g118	0.3881	4.017863e-01	0.396	no	HEAT repeat-containing protein 5B
g4012	-0.3787	4.018193e-01	0.396	no	Adenylosuccinate lyase
g12077	-1.2374	4.024275e-01	0.395	no	NA
g5945	0.5476	4.026416e-01	0.395	no	Tartrate-resistant acid phosphatase type 5
g10941	0.3294	4.026962e-01	0.395	no	GID complex subunit 1
g2937	-0.6422	4.026962e-01	0.395	no	NA
g6525	0.4691	4.026962e-01	0.395	no	Kinesin-like protein KIN-14E
g14420	-0.9663	4.026962e-01	0.395	no	Regulator of G protein signaling 5
g14323	0.3718	4.027203e-01	0.395	no	Choline/ethanolaminephosphotransferase 2
g5442	0.3524	4.027203e-01	0.395	no	Vacuolar-sorting receptor 2
g3664	1.0202	4.027203e-01	0.395	no	NA
g15209	-0.5229	4.029335e-01	0.395	no	NA
g16002	0.4226	4.032132e-01	0.394	no	NA
g12181	0.3552	4.034852e-01	0.394	no	NA
g13035	0.4239	4.035746e-01	0.394	no	Telomere repeat-binding factor 4
g16059	-0.7400	4.036576e-01	0.394	no	Prefoldin subunit 2
g5472	-0.3857	4.048169e-01	0.393	no	Ribonuclease TUDOR 1
g13864	0.3738	4.048169e-01	0.393	no	Probable inactive purple acid phosphatase 1
g12715	-0.4412	4.057963e-01	0.392	no	Probable sugar phosphate/phosphate translocator At3g17430
g11251	-0.5533	4.063379e-01	0.391	no	Sulfide-quinone reductase
g15345	0.3865	4.071408e-01	0.390	no	Inward rectifier potassium channel irk-1
g13721	0.6196	4.075946e-01	0.390	no	NA
g8231	-0.7184	4.077542e-01	0.390	no	E3 ubiquitin-protein ligase TRIM23
g5768	0.4126	4.080219e-01	0.389	no	RNA-binding Raly-like protein
g10496	0.3709	4.083006e-01	0.389	no	Guanine nucleotide-binding protein alpha-1 subunit
g2322	0.4888	4.091197e-01	0.388	no	NA
g8397	-0.5413	4.096014e-01	0.388	no	NA
g11446	-0.3250	4.096014e-01	0.388	no	Long-chain-fatty-acid--CoA ligase 4
g12943	0.4226	4.097581e-01	0.387	no	NA
g8690	0.3092	4.097581e-01	0.387	no	NA
g3441	-0.8046	4.097581e-01	0.387	no	Probable magnesium transporter NIPA7
g8163	-2.0286	4.097581e-01	0.387	no	NA
g3471	0.3993	4.098628e-01	0.387	no	K(+) efflux antiporter 6
g11490	-0.3989	4.102471e-01	0.387	no	Large ribosomal subunit protein uL22
g10912	0.5315	4.103936e-01	0.387	no	Inositol monophosphatase 2
g14228	-0.3143	4.106620e-01	0.387	no	Peptidyl serine alpha-galactosyltransferase
g14543	0.4524	4.119404e-01	0.385	no	Nucleoredoxin
g7548	0.3725	4.120688e-01	0.385	no	NA
g7723	-0.5895	4.121078e-01	0.385	no	NA
g2560	0.3932	4.121995e-01	0.385	no	Protein disulfide-isomerase
g7041	0.5030	4.125826e-01	0.384	no	Integrin-linked kinase-associated serine/threonine phosphatase 2C
g13410	0.5040	4.125826e-01	0.384	no	Ribulose-phosphate 3-epimerase
g3984	0.6728	4.125826e-01	0.384	no	ABC transporter F family member 3
g14995	-0.5439	4.125826e-01	0.384	no	NA
g9988	0.3772	4.127046e-01	0.384	no	Synaptotagmin-4
g3900	0.3525	4.127468e-01	0.384	no	NA
g11409	-0.5013	4.127468e-01	0.384	no	UDP-sugar pyrophosphorylase 1
g14507	0.3250	4.127468e-01	0.384	no	NA
g10102	0.4471	4.128523e-01	0.384	no	ADP-ribosylation factor GTPase-activating protein AGD7
g3466	0.8866	4.130617e-01	0.384	no	Cilium assembly protein DZIP1L
g7473	-0.3519	4.134552e-01	0.384	no	NA
g13719	-0.2892	4.134552e-01	0.384	no	NADH dehydrogenase [ubiquinone] flavoprotein 1, mitochondrial
g10759	0.5027	4.138701e-01	0.383	no	NA
g4552	-0.7670	4.138701e-01	0.383	no	Membrin-11
g9350	-0.4243	4.138701e-01	0.383	no	NA
g10950	0.4180	4.140365e-01	0.383	no	VAMP-like protein YKT61
g11078	0.4048	4.140365e-01	0.383	no	Glucosylceramidase
g5206	-0.4090	4.140365e-01	0.383	no	NA
g9685	-0.7048	4.140365e-01	0.383	no	NA
g1744	-0.7104	4.140365e-01	0.383	no	Supervillin
g1540	0.3470	4.140365e-01	0.383	no	NA
g11921	-0.7126	4.140365e-01	0.383	no	Rho GTPase-activating protein 5
g645	0.4700	4.147830e-01	0.382	no	mRNA cap guanine-N(7) methyltransferase 1
g10718	0.3509	4.148243e-01	0.382	no	Mitogen-activated protein kinase kinase 3
g230	-0.4226	4.153437e-01	0.382	no	NA
g15058	-0.7542	4.153437e-01	0.382	no	Na(+)/citrate cotransporter
g11218	0.3933	4.158192e-01	0.381	no	MAP kinase kinase MKK1/SSP32
g14093	0.5574	4.158192e-01	0.381	no	Ferroptosis suppressor protein 1
g10747	0.4372	4.158192e-01	0.381	no	NA
g6744	0.4043	4.159040e-01	0.381	no	28 kDa ribonucleoprotein, chloroplastic
g11277	0.9844	4.166289e-01	0.380	no	ABC transporter A family member 1
g4703	0.4951	4.166929e-01	0.380	no	[Pyruvate dehydrogenase (acetyl-transferring)] kinase, mitochondrial
g6671	0.3295	4.173849e-01	0.379	no	NA
g1302	-0.9190	4.185187e-01	0.378	no	NA
g1650	0.3907	4.185464e-01	0.378	no	Dual specificity protein phosphatase 1B
g5033	-0.4449	4.193085e-01	0.377	no	EP300-interacting inhibitor of differentiation 3
g13069	-0.8062	4.193085e-01	0.377	no	NA
g6052	-0.5755	4.194181e-01	0.377	no	NA
g3393	-0.3888	4.196731e-01	0.377	no	Adenylosuccinate synthetase
g7267	1.0924	4.212545e-01	0.375	no	NA
g15767	0.3833	4.212545e-01	0.375	no	NA
g10772	-0.3221	4.213628e-01	0.375	no	Malate dehydrogenase, mitochondrial
g6756	0.5896	4.213628e-01	0.375	no	NA
g6168	0.5283	4.215415e-01	0.375	no	COX assembly mitochondrial protein 2
g1914	0.3689	4.222819e-01	0.374	no	Ubiquitin carboxyl-terminal hydrolase 9Y
g2049	0.4227	4.227774e-01	0.374	no	NA
g3481	0.3983	4.227774e-01	0.374	no	NA
g3709	0.6423	4.227774e-01	0.374	no	Uncharacterized TLC domain-containing protein C17A2.02c
g9585	-0.7584	4.230717e-01	0.374	no	General transcription and DNA repair factor IIH subunit TFB5
g4519	0.3113	4.231324e-01	0.374	no	Ultraviolet-B receptor UVR8
g7471	0.3551	4.231818e-01	0.373	no	NA
g10906	0.3543	4.231818e-01	0.373	no	NA
g5632	-0.4187	4.231818e-01	0.373	no	NA
g5967	-0.6085	4.237047e-01	0.373	no	CCR4-NOT transcription complex subunit 11
g4462	0.3334	4.237776e-01	0.373	no	E3 ubiquitin-protein ligase HERC2
g3282	0.3095	4.237776e-01	0.373	no	NA
g3320	0.4929	4.252004e-01	0.371	no	Ultraviolet-B receptor UVR8
g9302	0.4886	4.252004e-01	0.371	no	E3 ubiquitin-protein ligase RNF13
g9354	0.9097	4.252004e-01	0.371	no	NA
g9277	0.6820	4.252004e-01	0.371	no	NA
g14546	-0.8589	4.255203e-01	0.371	no	Molecular chaperone MKKS
g5527	-0.6282	4.259976e-01	0.371	no	NA
g44	0.4232	4.260511e-01	0.371	no	NA
g6098	0.7072	4.261006e-01	0.370	no	Cryptochrome-1
g8602	0.3573	4.265432e-01	0.370	no	TBC1 domain family member 2A
g11709	0.4736	4.265432e-01	0.370	no	Putative ascorbate peroxidase
g7948	-0.9199	4.265432e-01	0.370	no	NA
g622	-1.0021	4.265432e-01	0.370	no	Heparan-sulfate 6-O-sulfotransferase 3
g575	1.1676	4.265432e-01	0.370	no	Calcium/calmodulin-dependent protein kinase type 1D
g14455	-0.7916	4.265432e-01	0.370	no	Receptor expression-enhancing protein 5
g5484	-0.3018	4.281949e-01	0.368	no	Cullin-1
g10270	0.3306	4.287775e-01	0.368	no	Probable glutamate carboxypeptidase ARB_02390
g15735	1.0623	4.288381e-01	0.368	no	NA
g3004	0.5189	4.288381e-01	0.368	no	Regulator of MON1-CCZ1 complex
g813	-1.7189	4.288381e-01	0.368	no	NA
g5361	-0.6056	4.288381e-01	0.368	no	NA
g5904	0.3943	4.292972e-01	0.367	no	Vacuolar calcium ion transporter
g2159	0.3569	4.297435e-01	0.367	no	V-type proton ATPase 16 kDa proteolipid subunit c 2
g15453	0.4010	4.297797e-01	0.367	no	Cytochrome c oxidase assembly protein COX19
g407	0.4128	4.297962e-01	0.367	no	Autoinducer 2 sensor kinase/phosphatase LuxQ
g6316	1.1986	4.298993e-01	0.367	no	Putative glycosyl hydrolase ecdE
g13656	0.5936	4.306566e-01	0.366	no	Ganglioside-induced differentiation-associated protein 2
g7776	-0.6582	4.316382e-01	0.365	no	NA
g8519	0.3657	4.316382e-01	0.365	no	BEACH domain-containing protein B
g4621	-0.2857	4.316382e-01	0.365	no	ABC transporter D family member 1
g1205	-0.5647	4.338241e-01	0.363	no	Probable low-specificity L-threonine aldolase 2
g15277	0.3041	4.338241e-01	0.363	no	Sugar transporter SWEET1
g12901	-0.3178	4.339175e-01	0.363	no	Ras-related GTP-binding protein C
g908	-0.6860	4.344897e-01	0.362	no	NA
g14489	-0.3598	4.346105e-01	0.362	no	Fructose-1,6-bisphosphatase, cytosolic
g11755	0.8033	4.354947e-01	0.361	no	NA
g16011	-0.3241	4.354947e-01	0.361	no	Tyrosine--tRNA ligase 1, cytoplasmic
g5663	-0.3276	4.354947e-01	0.361	no	Lysine--tRNA ligase
g15013	0.3794	4.355886e-01	0.361	no	Long-chain-fatty-acid--CoA ligase ACSBG2
g24	-0.4051	4.366017e-01	0.360	no	Eukaryotic translation initiation factor 3 subunit K
g142	-0.4658	4.373618e-01	0.359	no	Probable tRNA pseudouridine synthase D
g8619	0.9486	4.379099e-01	0.359	no	NA
g9125	1.4015	4.379099e-01	0.359	no	Calpain-type cysteine protease DEK1
g13136	0.5505	4.389447e-01	0.358	no	NA
g191	-0.4091	4.393149e-01	0.357	no	E3 ubiquitin-protein ligase PPP1R11
g11668	0.6199	4.393149e-01	0.357	no	NA
g2671	0.5271	4.395335e-01	0.357	no	NA
g15475	0.4293	4.395335e-01	0.357	no	Centriole and centriolar satellite protein ofd1
g14194	0.4515	4.398972e-01	0.357	no	Sterol 3-beta-glucosyltransferase UGT80A2
g14517	0.5977	4.406329e-01	0.356	no	NA
g10512	2.7593	4.407379e-01	0.356	no	Metabotropic glutamate receptor-like protein E
g1288	0.3985	4.410601e-01	0.356	no	NA
g3109	-0.8994	4.411251e-01	0.355	no	Protein LAS1
g879	0.3810	4.411251e-01	0.355	no	Multiple C2 and transmembrane domain-containing protein 1
g15814	0.3420	4.426529e-01	0.354	no	Neurobeachin-like protein 2
g2060	-1.0387	4.431212e-01	0.353	no	NA
g2735	-0.7568	4.431212e-01	0.353	no	2-methylene-furan-3-one reductase
g2192	0.3532	4.434981e-01	0.353	no	FAD synthase
g10471	-0.4083	4.437530e-01	0.353	no	Probable cytokinin riboside 5'-monophosphate phosphoribohydrolase LOGL5
g8173	-0.4569	4.437530e-01	0.353	no	Rap guanine nucleotide exchange factor 2
g3667	0.7077	4.438875e-01	0.353	no	Steroid 5-alpha-reductase DET2
g6144	0.3628	4.442499e-01	0.352	no	DUF21 domain-containing protein At4g33700
g5710	-0.4751	4.442499e-01	0.352	no	Nuclear nucleic acid-binding protein C1D
g5730	0.3678	4.443516e-01	0.352	no	ER membrane protein complex subunit 3
g14235	0.3235	4.446766e-01	0.352	no	Cathepsin D
g2146	-0.5745	4.446766e-01	0.352	no	Ammonium transporter 2
g4539	-0.5689	4.447356e-01	0.352	no	DNA damage-binding protein cmr1
g3148	0.3976	4.447410e-01	0.352	no	NA
g9587	2.7333	4.447410e-01	0.352	no	Intraflagellar transport protein 172 homolog
g3387	-0.5337	4.447778e-01	0.352	no	Protein phosphatase 1B
g5785	0.2972	4.447778e-01	0.352	no	GDP-fucose transporter 1
g13275	-0.2963	4.452306e-01	0.351	no	Actin-related protein 3
g4504	0.4917	4.453934e-01	0.351	no	Putative alpha/beta hydrolase R526
g4327	0.3837	4.458793e-01	0.351	no	NA
g5783	0.3544	4.461729e-01	0.350	no	Ras-like GTP-binding protein YPT1
g14663	-0.3409	4.461729e-01	0.350	no	Proteasome subunit alpha type-3
g12079	-0.6968	4.463516e-01	0.350	no	NA
g8788	0.4951	4.463516e-01	0.350	no	Secreted mono- and diacylglycerol lipase 1
g3467	0.4406	4.463516e-01	0.350	no	NA
g6606	0.3947	4.463516e-01	0.350	no	Phospholipid-transporting ATPase IB
g4419	-0.4566	4.464758e-01	0.350	no	Peptidyl-prolyl cis-trans isomerase-like 2
g2708	-0.4369	4.464758e-01	0.350	no	Probable bifunctional folylpolyglutamate synthase/dihydropteroate synthase
g5620	0.6507	4.468462e-01	0.350	no	Sulfate transporter
g5654	0.3870	4.469299e-01	0.350	no	Copine-5
g461	0.3684	4.477793e-01	0.349	no	6-phosphogluconolactonase
g2364	0.3546	4.482039e-01	0.349	no	Putative calmodulin-3
g11170	0.3159	4.490841e-01	0.348	no	Ubiquitin carboxyl-terminal hydrolase 9Y
g11024	0.3371	4.492068e-01	0.348	no	NA
g6711	0.4475	4.503998e-01	0.346	no	Sterol 3-beta-glucosyltransferase UGT80A2
g13068	0.4134	4.514654e-01	0.345	no	NA
g11491	-0.7874	4.524666e-01	0.344	no	Cyclin-T1-3
g15439	0.5448	4.525809e-01	0.344	no	Fatty acid hydroxylase domain-containing protein 2
g5378	-0.7605	4.525809e-01	0.344	no	Thioredoxin-like protein YLS8
g14044	-0.3421	4.525809e-01	0.344	no	Transcriptional activator Myb
g9424	0.4500	4.525809e-01	0.344	no	Cytochrome c oxidase assembly protein COX11, mitochondrial
g13268	-0.7883	4.526129e-01	0.344	no	Dual-specificity RNA pseudouridine synthase RluF
g11782	0.3118	4.526129e-01	0.344	no	Heparan sulfate glucosamine 3-O-sulfotransferase 3B1
g6262	0.7911	4.531192e-01	0.344	no	NA
g15822	-0.6237	4.534948e-01	0.343	no	G-type lectin S-receptor-like serine/threonine-protein kinase RLK1
g4648	-0.3096	4.535950e-01	0.343	no	Probable phosphoribosylformylglycinamidine synthase, chloroplastic/mitochondrial
g11143	0.4096	4.535950e-01	0.343	no	NA
g13590	0.5308	4.535950e-01	0.343	no	Protein disulfide-isomerase A6 homolog
g8800	-1.1036	4.536330e-01	0.343	no	NA
g13833	0.3696	4.541844e-01	0.343	no	NA
g9355	0.2867	4.546944e-01	0.342	no	NA
g9659	0.4282	4.546944e-01	0.342	no	NA
g5395	0.5130	4.549765e-01	0.342	no	Uncharacterized protein C9orf85
g12544	-0.4235	4.549765e-01	0.342	no	Thioredoxin-like protein 1
g8514	0.7949	4.555952e-01	0.341	no	NA
g7120	0.4140	4.555952e-01	0.341	no	Phosphatidylinositol/phosphatidylcholine transfer protein SFH11
g3897	0.4719	4.558527e-01	0.341	no	NA
g7470	-0.3604	4.560886e-01	0.341	no	NA
g6921	-0.3849	4.565982e-01	0.340	no	Transcription factor MYB3R-3
g9211	0.4429	4.566713e-01	0.340	no	DnaJ homolog subfamily C member 2
g8838	-0.4113	4.567390e-01	0.340	no	EEF1A lysine methyltransferase 4
g4820	-0.8368	4.570657e-01	0.340	no	NA
g2886	0.5539	4.575599e-01	0.340	no	Glutathione S-transferase T2
g11161	-0.9003	4.577401e-01	0.339	no	NA
g14987	0.6975	4.579299e-01	0.339	no	Homogentisate 1,2-dioxygenase
g14668	-0.6263	4.591191e-01	0.338	no	NA
g4178	0.6942	4.594193e-01	0.338	no	NA
g15485	0.4787	4.594193e-01	0.338	no	NA
g3929	-0.5013	4.594193e-01	0.338	no	Methylthioribose-1-phosphate isomerase
g11137	0.8793	4.594193e-01	0.338	no	Sulfate transporter 4.1, chloroplastic
g9512	0.3241	4.594193e-01	0.338	no	Intermembrane lipid transfer protein VPS13
g7140	-0.6115	4.594455e-01	0.338	no	NA
g5029	0.5411	4.601473e-01	0.337	no	NA
g2346	0.4133	4.602534e-01	0.337	no	60S ribosomal export protein NMD3
g11849	-0.8081	4.605345e-01	0.337	no	FK506-binding protein 1
g5151	0.3850	4.605619e-01	0.337	no	NA
g6460	0.3489	4.605619e-01	0.337	no	NA
g14272	-0.7194	4.605619e-01	0.337	no	NA
g5010	-0.4027	4.605792e-01	0.337	no	Uroporphyrinogen-III C-methyltransferase
g11038	-0.4809	4.606003e-01	0.337	no	Transcription elongation factor 1 homolog
g7502	0.4188	4.608411e-01	0.336	no	Serine/threonine protein phosphatase 2A 59 kDa regulatory subunit B' zeta isoform
g3751	-0.6226	4.609517e-01	0.336	no	Abasic site processing protein HMCES
g4970	0.3884	4.610037e-01	0.336	no	Vacuolar protein sorting-associated protein 54
g14690	0.3782	4.615761e-01	0.336	no	CCR4-NOT transcription complex subunit 10
g10865	-0.3447	4.615761e-01	0.336	no	Glutamate synthase 1 [NADH], chloroplastic
g13411	0.4934	4.624619e-01	0.335	no	NA
g1755	0.7171	4.624619e-01	0.335	no	NA
g7079	0.4371	4.629181e-01	0.334	no	Membrane-associated sulfotransferase kil1
g5419	0.4517	4.632672e-01	0.334	no	NA
g15693	0.2766	4.632672e-01	0.334	no	RAC family serine/threonine-protein kinase homolog
g10616	0.6533	4.636230e-01	0.334	no	NA
g14570	-0.7619	4.638103e-01	0.334	no	NA
g8200	-0.3895	4.638103e-01	0.334	no	NA
g2615	-0.3627	4.638103e-01	0.334	no	Far upstream element-binding protein 3
g7431	0.8700	4.644754e-01	0.333	no	Zinc finger MYND domain-containing protein 10
g6699	-0.3353	4.644754e-01	0.333	no	Actin-related protein 2/3 complex subunit 2
g7096	0.3473	4.647852e-01	0.333	no	Tubulin-specific chaperone D
g524	-0.9927	4.647852e-01	0.333	no	NA
g4915	0.5195	4.647852e-01	0.333	no	5-amino-6-(5-phospho-D-ribitylamino)uracil phosphatase YigB
g6851	-0.4505	4.647852e-01	0.333	no	Ankyrin repeat-containing protein YCR051W
g4579	0.4348	4.650527e-01	0.332	no	NA
g14356	0.4316	4.650527e-01	0.332	no	NA
g8590	0.6933	4.652256e-01	0.332	no	Rab-like protein 6
g15659	0.4944	4.654633e-01	0.332	no	Soluble calcium-activated nucleotidase 1
g10113	0.3652	4.656125e-01	0.332	no	Peptide methionine sulfoxide reductase A2-1
g4272	-0.6114	4.656125e-01	0.332	no	Lysophosphatidylcholine acyltransferase 2
g12895	0.3029	4.656125e-01	0.332	no	Uncharacterized protein C594.04c
g15635	0.3519	4.656125e-01	0.332	no	NA
g7022	0.5315	4.657435e-01	0.332	no	NA
g14068	-0.5930	4.657435e-01	0.332	no	NA
g13826	-1.3910	4.657435e-01	0.332	no	NA
g13814	0.4221	4.657435e-01	0.332	no	NA
g1389	0.3299	4.662141e-01	0.331	no	PH, RCC1 and FYVE domains-containing protein 1
g12475	-0.7710	4.662141e-01	0.331	no	cAMP-dependent protein kinase regulatory subunit
g1735	0.7577	4.662738e-01	0.331	no	EEF1A lysine methyltransferase 4
g9349	-0.5221	4.669940e-01	0.331	no	NA
g1588	0.5428	4.669940e-01	0.331	no	Lipase
g3636	-0.4761	4.673796e-01	0.330	no	NA
g3538	-0.4479	4.673796e-01	0.330	no	Probable ethanolamine kinase A
g1964	0.5354	4.675805e-01	0.330	no	NA
g1900	0.3952	4.683014e-01	0.329	no	Uncharacterized Nudix hydrolase NudL
g9821	-0.9407	4.683014e-01	0.329	no	NA
g14811	0.3779	4.686451e-01	0.329	no	NA
g1834	0.9845	4.688204e-01	0.329	no	tRNA/tmRNA (uracil-C(5))-methyltransferase
g9602	0.5085	4.688204e-01	0.329	no	NA
g11216	0.4065	4.688204e-01	0.329	no	Large ribosomal subunit protein uL15y
g4757	-0.5063	4.688204e-01	0.329	no	NA
g14791	0.3855	4.696655e-01	0.328	no	NA
g2694	-0.3536	4.699533e-01	0.328	no	Calmodulin
g4685	0.3634	4.700277e-01	0.328	no	GPI ethanolamine phosphate transferase 1
g12538	-0.7130	4.700547e-01	0.328	no	NA
g3602	0.5051	4.708317e-01	0.327	no	Glucosidase 2 subunit beta
g10231	-0.7665	4.712048e-01	0.327	no	Transmembrane protein 234
g11264	0.4925	4.712048e-01	0.327	no	NA
g9676	0.5447	4.719879e-01	0.326	no	Sulfate transporter 4.1, chloroplastic
g10068	0.4808	4.721075e-01	0.326	no	NA
g3033	0.4813	4.721883e-01	0.326	no	NA
g10400	-0.5643	4.722471e-01	0.326	no	NA
g5166	-0.5112	4.731647e-01	0.325	no	NA
g5850	-0.5026	4.735569e-01	0.325	no	NA
g15121	-0.6742	4.740503e-01	0.324	no	NA
g1226	-0.4745	4.741486e-01	0.324	no	NA
g12852	-1.2652	4.742069e-01	0.324	no	Probable tRNA-splicing endonuclease subunit Sen2
g15702	0.8887	4.742069e-01	0.324	no	NA
g15196	-0.7677	4.742069e-01	0.324	no	NA
g2190	0.9304	4.742069e-01	0.324	no	Kinesin-like protein KIF15
g1352	0.8341	4.742069e-01	0.324	no	NA
g1156	0.4654	4.742069e-01	0.324	no	NA
g944	0.6012	4.742069e-01	0.324	no	NA
g12934	-1.0466	4.742069e-01	0.324	no	NA
g12729	-0.3606	4.742069e-01	0.324	no	NA
g14585	-0.4590	4.742069e-01	0.324	no	NA
g7435	0.3738	4.742069e-01	0.324	no	NA
g15447	0.4420	4.742069e-01	0.324	no	Vacuolar membrane protein YPL162C
g8727	0.5736	4.742069e-01	0.324	no	Probable alcohol acetyltransferase
g12156	-0.2688	4.742069e-01	0.324	no	Heterogeneous nuclear ribonucleoprotein A1-like 2
g8963	0.4031	4.742069e-01	0.324	no	NA
g8884	-0.4434	4.742069e-01	0.324	no	NA
g12569	0.5575	4.744980e-01	0.324	no	NA
g8206	-0.6334	4.745608e-01	0.324	no	Cell division control protein 2 homolog A
g1432	-0.3107	4.745608e-01	0.324	no	V-type proton ATPase subunit B
g13482	0.5024	4.745608e-01	0.324	no	NA
g3696	-1.3030	4.746820e-01	0.324	no	NA
g14340	-0.3296	4.746820e-01	0.324	no	2-amino-3-carboxymuconate-6-semialdehyde decarboxylase
g13494	-0.8573	4.747548e-01	0.324	no	NA
g5374	0.6924	4.747978e-01	0.323	no	NA
g399	0.5862	4.747978e-01	0.323	no	NA
g6925	-0.5535	4.747978e-01	0.323	no	NA
g6214	0.2907	4.747978e-01	0.323	no	Multifunctional protein pyrABCN
g2137	-0.9682	4.747978e-01	0.323	no	Calmodulin
g13517	-0.4647	4.747978e-01	0.323	no	NA
g1594	0.5246	4.747978e-01	0.323	no	NA
g4853	0.3203	4.747978e-01	0.323	no	Ion channel CASTOR
g14329	0.5464	4.747978e-01	0.323	no	Rab proteins geranylgeranyltransferase component A
g3893	0.5761	4.747978e-01	0.323	no	NA
g7104	0.3307	4.747978e-01	0.323	no	NA
g14909	-0.3504	4.747978e-01	0.323	no	Inositol polyphosphate multikinase
g9236	-1.0524	4.747978e-01	0.323	no	NA
g14284	0.7134	4.747978e-01	0.323	no	NA
g13689	0.3603	4.747978e-01	0.323	no	NA
g8061	-0.6630	4.747978e-01	0.323	no	DNA mismatch repair protein MLH3
g2746	-0.3668	4.747978e-01	0.323	no	Mitochondrial disaggregase
g15552	-0.9355	4.747978e-01	0.323	no	NA
g3032	-0.5110	4.747978e-01	0.323	no	NA
g15366	-0.7995	4.753813e-01	0.323	no	NA
g12768	-1.1014	4.753813e-01	0.323	no	Diacylglycerol kinase iota
g1925	0.5262	4.755351e-01	0.323	no	Mitochondrial coenzyme A transporter SLC25A42
g778	-0.4200	4.758247e-01	0.323	no	Polyamine aminopropyltransferase
g13082	0.3271	4.758247e-01	0.323	no	Transcription factor MYB3R-3
g11466	0.2878	4.758247e-01	0.323	no	Transmembrane 9 superfamily member 9
g13170	-0.3602	4.758247e-01	0.323	no	Galactocerebrosidase
g12902	-0.3368	4.759738e-01	0.322	no	Eukaryotic translation initiation factor 2 subunit beta
g9033	0.4753	4.773213e-01	0.321	no	NA
g14303	-0.5524	4.773213e-01	0.321	no	Sm-like protein LSM3B
g7305	0.4149	4.773223e-01	0.321	no	Myotubularin-related protein 13
g6990	0.9315	4.774987e-01	0.321	no	tRNA N(3)-cytidine methyltransferase METTL6
g12580	0.4776	4.777400e-01	0.321	no	RING finger protein B
g14809	0.5527	4.783086e-01	0.320	no	Deoxyribodipyrimidine photo-lyase
g2472	0.7394	4.797734e-01	0.319	no	Glycerol 3-phosphate dehydrogenase
g3933	0.3428	4.798128e-01	0.319	no	RNA helicase aquarius
g12322	0.4114	4.798128e-01	0.319	no	Protein unc-50 homolog
g3523	0.7472	4.798993e-01	0.319	no	NA
g4301	0.2920	4.803254e-01	0.318	no	NA
g13269	0.5456	4.810908e-01	0.318	no	NA
g529	-1.4163	4.814682e-01	0.317	no	NA
g4348	-0.3659	4.814682e-01	0.317	no	Serine/threonine-protein kinase tricornered
g2207	-0.5130	4.814682e-01	0.317	no	NA
g5910	0.3744	4.814682e-01	0.317	no	Sodium/hydrogen exchanger 7
g16016	0.5337	4.814682e-01	0.317	no	E3 ubiquitin-protein ligase TM129
g11073	0.5393	4.814682e-01	0.317	no	Protein btn1
g4781	-0.2832	4.816372e-01	0.317	no	Putative trans-acting enoyl reductase Rv2449c
g1115	0.7442	4.816372e-01	0.317	no	[Pyruvate dehydrogenase (acetyl-transferring)] kinase, mitochondrial
g2184	-0.3147	4.824845e-01	0.317	no	Glyceraldehyde-3-phosphate dehydrogenase
g13013	0.7906	4.824845e-01	0.317	no	NA
g2794	-0.4818	4.824845e-01	0.317	no	NA
g10380	-0.7404	4.824845e-01	0.317	no	NA
g15426	0.3609	4.836594e-01	0.315	no	Probable flavin mononucleotide-dependent alkene reductase
g1173	0.4007	4.838606e-01	0.315	no	Arylsulfatase A
g10439	0.4360	4.844434e-01	0.315	no	NA
g3008	0.7983	4.844434e-01	0.315	no	NA
g986	-0.3333	4.844434e-01	0.315	no	NA
g9845	-0.2914	4.852288e-01	0.314	no	Inositol phosphoceramide mannosyltransferase 2
g3918	0.3582	4.852288e-01	0.314	no	NA
g8337	-0.8474	4.852288e-01	0.314	no	NA
g1495	0.5685	4.852288e-01	0.314	no	Outer membrane lipoprotein Blc
g9577	-0.8922	4.852288e-01	0.314	no	NA
g658	-0.3601	4.852288e-01	0.314	no	NAD(P) transhydrogenase, mitochondrial
g4615	-0.5686	4.852288e-01	0.314	no	tRNA uridine(34) acetyltransferase
g1844	0.3051	4.852288e-01	0.314	no	AarF domain-containing kinase 1
g12773	0.4352	4.852288e-01	0.314	no	Diacylglycerol kinase 6
g14810	0.6521	4.856520e-01	0.314	no	NA
g4312	-0.8711	4.864817e-01	0.313	no	NA
g11033	0.3411	4.866188e-01	0.313	no	Glyoxalase 3
g10435	0.3173	4.866188e-01	0.313	no	NA
g2623	0.9364	4.866188e-01	0.313	no	NA
g9337	0.8034	4.867224e-01	0.313	no	Telomerase reverse transcriptase
g13258	0.5371	4.877413e-01	0.312	no	Sensor histidine kinase GacS
g1561	0.3196	4.877868e-01	0.312	no	Cysteine protease ATG4B
g10615	-0.3788	4.877868e-01	0.312	no	Cyclic GMP-binding protein C
g5568	-0.8318	4.882019e-01	0.311	no	NA
g5273	-0.4324	4.888547e-01	0.311	no	Protein DNA-DAMAGE INDUCIBLE 1
g14198	0.4266	4.888547e-01	0.311	no	NA
g3583	-0.4906	4.888547e-01	0.311	no	NADP-dependent alcohol dehydrogenase C 1
g2808	0.8124	4.888547e-01	0.311	no	NA
g10179	-0.4670	4.888547e-01	0.311	no	DNA-directed RNA polymerase III subunit RPC6
g12678	-0.4691	4.888547e-01	0.311	no	NA
g12191	-0.4945	4.888547e-01	0.311	no	Trimethyllysine dioxygenase, mitochondrial
g14628	-0.3271	4.888547e-01	0.311	no	Protein phosphatase 1B
g15763	-0.9905	4.888547e-01	0.311	no	NA
g4604	0.5425	4.888547e-01	0.311	no	Histone H2B
g11710	1.1155	4.888547e-01	0.311	no	Cilia- and flagella-associated protein 54
g7672	-0.5740	4.892497e-01	0.310	no	Probable protein phosphatase 2C 35
g1037	0.3069	4.897577e-01	0.310	no	Glutathione peroxidase 1
g8096	-1.0725	4.897595e-01	0.310	no	NA
g3661	0.8899	4.897602e-01	0.310	no	NA
g9856	0.4729	4.897602e-01	0.310	no	Glutaryl-CoA dehydrogenase, mitochondrial
g2898	-0.3902	4.897974e-01	0.310	no	Sulfoquinovosyl transferase SQD2
g14262	1.3931	4.903697e-01	0.309	no	28 kDa inner dynein arm light chain, axonemal
g3737	0.7472	4.903697e-01	0.309	no	Kinesin heavy chain
g3195	0.3426	4.912506e-01	0.309	no	Tuberculostearic acid methyltransferase UfaA1
g14434	-0.3501	4.912506e-01	0.309	no	NA
g13373	0.3191	4.912506e-01	0.309	no	NA
g4626	-0.6934	4.913285e-01	0.309	no	NA
g14993	0.4470	4.916120e-01	0.308	no	ATP-dependent RNA helicase DED1
g6903	0.3159	4.919641e-01	0.308	no	Probable prolyl 4-hydroxylase 9
g14398	0.4484	4.919641e-01	0.308	no	NA
g6010	0.3589	4.925523e-01	0.308	no	Putative glucosylceramidase 3
g10248	-0.5343	4.926806e-01	0.307	no	Cyclic GMP-binding protein C
g251	0.4368	4.927697e-01	0.307	no	N-alpha-acetyl-L-2,4-diaminobutyric acid deacetylase
g10139	-0.6533	4.927697e-01	0.307	no	NA
g3784	-0.5346	4.927851e-01	0.307	no	Cell cycle checkpoint protein RAD1
g10684	1.0926	4.927851e-01	0.307	no	Homocysteine S-methyltransferase 3
g5	1.1897	4.927851e-01	0.307	no	Polycystin-2-like protein 2
g4681	0.4158	4.927851e-01	0.307	no	Nucleolar pre-ribosomal-associated protein 1
g2507	0.5638	4.927851e-01	0.307	no	NA
g9212	-0.7564	4.927851e-01	0.307	no	Cysteine-rich protein 2
g6621	0.3815	4.927851e-01	0.307	no	Hydroxysteroid 11-beta-dehydrogenase 1-like protein
g10599	-1.2701	4.929072e-01	0.307	no	NA
g6267	0.3624	4.932042e-01	0.307	no	NA
g12595	-0.4674	4.934443e-01	0.307	no	Oocyte-specific histone RNA stem-loop-binding protein 2
g7608	0.3795	4.940218e-01	0.306	no	T-complex protein 1 subunit delta
g7336	-0.6480	4.941655e-01	0.306	no	NA
g4837	0.5070	4.941813e-01	0.306	no	NA
g6576	-0.4154	4.943585e-01	0.306	no	Aminoaldehyde dehydrogenase ALDH10A8, chloroplastic
g5909	0.6276	4.943585e-01	0.306	no	NA
g15807	-0.5395	4.943585e-01	0.306	no	Chloride channel protein 2
g9068	0.7042	4.943585e-01	0.306	no	DNL-type zinc finger protein
g4392	-0.3938	4.945331e-01	0.306	no	NA
g13990	-0.4613	4.946369e-01	0.306	no	Transcription initiation factor TFIID subunit 12
g6642	-0.2749	4.946940e-01	0.306	no	DEAD-box ATP-dependent RNA helicase 15
g883	-0.6174	4.950356e-01	0.305	no	Sterol carrier protein 2
g8298	-1.3305	4.951301e-01	0.305	no	NA
g15909	0.2846	4.952520e-01	0.305	no	Putative coatomer subunit beta'-3
g2156	1.1248	4.954660e-01	0.305	no	NA
g13997	0.4896	4.967772e-01	0.304	no	Dehydrogenase/reductase SDR family member 12
g12971	0.6803	4.975034e-01	0.303	no	NA
g10571	-0.5316	4.995904e-01	0.301	no	Histone acetyltransferase type B catalytic subunit
g13167	0.5866	5.014061e-01	0.300	no	Selenoprotein F
g10472	-0.4196	5.014061e-01	0.300	no	Vesicle transport protein GOT1B
g2177	0.3173	5.023314e-01	0.299	no	NA
g306	0.3050	5.025505e-01	0.299	no	Elongation factor-like GTPase 1
g4952	0.2843	5.025505e-01	0.299	no	Probable serine/threonine-protein kinase WNK6
g11831	0.3568	5.025505e-01	0.299	no	Small ribosomal subunit protein eS25
g9715	0.5467	5.025505e-01	0.299	no	NA
g2109	-0.5525	5.025505e-01	0.299	no	NA
g4466	0.3374	5.025505e-01	0.299	no	Cathepsin Z
g5497	0.4178	5.025505e-01	0.299	no	Tetratricopeptide repeat protein 1
g14728	0.3288	5.025505e-01	0.299	no	Serine/threonine-protein kinase tor
g6021	-0.5832	5.025505e-01	0.299	no	Matrilin-3
g159	0.3026	5.025505e-01	0.299	no	NA
g6223	0.4340	5.039038e-01	0.298	no	Aspartate racemase
g13691	-0.7121	5.039038e-01	0.298	no	NA
g4499	0.3069	5.056755e-01	0.296	no	NA
g2335	0.4491	5.056755e-01	0.296	no	NA
g12299	0.3242	5.056803e-01	0.296	no	(3R)-3-[(carboxymethyl)amino]fatty acid oxygenase/decarboxylase
g1913	0.3489	5.057749e-01	0.296	no	L-lactate dehydrogenase (cytochrome)
g3262	-0.3831	5.057749e-01	0.296	no	NA
g10572	0.3065	5.059126e-01	0.296	no	Calpain-type cysteine protease DEK1
g9420	0.3112	5.059126e-01	0.296	no	Putative carboxypeptidase suro-1
g3301	0.3591	5.059126e-01	0.296	no	NA
g9426	0.5463	5.064003e-01	0.296	no	NA
g1892	-1.0381	5.064204e-01	0.295	no	Protein psiC
g8676	0.4531	5.064204e-01	0.295	no	NA
g7501	0.3126	5.065018e-01	0.295	no	Protein MPE1
g3238	0.8119	5.065018e-01	0.295	no	PXMP2/4 family protein 4
g5792	0.4281	5.066032e-01	0.295	no	Imidazoleglycerol-phosphate dehydratase
g3704	-0.8113	5.066709e-01	0.295	no	NA
g13062	0.5434	5.066709e-01	0.295	no	NA
g14635	-0.7094	5.068617e-01	0.295	no	NA
g5685	-0.3423	5.069723e-01	0.295	no	Calcium/calmodulin-dependent protein kinase kinase
g12427	-0.4607	5.073250e-01	0.295	no	NA
g6294	0.2867	5.073290e-01	0.295	no	NA
g2901	0.3260	5.073290e-01	0.295	no	NA
g6954	0.3240	5.073290e-01	0.295	no	Lysosomal acid phosphatase
g10871	0.4359	5.075575e-01	0.295	no	NA
g9579	0.2745	5.075575e-01	0.295	no	Arginine biosynthesis bifunctional protein ArgJ, mitochondrial
g12923	0.4831	5.075575e-01	0.295	no	Protein phosphatase PTC7 homolog fig
g6759	-0.8135	5.079374e-01	0.294	no	NA
g1789	-0.5776	5.079374e-01	0.294	no	NA
g2834	0.3685	5.079617e-01	0.294	no	NA
g7476	-0.4580	5.082937e-01	0.294	no	NA
g13580	0.4407	5.082937e-01	0.294	no	Phosphatidylinositol 4-kinase
g15680	0.3584	5.084146e-01	0.294	no	NA
g11348	0.4316	5.084146e-01	0.294	no	Tubulin beta chain
g7099	0.3984	5.094070e-01	0.293	no	NA
g743	-1.1392	5.095888e-01	0.293	no	NA
g12750	-0.5992	5.098257e-01	0.293	no	GTP-binding protein Rheb homolog
g2005	0.4668	5.098257e-01	0.293	no	NA
g13311	0.4004	5.098257e-01	0.293	no	tRNA dimethylallyltransferase
g15382	0.3586	5.098257e-01	0.293	no	Putative serine/threonine-protein kinase/receptor R831
g3430	0.4946	5.102575e-01	0.292	no	3-hydroxyacyl-CoA dehydrogenase type-2
g13477	-0.9123	5.102575e-01	0.292	no	NA
g10005	0.7058	5.102575e-01	0.292	no	Erythroid differentiation-related factor 1
g14702	-0.5505	5.118960e-01	0.291	no	2-oxoglutarate and iron-dependent oxygenase domain-containing protein 3
g12926	0.3393	5.122190e-01	0.291	no	NA
g6111	-0.4665	5.122190e-01	0.291	no	Ribosomal RNA processing protein 1 homolog B
g11071	0.5168	5.126318e-01	0.290	no	Probable serine/threonine-protein kinase CCRP1
g13804	0.6234	5.129880e-01	0.290	no	CDAN1-interacting nuclease 1
g13892	-0.8958	5.129880e-01	0.290	no	Probable serine/threonine-protein kinase DDB_G0276181
g15830	0.3234	5.129880e-01	0.290	no	ABC transporter B family member 3
g806	0.5556	5.129880e-01	0.290	no	Solute carrier family 12 member 7
g14374	0.5643	5.129880e-01	0.290	no	Trimethylamine transporter
g7052	-0.3370	5.133152e-01	0.290	no	NA
g6817	-0.3460	5.133152e-01	0.290	no	Monoterpene epsilon-lactone hydrolase
g6195	0.4615	5.133152e-01	0.290	no	E3 ubiquitin-protein ligase RNF181
g10937	0.3791	5.138200e-01	0.289	no	NA
g15409	0.3563	5.144396e-01	0.289	no	NA
g12522	1.2188	5.144643e-01	0.289	no	NA
g4478	0.5655	5.149763e-01	0.288	no	Probable inositol oxygenase
g11	-0.6506	5.149763e-01	0.288	no	NA
g2831	0.3453	5.150040e-01	0.288	no	Outer mitochondrial transmembrane helix translocase
g3627	0.9205	5.153260e-01	0.288	no	Dynein intermediate chain 3, ciliary
g3725	-0.8271	5.153260e-01	0.288	no	NA
g12451	-0.4511	5.155761e-01	0.288	no	NA
g1740	-0.3250	5.155761e-01	0.288	no	26S proteasome non-ATPase regulatory subunit 7 homolog A
g11600	-0.2944	5.155761e-01	0.288	no	26S proteasome non-ATPase regulatory subunit 3
g3851	-0.3631	5.158645e-01	0.287	no	Uncharacterized protein At1g32220, chloroplastic
g13770	-0.4416	5.158645e-01	0.287	no	NA
g1631	-0.8839	5.158645e-01	0.287	no	NA
g4863	0.3114	5.162267e-01	0.287	no	Protein transport protein SEC24 B
g8339	-0.5853	5.164045e-01	0.287	no	F-box DNA helicase 1
g109	0.6305	5.165899e-01	0.287	no	Flavin-dependent monooxygenase
g12598	-0.2929	5.170673e-01	0.286	no	Aspartate-semialdehyde dehydrogenase
g8820	-0.9529	5.170673e-01	0.286	no	NA
g14062	0.3113	5.170673e-01	0.286	no	1-phosphatidylinositol 4,5-bisphosphate phosphodiesterase eta-2
g8403	-0.3448	5.170673e-01	0.286	no	25S rRNA (cytosine-C(5))-methyltransferase nop2
g8846	-0.5278	5.170673e-01	0.286	no	NA
g8443	-1.5729	5.174664e-01	0.286	no	Regulator of G protein signaling 1
g15897	0.4052	5.175211e-01	0.286	no	NA
g15062	0.3660	5.175211e-01	0.286	no	NA
g661	1.1060	5.175211e-01	0.286	no	NA
g8881	-0.4451	5.175211e-01	0.286	no	NA
g9	-0.4479	5.177009e-01	0.286	no	Glutamate synthase 1 [NADH], chloroplastic
g8937	-0.3112	5.178639e-01	0.286	no	Mitochondrial thiamine diphosphate carrier 2
g11528	0.5909	5.180495e-01	0.286	no	NA
g13692	0.3098	5.180495e-01	0.286	no	Protein transport protein Sec61 subunit alpha isoform 2
g9451	0.5225	5.182470e-01	0.285	no	NA
g1060	0.3535	5.182470e-01	0.285	no	Putative membrane protein SCO6666
g2342	0.3048	5.186242e-01	0.285	no	Lysine-specific demethylase JMJ31
g11572	0.3202	5.186274e-01	0.285	no	UDP-glucose:glycoprotein glucosyltransferase
g14986	-0.6538	5.193742e-01	0.285	no	Pleckstrin homology domain-containing family D member 1
g13585	0.3392	5.194940e-01	0.284	no	Nuclear pore complex protein Nup160
g15545	0.4063	5.195869e-01	0.284	no	NA
g6442	0.5492	5.200349e-01	0.284	no	Probable membrane transporter protein YunE
g14812	0.7095	5.207442e-01	0.283	no	NA
g14599	-0.2860	5.210760e-01	0.283	no	Transmembrane 9 superfamily member 1
g4424	-0.7651	5.210760e-01	0.283	no	Aqualysin-1
g1952	0.7542	5.210760e-01	0.283	no	NA
g2795	1.4835	5.210760e-01	0.283	no	Kinesin-like protein KIN-14E
g2906	-0.3842	5.211767e-01	0.283	no	Pumilio homology domain family member 6
g8310	-0.3718	5.211767e-01	0.283	no	NA
g14576	-0.4369	5.218907e-01	0.282	no	NA
g607	0.6389	5.218907e-01	0.282	no	NA
g9886	-0.5182	5.218907e-01	0.282	no	Serine/threonine-protein kinase 31
g2670	0.7136	5.219013e-01	0.282	no	Probable manganese-dependent inorganic pyrophosphatase
g3724	0.4652	5.219013e-01	0.282	no	Putative sulfate transporter YbaR
g9953	0.2943	5.219216e-01	0.282	no	Autophagy-related protein 2
g8834	0.4669	5.220507e-01	0.282	no	NA
g16053	0.3065	5.220681e-01	0.282	no	Prohibitin-1
g15790	-0.8368	5.221936e-01	0.282	no	NA
g9062	0.3892	5.223419e-01	0.282	no	Phosphatidylinositol 3-kinase, root isoform
g11982	-0.5579	5.223419e-01	0.282	no	RNA polymerase II C-terminal domain phosphatase-like 4
g3087	-0.4920	5.224092e-01	0.282	no	DNA sliding clamp PCNA
g6873	0.3178	5.230964e-01	0.281	no	Gamma-aminobutyric acid type B receptor subunit 2
g14149	-0.4128	5.233760e-01	0.281	no	NA
g7103	-0.5766	5.239810e-01	0.281	no	Hydroxyacylglutathione hydrolase cytoplasmic
g13137	0.3549	5.239810e-01	0.281	no	Nucleoside diphosphate kinase B
g787	-0.6922	5.244678e-01	0.280	no	NA
g6385	0.5450	5.244678e-01	0.280	no	Dual-specificity RNA pseudouridine synthase RluA
g5863	0.2973	5.244678e-01	0.280	no	[Skp1-protein]-hydroxyproline N-acetylglucosaminyltransferase
g14034	-0.8397	5.245516e-01	0.280	no	Putative pre-16S rRNA nuclease
g4624	-0.8991	5.245516e-01	0.280	no	NA
g11083	-0.6876	5.251818e-01	0.280	no	NA
g324	0.3922	5.251818e-01	0.280	no	NA
g6866	-0.3469	5.251818e-01	0.280	no	Puromycin-sensitive aminopeptidase
g6905	-0.6113	5.254524e-01	0.279	no	NA
g9838	0.2654	5.254761e-01	0.279	no	DENN domain-containing protein 5A
g13500	0.5078	5.257150e-01	0.279	no	Thioredoxin domain-containing protein 9
g5220	0.2946	5.257150e-01	0.279	no	Inositol diphosphatase DSP1
g10002	-0.9724	5.257856e-01	0.279	no	NA
g9583	-0.5743	5.257856e-01	0.279	no	Lupus La protein homolog
g10406	-1.4066	5.261851e-01	0.279	no	NA
g1730	-0.5918	5.261851e-01	0.279	no	NA
g11983	0.2658	5.261851e-01	0.279	no	Cyclin-U2-2
g414	0.3714	5.261851e-01	0.279	no	NA
g2117	0.5780	5.261851e-01	0.279	no	NA
g8024	-0.7078	5.264170e-01	0.279	no	NA
g14330	0.7846	5.275907e-01	0.278	no	NA
g10274	0.5611	5.275907e-01	0.278	no	Methionine aminopeptidase 2B
g5669	0.3427	5.275907e-01	0.278	no	NA
g6801	0.3066	5.275907e-01	0.278	no	SH3 domain-containing protein 19
g9556	-0.2819	5.275907e-01	0.278	no	Eukaryotic translation initiation factor 3 subunit C
g2810	-0.2624	5.275907e-01	0.278	no	NA
g4733	0.3328	5.277752e-01	0.278	no	NA
g1388	0.5202	5.295946e-01	0.276	no	NA
g10537	-0.3235	5.298100e-01	0.276	no	Tubulin monoglutamylase TTLL4
g15529	-0.6241	5.298378e-01	0.276	no	NA
g10477	-0.4733	5.302702e-01	0.276	no	NA
g2351	-0.4588	5.302702e-01	0.276	no	Retinol dehydrogenase 14
g3605	-0.5202	5.303052e-01	0.275	no	m7GpppN-mRNA hydrolase NUDT17
g4972	-0.4122	5.303052e-01	0.275	no	NA
g13039	0.4177	5.303052e-01	0.275	no	Gametogenetin-binding protein 2
g769	-0.3940	5.308723e-01	0.275	no	Structural maintenance of chromosomes protein 5
g15936	0.4415	5.308723e-01	0.275	no	Purple acid phosphatase 6
g16045	1.3167	5.317224e-01	0.274	no	NA
g13328	-0.3315	5.317224e-01	0.274	no	Eukaryotic translation initiation factor 3 subunit A
g15086	0.3766	5.320060e-01	0.274	no	Putative carboxypeptidase suro-1
g13497	-0.7613	5.323620e-01	0.274	no	NA
g5627	-0.5031	5.326539e-01	0.274	no	2,3-bisphosphoglycerate-dependent phosphoglycerate mutase
g14438	-0.3135	5.329813e-01	0.273	no	Large ribosomal subunit protein eL15z
g14268	0.2539	5.335645e-01	0.273	no	NA
g6058	-0.5731	5.337977e-01	0.273	no	NA
g9698	0.3431	5.338593e-01	0.273	no	Golgi-specific brefeldin A-resistance guanine nucleotide exchange factor 1
g303	0.3814	5.338593e-01	0.273	no	E3 ubiquitin-protein ligase RNF181
g3347	-0.7896	5.354395e-01	0.271	no	NA
g2666	-0.2787	5.356103e-01	0.271	no	Long chain acyl-CoA synthetase 6, peroxisomal
g2711	-0.5605	5.356103e-01	0.271	no	NA
g9962	0.3562	5.356103e-01	0.271	no	Plasma membrane calcium-transporting ATPase 3
g14803	0.3235	5.356103e-01	0.271	no	Receptor expression-enhancing protein 5
g3935	0.3073	5.356103e-01	0.271	no	Zinc finger CCCH domain-containing protein 39
g12850	0.9288	5.367422e-01	0.270	no	NA
g13750	-0.6112	5.368843e-01	0.270	no	Disulfide-bond oxidoreductase YfcG
g13239	0.3102	5.368843e-01	0.270	no	Glutaminase A
g4223	1.0321	5.368843e-01	0.270	no	NA
g12033	-1.1615	5.375120e-01	0.270	no	NA
g4780	-0.4530	5.379626e-01	0.269	no	Ubiquitin conjugating enzyme E2 B
g500	-0.3568	5.380997e-01	0.269	no	Xaa-Pro dipeptidase
g3450	-0.4369	5.380997e-01	0.269	no	Protein CWC15 homolog
g8020	-1.1430	5.382586e-01	0.269	no	NA
g1647	-0.4460	5.383563e-01	0.269	no	Small nuclear ribonucleoprotein associated homolog 13
g13850	0.3525	5.383563e-01	0.269	no	DnaJ homolog subfamily C member 3 homolog
g4968	1.2532	5.385983e-01	0.269	no	NA
g4112	0.2971	5.395971e-01	0.268	no	Transcription initiation factor TFIID subunit 3
g12513	0.2778	5.399944e-01	0.268	no	Nucleolar protein 58
g3242	0.2732	5.404711e-01	0.267	no	ATP-binding cassette sub-family B member 6
g606	0.9446	5.404711e-01	0.267	no	ABC transporter B family member 3
g4562	0.2871	5.407971e-01	0.267	no	Transmembrane 9 superfamily member 4
g10419	-0.3706	5.408463e-01	0.267	no	Far upstream element-binding protein 1
g5250	-0.9212	5.412178e-01	0.267	no	NA
g14029	0.9614	5.414655e-01	0.266	no	FK506-binding protein 59
g4714	-0.2994	5.415111e-01	0.266	no	Cytosolic carboxypeptidase 2
g8895	0.4158	5.415111e-01	0.266	no	Arylsulfatase B
g12330	-0.3674	5.422952e-01	0.266	no	Palmitoyltransferase ZDHHC14
g7528	0.3372	5.422952e-01	0.266	no	E3 ubiquitin-protein ligase HERC2
g1917	-0.3801	5.422952e-01	0.266	no	Probable protein S-acyltransferase 13
g7292	0.4461	5.426810e-01	0.265	no	NA
g15791	-0.3208	5.426810e-01	0.265	no	Sterol-4-alpha-carboxylate 3-dehydrogenase, decarboxylating
g13215	0.8948	5.426810e-01	0.265	no	NA
g9546	-0.8938	5.426810e-01	0.265	no	Peptidoglycan DD-endopeptidase ShyB
g6266	0.3024	5.434262e-01	0.265	no	14-3-3-like protein 2
g11801	0.2856	5.434262e-01	0.265	no	NA
g15213	0.8860	5.435630e-01	0.265	no	NA
g9593	-0.2798	5.435630e-01	0.265	no	NA
g3372	0.7754	5.435630e-01	0.265	no	NA
g15282	-0.6904	5.435630e-01	0.265	no	NA
g11497	0.4294	5.435630e-01	0.265	no	NA
g3922	-0.4820	5.435630e-01	0.265	no	NA
g7615	-0.4393	5.438907e-01	0.264	no	NA
g13475	0.3973	5.442343e-01	0.264	no	Mitogen-activated protein kinase kinase 1a
g2695	-0.2674	5.445669e-01	0.264	no	Small ubiquitin-related modifier 4
g6962	0.3140	5.446691e-01	0.264	no	NA
g6200	0.3745	5.446691e-01	0.264	no	NA
g7035	0.4556	5.446691e-01	0.264	no	NA
g6312	0.5454	5.452178e-01	0.263	no	Armadillo repeat-containing protein 6
g3476	0.4765	5.452178e-01	0.263	no	NA
g8580	0.3568	5.452178e-01	0.263	no	Probable formate transporter
g15594	-0.9101	5.453044e-01	0.263	no	NA
g11321	-0.9745	5.453044e-01	0.263	no	cGMP-dependent protein kinase 1
g14310	-0.4286	5.453044e-01	0.263	no	NA
g3611	-0.4565	5.453044e-01	0.263	no	Probable ATP-dependent RNA helicase DDX47
g13758	0.5178	5.453044e-01	0.263	no	RasGEF domain-containing serine/threonine-protein kinase X
g13395	0.3783	5.456866e-01	0.263	no	Probable protein phosphatase 2C 38
g2302	0.6903	5.456866e-01	0.263	no	NA
g4181	0.4095	5.456866e-01	0.263	no	NA
g9878	-0.4148	5.456866e-01	0.263	no	GTP cyclohydrolase 1
g12314	0.2742	5.456866e-01	0.263	no	AP-1 complex subunit gamma-1
g10636	-0.4617	5.461124e-01	0.263	no	Lariat debranching enzyme A
g13962	-0.4769	5.461124e-01	0.263	no	Protein CHROMATIN REMODELING 19
g13025	0.3066	5.461496e-01	0.263	no	LAS seventeen-binding protein 3
g8763	0.7124	5.461496e-01	0.263	no	NA
g11225	0.7322	5.461496e-01	0.263	no	Serine hydrolase-like protein DDB_G0286239
g9432	0.4028	5.465107e-01	0.262	no	NA
g12132	-1.4908	5.466630e-01	0.262	no	Voltage-gated delayed rectifier potassium channel KCNH5
g15634	-0.5389	5.466630e-01	0.262	no	NA
g8418	-0.5485	5.466630e-01	0.262	no	NA
g1615	0.3941	5.466630e-01	0.262	no	Upstream activation factor subunit UAF30
g8440	-0.6769	5.466630e-01	0.262	no	NifU-like protein, mitochondrial
g9289	0.5685	5.466630e-01	0.262	no	Putative RNA ligase
g4836	0.7721	5.466630e-01	0.262	no	Putative tricorn protease homolog 2
g9531	0.2721	5.466630e-01	0.262	no	CTD small phosphatase-like protein
g14162	-0.2947	5.466630e-01	0.262	no	Ammonium transporter 1 member 3
g14794	-0.2990	5.466630e-01	0.262	no	NADH-ubiquinone oxidoreductase 75 kDa subunit, mitochondrial
g1549	-0.9883	5.466630e-01	0.262	no	NA
g11023	0.2785	5.466630e-01	0.262	no	NA
g15179	0.3428	5.467790e-01	0.262	no	Venom serine carboxypeptidase
g6723	-0.3749	5.467790e-01	0.262	no	NA
g3260	0.3349	5.467790e-01	0.262	no	NA
g11748	0.6548	5.469713e-01	0.262	no	NA
g10172	0.2738	5.470360e-01	0.262	no	Phospholipid-transporting ATPase C887.12
g7215	-0.3569	5.474358e-01	0.262	no	Probable enoyl-CoA hydratase, mitochondrial
g683	-0.6551	5.489199e-01	0.260	no	Rho GTPase-activating protein 24
g11934	-0.7527	5.489882e-01	0.260	no	NA
g13732	-0.8981	5.495804e-01	0.260	no	NA
g9678	-0.7479	5.495804e-01	0.260	no	NA
g6500	0.4603	5.497547e-01	0.260	no	NA
g6139	0.4056	5.497547e-01	0.260	no	NA
g4697	0.3063	5.497547e-01	0.260	no	NA
g12565	-0.3587	5.497547e-01	0.260	no	ATP-binding cassette sub-family F member 2
g1347	-0.3002	5.497547e-01	0.260	no	Probable histone deacetylase 1-B
g8523	-0.3160	5.497547e-01	0.260	no	Aminopeptidase M1-A
g14295	0.6223	5.497547e-01	0.260	no	NA
g6667	0.6660	5.497547e-01	0.260	no	NA
g12725	0.4119	5.498305e-01	0.260	no	Large ribosomal subunit protein eL14
g9140	0.5652	5.498305e-01	0.260	no	NA
g7358	0.3250	5.504087e-01	0.259	no	Serine/threonine-protein kinase ATR
g5516	-0.4457	5.507456e-01	0.259	no	Putative RNA exonuclease pqe-1
g9152	0.3596	5.507456e-01	0.259	no	3-oxoacyl-[acyl-carrier-protein] reductase 3, chloroplastic
g6429	0.3945	5.507456e-01	0.259	no	NA
g4927	-0.3491	5.507456e-01	0.259	no	Probable ATP-dependent RNA helicase DHX37
g7425	-0.9415	5.508368e-01	0.259	no	Protein N-lysine methyltransferase METTL21D
g5758	0.3257	5.511649e-01	0.259	no	NA
g3533	0.3233	5.513054e-01	0.259	no	Adenosine 3'-phospho 5'-phosphosulfate transporter 2
g13843	0.3588	5.513054e-01	0.259	no	Iduronate 2-sulfatase
g14828	-0.2280	5.514372e-01	0.259	no	Aconitate hydratase B
g15089	0.4110	5.515123e-01	0.258	no	Molybdopterin biosynthesis protein CNX1
g3672	0.4709	5.515123e-01	0.258	no	NA
g8192	-0.8329	5.515175e-01	0.258	no	NA
g15243	0.5230	5.515175e-01	0.258	no	SRR1-like protein
g14055	0.3519	5.516862e-01	0.258	no	Transcription factor GTE3, chloroplastic
g15769	0.2396	5.516862e-01	0.258	no	Dihydrolipoyl dehydrogenase 1, mitochondrial
g2851	1.0164	5.517925e-01	0.258	no	NA
g13982	0.4399	5.518837e-01	0.258	no	NA
g5189	-0.4286	5.519090e-01	0.258	no	NA
g8703	-0.4641	5.519090e-01	0.258	no	Oxidized purine nucleoside triphosphate hydrolase
g4150	0.3662	5.519090e-01	0.258	no	Small ribosomal subunit protein uS13z/uS13y/uS13x
g8080	-1.2950	5.523111e-01	0.258	no	Coiled-coil domain-containing protein 40
g4491	-0.2736	5.523111e-01	0.258	no	Proteasome subunit alpha type-7
g13111	-0.8312	5.524024e-01	0.258	no	NA
g12494	0.3262	5.524024e-01	0.258	no	NA
g7532	0.4426	5.531534e-01	0.257	no	NA
g9668	-0.7192	5.531534e-01	0.257	no	NA
g13639	-0.4367	5.531534e-01	0.257	no	Protein YSC84
g11678	0.2909	5.531534e-01	0.257	no	Multidrug resistance-associated protein 1
g3277	0.6959	5.531534e-01	0.257	no	NA
g12844	-0.3440	5.534834e-01	0.257	no	Replication factor C subunit 1
g10507	0.3175	5.534834e-01	0.257	no	NA
g7400	0.3170	5.534834e-01	0.257	no	Mannose-6-phosphate isomerase
g8890	0.7539	5.542936e-01	0.256	no	NA
g8759	0.3268	5.543638e-01	0.256	no	Gastricsin
g923	-0.2737	5.543638e-01	0.256	no	Peptidyl-prolyl cis-trans isomerase
g853	-0.5075	5.543638e-01	0.256	no	NA
g10945	0.2942	5.546117e-01	0.256	no	NA
g11417	0.5540	5.546117e-01	0.256	no	Ultraviolet-B receptor UVR8
g58	-0.5365	5.546117e-01	0.256	no	NA
g9220	0.5364	5.559586e-01	0.255	no	NA
g3446	0.3969	5.561894e-01	0.255	no	NA
g5671	0.3184	5.586854e-01	0.253	no	Long-chain-alcohol dehydrogenase 1
g11460	0.8009	5.586854e-01	0.253	no	NA
g3517	-0.6646	5.588568e-01	0.253	no	NA
g15047	-0.2880	5.588568e-01	0.253	no	DDB1- and CUL4-associated factor 1
g11363	-0.6608	5.603472e-01	0.252	no	NA
g11908	-1.2714	5.604294e-01	0.251	no	NA
g4356	1.0439	5.604294e-01	0.251	no	NA
g7048	-0.4722	5.604294e-01	0.251	no	NA
g10322	0.4646	5.604294e-01	0.251	no	Pre-rRNA-processing protein pno1
g8718	0.7695	5.604294e-01	0.251	no	NA
g15465	-0.8511	5.604294e-01	0.251	no	NA
g3885	1.0159	5.611347e-01	0.251	no	NA
g12706	0.2436	5.612569e-01	0.251	no	NA
g10151	-0.3637	5.612569e-01	0.251	no	Protein translation factor sui1
g9231	0.2970	5.612569e-01	0.251	no	NA
g63	1.2031	5.612569e-01	0.251	no	NA
g490	0.3361	5.612569e-01	0.251	no	Ribosomal protein uL24-like
g3384	-0.3019	5.613413e-01	0.251	no	Ubiquitin C-terminal hydrolase PSMD14
g4835	-0.2697	5.613413e-01	0.251	no	NAD-dependent protein deacetylase sirtuin-3, mitochondrial
g15371	0.2638	5.613413e-01	0.251	no	Vesicle-fusing ATPase
g10242	0.8469	5.613413e-01	0.251	no	NA
g2185	-0.3993	5.613413e-01	0.251	no	NA
g4099	0.2635	5.616715e-01	0.251	no	NA
g12744	-0.8961	5.616715e-01	0.251	no	Dynein light chain roadblock-type 2
g5907	-0.3102	5.618066e-01	0.250	no	Tensin-3
g3344	-0.4353	5.620096e-01	0.250	no	NA
g7971	-0.5581	5.621788e-01	0.250	no	Endonuclease V
g632	-0.3710	5.621788e-01	0.250	no	NA
g13236	-0.3747	5.621788e-01	0.250	no	Metabotropic glutamate receptor-like protein E
g10138	-0.6297	5.627331e-01	0.250	no	Echinoderm microtubule-associated protein-like 6
g6264	0.6797	5.654629e-01	0.248	no	NA
g14320	0.4505	5.654629e-01	0.248	no	NA
g7150	0.3362	5.654629e-01	0.248	no	UDP-xylose transporter 2
g15387	0.3010	5.654990e-01	0.248	no	Calpain-7
g15384	-0.4237	5.664112e-01	0.247	no	Uncharacterized protein YuxK
g6974	0.8254	5.664112e-01	0.247	no	NA
g12671	0.6414	5.664112e-01	0.247	no	Transmembrane protein 65
g15939	-0.3113	5.664112e-01	0.247	no	DEAD-box ATP-dependent RNA helicase 42
g2294	1.1570	5.667096e-01	0.247	no	Ankyrin repeat and KH domain-containing protein CBG24701
g4201	-0.5969	5.674032e-01	0.246	no	NA
g1625	0.2657	5.676277e-01	0.246	no	Cytochrome b-c1 complex subunit Rieske-3, mitochondrial
g9914	0.3017	5.680796e-01	0.246	no	NA
g12202	0.4329	5.683197e-01	0.245	no	Uncharacterized glycosidase Rv0584
g285	-0.6824	5.683197e-01	0.245	no	NA
g13051	0.3663	5.685690e-01	0.245	no	NA
g293	-0.3189	5.685690e-01	0.245	no	NA
g8082	-0.6025	5.685690e-01	0.245	no	NA
g16015	-0.2753	5.685690e-01	0.245	no	Lysyl aminopeptidase
g15416	-0.5155	5.689608e-01	0.245	no	NA
g15269	0.4600	5.691059e-01	0.245	no	Tuftelin-interacting protein 11
g8988	0.4384	5.691073e-01	0.245	no	Glutaminyl-peptide cyclotransferase
g7708	0.3178	5.691073e-01	0.245	no	Charged multivesicular body protein 1
g7492	0.2621	5.691073e-01	0.245	no	NA
g11554	-0.2571	5.691073e-01	0.245	no	NA
g15879	0.4068	5.691073e-01	0.245	no	NA
g8398	-0.3161	5.691073e-01	0.245	no	Large ribosomal subunit protein uL4
g10559	-0.3023	5.691073e-01	0.245	no	Adenosine deaminase 2-A
g5046	0.2842	5.696330e-01	0.244	no	NA
g2948	-0.4130	5.701099e-01	0.244	no	SEC14-like protein 2
g3862	-0.3867	5.701247e-01	0.244	no	NA
g8477	0.2676	5.715557e-01	0.243	no	Retinoblastoma-related protein 1
g15699	0.7904	5.731564e-01	0.242	no	NA
g3540	-0.6075	5.731564e-01	0.242	no	2-methylene-furan-3-one reductase
g7585	0.3807	5.731564e-01	0.242	no	TNF receptor-associated protein 1 homolog, mitochondrial
g13401	-0.7245	5.731564e-01	0.242	no	NA
g1171	-0.5436	5.732297e-01	0.242	no	NA
g9857	0.2890	5.733611e-01	0.242	no	Probable protein phosphatase 2C 3
g6986	-0.6940	5.736732e-01	0.241	no	Multidrug and toxin extrusion protein 1
g14300	0.4077	5.736732e-01	0.241	no	NA
g494	-0.6764	5.739353e-01	0.241	no	Small nuclear ribonucleoprotein-associated protein B
g4535	1.2276	5.739353e-01	0.241	no	28 kDa inner dynein arm light chain, axonemal
g10527	0.3269	5.748574e-01	0.240	no	NA
g11511	0.2634	5.750460e-01	0.240	no	Translocation protein SEC62
g2320	0.5543	5.750460e-01	0.240	no	NA
g1216	-0.7358	5.750460e-01	0.240	no	Immune inhibitor A
g4493	-0.2716	5.750732e-01	0.240	no	Monoacylglycerol lipase
g3308	0.6199	5.750732e-01	0.240	no	NA
g10190	0.3120	5.750732e-01	0.240	no	NA
g13776	0.4251	5.750732e-01	0.240	no	Probable glycerophosphodiester phosphodiesterase 1
g6228	0.4066	5.750732e-01	0.240	no	NA
g11331	0.3493	5.750732e-01	0.240	no	NA
g10817	-0.3546	5.750732e-01	0.240	no	Cytochrome b5
g5315	-0.3358	5.750732e-01	0.240	no	Eukaryotic translation initiation factor 5
g1612	0.2968	5.750732e-01	0.240	no	Plexin-2
g11222	-0.5401	5.750732e-01	0.240	no	NA
g7244	0.3727	5.750732e-01	0.240	no	NA
g10429	-0.5137	5.752802e-01	0.240	no	NA
g8626	0.5794	5.759071e-01	0.240	no	NA
g11214	0.3507	5.759071e-01	0.240	no	NA
g8623	-0.8148	5.761274e-01	0.239	no	NA
g2679	0.6598	5.763908e-01	0.239	no	NA
g3677	-0.7397	5.769855e-01	0.239	no	Probable E3 ubiquitin-protein ligase XBOS31
g759	-0.3763	5.771352e-01	0.239	no	NA
g9761	0.3186	5.771352e-01	0.239	no	Small ribosomal subunit protein uS17
g5288	-0.3502	5.774216e-01	0.239	no	Nucleolar RNA helicase 2
g4550	-0.5188	5.779310e-01	0.238	no	NA
g1378	-0.4802	5.780422e-01	0.238	no	Guanine deaminase
g4258	-0.6132	5.792809e-01	0.237	no	NA
g1939	0.4527	5.792809e-01	0.237	no	Erythroid differentiation-related factor 1
g5713	-0.6838	5.800508e-01	0.237	no	NA
g96	0.3110	5.800508e-01	0.237	no	NA
g752	0.2984	5.800914e-01	0.237	no	FK506-binding protein 2
g3244	0.4820	5.811508e-01	0.236	no	NA
g9471	0.3927	5.814131e-01	0.236	no	Acyl-CoA thioesterase YbgC
g4410	-0.5725	5.817124e-01	0.235	no	Aqualysin-1
g15333	0.3428	5.818266e-01	0.235	no	NA
g10372	0.2790	5.818266e-01	0.235	no	Protein-tyrosine-phosphatase MKP1
g13060	0.7745	5.818266e-01	0.235	no	Probable cytochrome P450 12d1 distal, mitochondrial
g5375	0.8250	5.818266e-01	0.235	no	NA
g13468	0.5236	5.818266e-01	0.235	no	NA
g2298	0.3342	5.821712e-01	0.235	no	Peptidyl-prolyl cis-trans isomerase B1
g8352	-0.3494	5.838582e-01	0.234	no	NA
g3458	0.6598	5.838582e-01	0.234	no	NA
g283	-0.7303	5.838582e-01	0.234	no	NA
g9534	-0.5150	5.838582e-01	0.234	no	NA
g739	0.3136	5.843854e-01	0.233	no	NA
g8964	2.2469	5.843854e-01	0.233	no	Dynein axonemal heavy chain beta
g4721	-0.3838	5.843854e-01	0.233	no	NA
g11974	0.3097	5.857842e-01	0.232	no	NA
g1833	-0.4049	5.857842e-01	0.232	no	NA
g2175	0.3631	5.857842e-01	0.232	no	Protein CHROMATIN REMODELING 25
g2829	0.2783	5.857842e-01	0.232	no	Lysophosphatidylcholine acyltransferase 2
g376	0.3111	5.860993e-01	0.232	no	NA
g4678	0.8846	5.872072e-01	0.231	no	Ultraviolet-B receptor UVR8
g5277	0.3227	5.879131e-01	0.231	no	NA
g9373	0.3829	5.881777e-01	0.230	no	NA
g8133	-0.6406	5.884757e-01	0.230	no	NA
g8679	-0.4455	5.884757e-01	0.230	no	NA
g14914	0.3444	5.885169e-01	0.230	no	Myb-related protein B
g15153	-0.4077	5.895541e-01	0.229	no	Nuclear transcription factor Y subunit B-1
g4095	-0.2811	5.901176e-01	0.229	no	Apoptosis-inducing factor 1, mitochondrial
g9508	-0.2832	5.901176e-01	0.229	no	Ubiquitin carboxyl-terminal hydrolase 14
g906	0.2920	5.901176e-01	0.229	no	Structural maintenance of chromosomes protein 2
g905	-0.7107	5.901176e-01	0.229	no	NA
g4779	0.3023	5.901176e-01	0.229	no	[Skp1-protein]-hydroxyproline N-acetylglucosaminyltransferase
g6989	0.5196	5.901176e-01	0.229	no	ABC transporter I family member 20
g4903	-0.3419	5.901176e-01	0.229	no	Probable formate transporter
g13560	0.4409	5.903695e-01	0.229	no	WD repeat-containing protein 62
g5302	-0.4959	5.903695e-01	0.229	no	NA
g13226	0.2671	5.903695e-01	0.229	no	Methionine synthase
g4261	-0.7425	5.906984e-01	0.229	no	NA
g1012	0.4734	5.906984e-01	0.229	no	Importin subunit alpha-1a
g4152	0.5853	5.906984e-01	0.229	no	NA
g14514	0.4189	5.906984e-01	0.229	no	NA
g11455	-0.6521	5.906984e-01	0.229	no	NA
g14784	0.3178	5.906984e-01	0.229	no	NA
g6727	0.2499	5.906984e-01	0.229	no	Vacuole membrane protein KMS1
g12024	-0.3641	5.907504e-01	0.229	no	BolA-like protein 1
g2237	-0.4276	5.913854e-01	0.228	no	rRNA-processing protein EBP2
g241	0.6310	5.916068e-01	0.228	no	NA
g807	-0.3579	5.916898e-01	0.228	no	Phosphoribosylformylglycinamidine cyclo-ligase
g10427	-0.7974	5.917284e-01	0.228	no	NA
g2489	0.8357	5.919375e-01	0.228	no	NA
g2357	0.2948	5.919375e-01	0.228	no	NA
g13465	0.4745	5.919375e-01	0.228	no	NA
g12800	-0.5099	5.927543e-01	0.227	no	Chymotrypsinogen A
g12037	-0.7802	5.927543e-01	0.227	no	NA
g9429	-0.6401	5.927543e-01	0.227	no	Phosphatidylinositol 3,4,5-trisphosphate 3-phosphatase and dual-specificity protein phosphatase PTEN
g9817	-0.3047	5.929456e-01	0.227	no	F-actin-capping protein subunit beta
g8539	0.4329	5.931437e-01	0.227	no	AP2-like ethylene-responsive transcription factor At1g16060
g14741	0.2910	5.931437e-01	0.227	no	NA
g15479	0.9680	5.935361e-01	0.227	no	Probable calcium-binding protein CML17
g9648	0.4325	5.938200e-01	0.226	no	Anaphase-promoting complex subunit 6
g7182	0.4729	5.940141e-01	0.226	no	Fidgetin-like protein 1
g9388	0.5994	5.940141e-01	0.226	no	NA
g13094	0.2979	5.946438e-01	0.226	no	NA
g7670	0.6618	5.946438e-01	0.226	no	Protein NO VEIN-LIKE
g14899	-0.2664	5.946438e-01	0.226	no	High mobility group protein DSP1
g4872	0.5756	5.948361e-01	0.226	no	NA
g6713	0.3973	5.952010e-01	0.225	no	NA
g11301	0.2722	5.952010e-01	0.225	no	Pro-cathepsin H
g6899	-0.6715	5.952010e-01	0.225	no	NA
g12498	0.3507	5.955308e-01	0.225	no	S-adenosylmethionine-dependent methyltransferase Rv2258c
g9692	-0.2516	5.956910e-01	0.225	no	NA
g6657	0.2807	5.956910e-01	0.225	no	NA
g11110	-0.2993	5.962022e-01	0.225	no	Ubiquitin-protein ligase E3C
g12618	0.3864	5.964203e-01	0.224	no	NA
g12459	0.3827	5.966438e-01	0.224	no	Glycerophosphocholine acyltransferase 1
g9836	0.3193	5.966438e-01	0.224	no	Small ribosomal subunit protein uS19
g15798	-0.8682	5.968763e-01	0.224	no	NA
g10676	0.3118	5.973164e-01	0.224	no	Transportin-1
g12439	0.3418	5.974019e-01	0.224	no	Small subunit processome component 20 homolog
g6762	0.6466	5.975468e-01	0.224	no	Kinesin-like protein klpA
g766	0.3803	5.975468e-01	0.224	no	Structural maintenance of chromosomes protein 5
g73	-0.6098	5.977459e-01	0.223	no	NA
g10146	1.7198	5.977459e-01	0.223	no	cGMP-dependent 3',5'-cGMP phosphodiesterase A
g12680	1.7225	5.983887e-01	0.223	no	NA
g5668	0.3114	5.983887e-01	0.223	no	E3 ubiquitin-protein ligase listerin
g8644	-0.4902	5.985032e-01	0.223	no	X-ray repair cross-complementing protein 5
g1346	0.3566	5.985032e-01	0.223	no	Tetratricopeptide repeat protein 27 homolog
g9669	-0.2889	5.985032e-01	0.223	no	Probable magnesium transporter NIPA8
g10630	-0.3577	5.985032e-01	0.223	no	tRNA (uracil-5-)-methyltransferase homolog A
g2553	-0.4635	5.988322e-01	0.223	no	NA
g10094	0.8464	5.988322e-01	0.223	no	2-dehydropantoate 2-reductase
g6506	-0.5837	5.989626e-01	0.223	no	NA
g15863	-0.2687	5.990537e-01	0.223	no	Probable NAD(P)H dehydrogenase (quinone) FQR1-like 1
g3519	-0.6662	5.993274e-01	0.222	no	NA
g3280	-0.7019	5.994477e-01	0.222	no	NA
g14009	0.4463	5.994962e-01	0.222	no	Probable protein phosphatase 2C 52
g14634	-0.5086	5.998749e-01	0.222	no	NA
g5646	0.4528	5.998749e-01	0.222	no	Cytosolic non-specific dipeptidase
g11307	-0.3776	6.000401e-01	0.222	no	APETALA2-like protein 1
g10678	0.3907	6.000401e-01	0.222	no	NA
g9961	0.4797	6.000652e-01	0.222	no	GPI-anchored wall transfer protein 1
g15046	0.2357	6.003054e-01	0.222	no	Phosphate-binding protein PstS
g12000	0.3410	6.005568e-01	0.221	no	NA
g3327	-0.8726	6.005568e-01	0.221	no	Lysophosphatidylcholine acyltransferase 2
g4415	-0.4596	6.007123e-01	0.221	no	Nonsense-mediated mRNA decay factor SMG7
g555	0.5740	6.010432e-01	0.221	no	Zingipain-2
g4957	-0.3458	6.010432e-01	0.221	no	Protein ILRUN
g8060	-0.9860	6.016436e-01	0.221	no	NA
g13232	0.2525	6.024878e-01	0.220	no	Protein disulfide-isomerase 5-4
g9482	0.3178	6.024878e-01	0.220	no	Mechanosensitive ion channel protein Msy2
g7540	0.3679	6.024878e-01	0.220	no	NA
g4492	0.5431	6.026116e-01	0.220	no	NA
g10943	-0.5278	6.027388e-01	0.220	no	Metal tolerance protein 8
g13278	-0.5272	6.032987e-01	0.219	no	70 kDa peptidyl-prolyl isomerase
g13507	-0.5220	6.032987e-01	0.219	no	NA
g15580	0.4512	6.032987e-01	0.219	no	NA
g11131	-0.8340	6.033581e-01	0.219	no	NA
g5426	0.3015	6.037163e-01	0.219	no	Mismatch repair endonuclease PMS2
g14707	0.2714	6.037163e-01	0.219	no	NA
g12711	0.2798	6.037163e-01	0.219	no	NA
g5841	-0.5717	6.037163e-01	0.219	no	Aurora kinase
g12988	0.3167	6.037163e-01	0.219	no	Transient receptor potential cation channel subfamily V member 1
g10397	0.5300	6.037163e-01	0.219	no	NA
g13188	0.8061	6.037163e-01	0.219	no	NA
g7106	0.2680	6.037163e-01	0.219	no	Dihydrolipoyllysine-residue succinyltransferase component of 2-oxoglutarate dehydrogenase complex
g9704	-0.3025	6.040617e-01	0.219	no	Quinone oxidoreductase
g946	-0.4728	6.045250e-01	0.219	no	NA
g6126	0.3580	6.047663e-01	0.218	no	La protein homolog
g7452	0.2678	6.049019e-01	0.218	no	Neutral alpha-glucosidase AB
g454	-0.4189	6.049019e-01	0.218	no	NA
g14696	-0.3646	6.049019e-01	0.218	no	Large ribosomal subunit protein bL28
g1632	-0.6811	6.049019e-01	0.218	no	NA
g99	0.7319	6.049019e-01	0.218	no	NA
g3780	0.2916	6.056899e-01	0.218	no	Uncharacterized transporter C5D6.04
g9620	0.2917	6.057376e-01	0.218	no	NA
g15786	0.5029	6.062704e-01	0.217	no	NA
g11919	0.3445	6.064341e-01	0.217	no	NA
g14086	0.3517	6.065611e-01	0.217	no	Differentially expressed in FDCP 8
g7146	0.3428	6.065611e-01	0.217	no	Kynurenine 3-monooxygenase
g11415	-0.2709	6.067919e-01	0.217	no	NADH dehydrogenase [ubiquinone] iron-sulfur protein 8-B, mitochondrial
g12482	-0.8493	6.069277e-01	0.217	no	NA
g1370	-0.2829	6.070954e-01	0.217	no	Valine--tRNA ligase
g14449	1.6896	6.072366e-01	0.217	no	NA
g9149	-0.5548	6.073805e-01	0.217	no	NA
g2450	0.2737	6.073827e-01	0.217	no	NA
g5498	0.3472	6.073827e-01	0.217	no	Centromere/kinetochore protein zw10 homolog
g11860	-0.5416	6.073827e-01	0.217	no	NA
g1635	0.3800	6.074553e-01	0.216	no	NA
g4172	0.3219	6.076145e-01	0.216	no	WAT1-related protein At3g45870
g11042	0.2237	6.076145e-01	0.216	no	NA
g6233	-0.2523	6.083160e-01	0.216	no	NA
g10946	0.3410	6.083160e-01	0.216	no	Protein GrpE
g11544	0.6274	6.083949e-01	0.216	no	NA
g15858	0.4262	6.083949e-01	0.216	no	Histone H2B
g545	0.9865	6.083949e-01	0.216	no	NA
g4030	-0.5041	6.083949e-01	0.216	no	NA
g15651	-0.3363	6.083949e-01	0.216	no	NA
g13255	-0.2795	6.086472e-01	0.216	no	Actin-related protein 2/3 complex subunit 1B
g9912	-0.2671	6.086618e-01	0.216	no	GTPase LSG1-2
g3197	0.4004	6.088549e-01	0.215	no	Hsp70-Hsp90 organizing protein
g2079	0.2567	6.088549e-01	0.215	no	GDH/6PGL endoplasmic bifunctional protein
g14139	-0.3571	6.088948e-01	0.215	no	Ribosome biogenesis regulatory protein homolog
g14292	0.2615	6.091676e-01	0.215	no	DmX-like protein 1
g12736	0.4959	6.096871e-01	0.215	no	NA
g3866	0.3601	6.100442e-01	0.215	no	NA
g5946	0.7440	6.100442e-01	0.215	no	DNA repair protein RAD51 homolog 2
g13726	0.3719	6.100442e-01	0.215	no	Large ribosomal subunit protein eL32z
g4131	0.2934	6.100442e-01	0.215	no	UDP-glucuronic acid decarboxylase 1
g12745	0.2420	6.103281e-01	0.214	no	PH-interacting protein
g3005	-0.3249	6.103281e-01	0.214	no	Transcription elongation factor SPT5
g14111	-0.2572	6.105088e-01	0.214	no	Zinc finger CCCH domain-containing protein 15 homolog
g14651	0.3116	6.105088e-01	0.214	no	Nardilysin-like
g15076	-0.5184	6.105088e-01	0.214	no	G-type lectin S-receptor-like serine/threonine-protein kinase RLK1
g9533	0.5893	6.105088e-01	0.214	no	DNA-directed RNA polymerase I subunit RPA43
g6406	0.3437	6.105088e-01	0.214	no	Adenylate cyclase type 10
g909	0.3780	6.105088e-01	0.214	no	3-phosphoinositide-dependent protein kinase 1
g12290	0.6454	6.105088e-01	0.214	no	Dual specificity tyrosine-phosphorylation-regulated kinase 2
g1881	0.2866	6.109044e-01	0.214	no	NA
g7024	0.5140	6.111807e-01	0.214	no	Hexitol phosphatase B
g2230	0.6586	6.111807e-01	0.214	no	NA
g14252	-0.5386	6.113001e-01	0.214	no	NA
g5790	0.7958	6.113001e-01	0.214	no	Tiny macrocysts protein C
g8464	1.7153	6.113001e-01	0.214	no	NA
g2949	0.2718	6.113001e-01	0.214	no	AP-4 complex subunit epsilon
g5748	0.6366	6.120567e-01	0.213	no	Exonuclease 1
g13323	-1.1117	6.126891e-01	0.213	no	NA
g5569	-0.3099	6.131438e-01	0.212	no	NA
g12624	-0.6709	6.131438e-01	0.212	no	Glutathionyl-hydroquinone reductase YqjG
g1442	-0.5211	6.131438e-01	0.212	no	NA
g5157	0.7200	6.131438e-01	0.212	no	Formin-like protein 13
g2645	-0.2846	6.131438e-01	0.212	no	Histone H2A deubiquitinase MYSM1
g1327	-0.5910	6.131614e-01	0.212	no	NA
g7929	-0.2338	6.131614e-01	0.212	no	NA
g16056	0.3861	6.131614e-01	0.212	no	Alpha-mannosidase I MNS4
g279	0.6080	6.132515e-01	0.212	no	NA
g271	0.3445	6.132515e-01	0.212	no	NA
g3447	0.4647	6.133509e-01	0.212	no	NA
g13342	0.2712	6.133509e-01	0.212	no	NA
g4990	-0.5689	6.133795e-01	0.212	no	NA
g3742	0.3291	6.137227e-01	0.212	no	Lysosomal dipeptide transporter MFSD1
g13835	0.3684	6.137675e-01	0.212	no	Large ribosomal subunit protein eL30y
g4918	0.2762	6.140074e-01	0.212	no	NA
g15322	0.2695	6.140074e-01	0.212	no	ATP-binding cassette sub-family B member 10, mitochondrial
g7509	-0.4739	6.140074e-01	0.212	no	NA
g5757	-0.3864	6.140074e-01	0.212	no	NA
g1770	-0.2482	6.149129e-01	0.211	no	NA
g14595	-0.4533	6.149772e-01	0.211	no	Ubiquitin thioesterase otubain-like
g1531	0.2835	6.149772e-01	0.211	no	Ethanolamine-phosphate cytidylyltransferase
g6416	-0.7000	6.149772e-01	0.211	no	Ribonuclease HII
g278	-0.2483	6.152648e-01	0.211	no	GTP-binding nuclear protein GSP1/Ran
g8772	0.2918	6.154482e-01	0.211	no	Uracil phosphoribosyltransferase
g6062	-0.6156	6.154862e-01	0.211	no	G-type lectin S-receptor-like serine/threonine-protein kinase RLK1
g12714	0.4584	6.158470e-01	0.211	no	NA
g7697	0.4868	6.162475e-01	0.210	no	Protein arginine N-methyltransferase 7
g12809	0.4942	6.162475e-01	0.210	no	Arginase
g3019	0.3495	6.162475e-01	0.210	no	NA
g1860	0.3871	6.162475e-01	0.210	no	Probable cysteine desulfurase
g3733	-0.8015	6.164266e-01	0.210	no	Protein ENHANCED DISEASE RESISTANCE 2
g12420	-0.5161	6.173699e-01	0.209	no	NA
g10831	-0.2444	6.174739e-01	0.209	no	NA
g4736	-0.7174	6.190257e-01	0.208	no	Urease accessory protein D
g6709	0.4552	6.193068e-01	0.208	no	NA
g7660	0.3788	6.196896e-01	0.208	no	C6 finger domain transcription factor hasA
g577	0.7903	6.196896e-01	0.208	no	Ras-related protein RABF1
g13063	0.4901	6.196896e-01	0.208	no	Glycerol 3-phosphate dehydrogenase
g4004	-0.6498	6.196896e-01	0.208	no	NA
g5550	0.3646	6.196896e-01	0.208	no	Large ribosomal subunit protein uL13
g5144	-0.2728	6.199861e-01	0.208	no	NA
g11742	0.6329	6.202080e-01	0.207	no	Phosphatidylinositol/phosphatidylcholine transfer protein SFH1
g10893	0.2770	6.206707e-01	0.207	no	Purple acid phosphatase 3
g8081	-0.6131	6.219581e-01	0.206	no	NA
g11811	0.2395	6.219581e-01	0.206	no	Midasin
g13880	-0.2895	6.224032e-01	0.206	no	2-oxoisovalerate dehydrogenase subunit alpha, mitochondrial
g5615	0.3761	6.224032e-01	0.206	no	NA
g3848	-0.3729	6.224032e-01	0.206	no	NA
g13301	-0.2547	6.224032e-01	0.206	no	Protein polyglycylase TTLL10
g5521	0.3818	6.225566e-01	0.206	no	ATP synthase mitochondrial F1 complex assembly factor 2
g5848	-0.6730	6.225566e-01	0.206	no	NA
g7678	0.2632	6.225733e-01	0.206	no	Trafficking protein particle complex subunit 8
g4896	0.3548	6.228585e-01	0.206	no	Serine/threonine protein phosphatase 2A regulatory subunit B''beta
g1367	-0.4255	6.228585e-01	0.206	no	Ribonuclease inhibitor
g10099	-0.5168	6.228585e-01	0.206	no	Serine/threonine-protein kinase PLK2
g10081	0.4638	6.228585e-01	0.206	no	Peroxisomal adenine nucleotide carrier 1
g5804	0.2775	6.228585e-01	0.206	no	NA
g14327	0.2597	6.228669e-01	0.206	no	Solute carrier family 12 member 2
g2861	0.2579	6.228669e-01	0.206	no	Non-selective voltage-gated ion channel VDAC3
g6254	-0.2726	6.229469e-01	0.206	no	NA
g13596	-0.3965	6.242069e-01	0.205	no	Tobamovirus multiplication protein 3
g5553	0.2911	6.243668e-01	0.205	no	Stress-induced-phosphoprotein 1
g699	-0.2412	6.244326e-01	0.205	no	NA
g10944	0.2771	6.244326e-01	0.205	no	E3 ubiquitin ligase BIG BROTHER-related
g4483	0.2468	6.244329e-01	0.205	no	Transmembrane protein 87B
g15696	0.4829	6.244329e-01	0.205	no	NA
g3911	-0.4055	6.246085e-01	0.204	no	Cytochrome P450 CYP94D108
g11989	-0.3359	6.246085e-01	0.204	no	NA
g2964	-0.3996	6.246085e-01	0.204	no	Oxygen-dependent coproporphyrinogen-III oxidase
g4238	0.3986	6.246085e-01	0.204	no	NA
g9366	-0.5979	6.246085e-01	0.204	no	Actin-histidine N-methyltransferase
g9870	0.2655	6.246085e-01	0.204	no	NA
g12673	0.3408	6.246085e-01	0.204	no	NA
g8802	0.2805	6.246085e-01	0.204	no	Pre-mRNA splicing factor SR-like 1
g2653	0.3277	6.246085e-01	0.204	no	Fer-1-like protein 6
g8831	0.3417	6.246085e-01	0.204	no	Large ribosomal subunit protein eL42
g1199	-0.5644	6.246085e-01	0.204	no	NADH dehydrogenase [ubiquinone] 1 alpha subcomplex assembly factor 3
g9960	0.2873	6.249173e-01	0.204	no	BEACH domain-containing protein lvsC
g5686	0.2637	6.249457e-01	0.204	no	Probable E3 ubiquitin-protein ligase HERC1
g4805	0.3676	6.253562e-01	0.204	no	Syntaxin-3
g1296	-0.3946	6.254345e-01	0.204	no	NA
g9313	0.3219	6.255238e-01	0.204	no	NA
g12907	-1.0565	6.263899e-01	0.203	no	NA
g14332	0.2427	6.263899e-01	0.203	no	Cytochrome c
g239	-0.2664	6.263899e-01	0.203	no	UDP-N-acetylglucosamine diphosphorylase 2
g14470	0.3219	6.263899e-01	0.203	no	NA
g7822	-0.4090	6.263899e-01	0.203	no	Protein tesmin/TSO1-like CXC 5
g2763	-0.2501	6.263899e-01	0.203	no	NA
g11018	-0.4402	6.263899e-01	0.203	no	Arginine kinase Oct f 2
g12977	0.2718	6.263899e-01	0.203	no	Glycoprotein-N-acetylgalactosamine 3-beta-galactosyltransferase 1
g839	0.3814	6.265201e-01	0.203	no	Ava biosynthesis cluster protein M
g3160	0.3155	6.265697e-01	0.203	no	NA
g9762	0.2852	6.269007e-01	0.203	no	Metal transporter CNNM2
g1801	-0.4164	6.269007e-01	0.203	no	ABC transporter D family member 2
g9707	-0.2519	6.269511e-01	0.203	no	NA
g7650	0.3599	6.271216e-01	0.203	no	Pyrimidine-nucleoside phosphorylase
g6350	-0.4599	6.272386e-01	0.203	no	NA
g13935	0.2539	6.279751e-01	0.202	no	ATP-dependent RNA helicase eIF4A
g15894	0.2464	6.283393e-01	0.202	no	DnaJ protein ERDJ2A
g3705	-0.6066	6.287477e-01	0.202	no	NA
g10398	0.3562	6.289063e-01	0.201	no	Large ribosomal subunit protein uL1
g3961	-0.2854	6.292858e-01	0.201	no	Proteasome subunit alpha type-6
g5680	0.5899	6.292858e-01	0.201	no	NA
g2267	0.2917	6.292858e-01	0.201	no	Glycoprotein-N-acetylgalactosamine 3-beta-galactosyltransferase 1
g2140	-0.4773	6.293853e-01	0.201	no	Protein PGR
g9040	0.3239	6.294380e-01	0.201	no	NA
g8230	0.8795	6.302225e-01	0.201	no	Protein IN2-1 homolog A
g424	0.2855	6.303675e-01	0.200	no	Steryl-sulfatase
g5630	0.2332	6.304697e-01	0.200	no	Histone-lysine N-methyltransferase trr
g8136	-0.3177	6.304798e-01	0.200	no	NA
g11192	-0.4307	6.304798e-01	0.200	no	Protein-S-isoprenylcysteine O-methyltransferase
g4959	-0.2578	6.305129e-01	0.200	no	26S proteasome regulatory subunit 8 homolog A
g11145	0.3473	6.305129e-01	0.200	no	Ribosomal protein eS27-like
g5321	1.2892	6.305129e-01	0.200	no	Sperm-associated antigen 6
g13209	-0.2321	6.309123e-01	0.200	no	NA
g10273	-0.3610	6.311800e-01	0.200	no	Methionine aminopeptidase 2B
g496	0.3594	6.313151e-01	0.200	no	TRPL translocation defect protein 14
g12430	-0.7717	6.313151e-01	0.200	no	NA
g2683	-0.2083	6.313151e-01	0.200	no	NA
g5687	0.5886	6.313151e-01	0.200	no	NA
g14141	0.7062	6.316726e-01	0.200	no	NA
g7556	0.3607	6.316726e-01	0.200	no	Alanyl-tRNA editing protein Aarsd1
g11410	0.3914	6.316726e-01	0.200	no	NA
g3169	0.5847	6.330834e-01	0.199	no	E3 ubiquitin-protein ligase pub1
g247	0.8207	6.330932e-01	0.199	no	Axonemal central pair apparatus protein HYDIN
g12748	0.4176	6.330932e-01	0.199	no	Heparan sulfate glucosamine 3-O-sulfotransferase 5
g12023	-0.8476	6.331410e-01	0.198	no	tRNA-dihydrouridine(16/17) synthase [NAD(P)(+)]-like
g3028	-0.8239	6.331410e-01	0.198	no	Dynein axonemal intermediate chain 7
g15908	0.2920	6.331410e-01	0.198	no	Conserved oligomeric Golgi complex subunit 5
g14968	0.4627	6.333234e-01	0.198	no	NA
g12999	0.2706	6.333234e-01	0.198	no	Amino acid transporter AVT1C
g7565	0.4303	6.333993e-01	0.198	no	NA
g8501	0.5104	6.339467e-01	0.198	no	NA
g1998	0.5335	6.340684e-01	0.198	no	NA
g3479	0.3780	6.341773e-01	0.198	no	NA
g14485	1.2965	6.345716e-01	0.198	no	NA
g5043	0.2832	6.345716e-01	0.198	no	Ubiquitin carboxyl-terminal hydrolase 47
g6661	0.4139	6.354994e-01	0.197	no	Major facilitator superfamily domain-containing protein 8
g5012	0.2963	6.360052e-01	0.197	no	Kinesin-like protein KIN-14E
g9395	0.3088	6.360052e-01	0.197	no	NA
g6717	0.4395	6.361654e-01	0.196	no	ATP-binding cassette sub-family G member 1
g13036	0.3272	6.361654e-01	0.196	no	Probable 3',5'-cyclic-AMP phosphodiesterase pde-4
g3438	0.5530	6.364545e-01	0.196	no	RING finger protein 175
g10655	0.4292	6.366244e-01	0.196	no	NA
g5577	0.3496	6.366244e-01	0.196	no	Probable serine/threonine-protein kinase SIS8
g13496	-0.2404	6.366244e-01	0.196	no	NA
g4438	-0.2565	6.366244e-01	0.196	no	Histone H2B
g258	0.2473	6.366244e-01	0.196	no	Phosphoenolpyruvate carboxylase
g15	-0.2518	6.368686e-01	0.196	no	NA
g4917	0.6218	6.372805e-01	0.196	no	3-oxoacyl-[acyl-carrier-protein] reductase FabG
g11392	-0.3004	6.379783e-01	0.195	no	Diatom spindle kinesin-1
g2063	-0.4135	6.381821e-01	0.195	no	Translation initiation factor eIF2B subunit alpha
g14564	-0.3626	6.383071e-01	0.195	no	Superoxide dismutase [Cu-Zn] 4AP
g14619	0.3562	6.383668e-01	0.195	no	5-oxoprolinase
g13504	0.3193	6.383668e-01	0.195	no	Calcium-dependent protein kinase 3
g9239	-0.2807	6.383668e-01	0.195	no	Protein teg
g13625	-0.4385	6.392953e-01	0.194	no	NA
g14399	0.2709	6.398971e-01	0.194	no	DNA-directed RNA polymerase I subunit rpa1
g11155	-0.3383	6.402079e-01	0.194	no	Probable protease SohB
g2236	0.3793	6.405180e-01	0.193	no	NA
g9746	0.6197	6.405180e-01	0.193	no	Mini-chromosome maintenance complex-binding protein
g1138	0.2510	6.405180e-01	0.193	no	NA
g15772	-0.3011	6.405180e-01	0.193	no	NADH-cytochrome b5 reductase 1
g7687	0.2389	6.405180e-01	0.193	no	Calnexin
g11043	0.2635	6.405189e-01	0.193	no	NA
g12078	-0.3216	6.405550e-01	0.193	no	NA
g638	-0.2579	6.405553e-01	0.193	no	NA
g5855	-0.6451	6.406200e-01	0.193	no	NA
g6716	0.2786	6.412881e-01	0.193	no	NA
g5999	0.2981	6.413539e-01	0.193	no	6-phosphofructo-2-kinase/fructose-2,6-bisphosphatase
g13398	-0.5850	6.413539e-01	0.193	no	NA
g1061	0.3065	6.413539e-01	0.193	no	NA
g11975	0.3240	6.414513e-01	0.193	no	Probable ethanolamine kinase
g2318	-0.3281	6.417812e-01	0.193	no	NA
g6199	0.2564	6.418066e-01	0.193	no	Serine/threonine-protein kinase 32B
g7491	-0.4909	6.422312e-01	0.192	no	NA
g1850	0.7721	6.422312e-01	0.192	no	NA
g4830	0.4173	6.427629e-01	0.192	no	Histone deacetylase-like amidohydrolase
g3339	-0.3634	6.427825e-01	0.192	no	NA
g4083	0.4245	6.432049e-01	0.192	no	dCTP pyrophosphatase 1
g4304	0.2495	6.433892e-01	0.192	no	NA
g3086	0.3303	6.437229e-01	0.191	no	DExH-box ATP-dependent RNA helicase DExH1
g7023	0.2619	6.440371e-01	0.191	no	Large ribosomal subunit protein eL21B
g2383	0.3802	6.440371e-01	0.191	no	Putative glucose-6-phosphate 1-epimerase
g887	0.2924	6.441092e-01	0.191	no	Probable beta-D-xylosidase 2
g14516	0.6471	6.441092e-01	0.191	no	NA
g377	-0.3487	6.441092e-01	0.191	no	NA
g9519	-0.3292	6.441092e-01	0.191	no	ER membrane protein complex subunit 4
g1304	0.4791	6.441092e-01	0.191	no	Uncharacterized ABC transporter ATP-binding protein C29A3.09c
g6434	-0.7657	6.447421e-01	0.191	no	THO complex subunit 6
g14318	0.3953	6.448299e-01	0.191	no	NA
g627	0.6089	6.448299e-01	0.191	no	WD repeat-containing protein 89
g9018	0.4304	6.448299e-01	0.191	no	Magnesium transporter MRS2-I
g5749	-0.6224	6.448299e-01	0.191	no	NA
g11423	1.3011	6.454252e-01	0.190	no	Adenylate cyclase type 10
g15049	-0.4007	6.457671e-01	0.190	no	rRNA biogenesis protein RRP5
g9547	0.3967	6.460684e-01	0.190	no	DNA replication licensing factor mcm6
g1359	-0.3753	6.460684e-01	0.190	no	Large ribosomal subunit protein uL24
g14643	-0.5810	6.460684e-01	0.190	no	Snurportin-1
g6438	0.4974	6.464783e-01	0.189	no	Clotting factor B
g910	-0.2619	6.464783e-01	0.189	no	Probable 3-hydroxyacyl-CoA dehydrogenase B0272.3
g3729	0.3114	6.464783e-01	0.189	no	NA
g11841	0.4457	6.464783e-01	0.189	no	NA
g7878	-0.4276	6.464783e-01	0.189	no	NA
g10986	0.2884	6.465213e-01	0.189	no	CRAL-TRIO domain-containing protein C3H8.02
g5857	0.3648	6.469164e-01	0.189	no	Cell division control protein 1
g9132	0.2917	6.469164e-01	0.189	no	DNA excision repair protein CSB
g9348	0.4189	6.469164e-01	0.189	no	DnaJ homolog subfamily B member 6
g12816	0.2340	6.469164e-01	0.189	no	ERAD-associated E3 ubiquitin-protein ligase HRD1A
g3027	-0.2675	6.469164e-01	0.189	no	Proteasome subunit alpha type-1
g16021	-0.5073	6.475563e-01	0.189	no	Putative uridine kinase C227.14
g14949	-0.6483	6.475563e-01	0.189	no	NA
g15837	0.2945	6.475575e-01	0.189	no	Lon protease homolog, mitochondrial
g8277	-0.2959	6.478308e-01	0.189	no	NFU1 iron-sulfur cluster scaffold homolog, mitochondrial
g14092	0.3537	6.478308e-01	0.189	no	NA
g4350	-0.4479	6.485414e-01	0.188	no	Prostaglandin reductase 2
g5293	-0.3205	6.490968e-01	0.188	no	NA
g10847	-0.7513	6.490968e-01	0.188	no	NA
g3177	0.2858	6.492421e-01	0.188	no	NA
g12746	0.3181	6.492421e-01	0.188	no	Alpha-(1,3)-fucosyltransferase FucT
g2720	-0.3192	6.492715e-01	0.188	no	Protein FAM32A
g2905	-0.4556	6.497368e-01	0.187	no	Glutamyl-tRNA(Gln) amidotransferase subunit A
g15024	-0.3181	6.500175e-01	0.187	no	Glyceraldehyde-3-phosphate dehydrogenase 3
g9167	0.2456	6.500175e-01	0.187	no	NA
g12884	-0.3183	6.500175e-01	0.187	no	Ras-related C3 botulinum toxin substrate 1
g4168	0.2470	6.500175e-01	0.187	no	NA
g11774	0.4231	6.500960e-01	0.187	no	SPX and EXS domain-containing protein 1
g6310	-0.2685	6.500960e-01	0.187	no	NA
g5742	0.4198	6.500960e-01	0.187	no	NA
g2594	0.3000	6.505481e-01	0.187	no	NA
g7226	0.3658	6.505567e-01	0.187	no	Scavenger receptor class B member 1
g8777	-0.5142	6.506088e-01	0.187	no	Serine/arginine-rich SC35-like splicing factor SCL30A
g2492	-0.2323	6.506088e-01	0.187	no	Alanine--glyoxylate aminotransferase 1
g14835	-0.4718	6.509433e-01	0.186	no	cGMP-dependent protein kinase
g11569	0.7695	6.509433e-01	0.186	no	Diacylglycerol lipase-beta
g14024	0.5021	6.510975e-01	0.186	no	NA
g953	-0.3016	6.511161e-01	0.186	no	NA
g13619	-0.4972	6.511161e-01	0.186	no	NA
g5183	-0.5535	6.511161e-01	0.186	no	Microtubule nucleation factor SSNA1
g8354	0.5161	6.511161e-01	0.186	no	NA
g3621	0.3207	6.511161e-01	0.186	no	NA
g12186	-0.2737	6.511161e-01	0.186	no	Ras-related protein ORAB-1
g889	0.2299	6.511321e-01	0.186	no	Probable alpha,alpha-trehalose-phosphate synthase [UDP-forming] 7
g7419	-0.4095	6.513573e-01	0.186	no	NA
g14016	0.5550	6.517040e-01	0.186	no	NA
g1773	0.6809	6.517040e-01	0.186	no	Dynein axonemal intermediate chain 4
g3253	0.5249	6.517040e-01	0.186	no	NA
g13949	-0.4620	6.530941e-01	0.185	no	E3 ubiquitin-protein ligase MARCHF8
g2941	0.3282	6.530941e-01	0.185	no	DNA polymerase epsilon catalytic subunit A
g6573	0.3186	6.530941e-01	0.185	no	Large ribosomal subunit protein uL11
g5640	0.3226	6.531678e-01	0.185	no	L-rhamnose mutarotase
g1332	-0.2379	6.531810e-01	0.185	no	Cytochrome c oxidase subunit 4, mitochondrial
g10183	0.2932	6.531810e-01	0.185	no	NA
g2435	0.2489	6.542590e-01	0.184	no	NA
g3532	-0.3158	6.542590e-01	0.184	no	Ras-related protein RABC1
g1403	0.2752	6.543102e-01	0.184	no	NA
g11434	-0.3471	6.543102e-01	0.184	no	Short-chain-enoyl-CoA hydratase
g4610	0.3258	6.544871e-01	0.184	no	ADP-ribosylation factor-related protein 1
g9640	0.3560	6.547874e-01	0.184	no	Inositol polyphosphate-4-phosphatase type I A
g9301	-0.4831	6.548934e-01	0.184	no	NA
g2234	0.3783	6.549242e-01	0.184	no	Calcium/calmodulin-dependent protein kinase kinase 2
g11648	0.2251	6.549242e-01	0.184	no	NA
g9673	0.2326	6.549242e-01	0.184	no	Protein polyglycylase TTLL10
g982	0.2752	6.549242e-01	0.184	no	NA
g5190	0.3102	6.549242e-01	0.184	no	Centrosomal protein of 162 kDa
g8608	-0.7412	6.561896e-01	0.183	no	NA
g3351	0.3512	6.562588e-01	0.183	no	NA
g10209	0.3154	6.565597e-01	0.183	no	Phosphatidylinositol 3,4,5-trisphosphate 5-phosphatase 1
g13359	0.6268	6.565644e-01	0.183	no	NA
g12630	0.2509	6.565644e-01	0.183	no	NA
g1962	0.2363	6.565644e-01	0.183	no	NA
g9819	0.5413	6.565644e-01	0.183	no	NA
g4074	-0.3284	6.565644e-01	0.183	no	Ribosome maturation protein SBDS
g6292	-0.4813	6.566901e-01	0.183	no	NAD-dependent methanol dehydrogenase
g13518	-0.7732	6.567326e-01	0.183	no	Probable protein S-acyltransferase 20
g1703	-0.3684	6.569926e-01	0.182	no	NA
g10846	-0.4606	6.570109e-01	0.182	no	U6 snRNA-associated Sm-like protein LSm4
g3202	-0.3222	6.570109e-01	0.182	no	WD repeat-containing protein pop1
g5001	0.3111	6.572146e-01	0.182	no	Small ribosomal subunit protein eS17
g11482	0.3768	6.572146e-01	0.182	no	Nuclear cap-binding protein subunit 1
g8355	0.9041	6.573722e-01	0.182	no	Protein phosphatase 1 regulatory subunit 27
g2969	0.2497	6.573722e-01	0.182	no	Protein MODIFIED TRANSPORT TO THE VACUOLE 1
g9619	-0.4196	6.573722e-01	0.182	no	Cytosolic iron-sulfur assembly component 2B
g4618	-0.3361	6.573722e-01	0.182	no	Angio-associated migratory cell protein
g10355	-0.6456	6.573722e-01	0.182	no	NA
g2129	0.2672	6.573722e-01	0.182	no	Integral membrane protein GPR180
g13577	0.3925	6.573722e-01	0.182	no	NA
g2305	0.9694	6.573914e-01	0.182	no	Probable prolyl 4-hydroxylase 3
g3967	0.3042	6.584062e-01	0.182	no	Anaphase-promoting complex subunit 1
g687	-0.3662	6.591048e-01	0.181	no	Thermostable carboxypeptidase 1
g9771	-0.4412	6.591048e-01	0.181	no	Probable ADP-ribosylation factor GTPase-activating protein AGD15
g7884	1.5814	6.591048e-01	0.181	no	Adenylate cyclase
g3263	0.2959	6.591048e-01	0.181	no	Putative glutathione peroxidase 7, chloroplastic
g2993	0.2436	6.591048e-01	0.181	no	Probable magnesium transporter NIPA8
g602	0.3141	6.597020e-01	0.181	no	Fe(II)/2-oxoglutarate-dependent dioxygenase 1
g13787	-0.5231	6.597020e-01	0.181	no	Histone-arginine methyltransferase METTL23
g7151	0.2644	6.601536e-01	0.180	no	NA
g9560	0.8969	6.601536e-01	0.180	no	Transcriptional activator Myb
g11093	0.3574	6.601536e-01	0.180	no	NA
g12833	-0.5857	6.601536e-01	0.180	no	NA
g2889	-0.4087	6.601536e-01	0.180	no	Probable protein phosphatase 2C 45
g10117	-0.3695	6.601536e-01	0.180	no	Man(5)GlcNAc(2)-PP-dolichol translocation protein RFT1
g13065	0.2914	6.601536e-01	0.180	no	NA
g12686	-0.3591	6.601536e-01	0.180	no	Probable tetraacyldisaccharide 4'-kinase, mitochondrial
g14446	-0.5005	6.601536e-01	0.180	no	Pyrroline-5-carboxylate reductase
g11541	0.2960	6.601536e-01	0.180	no	Calponin homology and LIM domain-containing protein
g13681	0.3554	6.601536e-01	0.180	no	Probable magnesium transporter NIPA6
g5438	0.6515	6.607943e-01	0.180	no	NA
g10425	-0.5805	6.608723e-01	0.180	no	NA
g7607	0.3429	6.609354e-01	0.180	no	Probable UDP-N-acetylglucosamine--peptide N-acetylglucosaminyltransferase SEC
g14868	-0.6960	6.610023e-01	0.180	no	NA
g12805	-0.3091	6.612885e-01	0.180	no	Trypsin
g1903	0.3837	6.612885e-01	0.180	no	Probable fatty acyl-CoA transferase Rv3272
g12747	1.3332	6.612885e-01	0.180	no	Deleted in lung and esophageal cancer protein 1
g13895	0.8368	6.612885e-01	0.180	no	Transforming protein Myb
g14903	-0.7915	6.612885e-01	0.180	no	NA
g8739	0.4643	6.612885e-01	0.180	no	NA
g11863	-0.4717	6.612885e-01	0.180	no	Dual specificity protein phosphatase 1B
g5743	0.3434	6.623675e-01	0.179	no	S phase cyclin A-associated protein in the endoplasmic reticulum
g9682	-0.5887	6.628140e-01	0.179	no	Echinoderm microtubule-associated protein-like 6
g10926	0.3316	6.637527e-01	0.178	no	Probable glycerol-3-phosphate dehydrogenase, mitochondrial
g5869	-0.2346	6.641750e-01	0.178	no	Small COPII coat GTPase SAR1B
g5443	-0.2480	6.641750e-01	0.178	no	Transcription factor BOA
g14782	0.5301	6.643975e-01	0.178	no	NA
g8427	0.2967	6.643975e-01	0.178	no	N-alpha-acetyltransferase 35, NatC auxiliary subunit
g12900	0.2886	6.643975e-01	0.178	no	Putative sodium-coupled neutral amino acid transporter 12
g4002	0.3593	6.644415e-01	0.178	no	Ubiquitin carboxyl-terminal hydrolase 15
g12352	0.7061	6.649551e-01	0.177	no	Tubulin monoglutamylase TTLL4
g8026	0.3414	6.649551e-01	0.177	no	NA
g6665	-0.4660	6.649551e-01	0.177	no	Unconventional myosin-VI
g10854	0.4411	6.649919e-01	0.177	no	Serine/threonine-protein kinase prp4
g8634	0.3224	6.651909e-01	0.177	no	Small ribosomal subunit protein uS15
g11111	-0.3779	6.652044e-01	0.177	no	UPF0613 protein PB24D3.06c
g3463	-0.3844	6.652044e-01	0.177	no	NA
g8629	0.4475	6.652044e-01	0.177	no	Zinc-regulated GTPase metalloprotein activator 1A
g4354	0.5579	6.652044e-01	0.177	no	Uncharacterized protein MJ1396
g8642	0.3752	6.652044e-01	0.177	no	NA
g4202	-0.2958	6.652044e-01	0.177	no	NA
g10335	0.9923	6.652044e-01	0.177	no	Probable calcium-binding protein CML18
g4637	-0.3302	6.652044e-01	0.177	no	Inositol-pentakisphosphate 2-kinase IPK1
g865	-0.3107	6.652044e-01	0.177	no	NA
g2210	-0.4298	6.657151e-01	0.177	no	Methyl-CpG-binding domain protein 4
g10975	0.5216	6.657151e-01	0.177	no	NA
g1119	0.5290	6.657151e-01	0.177	no	TBC1 domain family member 22A
g7371	-0.5028	6.657151e-01	0.177	no	Pyridine nucleotide-disulfide oxidoreductase domain-containing protein 2
g11438	-0.7132	6.657151e-01	0.177	no	Folate transporter 1, chloroplastic
g11227	-0.2300	6.657151e-01	0.177	no	NA
g3884	0.2606	6.659477e-01	0.177	no	NA
g10035	-0.2101	6.661795e-01	0.176	no	Long-chain-fatty-acid--CoA ligase ACSBG2
g15287	-1.1688	6.661795e-01	0.176	no	NA
g1838	0.3350	6.661795e-01	0.176	no	NA
g13605	0.2996	6.661795e-01	0.176	no	Spermidine synthase
g8125	-0.5457	6.665940e-01	0.176	no	Cation channel sperm-associated protein subunit gamma 1
g13591	-0.2181	6.668845e-01	0.176	no	Succinate dehydrogenase cytochrome b560 subunit, mitochondrial
g7488	0.2694	6.686760e-01	0.175	no	Pumilio domain-containing protein C6G9.14
g2789	0.5006	6.686760e-01	0.175	no	Probable serine/threonine-protein kinase fhkA
g11739	0.3503	6.686760e-01	0.175	no	DnaJ protein P58IPK homolog A
g15917	-0.4359	6.688187e-01	0.175	no	DNA/RNA-binding protein KIN17
g269	-0.5802	6.689147e-01	0.175	no	[Skp1-protein]-hydroxyproline N-acetylglucosaminyltransferase
g519	0.2981	6.691113e-01	0.175	no	Mechanosensitive cation channel Tmem63
g6433	-0.3597	6.693888e-01	0.174	no	Suppressor of SWI4 1 homolog
g2280	-0.7698	6.693888e-01	0.174	no	NA
g10481	-0.2832	6.696774e-01	0.174	no	NA
g846	-0.4001	6.697174e-01	0.174	no	NA
g3484	0.4150	6.697174e-01	0.174	no	3'-5' ssDNA/RNA exonuclease TatD
g1057	-0.4250	6.704590e-01	0.174	no	NA
g15854	-0.3821	6.707692e-01	0.173	no	NA
g4059	0.2572	6.707692e-01	0.173	no	Bifunctional peptidase and (3S)-lysyl hydroxylase Jmjd7
g8538	0.3777	6.714384e-01	0.173	no	Peptidyl-tRNA hydrolase 2, mitochondrial
g2961	0.2913	6.718954e-01	0.173	no	Vacuolar protein sorting-associated protein 18 homolog
g3096	0.3047	6.718954e-01	0.173	no	NA
g13125	-0.3984	6.718954e-01	0.173	no	Palmitoyltransferase ZDHHC16
g12759	0.2729	6.718954e-01	0.173	no	Metal transporter nramp1 homolog
g14407	-0.5663	6.721757e-01	0.173	no	cAMP-dependent protein kinase regulatory subunit
g8457	0.2207	6.721757e-01	0.173	no	Protein CANDIDATE G PROTEIN-COUPLED RECEPTOR 7
g11558	-0.5906	6.728597e-01	0.172	no	NA
g15440	0.6827	6.730138e-01	0.172	no	Amino acid transporter ANT1
g7438	0.2491	6.730138e-01	0.172	no	Tyrosine-protein phosphatase 3
g13021	1.0358	6.730755e-01	0.172	no	Calmodulin-like protein 12
g10703	-0.5279	6.730755e-01	0.172	no	NA
g1355	1.0561	6.730755e-01	0.172	no	WD repeat-containing protein 19
g12584	-0.3940	6.730755e-01	0.172	no	Putative enoyl-CoA hydratase
g12448	0.4053	6.735541e-01	0.172	no	5'-nucleotidase
g5319	-0.5764	6.736451e-01	0.172	no	Probable phospholipid-transporting ATPase 7
g5013	-0.3002	6.737096e-01	0.172	no	Beta-lactamase domain-containing protein 2
g296	-0.2650	6.737218e-01	0.172	no	Probable ubiquitin-conjugating enzyme E2 variant
g9782	0.5709	6.737246e-01	0.172	no	Probable anion transporter 1, chloroplastic
g12632	-0.5292	6.737392e-01	0.172	no	Putative quercetin 2,3-dioxygenase sll1773
g11791	0.2701	6.740936e-01	0.171	no	Probable serine/threonine-protein kinase WNK2
g5614	-0.2172	6.740936e-01	0.171	no	AP2-like ethylene-responsive transcription factor PLT2
g9693	0.5659	6.740936e-01	0.171	no	NA
g6090	0.4341	6.740936e-01	0.171	no	NA
g3378	0.2882	6.740936e-01	0.171	no	Dual specificity tyrosine-phosphorylation-regulated kinase 1A
g1490	-0.2685	6.746876e-01	0.171	no	NADH dehydrogenase [ubiquinone] 1 beta subcomplex subunit 10-B
g6872	0.7641	6.752310e-01	0.171	no	NA
g11666	-0.2604	6.753233e-01	0.170	no	ABC transporter E family member 2
g6652	-0.2872	6.755640e-01	0.170	no	Cytochrome P450 704C1
g11723	0.3005	6.756274e-01	0.170	no	Condensin-1 complex subunit CAP-D2
g11387	-0.2693	6.756274e-01	0.170	no	CCAAT/enhancer-binding protein zeta
g14864	-0.6671	6.756290e-01	0.170	no	NA
g621	-0.6424	6.756290e-01	0.170	no	NA
g4981	0.4520	6.756290e-01	0.170	no	Kinesin-like protein KIN-14R
g5950	0.3865	6.756290e-01	0.170	no	NA
g14243	-0.2359	6.756290e-01	0.170	no	Trifunctional enzyme subunit alpha, mitochondrial
g299	0.7877	6.756290e-01	0.170	no	NA
g7156	-0.3719	6.756290e-01	0.170	no	Protein DETOXIFICATION 16
g7636	-0.2453	6.756290e-01	0.170	no	ABC transporter G family member 31
g12626	0.2938	6.756290e-01	0.170	no	Chaperonin CPN60, mitochondrial
g1884	-0.3585	6.756290e-01	0.170	no	NA
g1322	0.7228	6.756290e-01	0.170	no	NA
g10904	0.3135	6.756290e-01	0.170	no	NA
g3836	0.3650	6.756290e-01	0.170	no	NA
g5202	-0.7637	6.756290e-01	0.170	no	NA
g462	0.2462	6.759423e-01	0.170	no	Cystathionine beta-synthase
g14859	-0.3503	6.759423e-01	0.170	no	NA
g9958	0.2714	6.762202e-01	0.170	no	D-amino-acid oxidase
g13743	0.2684	6.764026e-01	0.170	no	LON peptidase N-terminal domain and RING finger protein C14F5.10c
g3077	0.2641	6.764320e-01	0.170	no	AP-1 complex subunit mu-1
g7367	-0.3302	6.764320e-01	0.170	no	Succinate--CoA ligase [ADP-forming] subunit beta, mitochondrial
g14893	0.2955	6.765226e-01	0.170	no	Intermembrane lipid transfer protein vps13D
g13877	0.3493	6.767296e-01	0.170	no	2-oxoglutarate dehydrogenase E1 component
g10093	-0.4126	6.769631e-01	0.169	no	2-dehydropantoate 2-reductase
g677	0.2568	6.771641e-01	0.169	no	NA
g13801	0.2783	6.773781e-01	0.169	no	Protein sel-1 homolog 2
g11108	-0.2567	6.773943e-01	0.169	no	NA
g9020	-0.6940	6.773943e-01	0.169	no	NA
g3179	0.8021	6.774634e-01	0.169	no	NA
g14085	0.5037	6.775171e-01	0.169	no	NA
g10004	0.3763	6.777218e-01	0.169	no	ATPase family gene 2 protein homolog A
g6720	0.2952	6.777218e-01	0.169	no	Tetratricopeptide repeat protein 37
g3969	-0.6502	6.777218e-01	0.169	no	NA
g13368	0.2199	6.777218e-01	0.169	no	NA
g32	1.0417	6.777218e-01	0.169	no	NA
g4782	-0.6175	6.779745e-01	0.169	no	NA
g9307	0.2491	6.783090e-01	0.169	no	Geranylfarnesyl diphosphate synthase
g14683	0.2555	6.785531e-01	0.168	no	Putative calmodulin-like protein 2
g13999	0.2998	6.785531e-01	0.168	no	E3 ubiquitin-protein ligase MARCHF2
g4460	-0.4900	6.786087e-01	0.168	no	Neuferricin homolog
g9582	0.2072	6.794105e-01	0.168	no	3-methylmercaptopropionyl-CoA dehydrogenase
g653	0.2287	6.796617e-01	0.168	no	Regulator of microtubule dynamics protein 1
g556	-0.4787	6.806345e-01	0.167	no	Rho GTPase-activating protein 2
g14882	-0.3631	6.812996e-01	0.167	no	NA
g12284	0.4023	6.818283e-01	0.166	no	NA
g13124	0.3782	6.818283e-01	0.166	no	NA
g8930	0.2911	6.818283e-01	0.166	no	Adenylate cyclase type 10
g1997	-0.3489	6.818283e-01	0.166	no	Transmembrane protein 14C
g9504	-0.2972	6.818283e-01	0.166	no	Cyclin-dependent kinase 5 homolog
g9792	-0.5626	6.818283e-01	0.166	no	NA
g3321	0.4725	6.818283e-01	0.166	no	F-box only protein 9
g11715	0.6149	6.818283e-01	0.166	no	Probable E3 ubiquitin-protein ligase XBOS32
g16038	-0.7325	6.818283e-01	0.166	no	NA
g3543	-0.4661	6.818283e-01	0.166	no	Uncharacterized lyase C29B12.13
g2662	0.5697	6.818283e-01	0.166	no	Beta-lactamase domain-containing protein 2
g4760	0.2752	6.818813e-01	0.166	no	E3 ISG15--protein ligase Herc6
g15195	-0.3034	6.818813e-01	0.166	no	NA
g8762	0.4241	6.818813e-01	0.166	no	Molybdenum cofactor biosynthesis protein 1
g64	-0.2422	6.822269e-01	0.166	no	Ras-related GTP-binding protein A
g8858	0.6018	6.822269e-01	0.166	no	Uncharacterized isomerase BH0283
g3261	-0.3109	6.822269e-01	0.166	no	Germ cell nuclear acidic protein
g7153	0.2893	6.822269e-01	0.166	no	Exportin-T
g13752	0.4570	6.822849e-01	0.166	no	Pre-mRNA-processing factor 17
g9404	0.3405	6.823142e-01	0.166	no	Protein PHTF2
g14938	-0.5010	6.826253e-01	0.166	no	NA
g14675	-0.2441	6.828122e-01	0.166	no	NA
g9186	0.3316	6.830189e-01	0.166	no	NA
g10001	0.6097	6.830700e-01	0.166	no	Tyrosine--tRNA ligase
g6561	-0.6642	6.830983e-01	0.166	no	UPF0210 protein Dde_3704
g39	1.0714	6.830983e-01	0.166	no	Tetrathionate sensor histidine kinase TtrS
g4900	-0.3817	6.830983e-01	0.166	no	Probable protein phosphatase 2C 35
g895	-0.3007	6.830983e-01	0.166	no	NA
g9241	-0.3423	6.830983e-01	0.166	no	NA
g13005	0.4035	6.830983e-01	0.166	no	NA
g14063	0.3042	6.830983e-01	0.166	no	Derlin-2
g2491	0.7030	6.830983e-01	0.166	no	NA
g14315	-0.2327	6.830983e-01	0.166	no	Delta(24)-sterol reductase
g15748	0.2559	6.834634e-01	0.165	no	NA
g9511	-0.3604	6.835252e-01	0.165	no	Rho GTPase-activating protein 2
g9418	0.4083	6.835252e-01	0.165	no	NA
g927	-0.4096	6.835252e-01	0.165	no	Eukaryotic initiation factor 4A-III
g421	0.4341	6.835252e-01	0.165	no	NA
g10724	0.2769	6.835651e-01	0.165	no	DNA topoisomerase 2
g3617	0.2322	6.835651e-01	0.165	no	Chromatin remodeling protein swr1
g2321	0.3874	6.835651e-01	0.165	no	NA
g15665	0.3955	6.835651e-01	0.165	no	Riboflavin transporter RfnT
g6163	-0.2709	6.846134e-01	0.165	no	Nicastrin
g9173	-0.6908	6.847899e-01	0.164	no	NA
g8520	-0.2647	6.853743e-01	0.164	no	High mobility group protein B3
g6875	-0.3621	6.859475e-01	0.164	no	PITH domain-containing protein 1
g5432	0.5469	6.859475e-01	0.164	no	NA
g12813	-0.2785	6.862089e-01	0.164	no	Cleavage and polyadenylation specificity factor 73
g11966	-0.2989	6.862089e-01	0.164	no	Protein MEMO1
g2791	0.4662	6.877569e-01	0.163	no	NA
g9971	0.3399	6.879229e-01	0.162	no	Heat shock protein STI1
g6368	0.3119	6.882793e-01	0.162	no	NA
g10352	-0.3132	6.882793e-01	0.162	no	Calcium uniporter protein, mitochondrial
g14437	-0.2414	6.882793e-01	0.162	no	NA
g3246	0.2760	6.882793e-01	0.162	no	NA
g1802	-0.2546	6.884160e-01	0.162	no	Signal peptidase complex catalytic subunit SEC11A
g3754	0.3222	6.887522e-01	0.162	no	FUN14 domain-containing protein 1
g2938	0.2252	6.887522e-01	0.162	no	SPX domain-containing protein 1
g14058	0.3953	6.887522e-01	0.162	no	Solute carrier family 67 member A1
g12853	-0.4156	6.887522e-01	0.162	no	WD repeat-containing protein 5 homolog
g8621	0.3497	6.888416e-01	0.162	no	Multidrug resistance-associated protein 1
g5100	-0.2722	6.888416e-01	0.162	no	NA
g11763	-0.4344	6.888416e-01	0.162	no	Mitochondrial amidoxime reducing component 2
g2219	0.2220	6.888416e-01	0.162	no	NA
g12206	-0.2721	6.888416e-01	0.162	no	NA
g2064	0.2700	6.888416e-01	0.162	no	Leukocyte receptor cluster member 8
g3326	0.5265	6.888416e-01	0.162	no	RNA demethylase ALKBH7, mitochondrial
g1133	0.2305	6.892394e-01	0.162	no	NA
g4523	0.3158	6.896250e-01	0.161	no	NA
g1400	0.3529	6.896486e-01	0.161	no	NA
g6544	-0.3105	6.896486e-01	0.161	no	Pyruvate kinase
g5995	0.2744	6.900157e-01	0.161	no	Large ribosomal subunit protein uL23
g603	0.2087	6.900157e-01	0.161	no	NA
g254	-0.2376	6.900157e-01	0.161	no	NA
g1698	0.4160	6.900157e-01	0.161	no	NA
g15285	-0.8862	6.900157e-01	0.161	no	NA
g15517	0.4322	6.900157e-01	0.161	no	NA
g2414	-0.3950	6.900157e-01	0.161	no	NA
g10564	-0.2728	6.900157e-01	0.161	no	NA
g3475	0.4414	6.900157e-01	0.161	no	UDP-N-acetylglucosamine transferase subunit ALG14
g15334	-0.2107	6.900157e-01	0.161	no	Proteasome subunit beta type-7-B
g3421	0.2351	6.900157e-01	0.161	no	Formin-like protein 14
g13568	-0.2527	6.902848e-01	0.161	no	Recoverin
g4386	0.2219	6.902848e-01	0.161	no	NA
g3099	-0.4435	6.904628e-01	0.161	no	NA
g13863	-0.4579	6.914093e-01	0.160	no	NA
g7850	-1.1968	6.919209e-01	0.160	no	Dynein regulatory complex subunit 11
g1011	0.2676	6.921715e-01	0.160	no	Histone acetyltransferase GCN5
g9320	-0.2809	6.921715e-01	0.160	no	Large ribosomal subunit protein uL15
g15943	0.2456	6.921715e-01	0.160	no	Guanine nucleotide-binding protein alpha-17 subunit
g15160	0.4418	6.921715e-01	0.160	no	60S ribosomal export protein NMD3
g12510	-0.4134	6.921715e-01	0.160	no	mRNA-capping enzyme
g3363	0.3955	6.921715e-01	0.160	no	NA
g7380	0.2390	6.921715e-01	0.160	no	Probable protein phosphatase 1N
g9507	-0.3893	6.921715e-01	0.160	no	NA
g13203	-0.4628	6.921715e-01	0.160	no	NA
g1000	-0.3375	6.923327e-01	0.160	no	Ribonuclease inhibitor
g875	-0.6780	6.923957e-01	0.160	no	DNA replication factor CDC6B
g11790	0.3740	6.923957e-01	0.160	no	AarF domain-containing protein kinase 1
g585	0.4296	6.923957e-01	0.160	no	RCC1 and BTB domain-containing protein 2
g10012	-0.2834	6.923957e-01	0.160	no	NA
g2382	0.3006	6.933327e-01	0.159	no	T-complex protein 1 subunit epsilon
g10369	0.3255	6.935918e-01	0.159	no	Serine/threonine-protein kinase ppk18
g6936	0.3187	6.935918e-01	0.159	no	NA
g9371	0.2854	6.938004e-01	0.159	no	Large ribosomal subunit protein uL5z
g8036	-0.4281	6.938004e-01	0.159	no	PA-phosphatase related-family protein DDB_G0284367
g11486	-0.2167	6.938004e-01	0.159	no	NADH dehydrogenase [ubiquinone] iron-sulfur protein 4, mitochondrial
g13767	-0.2263	6.938004e-01	0.159	no	Ubiquitin carboxyl-terminal hydrolase 5
g7321	0.3355	6.938004e-01	0.159	no	Multifunctional tryptophan biosynthesis protein
g2723	0.2025	6.938771e-01	0.159	no	NA
g2640	-0.2250	6.938771e-01	0.159	no	Transmembrane protein 161B
g3183	-0.3086	6.938771e-01	0.159	no	Thioesterase poxG
g13280	0.2367	6.938771e-01	0.159	no	ADP,ATP carrier protein 1
g11041	-0.2465	6.943084e-01	0.158	no	Dihydroorotase
g5212	0.2776	6.944541e-01	0.158	no	Large ribosomal subunit protein uL30x
g9127	-0.2863	6.944541e-01	0.158	no	Ribosome quality control complex subunit TCF25
g3518	-0.3912	6.946046e-01	0.158	no	Nardilysin-like
g13711	-0.7971	6.946046e-01	0.158	no	Tubulin--tyrosine ligase
g460	0.5195	6.946046e-01	0.158	no	NA
g851	-0.7529	6.946046e-01	0.158	no	NA
g12151	0.2812	6.946046e-01	0.158	no	NA
g12770	0.5437	6.946046e-01	0.158	no	NA
g1803	-0.4364	6.946046e-01	0.158	no	NA
g7695	0.6670	6.946046e-01	0.158	no	Ultraviolet-B receptor UVR8
g6595	-0.3847	6.946046e-01	0.158	no	RING-type E3 ubiquitin-protein ligase PPIL2
g13510	0.2884	6.946046e-01	0.158	no	Terminal nucleotidyltransferase 4A
g6039	0.4738	6.949323e-01	0.158	no	NA
g15441	-0.4712	6.951265e-01	0.158	no	NA
g15270	0.2699	6.951488e-01	0.158	no	Protein YIPF1 homolog
g6798	-0.2864	6.951804e-01	0.158	no	NA
g3915	0.3463	6.958711e-01	0.157	no	Putative sodium-coupled neutral amino acid transporter 12
g1157	-0.5247	6.960780e-01	0.157	no	NA
g12908	0.5786	6.960780e-01	0.157	no	Ribonuclease H2 subunit B
g13614	-0.4143	6.960780e-01	0.157	no	NA
g4943	0.2685	6.960780e-01	0.157	no	Probable serine/threonine protein kinase IREH1
g871	-0.3947	6.960780e-01	0.157	no	NA
g14502	0.3706	6.960780e-01	0.157	no	NA
g15430	0.4870	6.960780e-01	0.157	no	NA
g11403	0.4290	6.960780e-01	0.157	no	NA
g15242	-0.2894	6.960780e-01	0.157	no	Replication protein A 70 kDa DNA-binding subunit
g7970	-0.6237	6.960780e-01	0.157	no	Uncharacterized protein aq_1088
g1717	-0.3076	6.960780e-01	0.157	no	B-cell lymphoma 3 protein homolog
g9256	0.3935	6.960780e-01	0.157	no	Phospho-2-dehydro-3-deoxyheptonate aldolase
g623	-0.2224	6.960780e-01	0.157	no	NA
g7510	-0.2990	6.960840e-01	0.157	no	Carbonic anhydrase
g3355	0.3301	6.963010e-01	0.157	no	Protein TabA
g11395	-0.2978	6.963010e-01	0.157	no	DDB1- and CUL4-associated factor 7
g7707	0.3597	6.963010e-01	0.157	no	NA
g12621	0.4787	6.966475e-01	0.157	no	Ataxin-10 homolog
g2611	-0.3491	6.966475e-01	0.157	no	RNA-binding motif protein, X-linked 2
g15059	-0.3615	6.966475e-01	0.157	no	D-amino-acid oxidase
g5699	1.5997	6.966475e-01	0.157	no	NA
g14289	0.3026	6.966475e-01	0.157	no	Tubby-like F-box protein 3
g6351	0.3692	6.966475e-01	0.157	no	MFS-type efflux pump MSMEG_3705
g1301	-0.4469	6.971043e-01	0.157	no	NA
g2470	0.3363	6.972083e-01	0.157	no	Heme-binding-like protein At3g10130, chloroplastic
g10942	-0.2623	6.972083e-01	0.157	no	Mitogen-activated protein kinase 1
g9029	-0.4530	6.972083e-01	0.157	no	Ubiquitin-conjugating enzyme E2 E3
g5173	0.6868	6.977470e-01	0.156	no	BBSome complex member BBS7
g7657	-0.6351	6.978734e-01	0.156	no	NA
g6609	0.3310	6.979374e-01	0.156	no	NA
g2525	-0.2773	6.979374e-01	0.156	no	Chorismate mutase
g3482	-0.3816	6.979374e-01	0.156	no	Probable proline--tRNA ligase, mitochondrial
g10	0.6908	6.979374e-01	0.156	no	NA
g9791	0.2288	6.979545e-01	0.156	no	Probable protein kinase DDB_G0291842
g1983	0.2740	6.979545e-01	0.156	no	Glyoxylate/hydroxypyruvate reductase B
g6967	-0.2946	6.979545e-01	0.156	no	Peroxisome biogenesis protein 19-1
g11761	0.2714	6.984092e-01	0.156	no	E3 ubiquitin protein ligase RIN2
g5810	0.2257	6.986429e-01	0.156	no	Acetyl-CoA carboxylase 1
g8977	-0.4310	6.989121e-01	0.156	no	NA
g2211	-0.2557	6.995728e-01	0.155	no	NA
g9172	0.2957	6.997363e-01	0.155	no	Endonuclease NBR9
g9885	-0.4229	6.997363e-01	0.155	no	NA
g8518	0.2697	6.997363e-01	0.155	no	Protein XRP2
g4378	-0.5474	6.997862e-01	0.155	no	NA
g453	-0.4932	7.000632e-01	0.155	no	NA
g3164	0.3295	7.002422e-01	0.155	no	Dioxygenase andF
g9025	-0.4383	7.002422e-01	0.155	no	NA
g11816	-0.2517	7.002422e-01	0.155	no	Small ribosomal subunit protein uS11y
g8555	0.2484	7.002422e-01	0.155	no	CBL-interacting serine/threonine-protein kinase 9
g7109	0.2323	7.005470e-01	0.155	no	High molecular weight form of myosin-1
g5584	0.5325	7.005470e-01	0.155	no	NA
g5740	-0.6664	7.005470e-01	0.155	no	Alpha-ketoglutarate-dependent dioxygenase alkB homolog 3
g6501	0.5561	7.005470e-01	0.155	no	NA
g9419	0.2164	7.005470e-01	0.155	no	Carboxypeptidase A4
g5919	-0.3025	7.006376e-01	0.155	no	NA
g7439	0.3485	7.006376e-01	0.155	no	NA
g2776	0.4068	7.006376e-01	0.155	no	NA
g7205	-0.7006	7.006376e-01	0.155	no	Beta,beta-carotene 15,15'-dioxygenase
g2771	-0.2689	7.006376e-01	0.155	no	Glutathionyl-hydroquinone reductase YqjG
g13558	0.7191	7.008161e-01	0.154	no	NA
g12877	-0.2652	7.008161e-01	0.154	no	Aldehyde dehydrogenase 22A1
g12737	0.3850	7.008161e-01	0.154	no	Protein HOTHEAD
g11603	0.2674	7.008161e-01	0.154	no	Protein disulfide-isomerase TMX3
g3095	-0.3068	7.008161e-01	0.154	no	NEDD8-conjugating enzyme ubc12
g1491	0.5638	7.008161e-01	0.154	no	ATP-binding cassette sub-family C member 2
g12763	0.3814	7.008977e-01	0.154	no	Fatty acid hydroxylase vlmA
g14581	-0.3052	7.009865e-01	0.154	no	SH3 domain-containing protein PJ696.02
g1470	-0.2299	7.010173e-01	0.154	no	Cycloartenol synthase
g15700	0.2906	7.010834e-01	0.154	no	NA
g13108	0.3579	7.013586e-01	0.154	no	Protein yippee-like At4g27745
g12848	-0.6081	7.013586e-01	0.154	no	NA
g14213	0.2778	7.016108e-01	0.154	no	NA
g7087	-0.4933	7.016108e-01	0.154	no	Deoxyuridine 5'-triphosphate nucleotidohydrolase
g9440	-0.6094	7.016953e-01	0.154	no	DNA-directed RNA polymerase I subunit RPA12
g539	-1.0264	7.019578e-01	0.154	no	Outer dynein arm protein 1
g7094	-0.9408	7.019578e-01	0.154	no	Adenylate cyclase type 10
g161	-0.2403	7.025026e-01	0.153	no	Proteasome subunit beta type-3
g2770	0.2967	7.025026e-01	0.153	no	NA
g7693	0.2383	7.025026e-01	0.153	no	NA
g8935	0.2849	7.025026e-01	0.153	no	Probable magnesium transporter NIPA8
g4559	0.2233	7.025026e-01	0.153	no	Ribosomal oxygenase 2
g1039	-0.3279	7.025026e-01	0.153	no	(3R)-3-hydroxyacyl-CoA dehydrogenase
g6285	1.3504	7.025312e-01	0.153	no	Tubulin alpha-1A chain
g458	-0.5476	7.025312e-01	0.153	no	Protein O-glucosyltransferase 3
g13827	0.2319	7.025312e-01	0.153	no	Putative mediator of RNA polymerase II transcription subunit 14
g9123	0.3033	7.025541e-01	0.153	no	Ultraviolet-B receptor UVR8
g13184	-0.2897	7.025541e-01	0.153	no	NA
g6867	-0.2953	7.030885e-01	0.153	no	General transcription factor IIE subunit 1
g13569	-0.2792	7.030885e-01	0.153	no	ATPase family AAA domain-containing protein 3-A
g10126	-0.2409	7.030885e-01	0.153	no	NA
g2053	0.5676	7.030885e-01	0.153	no	NA
g7644	0.5804	7.033049e-01	0.153	no	NA
g4171	0.5184	7.033049e-01	0.153	no	NA
g6068	-0.9732	7.033049e-01	0.153	no	NA
g2255	0.3136	7.033049e-01	0.153	no	Bacteriophytochrome
g3142	-0.3243	7.033049e-01	0.153	no	Importin subunit alpha-9
g8186	-0.7803	7.033049e-01	0.153	no	Dynein axonemal heavy chain 6
g5036	0.2843	7.033049e-01	0.153	no	Bifunctional arginine demethylase and lysyl-hydroxylase JMJD6
g7517	0.5236	7.033049e-01	0.153	no	NA
g8643	-0.8443	7.033049e-01	0.153	no	Adenylate cyclase 1
g4831	-0.4773	7.033049e-01	0.153	no	Cyclin-dependent kinase D-3
g784	0.2405	7.033049e-01	0.153	no	DNA-directed RNA polymerase 3, chloroplastic
g11888	0.6910	7.033049e-01	0.153	no	NA
g5156	0.3359	7.033049e-01	0.153	no	Probable Xaa-Pro aminopeptidase P
g15636	0.3702	7.033049e-01	0.153	no	Cilia- and flagella-associated protein 298-B
g1089	0.5722	7.039798e-01	0.152	no	NA
g4476	-0.3160	7.039798e-01	0.152	no	Ubiquinone/menaquinone biosynthesis C-methyltransferase UbiE
g669	0.2046	7.039798e-01	0.152	no	Tubby protein homolog 1
g15489	0.5417	7.039798e-01	0.152	no	NA
g12616	0.3029	7.044970e-01	0.152	no	NA
g13545	-0.2332	7.045846e-01	0.152	no	NA
g10728	0.2315	7.045979e-01	0.152	no	Serine/threonine-protein kinase SAPK7
g15319	-0.5679	7.048867e-01	0.152	no	DNA-directed RNA polymerase III subunit RPC10
g1277	0.2862	7.052323e-01	0.152	no	NA
g10229	0.2751	7.052417e-01	0.152	no	Mitogen-activated protein kinase kinase 3
g4157	0.4816	7.056890e-01	0.151	no	NA
g14302	0.2480	7.060145e-01	0.151	no	Splicing factor 3B subunit 1
g13147	0.2175	7.060145e-01	0.151	no	NA
g3216	-0.3402	7.060145e-01	0.151	no	NA
g3735	0.2809	7.060145e-01	0.151	no	Glycerol-3-phosphate O-acyltransferase 2
g10299	-0.3457	7.060145e-01	0.151	no	NA
g3795	-0.4390	7.060145e-01	0.151	no	NA
g4570	0.2699	7.060145e-01	0.151	no	NA
g232	0.2988	7.060145e-01	0.151	no	ATP-dependent RNA helicase DED1
g13263	-0.3390	7.060145e-01	0.151	no	DCN1-like protein 1
g11173	0.6559	7.060145e-01	0.151	no	NA
g7064	0.2490	7.060145e-01	0.151	no	Cystathionine gamma-lyase
g1373	0.3699	7.060145e-01	0.151	no	Notchless protein homolog 1
g15252	-0.4859	7.060145e-01	0.151	no	NA
g4413	-0.4486	7.060145e-01	0.151	no	Subtilisin-like protease 2
g4673	-0.7944	7.060413e-01	0.151	no	Cytochrome b5 isoform E
g9636	0.3488	7.067361e-01	0.151	no	Putative oxidoreductase SadH
g15919	0.3574	7.067414e-01	0.151	no	NA
g14250	0.2241	7.067414e-01	0.151	no	Large ribosomal subunit protein eL27
g4614	0.5349	7.067414e-01	0.151	no	DNA polymerase eta
g9745	0.6435	7.067414e-01	0.151	no	ADP-ribosylation factor GTPase-activating protein 1
g3188	0.2408	7.067414e-01	0.151	no	NA
g7171	-0.3518	7.067414e-01	0.151	no	NA
g7879	-0.7051	7.076606e-01	0.150	no	NA
g9160	0.5632	7.077562e-01	0.150	no	tRNA-dihydrouridine(16/17) synthase [NAD(P)(+)]-like
g9535	-0.4172	7.085166e-01	0.150	no	Ubiquitin carboxyl-terminal hydrolase 2
g10873	0.3809	7.088181e-01	0.149	no	SEC14 cytosolic factor
g4440	0.2765	7.090928e-01	0.149	no	Ribosomal protein S6 kinase beta
g13841	0.3349	7.090928e-01	0.149	no	Iduronate 2-sulfatase
g12546	-0.2912	7.091689e-01	0.149	no	NA
g5231	0.5461	7.094772e-01	0.149	no	NA
g13103	-0.2130	7.097754e-01	0.149	no	NA
g11295	-0.2973	7.105020e-01	0.148	no	DNA-directed RNA polymerases I, II, and III subunit RPABC1
g3381	-0.2090	7.105020e-01	0.148	no	Large ribosomal subunit protein uL4z
g381	0.3059	7.105020e-01	0.148	no	NA
g10095	-0.5189	7.105020e-01	0.148	no	2-dehydropantoate 2-reductase
g15429	0.3403	7.105020e-01	0.148	no	Large ribosomal subunit protein eL22
g6435	0.5920	7.105020e-01	0.148	no	Probable serine/threonine-protein kinase nek2
g9251	0.2009	7.105020e-01	0.148	no	NA
g13943	-0.2355	7.105020e-01	0.148	no	NA
g5727	1.2032	7.105020e-01	0.148	no	NA
g10521	0.2717	7.105020e-01	0.148	no	Ultraviolet-B receptor UVR8
g15376	0.4380	7.105020e-01	0.148	no	Broad substrate specificity ATP-binding cassette transporter ABCG2
g6331	0.4110	7.105020e-01	0.148	no	NA
g2384	0.2908	7.105020e-01	0.148	no	Probable protein phosphatase 2C 15
g7377	-0.2731	7.105020e-01	0.148	no	Sulfotransferase ssu-1
g7225	-0.5796	7.105020e-01	0.148	no	NA
g14963	-0.2409	7.105020e-01	0.148	no	NA
g6069	-0.2022	7.105020e-01	0.148	no	NADH dehydrogenase [ubiquinone] 1 alpha subcomplex subunit 12
g4818	-0.2887	7.105020e-01	0.148	no	NA
g15912	0.2497	7.105020e-01	0.148	no	Arf-GAP with coiled-coil, ANK repeat and PH domain-containing protein 1
g1028	0.4761	7.105207e-01	0.148	no	NA
g14480	0.2725	7.105596e-01	0.148	no	Derlin-2.2
g15947	-0.2962	7.106090e-01	0.148	no	Hybrid signal transduction histidine kinase K
g14172	-0.3954	7.107046e-01	0.148	no	NA
g6897	0.6593	7.107687e-01	0.148	no	NA
g6964	0.5798	7.109207e-01	0.148	no	NA
g10210	0.4467	7.109207e-01	0.148	no	Formamidopyrimidine-DNA glycosylase
g14936	-0.8841	7.115131e-01	0.148	no	NA
g12531	-0.5608	7.115131e-01	0.148	no	4,4'-dithiodibutanoate disulfide reductase
g16050	-0.2892	7.116418e-01	0.148	no	NA
g7568	0.2100	7.118275e-01	0.148	no	NA
g10405	-0.7388	7.120136e-01	0.148	no	NA
g15560	0.4682	7.125006e-01	0.147	no	NA
g2330	0.2284	7.125740e-01	0.147	no	Molybdopterin synthase catalytic subunit 1
g812	-0.3052	7.127032e-01	0.147	no	ADP-ribosylation factor 1
g13879	-0.2462	7.127032e-01	0.147	no	Orotate phosphoribosyltransferase
g9831	-0.2972	7.128347e-01	0.147	no	Mitochondrial import inner membrane translocase subunit TIM44-2
g2299	0.2512	7.133606e-01	0.147	no	Probable elongation factor 1-gamma 1
g7155	-0.1998	7.134708e-01	0.147	no	NA
g15169	-0.4106	7.134708e-01	0.147	no	NA
g3941	0.2387	7.134708e-01	0.147	no	Shaggy-related protein kinase epsilon
g5297	0.3316	7.134708e-01	0.147	no	Cytochrome b5
g1009	-0.2054	7.134708e-01	0.147	no	Serine hydroxymethyltransferase 5
g10628	-0.2988	7.134708e-01	0.147	no	Chaperone protein DnaJ
g2012	0.2381	7.134708e-01	0.147	no	Histone-binding protein RBBP7
g12766	-0.3602	7.134708e-01	0.147	no	Myotubularin
g14885	0.3650	7.134708e-01	0.147	no	NA
g14400	-0.4514	7.136263e-01	0.147	no	NA
g8595	0.2579	7.137402e-01	0.146	no	Mitochondrial import inner membrane translocase subunit Tim17-A
g1499	0.3409	7.137402e-01	0.146	no	O-phosphoseryl-tRNA(Sec) selenium transferase
g9943	-0.3455	7.138100e-01	0.146	no	Rho-related protein racB
g5181	-0.2240	7.142293e-01	0.146	no	UDP-galactopyranose mutase
g13149	-0.4989	7.144249e-01	0.146	no	mRNA (2'-O-methyladenosine-N(6)-)-methyltransferase
g4132	-0.3164	7.150177e-01	0.146	no	NA
g13143	0.2914	7.150177e-01	0.146	no	Conserved oligomeric Golgi complex subunit 7
g3972	0.3206	7.150177e-01	0.146	no	NA
g2119	0.2880	7.150177e-01	0.146	no	NA
g5420	0.2935	7.165233e-01	0.145	no	Centrosomal protein of 120 kDa
g1608	0.5565	7.167603e-01	0.145	no	Thiosulfate sulfurtransferase/rhodanese-like domain-containing protein 2
g11338	0.4698	7.167734e-01	0.145	no	Cell division control protein 45 homolog
g9022	-0.2401	7.167734e-01	0.145	no	Dihydroxy-acid dehydratase
g14844	0.2445	7.167734e-01	0.145	no	Stomatin-like protein 2, mitochondrial
g5309	-0.3393	7.167734e-01	0.145	no	Prolyl 3-hydroxylase OGFOD1
g4253	-0.4760	7.167734e-01	0.145	no	NA
g498	0.2335	7.167734e-01	0.145	no	Nuclear pore membrane glycoprotein 210
g2893	-0.3127	7.167734e-01	0.145	no	ADP/ATP translocase 4
g2313	0.4139	7.167734e-01	0.145	no	Protein pim1
g5248	0.3655	7.167816e-01	0.145	no	RCC1 and BTB domain-containing protein 2
g4661	-0.4657	7.169375e-01	0.145	no	sn-1 linoleoyl-lipid 6-desaturase
g9898	0.4179	7.170518e-01	0.144	no	NA
g7160	-0.2970	7.173281e-01	0.144	no	NA
g12245	0.2528	7.173281e-01	0.144	no	Uncharacterized Golgi apparatus membrane protein-like protein 2
g10785	0.3141	7.173281e-01	0.144	no	NA
g11254	0.2460	7.173281e-01	0.144	no	NA
g2112	-0.4788	7.173281e-01	0.144	no	AP-2 complex subunit sigma
g11480	1.0351	7.173281e-01	0.144	no	NA
g7121	0.2826	7.173281e-01	0.144	no	Small ribosomal subunit protein eS30
g13166	0.2190	7.173281e-01	0.144	no	Coatomer subunit beta-1
g2873	0.1810	7.173281e-01	0.144	no	NA
g9624	-0.2629	7.173281e-01	0.144	no	Proteasome maturation protein homolog
g192	-0.2278	7.173281e-01	0.144	no	Acyl-CoA ligase SID4
g12588	-0.2852	7.173281e-01	0.144	no	Cyclin-U2-1
g11097	-0.2180	7.173281e-01	0.144	no	Sodium- and chloride-dependent creatine transporter 1
g3396	-0.2447	7.173281e-01	0.144	no	NA
g7616	-0.3320	7.173281e-01	0.144	no	Probable ubiquitin-like-specific protease 2A
g4843	0.1906	7.173453e-01	0.144	no	High molecular weight form of myosin-1
g10891	0.5006	7.175327e-01	0.144	no	N-acetylglucosamine-6-phosphate deacetylase
g11820	-0.3584	7.175327e-01	0.144	no	G1/S-specific cyclin-D2
g548	-0.3555	7.178000e-01	0.144	no	Phosphoglycerate mutase-like protein AT74H
g8576	-0.1952	7.178000e-01	0.144	no	Large ribosomal subunit protein eL19
g12244	-0.3329	7.178000e-01	0.144	no	NA
g50	-0.6277	7.178035e-01	0.144	no	Probable adenylate kinase 2, chloroplastic
g7331	-0.4383	7.178491e-01	0.144	no	NA
g11900	-0.2628	7.181575e-01	0.144	no	Ubiquitin-conjugating enzyme E2 36
g9155	-0.2073	7.185222e-01	0.144	no	Propionyl-CoA carboxylase alpha chain
g12570	0.7427	7.185222e-01	0.144	no	Probable cytidine deaminase
g14667	0.2931	7.187526e-01	0.143	no	Regulator of microtubule dynamics protein 1
g10120	-0.5556	7.190278e-01	0.143	no	NA
g7144	0.2179	7.192774e-01	0.143	no	T-complex protein 1 subunit theta
g2490	0.2675	7.195677e-01	0.143	no	Ubiquitin-ribosomal protein eL40 fusion protein
g9515	0.4288	7.196581e-01	0.143	no	NA
g6190	0.2763	7.196581e-01	0.143	no	NA
g8927	-0.2238	7.196581e-01	0.143	no	Ribosomal protein S6 kinase beta-2
g10285	-0.3082	7.197104e-01	0.143	no	NA
g14934	0.3319	7.197755e-01	0.143	no	Protein Cryzl2
g3818	0.4629	7.197755e-01	0.143	no	NA
g9926	0.8335	7.197755e-01	0.143	no	NA
g14747	0.2677	7.197755e-01	0.143	no	Uncharacterized GTP-binding protein C428.15
g7093	0.2744	7.199673e-01	0.143	no	Protein ABC transporter 1, mitochondrial
g538	-0.7045	7.199673e-01	0.143	no	Dynein regulatory complex subunit 4
g12218	0.3434	7.205460e-01	0.142	no	Probable methionine--tRNA ligase, mitochondrial
g4870	0.2590	7.213488e-01	0.142	no	Xylanolytic transcriptional activator xlnR
g5641	-0.2071	7.217209e-01	0.142	no	Asparagine synthetase [glutamine-hydrolyzing] 2
g13233	0.2271	7.217209e-01	0.142	no	DnaJ homolog subfamily C member 7
g11202	-0.3800	7.217209e-01	0.142	no	Ribosomal RNA small subunit methyltransferase NEP1
g11153	0.2895	7.217209e-01	0.142	no	Protein OS-9 homolog
g14369	-0.3635	7.218981e-01	0.142	no	Uncharacterized RNA methyltransferase pc1998
g1293	-0.3157	7.218981e-01	0.142	no	NA
g9412	-0.2385	7.218981e-01	0.142	no	Carnitine O-palmitoyltransferase 2, mitochondrial
g14642	0.6918	7.218981e-01	0.142	no	Katanin p80 WD40 repeat-containing subunit B1 homolog KTN80.3
g995	0.2146	7.220486e-01	0.141	no	DNA-directed RNA polymerase II subunit RPB1
g11390	0.4059	7.221889e-01	0.141	no	Queuine tRNA-ribosyltransferase
g3125	0.7218	7.221889e-01	0.141	no	NA
g9612	-0.2467	7.230887e-01	0.141	no	Myosin-2B
g7536	-0.5139	7.237133e-01	0.140	no	NA
g6347	0.2787	7.238871e-01	0.140	no	NA
g6538	0.2647	7.241333e-01	0.140	no	tRNA-cytidine(32) 2-sulfurtransferase
g773	-0.2525	7.244283e-01	0.140	no	NADH dehydrogenase [ubiquinone] flavoprotein 2, mitochondrial
g1859	0.4273	7.244283e-01	0.140	no	NA
g3239	-0.2188	7.250572e-01	0.140	no	NA
g1116	-0.3061	7.255041e-01	0.139	no	LIM domain-containing protein 2
g1477	-0.1881	7.256739e-01	0.139	no	NA
g10570	-0.3010	7.256739e-01	0.139	no	AP-2 complex subunit mu
g11920	-0.6076	7.256739e-01	0.139	no	NA
g888	0.2198	7.257133e-01	0.139	no	NA
g4898	0.2105	7.257133e-01	0.139	no	Oxidoreductase NAD-binding domain-containing protein 1
g5263	0.5755	7.257133e-01	0.139	no	Transcriptional activator Myb
g14132	-0.4865	7.257910e-01	0.139	no	NA
g4502	-0.2911	7.261769e-01	0.139	no	NA
g4028	0.5164	7.261769e-01	0.139	no	D-aminoacyl-tRNA deacylase 2
g5817	0.2556	7.261769e-01	0.139	no	NA
g2197	0.3713	7.261769e-01	0.139	no	Exocyst complex component 7
g13918	0.9370	7.261769e-01	0.139	no	Myosin-52
g11961	0.1939	7.261769e-01	0.139	no	Alpha,alpha-trehalose-phosphate synthase [UDP-forming] 5
g3343	-0.3935	7.261769e-01	0.139	no	NA
g14223	0.3376	7.261769e-01	0.139	no	Ribonucleoside-diphosphate reductase small chain
g2987	-0.3054	7.261769e-01	0.139	no	tRNA pseudouridine synthase 1
g14725	0.3981	7.261769e-01	0.139	no	JmjC domain-containing protein 4
g5446	0.4922	7.261769e-01	0.139	no	Aurachin C monooxygenase/isomerase
g14626	0.3147	7.261769e-01	0.139	no	NA
g8711	0.2983	7.262728e-01	0.139	no	NA
g9286	0.2839	7.262728e-01	0.139	no	NA
g4267	0.2610	7.262728e-01	0.139	no	E3 ubiquitin-protein ligase At1g63170
g1695	0.2188	7.263272e-01	0.139	no	NA
g10003	0.7089	7.263568e-01	0.139	no	NA
g12675	0.3087	7.263568e-01	0.139	no	NA
g11453	0.2764	7.263788e-01	0.139	no	NA
g9775	-0.5316	7.264585e-01	0.139	no	NA
g13612	-0.5824	7.264585e-01	0.139	no	NA
g1876	-0.7093	7.264585e-01	0.139	no	NA
g13112	0.2103	7.264585e-01	0.139	no	NA
g13079	-0.2208	7.264585e-01	0.139	no	Methionine--tRNA ligase
g12467	-0.3063	7.264585e-01	0.139	no	Eukaryotic translation initiation factor 2D
g13762	0.3116	7.264585e-01	0.139	no	TATA-binding protein-associated factor 172
g5031	0.2502	7.265651e-01	0.139	no	5'-AMP-activated protein kinase subunit gamma-1
g13942	-0.2857	7.268921e-01	0.139	no	NA
g5349	0.2187	7.268921e-01	0.139	no	NA
g68	1.0894	7.270132e-01	0.138	no	Adenylate kinase 9
g8481	0.2341	7.270782e-01	0.138	no	Small ribosomal subunit protein eS6
g2773	-0.3510	7.272056e-01	0.138	no	NA
g12628	0.2420	7.282356e-01	0.138	no	Large ribosomal subunit protein uL18
g15981	-0.2943	7.282597e-01	0.138	no	NAD-dependent malic enzyme
g1710	-0.6062	7.282597e-01	0.138	no	NA
g12966	0.7174	7.282597e-01	0.138	no	NA
g13375	-0.7327	7.282597e-01	0.138	no	NA
g4236	-0.2336	7.283307e-01	0.138	no	Lysine-specific demethylase 6B
g9806	-0.3728	7.283307e-01	0.138	no	Ribonuclease H
g12782	-0.4995	7.283307e-01	0.138	no	OVARIAN TUMOR DOMAIN-containing deubiquitinating enzyme 6
g6450	0.3680	7.283740e-01	0.138	no	Small RNA degrading nuclease 2
g11839	-0.6096	7.286174e-01	0.138	no	L-proline trans-4-hydroxylase
g808	-0.3581	7.287314e-01	0.137	no	COP9 signalosome complex subunit 5
g14366	0.7743	7.287314e-01	0.137	no	Myosin-15
g14107	-0.2294	7.293861e-01	0.137	no	NA
g10143	0.6771	7.293861e-01	0.137	no	NA
g9563	-0.2857	7.294758e-01	0.137	no	Galactokinase
g7207	0.2172	7.295292e-01	0.137	no	NA
g13305	-0.3768	7.296247e-01	0.137	no	Clustered mitochondria protein homolog
g83	0.5848	7.303052e-01	0.136	no	ATP-binding cassette sub-family G member 1
g9174	-0.2665	7.303052e-01	0.136	no	NA
g13080	-0.3200	7.303052e-01	0.136	no	NA
g5479	-0.3597	7.303052e-01	0.136	no	NA
g2363	-0.4380	7.305401e-01	0.136	no	Protein-L-histidine N-pros-methyltransferase CARNMT1
g6524	-0.3800	7.306533e-01	0.136	no	NA
g4029	0.4595	7.306533e-01	0.136	no	NA
g10588	-0.2554	7.306533e-01	0.136	no	NA
g5681	-0.5594	7.312572e-01	0.136	no	Nodulation protein G
g5247	0.3099	7.313430e-01	0.136	no	RNA polymerase II C-terminal domain phosphatase-like 2
g11437	-0.2741	7.313430e-01	0.136	no	cGMP-dependent protein kinase 1
g4385	0.2725	7.313592e-01	0.136	no	ABC transporter B family member 1
g5143	0.3162	7.313781e-01	0.136	no	DNA-(apurinic or apyrimidinic site) endonuclease 2
g14577	0.6664	7.316668e-01	0.136	no	DNA-directed RNA polymerase II subunit rpb1
g15271	0.2881	7.317414e-01	0.136	no	Calpain-type cysteine protease DEK1
g3212	0.3647	7.318809e-01	0.136	no	NA
g1186	-0.3954	7.318809e-01	0.136	no	NA
g11431	0.4454	7.318809e-01	0.136	no	Delta(1)-pyrroline-2-carboxylate reductase
g11178	0.4791	7.319663e-01	0.136	no	Cryptochrome DASH
g13754	0.4819	7.320017e-01	0.135	no	NA
g1492	0.5457	7.320017e-01	0.135	no	ATP-binding cassette sub-family C member 2
g6943	0.3031	7.320017e-01	0.135	no	Nuclear control of ATPase protein 2
g3422	0.2073	7.320017e-01	0.135	no	Sorting nexin-4
g3024	0.2023	7.320017e-01	0.135	no	Aminomethyltransferase, mitochondrial
g3637	0.2584	7.320833e-01	0.135	no	AP-3 complex subunit delta-1
g7497	-0.2182	7.323277e-01	0.135	no	Sterol carrier protein 2
g13033	-0.4076	7.323930e-01	0.135	no	Autophagy-related protein 101
g15227	0.8440	7.328621e-01	0.135	no	NA
g4390	-0.3263	7.328621e-01	0.135	no	Cytochrome c oxidase assembly factor 7 homolog
g1671	-0.2310	7.333262e-01	0.135	no	Methionine aminopeptidase 1
g12738	-0.5097	7.336129e-01	0.135	no	Nudix hydrolase 3
g3332	0.2271	7.336129e-01	0.135	no	GRIP and coiled-coil domain-containing protein 2
g8554	0.2863	7.336129e-01	0.135	no	NA
g13093	0.1982	7.336752e-01	0.134	no	von Willebrand factor A domain-containing protein 8
g9657	1.0244	7.337449e-01	0.134	no	Adenylate kinase 7
g10319	0.2212	7.339422e-01	0.134	no	Ribitol-5-phosphate xylosyltransferase 1
g7248	0.2355	7.340965e-01	0.134	no	Coatomer subunit epsilon
g15082	-0.2991	7.344226e-01	0.134	no	NA
g11876	-0.2253	7.344226e-01	0.134	no	3,4-dihydroxy-2-butanone 4-phosphate synthase
g5006	0.2547	7.344226e-01	0.134	no	Heat shock protein 90-4
g13101	0.2061	7.344226e-01	0.134	no	Large ribosomal subunit protein eL29
g3171	0.2497	7.344226e-01	0.134	no	Very-long-chain 3-oxoacyl-CoA reductase-like protein At1g24470
g12300	0.1894	7.344226e-01	0.134	no	Lysosomal leucine aminopeptidase
g4998	0.2338	7.344226e-01	0.134	no	NA
g11787	-0.4779	7.344226e-01	0.134	no	NA
g15014	0.3294	7.344226e-01	0.134	no	Magnesium transporter NIPA4
g12253	0.5384	7.347339e-01	0.134	no	NA
g9363	-0.3380	7.351091e-01	0.134	no	Probable diphthine methyl ester synthase
g1329	0.3010	7.354039e-01	0.133	no	NA
g5887	-0.3081	7.358665e-01	0.133	no	CCR4-Not complex 3'-5'-exoribonuclease subunit Ccr4
g11565	0.2659	7.358665e-01	0.133	no	Large ribosomal subunit protein eL24
g1207	-0.3251	7.360161e-01	0.133	no	NA
g9829	0.2769	7.360818e-01	0.133	no	Small ribosomal subunit protein uS8
g11311	0.2915	7.360818e-01	0.133	no	Peptidyl-prolyl cis-trans isomerase FKBP35
g13734	0.2189	7.360818e-01	0.133	no	Spliceosome-associated protein 130 A
g15885	-0.5086	7.360818e-01	0.133	no	Aurora kinase A-A
g2715	0.2525	7.364360e-01	0.133	no	NA
g9027	0.3240	7.365810e-01	0.133	no	Putative quercetin 2,3-dioxygenase PA3240
g5241	0.2986	7.373966e-01	0.132	no	Peroxisomal membrane protein 4
g8832	0.2515	7.378024e-01	0.132	no	Large ribosomal subunit protein eL31
g12936	0.4086	7.378024e-01	0.132	no	Myosin-3
g6980	-0.3581	7.378024e-01	0.132	no	RAB6A-GEF complex partner protein 2
g2996	0.2174	7.378040e-01	0.132	no	NA
g1841	0.2329	7.381757e-01	0.132	no	Large ribosomal subunit protein eL34
g15347	-0.2307	7.382022e-01	0.132	no	NA
g1451	-0.2900	7.382022e-01	0.132	no	Uncharacterized CDP-alcohol phosphatidyltransferase class-I family protein 2
g15774	0.2271	7.382022e-01	0.132	no	Carnosine synthase 1
g9656	-0.8016	7.382022e-01	0.132	no	Radial spoke head protein 4 homolog A
g10554	-0.2135	7.382022e-01	0.132	no	Proteasome activator subunit 4
g12082	-0.2809	7.382022e-01	0.132	no	E3 ubiquitin-protein ligase MARCHF6
g1161	0.2268	7.382022e-01	0.132	no	RNA polymerase II subunit A C-terminal domain phosphatase
g3686	-0.2428	7.382022e-01	0.132	no	Formate--tetrahydrofolate ligase
g14033	-0.2810	7.382022e-01	0.132	no	NA
g4653	-0.2356	7.382022e-01	0.132	no	NA
g5338	-0.3251	7.382723e-01	0.132	no	Rab GTPase-activating protein 1-like
g4887	-0.4441	7.382723e-01	0.132	no	Protein BOLA2
g10286	0.3364	7.386785e-01	0.132	no	OVARIAN TUMOR DOMAIN-containing deubiquitinating enzyme 6
g10675	0.3082	7.387262e-01	0.132	no	Vacuolar protein sorting-associated protein 9A
g11427	0.2704	7.387262e-01	0.132	no	ATP-dependent DNA helicase Q-like 4B
g1692	0.2623	7.391156e-01	0.131	no	NA
g6729	-0.2634	7.391156e-01	0.131	no	Aldehyde dehydrogenase family 3 member H1
g7344	0.2677	7.391482e-01	0.131	no	NA
g10085	-0.3672	7.391482e-01	0.131	no	NA
g15770	0.7581	7.391482e-01	0.131	no	NA
g14030	-0.2337	7.391482e-01	0.131	no	Mitochondrial inner membrane protein OXA1
g3809	0.2247	7.391482e-01	0.131	no	Imidazole glycerol phosphate synthase hisHF, chloroplastic
g13927	0.3015	7.394702e-01	0.131	no	Probable E3 ubiquitin-protein ligase DDB_G0283893
g15361	-0.1683	7.397158e-01	0.131	no	NA
g14765	-0.5572	7.401171e-01	0.131	no	NA
g7664	0.3072	7.401171e-01	0.131	no	NA
g11149	0.2985	7.407013e-01	0.130	no	Transmembrane protein 94
g8470	-0.3345	7.407722e-01	0.130	no	Succinyl-CoA:3-ketoacid coenzyme A transferase 1, mitochondrial
g6929	-0.4889	7.427515e-01	0.129	no	Oxidized purine nucleoside triphosphate hydrolase
g10014	-0.2922	7.427515e-01	0.129	no	NA
g3337	-0.4046	7.430145e-01	0.129	no	NA
g10217	0.3756	7.430145e-01	0.129	no	Esterase OVCA2
g7985	-0.2838	7.430145e-01	0.129	no	NA
g2391	0.3911	7.430145e-01	0.129	no	NA
g11941	0.4017	7.430145e-01	0.129	no	NA
g596	-0.6260	7.431351e-01	0.129	no	Troponin C, isoform 2A
g13126	-0.4126	7.432540e-01	0.129	no	NA
g12982	0.2885	7.432540e-01	0.129	no	NA
g12683	-0.2119	7.432540e-01	0.129	no	Putative thiosulfate sulfurtransferase, mitochondrial
g7084	-0.2379	7.432540e-01	0.129	no	NA
g11535	-0.2869	7.432540e-01	0.129	no	Protein P80
g3834	0.4079	7.432540e-01	0.129	no	Multidrug resistance-associated protein 1
g6321	-0.6254	7.432540e-01	0.129	no	NA
g7392	0.3053	7.432540e-01	0.129	no	Endoplasmic reticulum lectin 1
g2598	-0.2123	7.432540e-01	0.129	no	Palmitoyltransferase ZDHHC17
g13113	0.3930	7.432540e-01	0.129	no	Probable sugar phosphate/phosphate translocator At4g32390
g416	-0.3198	7.433395e-01	0.129	no	NA
g567	-0.4436	7.441967e-01	0.128	no	ABC transporter G family member 22
g1467	-0.4013	7.441967e-01	0.128	no	NA
g15420	-0.4452	7.442032e-01	0.128	no	Aspartyl/asparaginyl beta-hydroxylase
g11479	0.2524	7.443445e-01	0.128	no	E3 ubiquitin-protein ligase AIRP1
g15143	0.9296	7.443445e-01	0.128	no	NA
g2308	0.6571	7.443445e-01	0.128	no	Regulator of G protein signaling 10
g8119	-0.3829	7.443445e-01	0.128	no	Probable protein S-acyltransferase 14
g1503	0.3611	7.443445e-01	0.128	no	NA
g8319	0.5397	7.443445e-01	0.128	no	NA
g7558	0.2668	7.444462e-01	0.128	no	Protein ENHANCED DISEASE RESISTANCE 2-like
g6532	-0.4806	7.446998e-01	0.128	no	NA
g10720	0.3138	7.447378e-01	0.128	no	Homoserine O-acetyltransferase
g7555	-0.5566	7.447378e-01	0.128	no	Stress-induced-phosphoprotein 1
g13528	-0.4724	7.447378e-01	0.128	no	NA
g7639	0.4361	7.447378e-01	0.128	no	ABC transporter G family member 31
g3259	0.4631	7.447378e-01	0.128	no	NA
g2469	0.2796	7.447378e-01	0.128	no	Small ribosomal subunit protein eS7
g2432	0.4277	7.451363e-01	0.128	no	NA
g1179	0.4601	7.451363e-01	0.128	no	Calcineurin subunit B type 2
g2158	0.3114	7.454497e-01	0.128	no	NA
g6677	0.2658	7.454497e-01	0.128	no	T-complex protein 1 subunit gamma
g10584	0.5780	7.454497e-01	0.128	no	Protein N-lysine methyltransferase METTL21A
g11948	0.5287	7.454497e-01	0.128	no	PXMP2/4 family protein 2
g4209	-0.3966	7.455560e-01	0.128	no	TBC1 domain family member 10B
g7282	-0.3096	7.458995e-01	0.127	no	Vesicle transport protein SFT2B
g3017	0.2550	7.458995e-01	0.127	no	NA
g3161	-0.5276	7.458995e-01	0.127	no	NA
g520	-0.2546	7.458995e-01	0.127	no	NA
g3073	-0.3500	7.458995e-01	0.127	no	DNA-directed RNA polymerases I, II, and III subunit RPABC2
g2458	0.3572	7.458995e-01	0.127	no	Chaperone protein DnaJ
g15716	-0.4285	7.458995e-01	0.127	no	UDP-4-amino-4-deoxy-L-arabinose--oxoglutarate aminotransferase
g4467	0.5335	7.460939e-01	0.127	no	NA
g6232	0.3921	7.462364e-01	0.127	no	Chitobiosyldiphosphodolichol beta-mannosyltransferase
g2279	0.1852	7.463421e-01	0.127	no	Multidrug and toxin extrusion protein 1
g3449	-0.2341	7.469644e-01	0.127	no	Splicing factor-like protein 1
g10716	0.2984	7.469644e-01	0.127	no	RNA polymerase I-specific transcription initiation factor RRN3
g4079	-0.3677	7.469644e-01	0.127	no	Small ribosomal subunit protein uS17
g14430	0.2159	7.469644e-01	0.127	no	Probable ADP-ribosylation factor GTPase-activating protein AGD8
g14076	-0.2725	7.469644e-01	0.127	no	SWR1-complex protein 4
g1680	-0.3791	7.469644e-01	0.127	no	Transcription elongation factor A protein 1
g10318	0.2260	7.469644e-01	0.127	no	Acyl-homoserine lactone acylase QuiP
g12347	0.2708	7.476681e-01	0.126	no	NA
g10009	0.2618	7.476845e-01	0.126	no	Hyperosmolality-gated Ca2+ permeable channel 1.8
g7893	-0.5030	7.478000e-01	0.126	no	NA
g8835	0.4065	7.479730e-01	0.126	no	NA
g4324	-0.3244	7.479730e-01	0.126	no	Adenylyltransferase and sulfurtransferase MOCS3
g9748	-0.4016	7.479730e-01	0.126	no	NA
g8983	0.4458	7.479730e-01	0.126	no	Tubulin-folding cofactor B
g6160	0.3218	7.486972e-01	0.126	no	Diacylglycerol lipase-alpha
g6204	0.2213	7.488238e-01	0.126	no	NA
g1220	-0.2224	7.488238e-01	0.126	no	Transmembrane protein 87B
g11788	0.2310	7.488238e-01	0.126	no	Syndetin
g1190	0.2737	7.489032e-01	0.126	no	NA
g6535	0.2473	7.489032e-01	0.126	no	Vacuolar iron transporter
g15290	0.3745	7.489482e-01	0.126	no	NA
g12635	-0.3555	7.492707e-01	0.125	no	NA
g9147	0.1820	7.495456e-01	0.125	no	Metal tolerance protein 9
g5146	-0.2998	7.495458e-01	0.125	no	GDP-mannose transporter
g14549	0.2721	7.495458e-01	0.125	no	NA
g15530	0.3962	7.495458e-01	0.125	no	Embryogenesis-associated protein EMB8
g5213	0.2880	7.495458e-01	0.125	no	Protein arginine N-methyltransferase 1.5
g13838	-0.6168	7.497011e-01	0.125	no	NA
g15587	0.2404	7.497815e-01	0.125	no	NA
g13265	0.6503	7.497830e-01	0.125	no	Integral membrane protein sed5
g5818	0.3809	7.497830e-01	0.125	no	NA
g1258	0.2824	7.499501e-01	0.125	no	Putative mediator of RNA polymerase II transcription subunit 6
g14962	-0.3287	7.499501e-01	0.125	no	mRNA decay activator protein ZFP36
g504	-0.2115	7.499501e-01	0.125	no	NA
g3962	-0.5979	7.499501e-01	0.125	no	Set1/Ash2 histone methyltransferase complex subunit ash-2
g7462	0.5279	7.499501e-01	0.125	no	NA
g5765	0.3705	7.499501e-01	0.125	no	NA
g530	0.3164	7.499501e-01	0.125	no	Scavenger receptor class B member 1
g11606	-0.2557	7.499501e-01	0.125	no	Monoglyceride lipase homolog
g15575	0.2220	7.499501e-01	0.125	no	Peroxisomal ATPase PEX6
g13369	0.2691	7.499501e-01	0.125	no	Dipeptidyl aminopeptidase 4
g15823	-0.5272	7.499501e-01	0.125	no	NA
g13284	0.3985	7.499501e-01	0.125	no	NA
g5892	-0.4169	7.500916e-01	0.125	no	NA
g9128	-0.3258	7.501529e-01	0.125	no	Nucleolar protein 12
g10324	-0.1744	7.509934e-01	0.124	no	ATP-dependent dethiobiotin synthetase BioD
g12158	-0.8287	7.510970e-01	0.124	no	Probable protein phosphatase 2C 35
g9670	-0.4701	7.510970e-01	0.124	no	NA
g12523	0.3020	7.512082e-01	0.124	no	NA
g8211	-0.6339	7.513026e-01	0.124	no	Ribosomal protein S6 kinase alpha-3
g10881	-0.3587	7.513026e-01	0.124	no	Large ribosomal subunit protein bL27
g14645	1.0243	7.513026e-01	0.124	no	Cilia- and flagella-associated protein 52
g86	-0.2821	7.513713e-01	0.124	no	NA
g15620	0.2466	7.513713e-01	0.124	no	NA
g7710	0.2884	7.513713e-01	0.124	no	tRNA pseudouridine synthase B
g13334	-0.2253	7.513713e-01	0.124	no	NA
g5502	0.3509	7.518091e-01	0.124	no	Interferon-related developmental regulator 1
g10629	-0.4150	7.526576e-01	0.123	no	Delta(3,5)-Delta(2,4)-dienoyl-CoA isomerase, mitochondrial
g13748	0.3916	7.526576e-01	0.123	no	NA
g1475	-0.4257	7.527578e-01	0.123	no	Stress-induced-phosphoprotein 1
g14580	0.2487	7.527578e-01	0.123	no	Kelch-like protein 18
g13197	0.2522	7.530766e-01	0.123	no	Mitochondrial division protein 1
g1541	-0.3258	7.532031e-01	0.123	no	Protein pirA
g15525	0.2631	7.533247e-01	0.123	no	Large ribosomal subunit protein eL38
g4173	0.2850	7.534139e-01	0.123	no	Protein kinase 2
g14967	0.3240	7.535939e-01	0.123	no	N-glycosylase/DNA lyase OGG1
g5982	-0.3584	7.535939e-01	0.123	no	Chromatin modification-related protein YNG2
g5447	0.2387	7.535939e-01	0.123	no	Chaperone protein dnaJ 2
g6365	-0.6585	7.535939e-01	0.123	no	NA
g9865	0.1767	7.535939e-01	0.123	no	Nucleolar protein 56
g7293	0.5406	7.535939e-01	0.123	no	Protein-L-histidine N-pros-methyltransferase
g970	0.4800	7.535939e-01	0.123	no	NA
g13745	0.2012	7.535939e-01	0.123	no	BTB/POZ and MATH domain-containing protein 6
g11162	-0.5214	7.537371e-01	0.123	no	NA
g6634	-0.4188	7.537371e-01	0.123	no	Phosphatidylinositol/phosphatidylcholine transfer protein SFH13
g15603	-0.2620	7.537371e-01	0.123	no	Monothiol glutaredoxin-S15, mitochondrial
g13893	-0.3749	7.537371e-01	0.123	no	Spindle assembly abnormal protein 6 homolog
g11955	0.2083	7.537371e-01	0.123	no	Peroxisomal acyl-coenzyme A oxidase 1
g10872	-0.2336	7.537371e-01	0.123	no	NA
g8945	-0.2686	7.537371e-01	0.123	no	1-phosphatidylinositol 4,5-bisphosphate phosphodiesterase epsilon-1
g3208	0.4492	7.537756e-01	0.123	no	NA
g7388	-0.3635	7.537881e-01	0.123	no	Transcription initiation factor TFIID subunit 10
g7190	-0.2878	7.537881e-01	0.123	no	Gamma-glutamylethanolamide synthetase GlnA4
g1121	-0.4182	7.538248e-01	0.123	no	NA
g9092	-0.1871	7.538248e-01	0.123	no	Adenylate kinase 4
g4738	-0.2992	7.538248e-01	0.123	no	NA
g1721	0.2538	7.538248e-01	0.123	no	Telomere length regulation protein elg1
g14023	0.5106	7.538248e-01	0.123	no	THP3 homolog C2A9.11c
g2113	-0.4795	7.540151e-01	0.123	no	Transcription factor Dp-1
g15224	0.5360	7.541982e-01	0.123	no	NA
g11821	-0.2303	7.541982e-01	0.123	no	Glutathione S-transferase A
g3634	0.3826	7.541982e-01	0.123	no	NA
g14169	-0.5581	7.547022e-01	0.122	no	Trimethylguanosine synthase
g10730	-0.3439	7.547022e-01	0.122	no	Serine/threonine-protein kinase oca2
g5918	0.2816	7.548043e-01	0.122	no	NA
g14150	0.2623	7.548043e-01	0.122	no	DNA repair protein RAD4
g12646	-0.4586	7.548043e-01	0.122	no	tRNA (guanosine(18)-2'-O)-methyltransferase
g1839	0.3002	7.548043e-01	0.122	no	Carboxypeptidase N catalytic chain
g14884	0.2684	7.548043e-01	0.122	no	Ubiquitin carboxyl-terminal hydrolase 15
g4672	0.2377	7.549058e-01	0.122	no	TBC1 domain family member 23
g13995	0.3606	7.550641e-01	0.122	no	Ubiquitin-conjugating enzyme E2 S
g12777	-0.2110	7.550641e-01	0.122	no	Proteasome subunit alpha type-4-A
g3719	0.2820	7.550641e-01	0.122	no	NA
g166	0.3791	7.550641e-01	0.122	no	DNA-directed RNA polymerase III subunit RPC8
g10119	-0.4146	7.550641e-01	0.122	no	Importin subunit alpha-1b
g6878	0.3345	7.550641e-01	0.122	no	NA
g14536	0.2521	7.552161e-01	0.122	no	Anaphase-promoting complex subunit 2
g10316	0.6017	7.552161e-01	0.122	no	NA
g6551	0.2130	7.552161e-01	0.122	no	Putative carboxymethylenebutenolidase
g4527	-0.2907	7.552161e-01	0.122	no	NA
g1474	0.1929	7.552161e-01	0.122	no	3-hydroxy-3-methylglutaryl-coenzyme A reductase 1
g4509	-0.3383	7.552296e-01	0.122	no	NA
g7281	-0.8068	7.552296e-01	0.122	no	NA
g7082	0.5094	7.552296e-01	0.122	no	NA
g8429	0.2728	7.552296e-01	0.122	no	Transcription factor TFIIIB component B''
g4133	-0.3675	7.552296e-01	0.122	no	NA
g9166	0.4325	7.552296e-01	0.122	no	Ultraviolet-B receptor UVR8
g2154	-0.2309	7.552296e-01	0.122	no	NA
g7174	0.6916	7.553589e-01	0.122	no	Ribonuclease H2 subunit A
g6076	0.3634	7.553644e-01	0.122	no	NA
g8812	0.3393	7.553644e-01	0.122	no	tRNA (guanine(37)-N(1))-methyltransferase
g14932	-0.4033	7.556819e-01	0.122	no	Acyl-CoA dehydrogenase family member 10
g10585	0.1738	7.556819e-01	0.122	no	NA
g11526	-0.3953	7.560329e-01	0.121	no	NA
g356	0.3882	7.560810e-01	0.121	no	Meiotic nuclear division protein 1 homolog
g15746	-0.2386	7.563865e-01	0.121	no	NA
g11152	0.2482	7.563865e-01	0.121	no	UPF0382 membrane protein YwdK
g202	-0.5220	7.563865e-01	0.121	no	NA
g7018	0.2132	7.566104e-01	0.121	no	Aspartate aminotransferase, cytoplasmic
g10489	0.3041	7.570505e-01	0.121	no	DNA repair protein RAD52 homolog
g4265	0.3689	7.576682e-01	0.121	no	NA
g11009	0.2006	7.576682e-01	0.121	no	NA
g7355	0.4984	7.576682e-01	0.121	no	Methyltransferase OMS1, mitochondrial
g11146	0.4089	7.576682e-01	0.121	no	NA
g6832	-0.2384	7.576682e-01	0.121	no	NA
g6636	0.2158	7.578051e-01	0.120	no	Mitochondrial import receptor subunit TOM40-1
g6619	-0.3389	7.578202e-01	0.120	no	Coiled-coil domain-containing protein 22
g9387	0.4233	7.578518e-01	0.120	no	NA
g12005	-0.4298	7.578518e-01	0.120	no	Actin maturation protease
g10112	0.4146	7.578518e-01	0.120	no	Uncharacterized Na(+)/H(+) antiporter C15A10.06
g6307	-0.2681	7.578518e-01	0.120	no	Chromatin remodeler ATRX
g689	-0.2169	7.580638e-01	0.120	no	Calcium/calmodulin-dependent protein kinase cmkB
g648	0.2723	7.580638e-01	0.120	no	Kinesin-like protein KIN-14P
g1791	-0.3414	7.580638e-01	0.120	no	Methylenetetrahydrofolate reductase (NADH) 1
g3977	0.2830	7.580638e-01	0.120	no	NA
g4334	0.2261	7.580638e-01	0.120	no	DnaJ protein homolog ANJ1
g1605	0.2235	7.580638e-01	0.120	no	Actin-4
g13483	-0.2595	7.580638e-01	0.120	no	NA
g13831	0.2437	7.580638e-01	0.120	no	Transmembrane protein 14 homolog
g13240	0.2241	7.580638e-01	0.120	no	Homoarginine-6-hydroxylase 2-ODD-C23.1
g10819	-0.2165	7.580638e-01	0.120	no	DNA topoisomerase 2
g2919	0.2613	7.580638e-01	0.120	no	NA
g9616	0.3238	7.580638e-01	0.120	no	NA
g572	-0.3328	7.580638e-01	0.120	no	Macro domain-containing protein XAC3343
g884	-0.3881	7.580638e-01	0.120	no	NA
g9183	-0.2340	7.581314e-01	0.120	no	NA
g5601	0.3482	7.583221e-01	0.120	no	Glutathione S-transferase DHAR3, chloroplastic
g15168	-0.1957	7.587950e-01	0.120	no	NA
g10972	0.1706	7.587950e-01	0.120	no	Legumain
g11826	0.2840	7.588922e-01	0.120	no	NA
g3534	-0.2481	7.591323e-01	0.120	no	Twinfilin
g1756	-0.2790	7.593349e-01	0.120	no	Probable serine/threonine-protein kinase drkD
g3114	0.2963	7.593349e-01	0.120	no	DEAD-box ATP-dependent RNA helicase 53, mitochondrial
g15976	0.1960	7.593349e-01	0.120	no	Bromodomain and WD repeat-containing protein 1
g14695	-0.3153	7.593349e-01	0.120	no	Probable deoxyhypusine synthase
g11167	-0.3227	7.593349e-01	0.120	no	DNA primase small subunit
g6834	0.1886	7.593349e-01	0.120	no	B3 domain-containing transcription repressor VAL1
g13566	-0.2266	7.593349e-01	0.120	no	Tumor susceptibility gene 101 protein
g10818	-0.2911	7.593349e-01	0.120	no	Enoyl-CoA delta isomerase 1, mitochondrial
g9714	0.7594	7.593349e-01	0.120	no	Putative oligopeptide transporter HI_0561
g11346	0.2173	7.593361e-01	0.120	no	Large ribosomal subunit protein eL33
g10272	-0.3540	7.593361e-01	0.120	no	NA
g14970	1.3678	7.593361e-01	0.120	no	NA
g5265	-0.4285	7.593361e-01	0.120	no	NA
g14233	0.3933	7.593361e-01	0.120	no	NA
g3048	-0.2825	7.593361e-01	0.120	no	Cytochrome P450 4F12
g14563	-0.1825	7.596434e-01	0.119	no	Eukaryotic translation initiation factor 3 subunit I
g8781	-0.2119	7.602788e-01	0.119	no	Protein TCP17
g10490	0.4623	7.602788e-01	0.119	no	NA
g6029	-0.3187	7.602788e-01	0.119	no	Tetratricopeptide repeat protein 38
g7312	0.2849	7.602788e-01	0.119	no	PIN2/TERF1-interacting telomerase inhibitor 1
g13806	0.2788	7.603213e-01	0.119	no	Kinesin-like protein KIN-7L
g7366	0.3671	7.606395e-01	0.119	no	Na(+)/H(+) antiporter
g4769	0.4621	7.606395e-01	0.119	no	NA
g1067	-0.2569	7.606663e-01	0.119	no	Plant UBX domain-containing protein 2
g6870	0.2177	7.606663e-01	0.119	no	ER membrane protein complex subunit 7 homolog
g4899	-0.4434	7.606663e-01	0.119	no	NA
g13406	0.1813	7.606663e-01	0.119	no	NADH-cytochrome b5 reductase 2
g11987	0.2262	7.607275e-01	0.119	no	3-dehydroquinate synthase
g1916	-0.2718	7.607497e-01	0.119	no	NA
g13281	-0.2033	7.609239e-01	0.119	no	Probable peptide/nitrate transporter At3g43790
g14817	0.4798	7.614170e-01	0.118	no	Voltage-gated hydrogen channel 1
g4613	0.2859	7.621686e-01	0.118	no	Inner kinetochore subunit cnp20
g2914	-0.5024	7.622734e-01	0.118	no	Histone-lysine N-methyltransferase ash1
g12790	0.2008	7.622734e-01	0.118	no	SNF1-related protein kinase catalytic subunit alpha KIN10
g3464	-0.3035	7.622734e-01	0.118	no	Dynein light chain roadblock-type 2
g12370	-0.4956	7.633485e-01	0.117	no	NA
g5249	0.2407	7.633485e-01	0.117	no	Putative epoxide hydrolase
g13319	0.3835	7.633485e-01	0.117	no	Serine/threonine-protein kinase mph1
g15380	0.3782	7.633485e-01	0.117	no	NA
g10957	0.3085	7.635310e-01	0.117	no	Leucine carboxyl methyltransferase 1 homolog
g15633	-0.1933	7.636287e-01	0.117	no	26S proteasome non-ATPase regulatory subunit 12
g4565	-0.2579	7.637092e-01	0.117	no	DNA topoisomerase 6 subunit A
g10907	0.3812	7.638111e-01	0.117	no	Uncharacterized protein MT1414
g1611	0.3953	7.638111e-01	0.117	no	NA
g10359	-0.4584	7.638111e-01	0.117	no	Nuclear distribution protein PAC1
g12289	0.1972	7.643882e-01	0.117	no	Large ribosomal subunit protein uL3
g6635	-0.5165	7.643882e-01	0.117	no	18S rRNA (guanine(1575)-N(7))-methyltransferase
g11029	0.2323	7.643882e-01	0.117	no	DnaJ homolog subfamily B member 6
g5832	0.2632	7.643882e-01	0.117	no	NA
g14804	0.1987	7.650151e-01	0.116	no	Pseudouridine-5'-phosphate glycosidase
g7428	0.1745	7.651537e-01	0.116	no	Protein kinase 2
g10732	0.4058	7.653786e-01	0.116	no	Protein EI24 homolog
g2148	-0.2419	7.654677e-01	0.116	no	Delta-aminolevulinic acid dehydratase
g3990	0.1992	7.656029e-01	0.116	no	Regulator of nonsense transcripts 2
g10989	-0.1859	7.656029e-01	0.116	no	Exportin-1
g3513	0.2507	7.659199e-01	0.116	no	Glucose transporter GlcP
g9772	0.3981	7.659499e-01	0.116	no	Jouberin
g5510	-0.4870	7.659722e-01	0.116	no	NA
g14870	0.1893	7.661047e-01	0.116	no	Tectonin beta-propeller repeat-containing protein 1
g1334	0.2172	7.661047e-01	0.116	no	Baculoviral IAP repeat-containing protein 7-B
g10635	0.2549	7.661901e-01	0.116	no	Uncharacterized protein MJ0678
g9238	0.2455	7.663159e-01	0.116	no	Protein pianissimo A
g13803	-0.2181	7.663159e-01	0.116	no	Thioredoxin
g5074	-0.4646	7.669573e-01	0.115	no	NA
g1486	-0.4297	7.672592e-01	0.115	no	NA
g14090	0.1983	7.672592e-01	0.115	no	3',5'-cyclic-AMP phosphodiesterase 4B
g15254	-0.2277	7.672592e-01	0.115	no	Protein nucleotidyltransferase YdiU
g7168	0.3705	7.672592e-01	0.115	no	Probable serine/threonine-protein kinase DDB_G0280111
g12553	0.2360	7.672592e-01	0.115	no	NA
g14939	-0.3483	7.672774e-01	0.115	no	NA
g7339	0.3508	7.674407e-01	0.115	no	NA
g2699	0.2910	7.674444e-01	0.115	no	Protein crossbronx homolog
g8998	0.2720	7.675112e-01	0.115	no	NA
g11746	0.2027	7.675629e-01	0.115	no	Apyrase
g9588	-0.5666	7.675629e-01	0.115	no	Uncharacterized protein slr1717
g14027	0.2263	7.679574e-01	0.115	no	Large ribosomal subunit protein bL21m
g4633	-0.2350	7.679574e-01	0.115	no	Uncharacterized protein L320
g6355	0.4701	7.681609e-01	0.115	no	NA
g13382	0.4909	7.685028e-01	0.114	no	NA
g1718	0.4631	7.685028e-01	0.114	no	Serine/threonine-protein kinase Nek4
g15419	0.2241	7.685028e-01	0.114	no	3-mercaptopyruvate sulfurtransferase
g3336	0.3433	7.685028e-01	0.114	no	NA
g9769	0.2224	7.685028e-01	0.114	no	6-phosphofructo-2-kinase/fructose-2,6-bisphosphatase 3
g4143	0.2206	7.685028e-01	0.114	no	Serine/threonine-protein kinase TIO
g4921	0.6117	7.685028e-01	0.114	no	NA
g13977	-0.2871	7.685028e-01	0.114	no	COP9 signalosome complex subunit 1
g5953	0.2998	7.685028e-01	0.114	no	NA
g3524	0.2977	7.685028e-01	0.114	no	Protein PNS1
g3439	0.3424	7.685028e-01	0.114	no	Probable UDP-N-acetylglucosamine--peptide N-acetylglucosaminyltransferase SPINDLY
g9837	-0.3363	7.685028e-01	0.114	no	Kinetochore protein NDC80 homolog
g15929	0.2575	7.685028e-01	0.114	no	Mitochondrial substrate carrier family protein S
g7580	-0.2601	7.685028e-01	0.114	no	NA
g15900	0.4583	7.685028e-01	0.114	no	NA
g5979	0.1955	7.685028e-01	0.114	no	Calcium-dependent protein kinase 7
g4325	-0.3174	7.692057e-01	0.114	no	ATP synthase mitochondrial F1 complex assembly factor 1
g15094	0.2941	7.692578e-01	0.114	no	Sodium/hydrogen exchanger 6
g9932	0.1819	7.692578e-01	0.114	no	Coatomer subunit delta
g6440	0.3097	7.693344e-01	0.114	no	Eukaryotic translation initiation factor 6
g5396	0.2890	7.693520e-01	0.114	no	Translation initiation factor eIF2B subunit beta
g11493	-0.3031	7.693520e-01	0.114	no	Peroxisomal adenine nucleotide carrier 2
g7643	-0.4128	7.693520e-01	0.114	no	ABC transporter G family member 44
g14964	0.3388	7.693520e-01	0.114	no	Mitochondrial nicotinamide adenine dinucleotide transporter 2
g10243	0.2615	7.695979e-01	0.114	no	Nitrate reductase [NADH] 1
g9996	-0.5035	7.696184e-01	0.114	no	Equilibrative nucleoside transporter 3
g12859	0.3135	7.697165e-01	0.114	no	Ankyrin repeat domain-containing protein 66
g2825	-0.4529	7.700470e-01	0.113	no	NA
g8577	0.3393	7.700831e-01	0.113	no	JmjC domain-containing protein 8
g6577	0.2915	7.702858e-01	0.113	no	NA
g9700	0.2533	7.702858e-01	0.113	no	GDP-fucose transporter 1
g5371	0.2051	7.702858e-01	0.113	no	Ras-related protein YPTC6
g1645	0.2037	7.703399e-01	0.113	no	UTP:RNA uridylyltransferase 1
g7003	-0.4184	7.706696e-01	0.113	no	Probable U3 small nucleolar RNA-associated protein 11
g10990	0.1887	7.706696e-01	0.113	no	Ubiquitin-ribosomal protein eS31 fusion protein
g15510	0.3812	7.707350e-01	0.113	no	NA
g5753	-0.2647	7.710548e-01	0.113	no	NA
g11425	0.2590	7.712862e-01	0.113	no	NA
g1748	-0.1686	7.713357e-01	0.113	no	NA
g4766	0.2663	7.716444e-01	0.113	no	Centrosomal protein of 104 kDa
g5593	-0.2949	7.716444e-01	0.113	no	NA
g15310	-0.2434	7.717258e-01	0.113	no	Formate dehydrogenase
g13128	0.2213	7.717258e-01	0.113	no	Protein polyglycylase TTLL10
g9859	0.2396	7.720518e-01	0.112	no	E3 ubiquitin-protein ligase UBR3
g10057	-0.2317	7.720518e-01	0.112	no	NA
g15482	-0.2465	7.720518e-01	0.112	no	NA
g8896	0.5717	7.722219e-01	0.112	no	Enoyl-[acyl-carrier-protein] reductase [NADH] FabI
g11236	-0.4073	7.728470e-01	0.112	no	Magnesium-dependent phosphatase 1
g10886	0.3238	7.728470e-01	0.112	no	2-methylene-furan-3-one reductase
g14644	-0.1686	7.729341e-01	0.112	no	Mannose-P-dolichol utilization defect 1 protein
g11380	0.3505	7.729341e-01	0.112	no	NA
g8458	0.2075	7.729341e-01	0.112	no	Indoleamine 2,3-dioxygenase 1
g4349	0.2381	7.729341e-01	0.112	no	NA
g10395	0.2063	7.729341e-01	0.112	no	Phosphatidylinositol-3,5-bisphosphate 3-phosphatase MTMR6
g6559	0.3345	7.729341e-01	0.112	no	Probable tubulin--tyrosine ligase C12B10.04
g2065	-0.2254	7.729341e-01	0.112	no	Biotin--protein ligase 2
g14744	-0.3700	7.729341e-01	0.112	no	Putative monooxygenase Rv1533
g9168	-0.3768	7.729341e-01	0.112	no	2,5-diamino-6-ribosylamino-4(3H)-pyrimidinone 5'-phosphate reductase
g11552	0.3237	7.732530e-01	0.112	no	NA
g8717	0.2731	7.732855e-01	0.112	no	3-hydroxyacyl-CoA dehydrogenase type-2
g6110	-0.1967	7.732855e-01	0.112	no	Ribosome biogenesis protein bms1
g6063	-0.4142	7.732855e-01	0.112	no	NA
g4821	0.2472	7.733000e-01	0.112	no	ABC-type oligopeptide transporter ABCB9
g15442	-0.2762	7.736341e-01	0.111	no	Mitogen-activated protein kinase kinase 2
g5555	-0.1827	7.736341e-01	0.111	no	DNA topoisomerase 1 beta
g15229	0.2474	7.736341e-01	0.111	no	Solute carrier family 12 member 9
g11303	-0.4203	7.736341e-01	0.111	no	NA
g13777	0.2206	7.736970e-01	0.111	no	Probable glutamyl endopeptidase, chloroplastic
g11598	-0.3304	7.737678e-01	0.111	no	Deoxynucleotidyltransferase terminal-interacting protein 2
g2131	-0.2400	7.738758e-01	0.111	no	Protein dpy-30 homolog
g187	0.2469	7.740956e-01	0.111	no	Trafficking protein particle complex II-specific subunit 120 homolog
g11394	0.3378	7.742197e-01	0.111	no	WSCD family member AGAP003962
g7486	-0.1749	7.745595e-01	0.111	no	Eukaryotic translation initiation factor 5A-4
g13383	0.3544	7.746206e-01	0.111	no	GPN-loop GTPase 2
g1809	0.1888	7.746206e-01	0.111	no	5'-3' exoribonuclease 2
g15088	-0.3470	7.746206e-01	0.111	no	NA
g6647	0.3489	7.746206e-01	0.111	no	Probable carboxypeptidase S-like 2
g13601	0.5374	7.746206e-01	0.111	no	NA
g3106	-0.2931	7.746432e-01	0.111	no	Phosphoglycerate mutase-like protein
g9601	0.4358	7.746432e-01	0.111	no	Sphingosine kinase 1
g5098	-0.4108	7.746432e-01	0.111	no	NA
g1070	0.1805	7.746432e-01	0.111	no	Inorganic pyrophosphatase
g15725	-0.2954	7.746432e-01	0.111	no	SEC14-like protein 2
g3832	-0.5307	7.746432e-01	0.111	no	Kinesin-like protein KIN-7L
g9458	-0.3307	7.746432e-01	0.111	no	NA
g5916	0.3328	7.746432e-01	0.111	no	TBC1 domain family member 13
g6694	-0.1668	7.746432e-01	0.111	no	Very-long-chain 3-oxoacyl-CoA reductase 1
g4393	0.5518	7.746432e-01	0.111	no	NA
g3671	-0.3655	7.746432e-01	0.111	no	NA
g15609	-0.5617	7.749660e-01	0.111	no	NA
g904	-0.1551	7.749807e-01	0.111	no	Serine/threonine-protein kinase ppk15
g10018	-0.2820	7.751512e-01	0.111	no	MYG1 protein C27H6.8
g16007	-0.3558	7.751512e-01	0.111	no	Tensin-1
g1585	-0.3922	7.751512e-01	0.111	no	Peptidyl-prolyl cis-trans isomerase D
g14269	-0.4629	7.751512e-01	0.111	no	NA
g9148	0.2918	7.752330e-01	0.111	no	Anti-sigma-I factor RsgI3
g2639	0.3656	7.753985e-01	0.110	no	WD repeat-containing protein WRAP73
g2656	0.2393	7.753985e-01	0.110	no	Peptidyl-prolyl cis-trans isomerase CYP19-4
g1807	-0.2022	7.753985e-01	0.110	no	NA
g13276	0.3537	7.754739e-01	0.110	no	Mitochondrial inner membrane protease ATP23 homolog
g1520	0.2000	7.755541e-01	0.110	no	Iron-sulfur cluster assembly factor IBA57 homolog, mitochondrial
g16080	0.1953	7.760230e-01	0.110	no	Small ribosomal subunit protein uS12
g611	0.2838	7.772811e-01	0.109	no	Alpha-mannosidase I MNS4
g1790	0.2065	7.775069e-01	0.109	no	NA
g13666	-0.2663	7.775069e-01	0.109	no	RNA-binding NOB1-like protein
g12620	0.1910	7.775905e-01	0.109	no	NA
g9122	-0.3500	7.775905e-01	0.109	no	Phosphatidylinositol 3,4,5-trisphosphate 5-phosphatase 2A
g10282	0.4769	7.775905e-01	0.109	no	NA
g16054	-0.2166	7.777905e-01	0.109	no	Actin-related protein 2/3 complex subunit 3
g15230	0.2775	7.777905e-01	0.109	no	Zinc finger C2HC domain-containing protein 1B
g2028	0.6156	7.777905e-01	0.109	no	NA
g10633	0.1927	7.777905e-01	0.109	no	DNA helicase MCM9
g8852	-0.2930	7.777905e-01	0.109	no	SEC14-like protein 2
g14291	0.2223	7.780990e-01	0.109	no	Protein RCC2
g10874	0.2246	7.781844e-01	0.109	no	Sorting nexin-14
g3678	0.2790	7.782566e-01	0.109	no	Gamma-glutamyl hydrolase A
g14163	1.1231	7.786429e-01	0.109	no	Ammonium transporter 1 member 3
g13749	-0.6905	7.787472e-01	0.109	no	NA
g5402	-0.3328	7.789298e-01	0.109	no	Guanine nucleotide-binding protein subunit beta
g2692	0.1848	7.790184e-01	0.108	no	Protein phosphatase Mn(2+)-dependent 1K
g8522	-0.2616	7.790184e-01	0.108	no	Threonylcarbamoyl-AMP synthase
g5951	0.5628	7.798267e-01	0.108	no	NA
g190	-0.2563	7.798267e-01	0.108	no	Uncharacterized peptidase y4nA
g3574	-0.8194	7.798267e-01	0.108	no	Inactive phospholipase C-like protein 1
g5255	-0.1768	7.798267e-01	0.108	no	Vacuolar transporter chaperone complex subunit 1
g3041	0.4801	7.798267e-01	0.108	no	Glycosyltransferase-like KOBITO 1
g4906	0.1693	7.798267e-01	0.108	no	Phospholipase D gamma 3
g7396	0.2573	7.803059e-01	0.108	no	NA
g13615	-0.5232	7.803059e-01	0.108	no	NA
g3501	0.3960	7.803777e-01	0.108	no	Carbohydrate deacetylase
g679	-0.1976	7.803886e-01	0.108	no	Phosphatidylserine decarboxylase proenzyme, mitochondrial
g13588	0.3092	7.803886e-01	0.108	no	NA
g7530	0.2360	7.803886e-01	0.108	no	Protein O-glucosyltransferase 1
g5478	-0.2664	7.803886e-01	0.108	no	NA
g4468	-0.2801	7.803886e-01	0.108	no	E3 ubiquitin-protein ligase hel2
g1805	0.1832	7.803886e-01	0.108	no	Cytoskeleton-associated protein 5
g14907	0.3642	7.804029e-01	0.108	no	NudC domain-containing protein 3
g14513	-0.2620	7.804029e-01	0.108	no	NA
g9383	0.6415	7.804912e-01	0.108	no	Serine/threonine-protein kinase Nek8
g5762	-0.3076	7.807339e-01	0.107	no	NA
g34	0.1911	7.810622e-01	0.107	no	Nuclear pore complex protein Nup93
g13204	0.2081	7.810747e-01	0.107	no	Nucleoprotein TPR
g10268	0.3592	7.810747e-01	0.107	no	Fanconi anemia group I protein
g7015	0.3009	7.810747e-01	0.107	no	Retinol dehydrogenase 14
g1289	-0.3920	7.810747e-01	0.107	no	EKC/KEOPS complex subunit bud32
g13773	0.5352	7.810747e-01	0.107	no	Nicotinate-nucleotide--dimethylbenzimidazole phosphoribosyltransferase
g12343	0.1849	7.810747e-01	0.107	no	Alpha-xylosidase
g10757	0.5906	7.810747e-01	0.107	no	NA
g11621	0.2870	7.810747e-01	0.107	no	NA
g7070	0.2619	7.810747e-01	0.107	no	NA
g15331	-0.3561	7.810747e-01	0.107	no	Queuine tRNA-ribosyltransferase catalytic subunit 1
g5251	-0.1788	7.810747e-01	0.107	no	Argininosuccinate synthase
g544	-0.8976	7.810747e-01	0.107	no	NA
g5427	0.2068	7.811525e-01	0.107	no	Conserved oligomeric Golgi complex subunit 8
g8221	-0.2658	7.815176e-01	0.107	no	tRNA endonuclease ANKZF1
g1113	-0.3752	7.820535e-01	0.107	no	1-aminocyclopropane-1-carboxylate synthase 11
g12232	0.1627	7.820535e-01	0.107	no	Glycerol-3-phosphate O-acyltransferase 1
g2616	0.2537	7.821182e-01	0.107	no	Lateral signaling target protein 2 homolog
g5597	0.1818	7.823256e-01	0.107	no	Vacuolar protein sorting-associated protein 35
g14354	0.1687	7.824554e-01	0.107	no	Leucine--tRNA ligase
g12963	0.2301	7.824889e-01	0.107	no	Small ribosomal subunit protein eS1
g3123	-0.4027	7.824889e-01	0.107	no	Endoribonuclease LACTB2
g14481	0.2743	7.824889e-01	0.107	no	UTP--glucose-1-phosphate uridylyltransferase
g5985	-0.4340	7.824889e-01	0.107	no	Peptide-N(4)-(N-acetyl-beta-glucosaminyl)asparagine amidase
g2104	-0.3319	7.824889e-01	0.107	no	NA
g3516	0.2603	7.828747e-01	0.106	no	NA
g13178	0.1968	7.831017e-01	0.106	no	Probable aminopeptidase NPEPL1
g7027	0.3020	7.839468e-01	0.106	no	Monoacylglycerol lipase
g10948	-0.2139	7.839468e-01	0.106	no	Cysteine--tRNA ligase, cytoplasmic
g8815	0.2497	7.839468e-01	0.106	no	NA
g6862	-0.2744	7.839468e-01	0.106	no	2-hydroxy-palmitic acid dioxygenase MPO1
g992	-0.4399	7.839572e-01	0.106	no	Glycogenin
g5996	-0.2928	7.840678e-01	0.106	no	Probable U6 snRNA-associated Sm-like protein LSm7
g11360	-0.3207	7.841130e-01	0.106	no	NA
g7280	-0.3096	7.841130e-01	0.106	no	NA
g10377	-0.4639	7.841130e-01	0.106	no	NA
g12700	-0.4145	7.841130e-01	0.106	no	NA
g10010	-0.2290	7.841130e-01	0.106	no	FK506-binding protein 5
g1243	-0.4146	7.841130e-01	0.106	no	NA
g12496	-0.2373	7.841130e-01	0.106	no	Molybdopterin adenylyltransferase
g3763	0.3773	7.841130e-01	0.106	no	Endothelin-converting enzyme 1
g9701	0.4262	7.841130e-01	0.106	no	DNA replication licensing factor MCM4
g5862	0.4385	7.841130e-01	0.106	no	Succinate dehydrogenase assembly factor 4, mitochondrial
g6604	-0.4533	7.843264e-01	0.106	no	NA
g1888	0.2519	7.843830e-01	0.105	no	Calcium-dependent protein kinase 15
g11065	0.1815	7.843830e-01	0.105	no	Casein kinase I
g6879	-0.2801	7.843830e-01	0.105	no	Pre-rRNA-processing protein TSR1 homolog
g4868	-0.1924	7.847663e-01	0.105	no	NA
g7134	-0.2204	7.847663e-01	0.105	no	Pre-mRNA-splicing factor 18
g4715	-0.2904	7.847663e-01	0.105	no	Trafficking protein particle complex subunit 6B
g10586	-0.2285	7.847663e-01	0.105	no	Topoisomerase 1-associated factor 1
g15983	-0.4102	7.847663e-01	0.105	no	Xylulose kinase
g12329	-0.3938	7.847663e-01	0.105	no	DnaJ homolog subfamily B member 4
g12346	-0.4380	7.848798e-01	0.105	no	NA
g8394	-0.6120	7.848798e-01	0.105	no	NA
g10216	0.4239	7.848798e-01	0.105	no	NA
g12856	0.2677	7.850830e-01	0.105	no	NA
g13030	-0.2823	7.850830e-01	0.105	no	Acyl-lipid (8-3)-desaturase B
g9691	-0.3326	7.850830e-01	0.105	no	NA
g6230	0.3237	7.850830e-01	0.105	no	Multiple C2 and transmembrane domain-containing protein 1
g795	0.3553	7.850830e-01	0.105	no	NA
g13816	0.2098	7.850830e-01	0.105	no	NA
g2800	0.2733	7.850830e-01	0.105	no	Equilibrative nucleoside transporter 2
g13374	0.2173	7.850830e-01	0.105	no	NA
g2208	0.3452	7.851631e-01	0.105	no	NA
g10736	0.1933	7.862424e-01	0.104	no	Beta-1,2-xylosyltransferase RCN11
g14422	0.1784	7.862424e-01	0.104	no	Homeobox protein 4
g5056	0.1993	7.862424e-01	0.104	no	Trypsin delta
g673	-0.5256	7.863096e-01	0.104	no	NA
g981	0.1781	7.863096e-01	0.104	no	Putative pumilio homolog 8, chloroplastic
g12830	-0.3447	7.863096e-01	0.104	no	NA
g869	0.2443	7.865147e-01	0.104	no	HEAT repeat-containing protein 6
g4883	0.2993	7.868064e-01	0.104	no	Probable ADP-ribosylation factor GTPase-activating protein AGD13
g9930	0.1982	7.868064e-01	0.104	no	Vacuolar lysine transporter YPQ1
g13234	0.2026	7.869018e-01	0.104	no	Cathepsin E
g1423	-0.3199	7.869939e-01	0.104	no	NA
g136	-0.2559	7.869939e-01	0.104	no	Phenylalanine--tRNA ligase, chloroplastic/mitochondrial
g5638	-0.2852	7.874447e-01	0.104	no	Bystin
g4553	0.2149	7.874447e-01	0.104	no	NA
g15851	0.3185	7.874447e-01	0.104	no	GATOR1 complex protein NPRL2
g6965	0.2818	7.874447e-01	0.104	no	NA
g6025	0.3706	7.874447e-01	0.104	no	Embryogenesis-like protein
g628	-0.3507	7.874447e-01	0.104	no	KICSTOR complex protein ITFG2
g2072	-0.2917	7.877966e-01	0.104	no	Cyclin-dependent kinase 20
g3506	-0.3092	7.881790e-01	0.103	no	Transmembrane protein 135
g13123	0.3683	7.881790e-01	0.103	no	NA
g15417	-0.3158	7.883804e-01	0.103	no	NA
g5830	-0.2418	7.885818e-01	0.103	no	E3 ubiquitin-protein ligase RNF115
g11939	0.2356	7.885818e-01	0.103	no	FHF complex subunit HOOK interacting protein 2A
g12599	0.6274	7.885818e-01	0.103	no	NA
g8863	0.2512	7.885818e-01	0.103	no	NA
g3090	0.3005	7.892516e-01	0.103	no	AFG1-like ATPase
g11284	0.6766	7.892516e-01	0.103	no	Cilia- and flagella-associated protein 65
g3502	0.2383	7.892794e-01	0.103	no	NA
g2341	0.1784	7.892794e-01	0.103	no	Lysine-specific demethylase JMJ31
g698	0.3867	7.894316e-01	0.103	no	Probable magnesium transporter NIPA4
g6988	0.8540	7.894316e-01	0.103	no	Cilia and flagella-associated protein 47
g10476	-0.3319	7.894316e-01	0.103	no	NA
g4512	0.3039	7.895421e-01	0.103	no	Bifunctional arginine demethylase and lysyl-hydroxylase JMJD6
g2393	-0.6069	7.896297e-01	0.103	no	Protein dispatched homolog 1
g1135	0.3393	7.896297e-01	0.103	no	Pyridinium-3,5-bisthiocarboxylic acid mononucleotide nickel insertion protein
g2245	-0.3318	7.899418e-01	0.102	no	NA
g6993	0.2891	7.901288e-01	0.102	no	3-oxoacyl-[acyl-carrier-protein] synthase 2
g6280	-0.2197	7.901288e-01	0.102	no	Two-component response regulator ARR18
g1929	0.3879	7.901288e-01	0.102	no	NA
g7500	-0.4093	7.901288e-01	0.102	no	Vesicle-associated membrane protein 7B
g3115	0.2907	7.901288e-01	0.102	no	NA
g3872	-0.2846	7.901288e-01	0.102	no	Histone-lysine N-methyltransferase, H3 lysine-79 specific
g10896	-0.8324	7.901288e-01	0.102	no	Bifunctional diguanylate cyclase/cyclic di-GMP phosphodiesterase MucR
g9188	0.2997	7.901288e-01	0.102	no	NA
g2839	0.3033	7.901288e-01	0.102	no	Peptidyl-prolyl cis-trans isomerase E
g12242	0.1960	7.901288e-01	0.102	no	Pre-mRNA-processing protein 40C
g5014	-0.3958	7.901288e-01	0.102	no	Beta-lactamase domain-containing protein 2
g8381	-0.2207	7.901288e-01	0.102	no	E3 ubiquitin-protein ligase rnf213-beta
g13928	0.2557	7.901769e-01	0.102	no	Putative RING-H2 finger protein ATL12
g6016	0.4117	7.908726e-01	0.102	no	NA
g12316	-0.3344	7.911196e-01	0.102	no	TBC domain-containing protein kinase-like protein
g11724	-0.2133	7.911196e-01	0.102	no	Phospho-2-dehydro-3-deoxyheptonate aldolase, Phe-sensitive
g6739	0.3183	7.911196e-01	0.102	no	NA
g14209	0.2565	7.915834e-01	0.102	no	CYFIP-related Rac1 interactor B
g15654	-0.4095	7.915834e-01	0.102	no	NA
g3968	0.2364	7.915834e-01	0.102	no	Vacuolar protein sorting-associated protein 8 homolog
g4580	0.2023	7.915834e-01	0.102	no	NA
g3992	-0.3722	7.915834e-01	0.102	no	NA
g5709	0.2354	7.915834e-01	0.102	no	Mesencephalic astrocyte-derived neurotrophic factor homolog
g10773	-0.4347	7.915834e-01	0.102	no	RNA-binding protein 42
g104	0.1956	7.915834e-01	0.102	no	Glycine betaine reductase ATRR
g5063	-0.1937	7.915834e-01	0.102	no	Structural maintenance of chromosomes protein 6
g3626	-0.3134	7.915834e-01	0.102	no	NA
g367	0.3014	7.915834e-01	0.102	no	Probable GTP-binding protein EngB
g12970	-0.4214	7.915834e-01	0.102	no	Protein phosphatase 1B
g7264	0.1961	7.915834e-01	0.102	no	Sodium/potassium/calcium exchanger 2
g11695	-0.3232	7.915834e-01	0.102	no	2-oxoglutarate-Fe(II) type oxidoreductase ppzD
g3623	-0.1966	7.915834e-01	0.102	no	Histone chaperone ASF1
g5920	0.1986	7.915834e-01	0.102	no	Kinesin-like protein KIN-7O
g13155	-0.2537	7.915834e-01	0.102	no	Guanine nucleotide exchange factor subunit Rich
g11806	-0.5354	7.915834e-01	0.102	no	Metabotropic glutamate receptor
g14820	0.1825	7.915834e-01	0.102	no	T-complex protein 1 subunit beta
g9540	0.3405	7.915834e-01	0.102	no	NA
g4956	0.2385	7.915834e-01	0.102	no	Leucine-zipper-like transcriptional regulator 1 homolog
g124	-0.3635	7.915834e-01	0.102	no	AP-3 complex subunit mu
g5066	-0.3485	7.915834e-01	0.102	no	Serine/threonine-protein phosphatase PGAM5, mitochondrial
g3870	-0.2479	7.915834e-01	0.102	no	Sideroflexin fsf1
g264	0.2049	7.915834e-01	0.102	no	Type-2 histone deacetylase 2
g11203	0.3710	7.915834e-01	0.102	no	Ava biosynthesis cluster protein M
g3357	-0.5379	7.915834e-01	0.102	no	NA
g9645	0.1907	7.916490e-01	0.101	no	Thymus-specific serine protease
g4142	0.3061	7.916873e-01	0.101	no	RNA 2',3'-cyclic phosphatase ANGEL2
g3217	-0.2678	7.919530e-01	0.101	no	NA
g2921	-0.2145	7.919530e-01	0.101	no	Exocyst complex component SEC5C
g10388	-0.5482	7.919530e-01	0.101	no	NA
g5842	0.2192	7.919555e-01	0.101	no	Rhomboid-like protein 20
g2093	0.2575	7.920440e-01	0.101	no	NA
g15075	0.4423	7.920440e-01	0.101	no	NA
g6792	0.2556	7.920587e-01	0.101	no	NA
g1183	0.3655	7.922305e-01	0.101	no	Gamma-tubulin complex component 6
g6786	-0.5326	7.929184e-01	0.101	no	NA
g1393	0.2142	7.929184e-01	0.101	no	NA
g3023	0.3087	7.929184e-01	0.101	no	Translesion synthesis protein REV1
g3699	-0.3699	7.930531e-01	0.101	no	Probable protein phosphatase 2C 55
g10641	0.2147	7.932021e-01	0.101	no	NA
g3770	0.2449	7.939807e-01	0.100	no	Acyl-CoA dehydrogenase family member 11
g12486	-0.3459	7.951960e-01	0.100	no	NA
g4096	0.1849	7.951960e-01	0.100	no	Stalled ribosome sensor GCN1
g5453	-0.3463	7.954874e-01	0.099	no	Replication factor C subunit 4
g15431	0.2859	7.954874e-01	0.099	no	Persulfide dioxygenase ETHE1, mitochondrial
g10059	0.3004	7.954874e-01	0.099	no	D-glycerate 2-kinase
g5145	0.2361	7.954874e-01	0.099	no	NA
g6644	-0.2866	7.954874e-01	0.099	no	Choline dehydrogenase, mitochondrial
g3162	-0.3341	7.954874e-01	0.099	no	RutC family protein HI_1627
g129	-0.5696	7.954874e-01	0.099	no	NA
g2087	0.3161	7.954874e-01	0.099	no	Malonate--CoA ligase ACSF3, mitochondrial
g1823	0.3886	7.954874e-01	0.099	no	NA
g6127	0.2685	7.955603e-01	0.099	no	Aspartate 1-decarboxylase
g12334	0.2603	7.963210e-01	0.099	no	NA
g10661	0.2789	7.963722e-01	0.099	no	Protein disulfide-isomerase-like protein EhSep2
g6287	-0.2439	7.963722e-01	0.099	no	Casein kinase II subunit beta
g14417	0.2620	7.963722e-01	0.099	no	Putative helicase L115
g12685	0.2835	7.964677e-01	0.099	no	DNA ligase 6
g3198	0.8216	7.965274e-01	0.099	no	cAMP-dependent protein kinase regulatory subunit
g10707	-0.2689	7.966121e-01	0.099	no	NA
g4680	-0.3263	7.966121e-01	0.099	no	Flavin-containing monooxygenase FMO GS-OX-like 2
g5218	0.2162	7.968321e-01	0.099	no	NA
g10381	0.6324	7.969999e-01	0.099	no	NA
g12985	0.4712	7.969999e-01	0.099	no	NA
g13771	0.4663	7.973798e-01	0.098	no	Ankyrin repeat domain-containing protein 22
g10909	0.1976	7.975586e-01	0.098	no	NA
g2625	-0.3018	7.975586e-01	0.098	no	Cell division control protein 48 homolog B
g11936	-0.3653	7.975586e-01	0.098	no	Cilia- and flagella-associated protein 53
g5314	0.3830	7.975586e-01	0.098	no	2-deoxy-scyllo-inosamine dehydrogenase
g14532	0.2230	7.975586e-01	0.098	no	NA
g14325	0.2621	7.975586e-01	0.098	no	NA
g5621	0.2911	7.975586e-01	0.098	no	Transmembrane protein 144 homolog A
g14800	0.3486	7.975586e-01	0.098	no	NA
g4909	0.2489	7.975586e-01	0.098	no	Phospholipase A1-Igamma2, chloroplastic
g7903	-0.1968	7.976440e-01	0.098	no	Glyoxal reductase
g1649	-0.2130	7.976440e-01	0.098	no	Septum-promoting GTP-binding protein 1
g1319	-0.3042	7.977004e-01	0.098	no	Cysteine and histidine-rich domain-containing protein RAR1
g7583	-0.1932	7.977004e-01	0.098	no	NA
g9986	-0.3198	7.977405e-01	0.098	no	Tryptophan--tRNA ligase
g3531	-0.2157	7.979272e-01	0.098	no	NA
g1286	0.2841	7.979612e-01	0.098	no	Putative inositol monophosphatase 3
g9447	0.2773	7.979612e-01	0.098	no	Diaminopimelate decarboxylase
g10443	0.2485	7.981109e-01	0.098	no	NA
g4242	-0.2548	7.984313e-01	0.098	no	2,4-dienoyl-CoA reductase [(2E)-enoyl-CoA-producing]
g3313	-0.4094	7.984313e-01	0.098	no	NA
g13952	-0.3979	7.984313e-01	0.098	no	N-lysine methyltransferase SETD6
g15846	-0.2766	7.984313e-01	0.098	no	Probable NADH dehydrogenase
g90	-0.1679	7.984313e-01	0.098	no	Electron transfer flavoprotein subunit alpha
g15063	0.3471	7.984313e-01	0.098	no	RNA pseudouridine synthase 6, chloroplastic
g1753	-0.2550	7.984313e-01	0.098	no	Probable ADP-ribosylation factor GTPase-activating protein AGD14
g11725	-0.3235	7.991119e-01	0.097	no	Cis-3-hydroxy-L-proline dehydratase
g6002	-0.2573	7.996053e-01	0.097	no	Putative AAA family ATPase L572
g4346	0.2463	7.996053e-01	0.097	no	Putative metabolite transport protein HI_1104
g8494	-0.2765	7.996053e-01	0.097	no	Polyphosphatase
g10690	-0.8191	7.996053e-01	0.097	no	NA
g6305	0.2503	7.996053e-01	0.097	no	Magnesium-transporting ATPase, P-type 1
g1978	-0.2185	7.996053e-01	0.097	no	Dual 3',5'-cyclic-AMP and -GMP phosphodiesterase 11
g2841	0.7782	7.996053e-01	0.097	no	EF-hand domain-containing protein 1
g9347	-0.3713	7.996053e-01	0.097	no	NA
g10576	-0.1897	7.996852e-01	0.097	no	NA
g10900	0.1733	7.996852e-01	0.097	no	NA
g3546	0.2069	7.996901e-01	0.097	no	DnaJ homolog subfamily C member 7 homolog
g6359	-0.1698	8.000075e-01	0.097	no	Isocitrate lyase
g7299	-0.2120	8.000075e-01	0.097	no	Ubiquitin-conjugating enzyme E2 2
g122	-0.2304	8.000075e-01	0.097	no	NA
g4875	-0.5930	8.000622e-01	0.097	no	Alpha/beta hydrolase domain-containing protein WAV2
g1935	0.6499	8.000622e-01	0.097	no	NA
g10654	-0.4448	8.000622e-01	0.097	no	NA
g14666	0.1672	8.000622e-01	0.097	no	Brefeldin A-inhibited guanine nucleotide-exchange protein 1
g15984	0.1939	8.000622e-01	0.097	no	IST1 homolog
g5870	-0.2335	8.003292e-01	0.097	no	Coiled-coil domain-containing protein 25
g6521	-0.2207	8.003292e-01	0.097	no	Importin subunit beta-1
g14017	-0.2589	8.003478e-01	0.097	no	NA
g15262	-0.5366	8.007336e-01	0.097	no	NA
g14159	-0.2638	8.008836e-01	0.096	no	Uncharacterized protein YnbD
g15690	0.2318	8.008836e-01	0.096	no	Transcription factor Pur-alpha 1
g12784	0.2796	8.008836e-01	0.096	no	Deoxycytidylate deaminase
g6904	0.2747	8.008836e-01	0.096	no	Multiple C2 and transmembrane domain-containing protein 1
g1967	0.3568	8.008836e-01	0.096	no	Mitochondrial inner membrane protease subunit 1
g2082	-0.5731	8.011126e-01	0.096	no	NA
g10180	-0.2220	8.011355e-01	0.096	no	Translation initiation factor IF-2
g14094	-0.3379	8.011355e-01	0.096	no	N-alpha-acetyltransferase 40
g2903	-0.4392	8.014245e-01	0.096	no	NA
g12454	0.5478	8.015106e-01	0.096	no	Tubulin polymerization-promoting protein family member 2
g6245	0.4269	8.016067e-01	0.096	no	NA
g15512	-0.2149	8.017319e-01	0.096	no	Isovaleryl-CoA dehydrogenase, mitochondrial
g8565	0.3635	8.017443e-01	0.096	no	NA
g8697	-0.2371	8.017443e-01	0.096	no	NA
g6599	-0.2265	8.023602e-01	0.096	no	Signal recognition particle 19 kDa protein
g3837	-0.2619	8.027213e-01	0.095	no	Large ribosomal subunit protein uL29m
g6084	-0.2104	8.030051e-01	0.095	no	NA
g13755	-0.2760	8.030051e-01	0.095	no	NA
g2597	-0.4224	8.034279e-01	0.095	no	NA
g1390	0.1700	8.035976e-01	0.095	no	Putative metabolite transport protein YwtG
g3168	-0.1709	8.035976e-01	0.095	no	Protein REDUCED WALL ACETYLATION 2
g4186	-0.2501	8.035976e-01	0.095	no	Transcription initiation factor TFIID subunit 7
g788	-0.1785	8.039543e-01	0.095	no	NA
g2843	0.3361	8.039543e-01	0.095	no	NA
g1691	-0.3116	8.041371e-01	0.095	no	Protein TRAUCO
g2218	-0.1785	8.044553e-01	0.094	no	NA
g1122	-0.2698	8.044553e-01	0.094	no	NA
g4617	0.1751	8.044735e-01	0.094	no	Formylglycine-generating enzyme
g8736	0.2265	8.044735e-01	0.094	no	Histone acetyltransferase esa1
g2917	0.4293	8.044735e-01	0.094	no	Probable protein phosphatase 2C 55
g15316	-0.2915	8.048493e-01	0.094	no	NA
g3858	0.2278	8.050341e-01	0.094	no	Zinc transporter Slc39a7
g8193	0.6054	8.056124e-01	0.094	no	Cilia- and flagella-associated protein 70
g11050	0.2587	8.057539e-01	0.094	no	Putative DEAD-box ATP-dependent RNA helicase 29
g11527	-0.1725	8.057539e-01	0.094	no	Eukaryotic translation initiation factor 2 subunit 1
g9726	-0.2606	8.057539e-01	0.094	no	NA
g7519	0.1635	8.057539e-01	0.094	no	NA
g15850	0.2765	8.059197e-01	0.094	no	Ribosome assembly protein METTL17, mitochondrial
g11240	0.2725	8.061005e-01	0.094	no	NA
g11478	-0.4113	8.061005e-01	0.094	no	Mediator of RNA polymerase II transcription subunit 7
g12042	-0.3361	8.061005e-01	0.094	no	NA
g3865	0.2640	8.061005e-01	0.094	no	DNA polymerase alpha subunit B
g11564	0.4553	8.061005e-01	0.094	no	NA
g12281	-0.1585	8.065176e-01	0.093	no	UDP-glucose 4-epimerase
g12304	0.1825	8.065176e-01	0.093	no	NA
g4	0.1941	8.065176e-01	0.093	no	Sorting nexin 1
g10132	0.1516	8.065176e-01	0.093	no	Probable E3 ubiquitin-protein ligase DDB_G0283893
g14237	-0.2410	8.065788e-01	0.093	no	Ras-related protein Rab-14
g1200	0.2294	8.066977e-01	0.093	no	Regulation of nuclear pre-mRNA domain-containing protein 1A
g863	0.2889	8.069832e-01	0.093	no	Lysine--tRNA ligase
g5921	-0.1932	8.078019e-01	0.093	no	Transmembrane emp24 domain-containing protein 9
g14294	-0.2204	8.082391e-01	0.092	no	NPL4-like protein A
g1738	-0.2695	8.082391e-01	0.092	no	NA
g15572	0.2005	8.084184e-01	0.092	no	NA
g2902	0.2340	8.090298e-01	0.092	no	NA
g15238	0.2064	8.096923e-01	0.092	no	Failed axon connections homolog
g14900	-0.3090	8.096923e-01	0.092	no	NA
g996	-0.2395	8.101462e-01	0.091	no	Transmembrane emp24 domain-containing protein 2
g12518	-0.5413	8.101462e-01	0.091	no	NA
g12909	0.1645	8.103071e-01	0.091	no	Carboxypeptidase O
g4352	0.2953	8.103071e-01	0.091	no	NA
g8532	-0.2727	8.103071e-01	0.091	no	NA
g10414	0.1792	8.108638e-01	0.091	no	NA
g1815	-0.3953	8.111498e-01	0.091	no	NA
g2954	-0.2889	8.118573e-01	0.091	no	NA
g2257	0.1776	8.119153e-01	0.090	no	NA
g11691	-0.1632	8.119258e-01	0.090	no	V-type proton ATPase subunit C
g10998	-0.6488	8.119258e-01	0.090	no	NA
g402	0.1931	8.119258e-01	0.090	no	NA
g13344	-0.3409	8.119258e-01	0.090	no	Release factor glutamine methyltransferase
g3525	-0.2012	8.119258e-01	0.090	no	NA
g4822	0.1866	8.119258e-01	0.090	no	Probable serine/threonine-protein kinase DDB_G0280133
g15434	-0.4403	8.123981e-01	0.090	no	NA
g15255	0.1753	8.126166e-01	0.090	no	Bifunctional protein HldE
g2337	0.4448	8.126166e-01	0.090	no	NA
g10022	0.3789	8.126633e-01	0.090	no	NA
g4185	-0.3107	8.126633e-01	0.090	no	Protein ecdysoneless homolog
g13405	-0.2447	8.126633e-01	0.090	no	Carboxypeptidase T
g13587	-0.1510	8.126633e-01	0.090	no	Dolichyl-diphosphooligosaccharide--protein glycosyltransferase subunit STT3A
g15961	-0.1715	8.126633e-01	0.090	no	Protein phosphatase 2C and cyclic nucleotide-binding/kinase domain-containing protein
g14509	-0.4206	8.126633e-01	0.090	no	NA
g13165	0.2306	8.126633e-01	0.090	no	NA
g14500	-0.5236	8.126633e-01	0.090	no	NA
g15653	-0.1991	8.126633e-01	0.090	no	Mitochondrial carnitine/acylcarnitine carrier protein
g6243	0.1894	8.126633e-01	0.090	no	Cytochrome b-c1 complex subunit 7-2, mitochondrial
g11706	-0.4053	8.126633e-01	0.090	no	NA
g3973	1.0860	8.126633e-01	0.090	no	Protocadherin Fat 4
g14056	0.1894	8.126633e-01	0.090	no	Penicillin V acylase
g15236	0.2578	8.126633e-01	0.090	no	Protein decapping 5
g8999	0.2942	8.126633e-01	0.090	no	DnaJ homolog subfamily B member 1
g11209	0.1899	8.126633e-01	0.090	no	NA
g2710	-0.2070	8.126653e-01	0.090	no	Nuclear migration protein nudC
g7108	0.1828	8.126653e-01	0.090	no	NA
g10296	-0.2378	8.134765e-01	0.090	no	Retrovirus-related Pol polyprotein from transposon RE2
g3167	0.1635	8.136792e-01	0.090	no	Methyl-CpG-binding domain-containing protein 9
g4594	0.2057	8.136792e-01	0.090	no	ER lumen protein-retaining receptor B
g5879	-0.3589	8.140506e-01	0.089	no	Bifunctional epoxide hydrolase 2
g165	0.1870	8.140506e-01	0.089	no	Probable serine/threonine-protein kinase J
g14839	-0.1836	8.140577e-01	0.089	no	RAC family serine/threonine-protein kinase homolog
g7684	-0.2005	8.142438e-01	0.089	no	Ragulator complex protein LAMTOR2
g9549	-0.2648	8.143800e-01	0.089	no	Transient receptor potential cation channel subfamily A member 1
g105	0.2098	8.145568e-01	0.089	no	Cyclin-dependent kinases regulatory subunit 1
g9871	0.2584	8.145568e-01	0.089	no	NA
g4606	-0.2742	8.145568e-01	0.089	no	Zinc-type alcohol dehydrogenase-like protein SE_1777
g6641	-0.4397	8.145568e-01	0.089	no	3-oxoacyl-[acyl-carrier-protein] reductase FabG
g7139	-0.2646	8.145568e-01	0.089	no	Histone-binding protein RBBP7
g9002	-0.2523	8.149867e-01	0.089	no	NA
g15820	0.3193	8.150674e-01	0.089	no	Autophagy-related protein 16
g10791	-0.2693	8.151905e-01	0.089	no	NA
g1472	-0.1926	8.151905e-01	0.089	no	Alternative squalene epoxidase
g9783	0.6602	8.151905e-01	0.089	no	NA
g7603	0.1919	8.151905e-01	0.089	no	9,11-endoperoxide prostaglandin H2 reductase
g5441	0.3350	8.151905e-01	0.089	no	Sterol 3-beta-glucosyltransferase
g1274	-0.2501	8.151905e-01	0.089	no	NA
g13117	-0.2021	8.151905e-01	0.089	no	Transcription elongation factor SPT6
g12629	0.4080	8.151905e-01	0.089	no	Tyrosine-protein phosphatase YVH1
g3074	0.1523	8.151905e-01	0.089	no	Hypoxia up-regulated protein 1
g106	-0.2802	8.151905e-01	0.089	no	NA
g4537	-0.2123	8.151905e-01	0.089	no	Zinc finger C2HC domain-containing protein 1B
g4682	0.1817	8.151905e-01	0.089	no	Serine/threonine-protein kinase/endoribonuclease IRE1
g10006	-0.2642	8.151905e-01	0.089	no	Protein STIP1 homolog
g16040	0.2998	8.151905e-01	0.089	no	DNA repair protein RAD5A
g15268	-0.1665	8.151905e-01	0.089	no	Mitochondrial succinate-fumarate transporter 1
g10646	0.2305	8.151905e-01	0.089	no	Amino acid transporter AVT1D
g12761	0.2117	8.151905e-01	0.089	no	NA
g6857	-0.2949	8.151905e-01	0.089	no	Sideroflexin-5
g7564	0.1559	8.151905e-01	0.089	no	Protein ENHANCED DISEASE RESISTANCE 2
g12183	-0.1434	8.151905e-01	0.089	no	Carnitine O-palmitoyltransferase 1, liver isoform
g56	-0.3542	8.151905e-01	0.089	no	Ribosomal RNA large subunit methyltransferase K/L
g1560	0.3779	8.152587e-01	0.089	no	Protein SYS1 homolog
g497	-0.2661	8.152587e-01	0.089	no	Galactose mutarotase
g7158	-0.3501	8.152587e-01	0.089	no	Putative acyl-CoA synthetase YngI
g13115	-0.2357	8.152587e-01	0.089	no	TLC domain-containing protein 4-A
g6231	-0.3258	8.152587e-01	0.089	no	NA
g12018	-0.6530	8.152587e-01	0.089	no	Mitogen-activated protein kinase 3
g9004	-0.2569	8.152849e-01	0.089	no	NA
g3711	0.1627	8.152857e-01	0.089	no	Large ribosomal subunit protein eL28
g5366	0.3445	8.152857e-01	0.089	no	NA
g15744	-0.1718	8.152857e-01	0.089	no	CCR4-NOT transcription complex subunit 7
g14881	0.1597	8.152857e-01	0.089	no	Putative anthocyanidin reductase
g6112	0.2014	8.155225e-01	0.089	no	NA
g6283	0.2033	8.157062e-01	0.088	no	NA
g11731	-0.3587	8.159934e-01	0.088	no	Peroxisomal adenine nucleotide transporter 1
g4060	-0.2477	8.161589e-01	0.088	no	NA
g10228	-0.2307	8.161589e-01	0.088	no	Protein-lysine N-methyltransferase efm3
g8366	0.2704	8.161589e-01	0.088	no	Protein MOS2
g15309	0.3667	8.161589e-01	0.088	no	NA
g10224	0.2127	8.161589e-01	0.088	no	Protein HIR1
g10360	0.2915	8.161589e-01	0.088	no	NA
g9516	-0.1411	8.161589e-01	0.088	no	14-3-3 protein homolog
g8655	-0.4773	8.161589e-01	0.088	no	Peptidyl-prolyl cis-trans isomerase-like 1
g7095	0.2013	8.161589e-01	0.088	no	Enhancer of polycomb homolog 1
g5456	0.1993	8.161589e-01	0.088	no	NA
g10555	0.1537	8.161589e-01	0.088	no	Putative protease Do-like 14
g1376	0.4152	8.161589e-01	0.088	no	NA
g182	-0.2737	8.161589e-01	0.088	no	Coiled-coil domain-containing protein 93
g3880	0.3244	8.161589e-01	0.088	no	tRNA (32-2'-O)-methyltransferase regulator THADA
g9578	0.1950	8.161589e-01	0.088	no	NA
g7998	-0.8323	8.161589e-01	0.088	no	Kinesin-like protein KIN-14I
g2758	-0.2462	8.161589e-01	0.088	no	Gastrulation defective protein 1 homolog
g12271	-0.1653	8.161589e-01	0.088	no	NA
g14440	0.2537	8.161589e-01	0.088	no	Cobalt/magnesium transport protein CorA
g7417	-0.3270	8.161589e-01	0.088	no	ATP synthase subunit alpha
g11910	-0.2008	8.161589e-01	0.088	no	NA
g9786	-0.1393	8.161589e-01	0.088	no	Serine hydroxymethyltransferase, mitochondrial
g3359	0.1831	8.161589e-01	0.088	no	U5 small nuclear ribonucleoprotein 200 kDa helicase
g7206	-0.2402	8.161589e-01	0.088	no	NA
g3092	0.2256	8.161589e-01	0.088	no	NA
g1096	-0.3475	8.161589e-01	0.088	no	FMN-dependent NADPH-azoreductase
g5011	0.2401	8.163568e-01	0.088	no	5-aminovalerate aminotransferase DavT
g2224	-0.1696	8.167443e-01	0.088	no	CTP synthase 1-A
g10096	0.3164	8.167443e-01	0.088	no	Enolase
g13670	-0.3940	8.171104e-01	0.088	no	Mitochondrial arginine transporter BAC2
g14608	-0.1483	8.173680e-01	0.088	no	Large ribosomal subunit protein eL8
g366	0.2454	8.173680e-01	0.088	no	NA
g3707	0.5033	8.173680e-01	0.088	no	EEF1A lysine methyltransferase 4
g14982	-0.4264	8.173680e-01	0.088	no	Vacuolar protein sorting-associated protein 25
g8485	0.2354	8.173680e-01	0.088	no	Enoyl-CoA delta isomerase 2
g2372	0.5466	8.178000e-01	0.087	no	NA
g5767	0.1695	8.178000e-01	0.087	no	GATOR2 complex protein WDR24
g1822	-0.2839	8.179585e-01	0.087	no	NA
g7135	0.3927	8.179585e-01	0.087	no	NA
g10821	-0.4093	8.179636e-01	0.087	no	Thiopurine S-methyltransferase
g2249	0.1657	8.180518e-01	0.087	no	Ubiquitin-like-conjugating enzyme ATG3
g5234	0.3382	8.180518e-01	0.087	no	Anaphase-promoting complex subunit 7
g7173	0.2702	8.180518e-01	0.087	no	Vesicle-trafficking protein SEC22b-B
g9724	-0.2697	8.180518e-01	0.087	no	NA
g10670	0.1962	8.183132e-01	0.087	no	NA
g14421	-0.1443	8.183774e-01	0.087	no	NA
g641	-0.1857	8.184353e-01	0.087	no	NA
g896	-0.3329	8.184353e-01	0.087	no	NA
g11756	0.1859	8.184353e-01	0.087	no	Centrosomal protein of 164 kDa
g3022	0.2879	8.184353e-01	0.087	no	Small ribosomal subunit protein uS3z
g6860	0.1571	8.184353e-01	0.087	no	Selenide, water dikinase
g6924	0.1695	8.186149e-01	0.087	no	Methylcrotonoyl-CoA carboxylase subunit alpha, mitochondrial
g1148	-0.7614	8.186149e-01	0.087	no	NA
g12687	-0.5167	8.188085e-01	0.087	no	NA
g2316	0.2872	8.188220e-01	0.087	no	Phosphoglycolate phosphatase
g5477	-0.3021	8.188220e-01	0.087	no	Persulfide dioxygenase ETHE1, mitochondrial
g9753	0.2093	8.188220e-01	0.087	no	Pyruvate dehydrogenase E1 component subunit beta
g6992	0.2762	8.188304e-01	0.087	no	NA
g7372	0.1388	8.190944e-01	0.087	no	Clathrin heavy chain 1
g7721	0.2752	8.196427e-01	0.086	no	Cyclin-Y-like protein 1
g1391	-0.1852	8.196427e-01	0.086	no	Anoctamin-10
g15373	-0.2878	8.196427e-01	0.086	no	Uncharacterized bolA-like protein C4B3.11c
g3318	0.4190	8.196427e-01	0.086	no	Tyrosyl-DNA phosphodiesterase 1
g14856	0.3676	8.203429e-01	0.086	no	E3 ubiquitin-protein ligase MIB2
g3108	-0.4995	8.204574e-01	0.086	no	NA
g1276	0.3852	8.210771e-01	0.086	no	NA
g6630	0.2157	8.215999e-01	0.085	no	Temptin
g6593	-0.1573	8.216456e-01	0.085	no	Extracellular signal-regulated kinase 1
g10733	-0.4697	8.216456e-01	0.085	no	NA
g9436	0.5606	8.216672e-01	0.085	no	NA
g9842	-0.1579	8.216672e-01	0.085	no	NA
g12	-0.1851	8.216672e-01	0.085	no	NA
g13444	-0.2246	8.216672e-01	0.085	no	Formaldehyde-sensing protein EfgA
g14103	0.3285	8.216672e-01	0.085	no	NA
g9042	0.2729	8.219042e-01	0.085	no	NA
g1159	-0.2543	8.221639e-01	0.085	no	NA
g14854	0.3195	8.225228e-01	0.085	no	NA
g1218	0.5159	8.225436e-01	0.085	no	Denticleless protein homolog
g9489	0.4912	8.225436e-01	0.085	no	NA
g8929	0.2963	8.225436e-01	0.085	no	Hsp70-Hsp90 organising protein
g15261	-0.2654	8.225436e-01	0.085	no	RNA cytosine C(5)-methyltransferase NSUN2
g5861	-0.2317	8.225436e-01	0.085	no	Protein polyglycylase TTLL10
g6701	0.3111	8.226310e-01	0.085	no	Nonsense-mediated mRNA decay factor SMG9
g6441	0.3089	8.226310e-01	0.085	no	NA
g13788	0.1706	8.226310e-01	0.085	no	Omega-amidase NIT2
g15927	-0.3068	8.226310e-01	0.085	no	NA
g8046	-0.4062	8.226310e-01	0.085	no	Mitochondrial ornithine transporter 1
g8361	0.2615	8.226310e-01	0.085	no	Ubiquitin carboxyl-terminal hydrolase 26
g9015	0.1585	8.226310e-01	0.085	no	Probable zinc transporter protein DDB_G0283629
g11697	0.2098	8.226310e-01	0.085	no	Probable protein kinase UbiB
g15918	-0.2213	8.226310e-01	0.085	no	Palmitoyltransferase ZDHHC3-A
g4834	0.2498	8.226310e-01	0.085	no	ATP-binding cassette sub-family D member 1
g11844	0.2043	8.226310e-01	0.085	no	Nuclear factor NF-kappa-B p105 subunit
g15886	0.3648	8.226310e-01	0.085	no	Aurora kinase
g6877	0.2123	8.226310e-01	0.085	no	NA
g14535	0.4609	8.226310e-01	0.085	no	NA
g15896	0.1926	8.226310e-01	0.085	no	Pyruvate carboxylase 1
g9880	0.1326	8.226310e-01	0.085	no	MICOS complex subunit MIC60
g10640	0.5438	8.226310e-01	0.085	no	Carboxymethylenebutenolidase homolog
g409	-0.2305	8.226310e-01	0.085	no	NA
g5558	-0.1719	8.226310e-01	0.085	no	Serine--tRNA ligase, cytoplasmic
g15855	0.1980	8.226310e-01	0.085	no	TBCC domain-containing protein 1
g4402	-0.4126	8.226310e-01	0.085	no	NA
g7083	-0.5923	8.226310e-01	0.085	no	Myosin-I heavy chain
g7469	-0.2013	8.226310e-01	0.085	no	NA
g11441	-0.3130	8.226310e-01	0.085	no	Exosome complex exonuclease RRP46 homolog
g1063	-0.6823	8.228950e-01	0.085	no	Outer dynein arm-docking complex subunit 3
g14877	-0.2444	8.228950e-01	0.085	no	Nucleolar and coiled-body phosphoprotein 1
g15808	-0.2771	8.235670e-01	0.084	no	Aminoacyl tRNA synthase complex-interacting multifunctional protein 1
g1198	0.3667	8.236534e-01	0.084	no	3-hydroxy-3-methylglutaryl-CoA lyase, cytoplasmic
g1784	0.2262	8.236534e-01	0.084	no	NA
g7284	0.1789	8.244893e-01	0.084	no	Diacylglycerol O-acyltransferase 1
g4082	-0.3826	8.244893e-01	0.084	no	NA
g16060	0.1970	8.244893e-01	0.084	no	Phenylalanine-4-hydroxylase
g14971	-0.1881	8.244943e-01	0.084	no	NA
g1780	0.2131	8.246035e-01	0.084	no	NA
g6390	0.2295	8.246452e-01	0.084	no	NA
g2818	0.1769	8.246452e-01	0.084	no	NA
g7553	-0.2474	8.246452e-01	0.084	no	Dynein light chain 1, cytoplasmic
g8680	0.4322	8.247547e-01	0.084	no	NA
g7386	0.3419	8.248078e-01	0.084	no	NA
g1926	0.1935	8.248078e-01	0.084	no	NA
g6174	0.2082	8.249294e-01	0.084	no	Large ribosomal subunit protein uL14A
g9947	0.3390	8.249294e-01	0.084	no	NA
g9975	0.1734	8.249294e-01	0.084	no	Vacuolar protein sorting-associated protein 27
g6041	0.3839	8.249294e-01	0.084	no	Histone-lysine N-methyltransferase, H3 lysine-37 specific
g12615	-0.1927	8.249294e-01	0.084	no	Coronin-7
g926	-0.3443	8.249294e-01	0.084	no	NA
g15882	-0.2264	8.249294e-01	0.084	no	Aurora kinase A
g4947	-0.2635	8.249294e-01	0.084	no	NA
g15294	0.2469	8.249294e-01	0.084	no	Medium-chain-fatty-acid--[acyl-carrier-protein] ligase JamA
g9732	0.2831	8.249294e-01	0.084	no	NA
g7716	-0.2622	8.249294e-01	0.084	no	NA
g4125	-0.2452	8.249294e-01	0.084	no	Translation initiation factor eIF2B subunit delta
g12324	0.3073	8.249294e-01	0.084	no	Vacuolar protein sorting-associated protein 41 homolog
g11618	-0.2394	8.249294e-01	0.084	no	Phosphomevalonate kinase, peroxisomal
g160	-0.2493	8.249294e-01	0.084	no	Dephospho-CoA kinase
g2503	0.3568	8.249294e-01	0.084	no	Putative cytochrome c peroxidase, mitochondrial
g4767	-0.3229	8.249294e-01	0.084	no	6-aminohexanoate-dimer hydrolase
g1006	0.2077	8.249294e-01	0.084	no	NA
g5482	-0.3396	8.249294e-01	0.084	no	Pyridoxal reductase, chloroplastic
g14112	0.3143	8.249294e-01	0.084	no	Arginine-hydroxylase NDUFAF5, mitochondrial
g5182	0.1726	8.254614e-01	0.083	no	Sulfite oxidase, mitochondrial
g1357	-0.4546	8.255682e-01	0.083	no	NA
g13386	0.1734	8.257258e-01	0.083	no	DNA helicase MCM8
g14574	0.1748	8.259279e-01	0.083	no	Glyoxalase I
g15161	-0.3194	8.260458e-01	0.083	no	Probable small nuclear ribonucleoprotein F
g12972	-0.2005	8.260458e-01	0.083	no	Pre-mRNA-splicing factor CWC21
g5207	0.4208	8.260458e-01	0.083	no	Myo-inositol 2-dehydrogenase
g4123	0.2066	8.260458e-01	0.083	no	Two-component system protein A
g10706	0.2875	8.264109e-01	0.083	no	Centromere protein I
g1653	0.1882	8.267096e-01	0.083	no	Serine/threonine protein phosphatase 2A 59 kDa regulatory subunit B' eta isoform
g3675	0.3370	8.267237e-01	0.083	no	NA
g5526	0.2058	8.269496e-01	0.083	no	NA
g2687	-0.1812	8.270562e-01	0.082	no	Kinesin-like protein KIF11-B
g6804	0.2271	8.270562e-01	0.082	no	Putative ATP-dependent RNA helicase C550.03c
g11435	0.3073	8.270562e-01	0.082	no	GPI mannosyltransferase 1
g10666	0.3883	8.270562e-01	0.082	no	NA
g6093	0.2305	8.277838e-01	0.082	no	Cathepsin Z
g10385	0.2439	8.282205e-01	0.082	no	Interferon-induced GTP-binding protein Mx1
g9812	-0.2519	8.282205e-01	0.082	no	NA
g4707	-0.2425	8.282205e-01	0.082	no	Protein GET4
g5254	-0.2503	8.282205e-01	0.082	no	Adenylylsulfatase HINT1
g9144	-0.1823	8.282205e-01	0.082	no	Flotillin-2
g9233	0.2131	8.282205e-01	0.082	no	SNW/SKI-interacting protein A
g12753	-0.3429	8.282205e-01	0.082	no	NA
g5280	-0.2317	8.282205e-01	0.082	no	NA
g12961	0.2507	8.282205e-01	0.082	no	NA
g1272	-0.3798	8.282205e-01	0.082	no	Heavy metal-associated isoprenylated plant protein 41
g15817	-0.4792	8.283372e-01	0.082	no	NA
g5199	0.3758	8.283647e-01	0.082	no	Cysteine-rich secretory protein LCCL domain-containing 2
g9180	-0.3151	8.283647e-01	0.082	no	NA
g15023	-0.2844	8.284272e-01	0.082	no	Vacuolar protein sorting-associated protein 4B
g12886	-0.4520	8.285504e-01	0.082	no	NA
g4755	0.5540	8.285504e-01	0.082	no	Extracellular calcium-sensing receptor
g3325	0.3659	8.285504e-01	0.082	no	Cell cycle checkpoint control protein RAD9A
g15604	-0.1683	8.289776e-01	0.081	no	Calreticulin
g3445	-0.2777	8.291180e-01	0.081	no	NA
g11246	-0.1814	8.292394e-01	0.081	no	Transcription factor BTF3 homolog 4
g13938	0.3117	8.295867e-01	0.081	no	NA
g8813	0.1440	8.297095e-01	0.081	no	NA
g8240	-0.2784	8.297095e-01	0.081	no	Phosphatidate phosphatase PAH2
g11428	0.2617	8.297095e-01	0.081	no	RNA polymerase II-associated protein 3
g10041	-0.2216	8.297095e-01	0.081	no	Long-chain-fatty-acid--CoA ligase ACSBG2
g2922	-0.2910	8.297095e-01	0.081	no	Chloronitrobenzene nitroreductase
g14548	0.3009	8.297158e-01	0.081	no	Peptide deformylase 2
g357	0.2644	8.297158e-01	0.081	no	Anaphase-promoting complex subunit 8
g2187	-0.2566	8.301695e-01	0.081	no	Protein BUD31 homolog 2
g2115	0.1600	8.301695e-01	0.081	no	Vacuolar basic amino acid transporter vsb1
g9586	0.4990	8.307183e-01	0.081	no	Coiled-coil domain-containing protein 77
g3256	-0.4929	8.307183e-01	0.081	no	Lewis-type alpha-(1,3)-fucosyltransferase
g15873	-0.3131	8.307183e-01	0.081	no	NA
g12187	-0.1692	8.307183e-01	0.081	no	Homeobox protein HAT3.1
g2762	0.5292	8.310896e-01	0.080	no	Ferredoxin-fold anticodon-binding domain-containing protein 1
g3810	-0.2126	8.310896e-01	0.080	no	N-acetylglucosaminyl-phosphatidylinositol de-N-acetylase
g536	0.2066	8.312665e-01	0.080	no	NA
g8678	-0.2216	8.312665e-01	0.080	no	NA
g11374	0.1926	8.312665e-01	0.080	no	NA
g15312	0.1577	8.312665e-01	0.080	no	Probable prolyl 4-hydroxylase 3
g2400	-0.1504	8.312665e-01	0.080	no	S-adenosylmethionine synthase 1
g15655	0.1882	8.312665e-01	0.080	no	NA
g3857	0.2728	8.312665e-01	0.080	no	LYR motif-containing protein 4
g5703	0.2054	8.312665e-01	0.080	no	Delta(14)-sterol reductase LBR
g8819	-0.3937	8.312665e-01	0.080	no	NA
g5761	-0.2566	8.313036e-01	0.080	no	Nucleolar protein 10
g2595	-0.2971	8.313568e-01	0.080	no	Frataxin, mitochondrial
g15297	0.4559	8.314470e-01	0.080	no	NA
g8188	-0.1890	8.323533e-01	0.080	no	NA
g7482	-0.3778	8.323739e-01	0.080	no	NA
g383	0.2074	8.324053e-01	0.080	no	NA
g9500	-0.5121	8.325210e-01	0.080	no	NA
g15853	-0.6375	8.325210e-01	0.080	no	NA
g3124	-0.1782	8.325727e-01	0.080	no	High mobility group protein B2
g2401	-0.2791	8.325727e-01	0.080	no	Transcription initiation factor TFIID subunit 13
g15438	-0.1720	8.325727e-01	0.080	no	Sodium/glucose cotransporter 1
g12802	0.5491	8.326307e-01	0.080	no	Trypsin delta
g2649	0.4065	8.326307e-01	0.080	no	NA
g11019	0.2037	8.326307e-01	0.080	no	Conserved oligomeric Golgi complex subunit 3
g11753	0.3725	8.329822e-01	0.079	no	NA
g10528	0.3977	8.333441e-01	0.079	no	Cinnamoyl-CoA reductase CAD2
g6757	0.1976	8.333441e-01	0.079	no	ATP-dependent zinc metalloprotease FtsH
g2015	0.2661	8.333441e-01	0.079	no	ABC transporter G family member 14
g5897	0.2072	8.333441e-01	0.079	no	Probable sphingolipid transporter spinster homolog 1
g5777	0.2878	8.333441e-01	0.079	no	NA
g10825	0.2124	8.333441e-01	0.079	no	NA
g1273	-0.2505	8.333441e-01	0.079	no	DNA repair endonuclease XPF
g11211	-0.4467	8.333441e-01	0.079	no	NA
g4663	0.2597	8.333441e-01	0.079	no	NA
g4401	0.1667	8.333441e-01	0.079	no	Histone acetyltransferase HAC12
g13524	0.1949	8.333441e-01	0.079	no	Tubby-related protein 2
g449	-0.3115	8.333441e-01	0.079	no	Probable hexaprenyl pyrophosphate synthase, mitochondrial
g12723	-0.3025	8.333441e-01	0.079	no	Very-long-chain 3-oxoacyl-CoA reductase
g4949	-0.3462	8.333441e-01	0.079	no	NA
g6475	0.4340	8.333441e-01	0.079	no	NA
g10402	-0.2524	8.333441e-01	0.079	no	Glucosamine-6-phosphate deaminase 2
g5448	-0.1468	8.333441e-01	0.079	no	Multifunctional protein CAD
g6942	-0.3625	8.333441e-01	0.079	no	3-dehydroquinate dehydratase
g13174	0.1881	8.333441e-01	0.079	no	Putative glycerol-3-phosphate transporter 1
g11855	-0.1659	8.333441e-01	0.079	no	Acrylyl-CoA reductase AcuI
g6585	0.1915	8.333441e-01	0.079	no	Protein TAPT1 homolog
g10932	-0.1758	8.333441e-01	0.079	no	Metacaspase III c
g8107	0.6015	8.333441e-01	0.079	no	cGMP-dependent protein kinase 1
g15365	0.3563	8.333441e-01	0.079	no	NA
g730	0.2106	8.333441e-01	0.079	no	5'-nucleotidase domain-containing protein 2
g9483	0.3161	8.333441e-01	0.079	no	NA
g3628	0.2640	8.333441e-01	0.079	no	Lipase
g14503	0.3099	8.333441e-01	0.079	no	NA
g6684	0.2260	8.333441e-01	0.079	no	Ubiquitin carboxyl-terminal hydrolase 4
g2233	-0.2124	8.333441e-01	0.079	no	Glutathione synthetase, chloroplastic
g7705	-0.4705	8.333441e-01	0.079	no	Centrosomal protein 20
g3354	-0.1942	8.333441e-01	0.079	no	NADH dehydrogenase [ubiquinone] 1 alpha subcomplex subunit 6
g7352	-0.1955	8.334914e-01	0.079	no	Probable alpha-1,6-mannosyltransferase MNN10
g12287	-0.1857	8.334914e-01	0.079	no	NA
g13991	0.2177	8.335406e-01	0.079	no	Methylated-DNA--protein-cysteine methyltransferase
g1013	-0.3288	8.335568e-01	0.079	no	NA
g3225	0.1960	8.336418e-01	0.079	no	NA
g15131	-0.1986	8.336879e-01	0.079	no	Serine/threonine-protein phosphatase CPPED1
g11686	0.2012	8.336879e-01	0.079	no	Abnormal spindle-like microcephaly-associated protein homolog
g9773	0.3313	8.336879e-01	0.079	no	uS5 assembly chaperone PDCD2
g11343	0.2443	8.336879e-01	0.079	no	3 beta-hydroxysteroid dehydrogenase/Delta 5-->4-isomerase
g3009	0.2202	8.336879e-01	0.079	no	NA
g6696	0.4154	8.336879e-01	0.079	no	Solute carrier family 61 member 1
g288	-0.1945	8.336879e-01	0.079	no	Centrosomal protein of 44 kDa
g13484	0.1468	8.336879e-01	0.079	no	Kinesin-like protein KIF13A
g4988	0.2215	8.336879e-01	0.079	no	NA
g4335	0.2186	8.337852e-01	0.079	no	NA
g1132	0.1865	8.338651e-01	0.079	no	Solute carrier family 61 member 1
g5040	0.1526	8.340342e-01	0.079	no	Glutarate-semialdehyde dehydrogenase
g14872	-0.4100	8.340846e-01	0.079	no	Phosphatidate cytidylyltransferase
g14317	0.1851	8.345253e-01	0.079	no	NA
g7335	-0.2071	8.346920e-01	0.078	no	Chaperone protein DnaJ
g2822	-0.2206	8.346920e-01	0.078	no	Polyadenylate-binding protein 1
g7233	0.2382	8.348653e-01	0.078	no	NA
g10653	0.2693	8.350842e-01	0.078	no	Gamma-tubulin complex component 3 homolog
g7420	-0.1837	8.352423e-01	0.078	no	Elongation factor Tu 2
g2296	0.2565	8.352423e-01	0.078	no	NA
g411	0.1952	8.352423e-01	0.078	no	NA
g6806	0.3550	8.352423e-01	0.078	no	Phosphatidylinositol N-acetylglucosaminyltransferase subunit Q
g1397	-0.2138	8.352423e-01	0.078	no	Histone-lysine N-methyltransferase SETD2
g14678	0.2325	8.352423e-01	0.078	no	NAD-dependent deacetylase sir2E
g2360	-0.3350	8.352423e-01	0.078	no	NA
g680	-0.2371	8.352423e-01	0.078	no	Nucleolar protein 12
g9150	0.2568	8.352423e-01	0.078	no	Ankyrin repeat domain-containing protein 55
g8487	0.2434	8.352423e-01	0.078	no	NA
g1654	-0.2151	8.352423e-01	0.078	no	Dual specificity protein phosphatase 7
g6161	-0.2442	8.352423e-01	0.078	no	FAD synthase
g11232	-0.3148	8.352423e-01	0.078	no	NA
g6963	0.2471	8.352423e-01	0.078	no	Ras-related protein Rab-2-B
g8029	-0.2264	8.352423e-01	0.078	no	Zinc-regulated GTPase metalloprotein activator 1
g8776	0.2326	8.352423e-01	0.078	no	Protein N-lysine methyltransferase METTL21A
g10750	0.2079	8.357680e-01	0.078	no	Myosin-M heavy chain
g15232	0.1878	8.359345e-01	0.078	no	Protein kinase and PP2C-like domain-containing protein
g15301	0.2084	8.360491e-01	0.078	no	Amino acid transporter AVT6B
g12563	-0.1585	8.364086e-01	0.078	no	NA
g14113	0.2084	8.364086e-01	0.078	no	Nicotinate phosphoribosyltransferase
g2136	0.2549	8.364086e-01	0.078	no	Myosin light chain kinase A
g5236	-0.2092	8.364086e-01	0.078	no	NA
g4554	-0.4382	8.367633e-01	0.077	no	Dynein axonemal assembly factor 1 homolog
g2556	-0.2273	8.372261e-01	0.077	no	PWI domain-containing protein C825.05c
g6655	-0.4359	8.372261e-01	0.077	no	NA
g4937	-0.3877	8.372261e-01	0.077	no	NA
g5701	0.3622	8.373837e-01	0.077	no	p21-activated protein kinase-interacting protein 1-like
g10668	0.2252	8.373906e-01	0.077	no	Adenosylmethionine-8-amino-7-oxononanoate aminotransferase
g15989	-0.1729	8.373906e-01	0.077	no	NA
g10734	-0.1844	8.373906e-01	0.077	no	Clavatol oxidase claD
g3392	0.2561	8.373906e-01	0.077	no	Pre-mRNA-splicing factor cwf2
g3270	-0.3644	8.373906e-01	0.077	no	NA
g5327	-0.2664	8.373906e-01	0.077	no	Glycine--tRNA ligase
g10620	1.0254	8.373906e-01	0.077	no	Probable protein phosphatase 2C 48
g2784	0.1996	8.373906e-01	0.077	no	NA
g15308	-0.2899	8.374625e-01	0.077	no	NA
g748	0.2813	8.374625e-01	0.077	no	Mitochondrial magnesium exporter 1
g9204	0.4548	8.374625e-01	0.077	no	Probable 5-formyltetrahydrofolate cyclo-ligase
g605	-0.4175	8.374625e-01	0.077	no	NA
g1953	0.1891	8.374771e-01	0.077	no	Small ribosomal subunit protein RACK1
g8347	-0.2166	8.374771e-01	0.077	no	NA
g1069	-0.3009	8.375720e-01	0.077	no	NA
g14733	0.3560	8.386513e-01	0.076	no	Inositol oxygenase 2
g13946	-0.1705	8.387040e-01	0.076	no	Succinate-semialdehyde dehydrogenase [NADP(+)]
g6686	0.1747	8.388144e-01	0.076	no	NA
g5429	0.1508	8.389324e-01	0.076	no	LIMR family protein DDB_G0293610
g14547	-0.5342	8.390159e-01	0.076	no	Dynamin-A
g11005	0.3186	8.391242e-01	0.076	no	ATP-binding cassette sub-family G member 1
g8936	0.4001	8.391242e-01	0.076	no	Putative exosome complex exonuclease RRP42
g6987	-0.1801	8.391242e-01	0.076	no	Uncharacterized transporter C323.07c
g11766	0.2936	8.391242e-01	0.076	no	NA
g15591	0.2272	8.391242e-01	0.076	no	Glycoprotein-N-acetylgalactosamine 3-beta-galactosyltransferase 1
g4195	0.1707	8.393474e-01	0.076	no	E3 ubiquitin-protein ligase RNF128
g12880	0.2950	8.393474e-01	0.076	no	NA
g14978	-0.2957	8.393474e-01	0.076	no	NA
g12796	0.2270	8.393474e-01	0.076	no	Trypsin I-P1
g9721	0.1293	8.393980e-01	0.076	no	Vacuolar proton translocating ATPase 100 kDa subunit
g5444	0.1620	8.393980e-01	0.076	no	Ubiquitin-activating enzyme E1 1
g2991	0.1776	8.393980e-01	0.076	no	Peroxiredoxin-6
g4013	-0.1688	8.394087e-01	0.076	no	3-ketoacyl-CoA thiolase A, peroxisomal
g3184	0.2617	8.394087e-01	0.076	no	NA
g14178	-0.2991	8.396067e-01	0.076	no	Centromere protein N-B
g9908	0.1922	8.396521e-01	0.076	no	Heterogeneous nuclear ribonucleoprotein 1
g13470	0.2108	8.398400e-01	0.076	no	NA
g10913	-0.3467	8.403199e-01	0.076	no	Smad nuclear-interacting protein 1
g9456	-0.1881	8.403199e-01	0.076	no	HVA22-like protein c
g12838	-0.2202	8.406079e-01	0.075	no	NA
g8912	-0.1473	8.406079e-01	0.075	no	NA
g13578	0.3701	8.407909e-01	0.075	no	NA
g8292	-0.2583	8.411554e-01	0.075	no	NA
g1835	0.1983	8.413597e-01	0.075	no	Signal peptide peptidase-like 4
g10071	0.1612	8.413597e-01	0.075	no	Myosin-2
g15816	0.3907	8.415166e-01	0.075	no	NA
g8558	0.2764	8.415166e-01	0.075	no	DNA mismatch repair protein msh2
g11207	-0.3714	8.415604e-01	0.075	no	NA
g10086	0.1814	8.415604e-01	0.075	no	Calcium-dependent protein kinase 7
g1176	0.2149	8.417351e-01	0.075	no	Large ribosomal subunit protein uL10
g14379	0.3761	8.417351e-01	0.075	no	NA
g2622	-0.3369	8.417370e-01	0.075	no	NA
g5428	0.3274	8.418421e-01	0.075	no	Beta-carotene hydroxylase 1, chloroplastic
g10996	-0.1784	8.418421e-01	0.075	no	RNA polymerase-associated protein LEO1
g10764	-0.1474	8.418421e-01	0.075	no	Rho-related protein rac1B
g15688	0.1454	8.418421e-01	0.075	no	NA
g6447	0.2548	8.418421e-01	0.075	no	NA
g9179	-0.1856	8.418421e-01	0.075	no	NA
g15251	-0.2867	8.420243e-01	0.075	no	Lipid scramblase CLPTM1L
g16037	0.1852	8.423922e-01	0.074	no	Sec1 family domain-containing protein 1
g3437	0.2156	8.423922e-01	0.074	no	Probable transport protein MmpL10
g15375	0.2055	8.428352e-01	0.074	no	DExH-box ATP-dependent RNA helicase DExH16, mitochondrial
g2046	0.1836	8.428643e-01	0.074	no	NA
g7149	0.2364	8.437168e-01	0.074	no	NA
g31	0.5287	8.441259e-01	0.074	no	NA
g4382	-0.1635	8.441259e-01	0.074	no	Plasminogen receptor (KT)
g14633	-0.2015	8.441259e-01	0.074	no	Lysosomal acid phosphatase
g4993	-0.2355	8.441259e-01	0.074	no	Uncharacterized protein Rv1290c
g1084	0.1786	8.441259e-01	0.074	no	L-threonine 3-dehydrogenase, mitochondrial
g10391	-0.6510	8.441259e-01	0.074	no	NA
g5027	0.1866	8.442107e-01	0.074	no	D-amino acid dehydrogenase
g6751	-0.2015	8.442107e-01	0.074	no	NA
g9935	0.3260	8.442107e-01	0.074	no	Pumilio homolog 6, chloroplastic
g3616	0.3356	8.446691e-01	0.073	no	cAMP-dependent protein kinase regulatory subunit
g15064	0.2236	8.449112e-01	0.073	no	Kinesin-like protein KIN-14R
g4575	-0.2191	8.449112e-01	0.073	no	NA
g8730	-0.1541	8.449112e-01	0.073	no	SUMO-conjugating enzyme ubc9
g13761	0.3117	8.449112e-01	0.073	no	NA
g14203	-0.1687	8.451981e-01	0.073	no	Exportin-5
g13705	-0.1660	8.453158e-01	0.073	no	Kinesin-related protein 3
g15237	-0.2986	8.453158e-01	0.073	no	NA
g1533	0.1370	8.456743e-01	0.073	no	NA
g11436	-0.2061	8.456743e-01	0.073	no	Superoxide dismutase [Cu-Zn] 4AP
g9728	0.2557	8.456743e-01	0.073	no	NA
g10149	0.1570	8.456743e-01	0.073	no	Nucleolar GTP-binding protein 2
g2549	0.2648	8.456743e-01	0.073	no	Sodium/potassium/calcium exchanger 1
g6372	0.3671	8.456743e-01	0.073	no	Ferric reduction oxidase 7, chloroplastic
g8498	0.1748	8.456743e-01	0.073	no	Short transient receptor potential channel 4-associated protein
g13552	-0.1865	8.456743e-01	0.073	no	NA
g2355	-0.2740	8.456743e-01	0.073	no	Curved DNA-binding protein
g12502	-0.2738	8.456743e-01	0.073	no	Leucyl/phenylalanyl-tRNA--protein transferase
g3000	0.1801	8.456743e-01	0.073	no	THO complex subunit 1
g1331	0.1991	8.456975e-01	0.073	no	NA
g5935	0.1772	8.459283e-01	0.073	no	Katanin-interacting protein
g3001	-0.3076	8.461745e-01	0.073	no	DCN1-like protein 3
g14948	-0.2270	8.462620e-01	0.072	no	NA
g10321	0.1979	8.467162e-01	0.072	no	NA
g6486	0.1639	8.467162e-01	0.072	no	2-amino-3-ketobutyrate coenzyme A ligase, mitochondrial
g9213	-0.1509	8.473543e-01	0.072	no	Large ribosomal subunit protein bL19
g1865	0.3305	8.477022e-01	0.072	no	WD repeat-containing protein 74
g2412	0.1833	8.477099e-01	0.072	no	NA
g12258	0.1450	8.477624e-01	0.072	no	NA
g6394	0.2392	8.477624e-01	0.072	no	Surfeit locus protein 1
g9425	0.3056	8.478059e-01	0.072	no	Protein-L-histidine N-pros-methyltransferase
g9069	0.3614	8.478295e-01	0.072	no	Dynein-1-alpha heavy chain, flagellar inner arm I1 complex
g10899	-0.1969	8.478295e-01	0.072	no	Polycystin-2-like protein 1
g10221	0.9027	8.478350e-01	0.072	no	NA
g15668	-0.1338	8.478350e-01	0.072	no	Neutral endopeptidase
g4380	0.1731	8.480365e-01	0.072	no	von Willebrand factor A domain-containing protein 8
g375	-0.3701	8.480365e-01	0.072	no	Carbohydrate sulfotransferase 15
g11135	0.1944	8.481816e-01	0.072	no	NA
g4333	-0.3622	8.481816e-01	0.072	no	NA
g3245	0.2418	8.483337e-01	0.071	no	Probable RNA 3'-terminal phosphate cyclase-like protein
g11003	0.1990	8.483337e-01	0.071	no	Mitochondrial import inner membrane translocase subunit Tim13
g7610	-0.3056	8.483953e-01	0.071	no	NA
g2448	-0.4011	8.483953e-01	0.071	no	NA
g4551	0.4200	8.485024e-01	0.071	no	NA
g13668	-0.3466	8.485024e-01	0.071	no	NA
g11047	0.2076	8.492839e-01	0.071	no	NA
g15457	-0.1361	8.502897e-01	0.070	no	NA
g8882	-0.1599	8.502897e-01	0.070	no	G-type lectin S-receptor-like serine/threonine-protein kinase RLK1
g10313	0.2172	8.507143e-01	0.070	no	H/ACA ribonucleoprotein complex non-core subunit NAF1
g695	0.2002	8.507977e-01	0.070	no	NA
g9066	0.2588	8.507977e-01	0.070	no	Probable carbohydrate esterase At4g34215
g1201	0.2404	8.507977e-01	0.070	no	Ubiquitin fusion degradation protein 1 B
g11296	-0.4556	8.507977e-01	0.070	no	NA
g5093	-0.1899	8.510398e-01	0.070	no	Methenyltetrahydrofolate cyclohydrolase
g11359	-0.3801	8.515987e-01	0.070	no	Ankyrin repeat domain-containing protein 16
g10017	0.1464	8.517533e-01	0.070	no	[Skp1-protein]-hydroxyproline N-acetylglucosaminyltransferase
g5875	0.6081	8.517533e-01	0.070	no	NA
g10593	0.3299	8.517533e-01	0.070	no	Mitochondrial substrate carrier family protein S
g3173	0.2030	8.517533e-01	0.070	no	NA
g12851	-0.3406	8.517533e-01	0.070	no	Putative exosome complex component rrp40
g2798	0.3296	8.517533e-01	0.070	no	NA
g14441	-0.4096	8.517533e-01	0.070	no	NA
g15813	-0.2784	8.517533e-01	0.070	no	NA
g13972	-0.2196	8.518562e-01	0.070	no	Importin subunit alpha-1b
g12041	-0.4541	8.518562e-01	0.070	no	NA
g10787	-0.2354	8.518562e-01	0.070	no	NA
g2229	0.4690	8.518562e-01	0.070	no	NA
g10722	0.2391	8.518562e-01	0.070	no	Clustered mitochondria protein homolog
g4323	-0.2939	8.518562e-01	0.070	no	NA
g1986	-0.3111	8.518562e-01	0.070	no	DNA-dependent metalloprotease WSS1
g4911	-0.6782	8.518562e-01	0.070	no	EF-hand domain-containing protein 1
g2972	0.2736	8.518562e-01	0.070	no	L-2-hydroxyglutarate dehydrogenase
g12207	-0.3471	8.518562e-01	0.070	no	NA
g8909	0.3773	8.518562e-01	0.070	no	NA
g5763	0.1617	8.518562e-01	0.070	no	NA
g833	-0.2955	8.518562e-01	0.070	no	NA
g9384	0.1920	8.518562e-01	0.070	no	tRNA-dihydrouridine(20) synthase [NAD(P)+]-like
g10442	-0.2527	8.518562e-01	0.070	no	NA
g110	-0.6230	8.518562e-01	0.070	no	NA
g3916	-0.2192	8.518562e-01	0.070	no	Trafficking protein particle complex subunit 5
g11332	-0.1876	8.518562e-01	0.070	no	DNA polymerase delta subunit 3
g5148	0.1731	8.519304e-01	0.070	no	NA
g12189	0.3165	8.522289e-01	0.069	no	NA
g6994	-0.5227	8.525459e-01	0.069	no	Protein unc-119
g9787	0.2104	8.525459e-01	0.069	no	GPI-anchor transamidase component PIGT
g13575	0.1589	8.525459e-01	0.069	no	Mitogen-activated protein kinase kinase kinase ANP1
g9709	-0.2402	8.526951e-01	0.069	no	UDP-sugar pyrophospharylase
g6074	0.1835	8.527107e-01	0.069	no	NA
g14539	-0.2924	8.527107e-01	0.069	no	Tubby-related protein 3
g6427	0.2795	8.527107e-01	0.069	no	Lysine-specific demethylase JMJ30
g11772	0.9466	8.527107e-01	0.069	no	Telomerase protein component 1
g503	0.2883	8.529615e-01	0.069	no	Acrosin
g5328	-0.1616	8.529615e-01	0.069	no	F-box protein At3g54460
g14890	0.2788	8.531199e-01	0.069	no	NA
g9860	-0.4212	8.531199e-01	0.069	no	NA
g11044	0.1701	8.531199e-01	0.069	no	NA
g10130	-0.1681	8.532191e-01	0.069	no	NA
g8510	-0.1899	8.532191e-01	0.069	no	tRNA pseudouridine(38/39) synthase
g11946	-0.2670	8.532191e-01	0.069	no	Peroxisomal membrane protein PMP34
g11764	0.2015	8.532191e-01	0.069	no	NA
g33	0.6071	8.532191e-01	0.069	no	Kinesin-like protein KIN-14E
g4973	-0.4789	8.532191e-01	0.069	no	Mite allergen Der f 3
g15522	0.4372	8.532191e-01	0.069	no	Release factor glutamine methyltransferase
g1613	-0.3696	8.532191e-01	0.069	no	NA
g13640	-0.4187	8.532191e-01	0.069	no	Phosphatidylinositol-3,5-bisphosphate 3-phosphatase MTMR2
g4717	0.2567	8.532191e-01	0.069	no	Progesterone-induced-blocking factor 1
g10145	-0.2193	8.532191e-01	0.069	no	Riboflavin kinase
g4003	-0.1837	8.532191e-01	0.069	no	NA
g5256	0.4282	8.532191e-01	0.069	no	NA
g5915	-0.4037	8.538838e-01	0.069	no	NA
g14136	0.2692	8.538838e-01	0.069	no	NA
g1628	0.4890	8.538838e-01	0.069	no	NA
g3989	-0.1594	8.538838e-01	0.069	no	Uncharacterized protein C119.09c
g14450	0.1667	8.538838e-01	0.069	no	DNA-directed RNA polymerase III subunit RPC3
g3945	-0.2308	8.542619e-01	0.068	no	NA
g5667	-0.1408	8.542619e-01	0.068	no	Nipped-B-like protein
g11909	-0.3101	8.542619e-01	0.068	no	NA
g8645	0.1506	8.542816e-01	0.068	no	NA
g7118	0.2794	8.548666e-01	0.068	no	Sodium-coupled neutral amino acid transporter 7
g7013	0.2853	8.548666e-01	0.068	no	Uncharacterized protein C57A10.07
g11786	-0.1376	8.548666e-01	0.068	no	Nuclear envelope integral membrane protein 2
g8919	-0.2350	8.550407e-01	0.068	no	NA
g12819	-0.2736	8.552443e-01	0.068	no	Nucleolar MIF4G domain-containing protein 1
g15128	-0.2663	8.552443e-01	0.068	no	NA
g11738	0.3799	8.552443e-01	0.068	no	Protein GAMETOPHYTE DEFECTIVE 1
g9868	0.1857	8.553084e-01	0.068	no	Pyruvate dehydrogenase E1 component subunit alpha-1, mitochondrial
g12445	-0.2190	8.553084e-01	0.068	no	Probable DNA-directed RNA polymerase I subunit RPA2
g7161	-0.3150	8.553819e-01	0.068	no	NA
g10589	0.1410	8.553819e-01	0.068	no	Putative 1-phosphatidylinositol-3-phosphate 5-kinase FAB1C
g9352	-0.1908	8.554906e-01	0.068	no	Valine--tRNA ligase, mitochondrial 1
g4720	0.2972	8.555881e-01	0.068	no	NA
g2045	-0.3230	8.557368e-01	0.068	no	Histone-lysine N-methyltransferase SMYD3
g2126	-0.2120	8.559347e-01	0.068	no	Phosphatidylinositol 4-kinase gamma 4
g1987	0.3072	8.559347e-01	0.068	no	NA
g15317	-0.1572	8.559347e-01	0.068	no	Mitochondrial import inner membrane translocase subunit TIM50
g3863	0.2150	8.559347e-01	0.068	no	G1/S-specific cyclin-E
g5481	-0.3553	8.559347e-01	0.068	no	Nuclease 1, mitochondrial
g6663	0.3903	8.560985e-01	0.067	no	Protein GLUTELIN PRECURSOR ACCUMULATION 3
g14117	-0.4531	8.562352e-01	0.067	no	NA
g7595	-0.1398	8.562352e-01	0.067	no	Short-chain dehydrogenase TIC 32, chloroplastic
g8693	-0.6120	8.562352e-01	0.067	no	NA
g3451	0.1237	8.562352e-01	0.067	no	NA
g3507	0.1482	8.562352e-01	0.067	no	Biotin synthase, mitochondrial
g13003	0.2430	8.562352e-01	0.067	no	Acyl-coenzyme A thioesterase 8
g1530	0.1664	8.563012e-01	0.067	no	GPI mannosyltransferase 4
g4671	-0.2460	8.563012e-01	0.067	no	NA
g14981	-0.2324	8.563012e-01	0.067	no	Translin
g15034	0.2028	8.563012e-01	0.067	no	Beta-hexosaminidase 1
g14922	0.2378	8.563012e-01	0.067	no	NA
g7250	0.3293	8.563012e-01	0.067	no	Beta-1,4-galactosyltransferase 4
g3917	0.3809	8.563012e-01	0.067	no	Cytoplasmic dynein 2 heavy chain 1
g10877	-0.1903	8.563012e-01	0.067	no	Phosphoglycerate mutase-like protein AT74H
g6100	0.1884	8.563012e-01	0.067	no	AP-1 complex subunit sigma-2
g5819	-0.1624	8.563012e-01	0.067	no	Developmentally-regulated G protein 1
g10066	0.2017	8.563012e-01	0.067	no	Metabotropic glutamate receptor-like protein F
g13230	0.3303	8.563012e-01	0.067	no	NA
g11707	-0.1534	8.563012e-01	0.067	no	NA
g4179	0.4388	8.563012e-01	0.067	no	Uncharacterized protein YwbO
g11940	0.1403	8.563012e-01	0.067	no	NA
g1343	0.1387	8.563012e-01	0.067	no	Polyunsaturated fatty acid synthase subunit C
g14562	0.1616	8.563012e-01	0.067	no	UDP-glucose 6-dehydrogenase 2
g3960	0.1885	8.563012e-01	0.067	no	Putative polyketide hydroxylase
g10924	-0.2556	8.564160e-01	0.067	no	KRR1 small subunit processome component homolog
g8578	-0.1875	8.564160e-01	0.067	no	NA
g1601	0.3112	8.564160e-01	0.067	no	DNA polymerase kappa
g11842	0.4035	8.564160e-01	0.067	no	Glutathione-specific gamma-glutamylcyclotransferase 1
g2258	0.1332	8.564160e-01	0.067	no	V-type proton ATPase 16 kDa proteolipid subunit c
g8390	0.1775	8.564160e-01	0.067	no	Tubby-related protein 2
g6164	0.1662	8.564160e-01	0.067	no	NA
g6600	0.1244	8.564160e-01	0.067	no	Tubulin tyrosine ligase 3
g4567	0.1517	8.564160e-01	0.067	no	Glucosidase 2 subunit beta
g11665	-0.1860	8.564160e-01	0.067	no	Cleavage and polyadenylation specificity factor subunit 1
g2805	-0.2058	8.564160e-01	0.067	no	Ubiquitin-conjugating enzyme E2 27
g6208	-0.3275	8.564160e-01	0.067	no	NA
g9723	0.2287	8.564160e-01	0.067	no	Flap endonuclease 1
g14328	0.4346	8.564160e-01	0.067	no	NA
g9115	-0.3727	8.564160e-01	0.067	no	NA
g6315	-0.2317	8.564160e-01	0.067	no	Keratocan
g6605	0.2335	8.564160e-01	0.067	no	Nucleolar protein 6
g13727	0.1536	8.564160e-01	0.067	no	Peroxisome biogenesis protein 5
g9877	-0.4098	8.564160e-01	0.067	no	E3 ubiquitin-protein ligase FANCL
g13173	0.1614	8.564160e-01	0.067	no	Kelch-like protein 26
g12917	0.1618	8.564160e-01	0.067	no	Probable protein kinase UbiB
g5791	-0.6289	8.566737e-01	0.067	no	Tiny macrocysts protein B
g9928	-0.1828	8.566737e-01	0.067	no	NA
g14206	-0.2379	8.566737e-01	0.067	no	NA
g6839	-0.1650	8.566737e-01	0.067	no	Pirin-like protein CC_3178
g15203	0.2854	8.566737e-01	0.067	no	NA
g4371	0.2362	8.571169e-01	0.067	no	RAD50-interacting protein 1
g3811	-0.3750	8.571169e-01	0.067	no	NA
g15935	-0.1501	8.571169e-01	0.067	no	NA
g11049	-0.1397	8.571169e-01	0.067	no	H/ACA ribonucleoprotein complex subunit DKC1
g14193	0.3249	8.571433e-01	0.067	no	NA
g13884	-0.2457	8.577225e-01	0.067	no	NA
g15175	-0.4410	8.578640e-01	0.067	no	Peptidyl-prolyl cis-trans isomerase A
g7056	-0.2725	8.578640e-01	0.067	no	Chromatin modification-related protein YNG2
g2698	0.1618	8.578640e-01	0.067	no	Small ribosomal subunit protein uS7
g13519	0.1892	8.580851e-01	0.066	no	NA
g12664	-0.1750	8.580851e-01	0.066	no	ATP phosphoribosyltransferase
g4398	0.1537	8.580851e-01	0.066	no	Histone acetyltransferase HAC12
g9810	-0.2018	8.580851e-01	0.066	no	Iron-sulfur clusters transporter ABCB7, mitochondrial
g5559	-0.2233	8.580851e-01	0.066	no	DEAD-box ATP-dependent RNA helicase 17
g5316	0.1432	8.583557e-01	0.066	no	NA
g4538	0.1947	8.584901e-01	0.066	no	Phospholipase D zeta 1
g5238	0.1567	8.584901e-01	0.066	no	Autophagy-related protein 9
g1737	0.2022	8.584901e-01	0.066	no	Malonate-semialdehyde dehydrogenase 2
g12921	-0.1983	8.584901e-01	0.066	no	NA
g10192	-0.3835	8.584901e-01	0.066	no	Omega-hydroxy-beta-dihydromenaquinone-9 sulfotransferase Stf3
g14544	0.2171	8.584901e-01	0.066	no	NA
g8548	0.1833	8.584901e-01	0.066	no	Probable transporter MCH1
g10587	0.1824	8.584901e-01	0.066	no	NA
g10685	0.4349	8.584901e-01	0.066	no	NA
g12834	-0.3879	8.584901e-01	0.066	no	NA
g3986	-0.1933	8.584901e-01	0.066	no	NA
g14486	0.1454	8.584901e-01	0.066	no	Dye-decolorizing peroxidase
g8875	0.2102	8.584901e-01	0.066	no	FK506-binding protein 1
g12866	0.2741	8.584901e-01	0.066	no	Protein VACUOLELESS1
g9948	-0.1476	8.584901e-01	0.066	no	Pescadillo homolog
g3049	0.2233	8.584901e-01	0.066	no	2-methylene-furan-3-one reductase
g8482	0.4312	8.584901e-01	0.066	no	NA
g10569	-0.1527	8.584901e-01	0.066	no	Quinone oxidoreductase
g6799	-0.1706	8.584901e-01	0.066	no	Chaperone protein DnaJ
g6849	-0.2719	8.584901e-01	0.066	no	Aspartyl/asparaginyl beta-hydroxylase
g5604	0.1932	8.584901e-01	0.066	no	Protein phosphatase 2C homolog 1
g12662	0.2710	8.584901e-01	0.066	no	NA
g14358	0.1369	8.584901e-01	0.066	no	SWI/SNF-related matrix-associated actin-dependent regulator of chromatin subfamily A member 5
g11156	0.1868	8.584901e-01	0.066	no	NA
g6313	0.2624	8.584901e-01	0.066	no	NA
g189	0.2978	8.584901e-01	0.066	no	NA
g14946	0.2360	8.584901e-01	0.066	no	Protein FORGETTER 1
g4010	0.2087	8.584901e-01	0.066	no	NA
g1041	-0.3533	8.584901e-01	0.066	no	Hydroxylysine kinase
g12699	-0.2184	8.584901e-01	0.066	no	L-galactono-1,4-lactone dehydrogenase 1, mitochondrial
g4208	0.2187	8.584901e-01	0.066	no	Glutaminase kidney isoform, mitochondrial
g1729	-0.2735	8.584901e-01	0.066	no	NA
g13266	-0.3602	8.584901e-01	0.066	no	RPA-interacting protein A
g7102	0.1889	8.584901e-01	0.066	no	NA
g12495	-0.1538	8.584901e-01	0.066	no	Kinesin-like protein KIF15
g15805	-0.5802	8.584901e-01	0.066	no	Tubby protein homolog
g14769	0.1417	8.584901e-01	0.066	no	Type-2 histone deacetylase 2
g7899	-0.5546	8.584901e-01	0.066	no	Probable formate transporter
g9711	0.1482	8.584901e-01	0.066	no	Aflatoxin B1 aldehyde reductase member 2
g7001	-0.1332	8.584901e-01	0.066	no	Large ribosomal subunit protein P1
g8564	-0.2351	8.584901e-01	0.066	no	Solute carrier family 68 member 1
g8766	0.2201	8.584901e-01	0.066	no	Chromosome transmission fidelity protein 18 homolog
g14491	-0.3044	8.584901e-01	0.066	no	Gamma-secretase subunit Aph-1b
g1818	-0.2308	8.584901e-01	0.066	no	Dol-P-Man:Man(5)GlcNAc(2)-PP-Dol alpha-1,3-mannosyltransferase
g10592	0.1754	8.584901e-01	0.066	no	ATP-dependent zinc metalloprotease FTSH 5, mitochondrial
g1356	0.6032	8.588398e-01	0.066	no	Radial spoke head 10 homolog B
g4127	0.2025	8.588892e-01	0.066	no	Minichromosome loss protein 1
g4660	-0.2995	8.588930e-01	0.066	no	NA
g452	0.2954	8.588930e-01	0.066	no	Succinate dehydrogenase assembly factor 1A, mitochondrial
g5851	-0.1470	8.588930e-01	0.066	no	NA
g1505	0.1853	8.590701e-01	0.066	no	Phosphatidylinositol-3-phosphatase SAC1
g9434	0.2724	8.591628e-01	0.066	no	Lysosomal dipeptide transporter MFSD1
g4866	0.1524	8.595054e-01	0.066	no	Large ribosomal subunit protein eL13
g6129	0.1414	8.595920e-01	0.066	no	Sec14 cytosolic factor
g14984	0.1326	8.597329e-01	0.066	no	Cell division control protein 25
g12872	0.3269	8.597329e-01	0.066	no	NA
g5854	-0.1323	8.598386e-01	0.066	no	Ran-specific GTPase-activating protein 1
g5927	-0.3869	8.599292e-01	0.066	no	Tyrosyl-DNA phosphodiesterase 2
g150	-0.2790	8.599292e-01	0.066	no	NA
g3490	-0.3632	8.599535e-01	0.066	no	NA
g2555	0.1163	8.609153e-01	0.065	no	Very-long-chain (3R)-3-hydroxyacyl-CoA dehydratase hpo-8
g4256	-0.4445	8.610817e-01	0.065	no	NA
g11233	-0.2011	8.610817e-01	0.065	no	NA
g5623	-0.2309	8.611826e-01	0.065	no	Poly [ADP-ribose] polymerase 1
g14531	-0.3629	8.612297e-01	0.065	no	Trafficking protein particle complex subunit 4
g9780	0.4037	8.620461e-01	0.064	no	Protein O-linked-mannose beta-1,2-N-acetylglucosaminyltransferase 1
g15466	-0.2094	8.620667e-01	0.064	no	Postreplication repair E3 ubiquitin-protein ligase RAD18
g7216	0.1679	8.620667e-01	0.064	no	NKAP-like protein
g5707	-0.2807	8.620667e-01	0.064	no	Cell division control protein 2 homolog
g4859	-0.3377	8.620667e-01	0.064	no	NA
g571	0.1721	8.620667e-01	0.064	no	Probable calcium-binding protein CML13
g14908	-0.2313	8.620667e-01	0.064	no	Glutamate 5-kinase
g7324	-0.2099	8.620667e-01	0.064	no	NA
g1080	-0.1938	8.623056e-01	0.064	no	NA
g1164	-0.3322	8.623056e-01	0.064	no	NA
g14957	0.1702	8.623056e-01	0.064	no	Sorting nexin-11
g434	-0.1918	8.623056e-01	0.064	no	Peptidyl-prolyl cis-trans isomerase FKBP12
g4389	0.2402	8.623056e-01	0.064	no	Dolichyl-phosphate beta-glucosyltransferase
g930	-0.1454	8.623423e-01	0.064	no	26S proteasome regulatory subunit 6A homolog
g2421	-0.2627	8.624187e-01	0.064	no	Cyclic pyranopterin monophosphate synthase
g11664	0.1678	8.624187e-01	0.064	no	Signal recognition particle receptor subunit alpha
g13604	0.2549	8.624187e-01	0.064	no	NA
g14649	0.2379	8.624747e-01	0.064	no	Probable C-terminal domain small phosphatase
g15541	0.2270	8.624747e-01	0.064	no	NADP-specific glutamate dehydrogenase
g14631	-0.1919	8.624747e-01	0.064	no	Calcineurin subunit B
g3554	0.2343	8.624747e-01	0.064	no	Putative RNA polymerase II subunit B1 CTD phosphatase RPAP2 homolog
g2712	-0.1877	8.624747e-01	0.064	no	ATP-dependent RNA helicase DED1
g8803	-0.1843	8.627318e-01	0.064	no	Pre-rRNA-processing protein esf1
g7549	-0.4524	8.627318e-01	0.064	no	Dynein axonemal heavy chain 6
g5683	-0.1342	8.627318e-01	0.064	no	NA
g10418	0.1945	8.627318e-01	0.064	no	NA
g11215	-0.2788	8.627318e-01	0.064	no	NA
g6259	-0.1289	8.627318e-01	0.064	no	Eukaryotic translation initiation factor 3 subunit H
g13626	0.4126	8.627318e-01	0.064	no	NA
g1720	-0.1570	8.627318e-01	0.064	no	Protein CASP
g11862	0.2067	8.627318e-01	0.064	no	Probable transporter MCH1
g1105	-0.2564	8.627318e-01	0.064	no	NA
g7597	-0.4333	8.627318e-01	0.064	no	Retinol dehydrogenase 14
g2453	0.2839	8.627318e-01	0.064	no	NA
g4962	0.3441	8.627318e-01	0.064	no	tRNAse Z TRZ4, mitochondrial
g3663	-0.1336	8.627318e-01	0.064	no	Inorganic pyrophosphatase
g2454	0.2983	8.627318e-01	0.064	no	Peroxisomal targeting signal 2 receptor
g382	-0.1715	8.627318e-01	0.064	no	ATP synthase subunit alpha
g11847	-0.1981	8.627318e-01	0.064	no	Mitochondrial import inner membrane translocase subunit TIM14-2
g616	0.1536	8.628784e-01	0.064	no	Syntaxin-5
g6296	0.1614	8.629516e-01	0.064	no	PHD and RING finger domain-containing protein 1
g13603	0.2972	8.629516e-01	0.064	no	NA
g3113	-0.2014	8.629516e-01	0.064	no	Multisubstrate pseudouridine synthase 7
g13027	-0.2406	8.629516e-01	0.064	no	NA
g3571	0.1586	8.629516e-01	0.064	no	N-acetylglucosamine-1-phosphotransferase subunits alpha/beta
g8939	0.1419	8.629516e-01	0.064	no	Gastric triacylglycerol lipase
g8289	-0.3007	8.629516e-01	0.064	no	Tubulin beta chain
g8923	-0.2372	8.630746e-01	0.064	no	NA
g10232	-0.1578	8.634530e-01	0.064	no	Pyruvate kinase
g3778	-0.3034	8.634530e-01	0.064	no	G-type lectin S-receptor-like serine/threonine-protein kinase RLK1
g15223	-0.2921	8.638615e-01	0.064	no	NA
g13418	0.3915	8.638615e-01	0.064	no	NA
g10241	-0.2482	8.640482e-01	0.063	no	Superoxide dismutase [Mn/Fe]
g952	0.1665	8.640843e-01	0.063	no	T-complex protein 1 subunit zeta 1
g2244	-0.2453	8.641174e-01	0.063	no	Ribokinase
g1863	0.1359	8.641174e-01	0.063	no	NA
g13808	0.2451	8.641174e-01	0.063	no	NA
g10082	-0.1612	8.641174e-01	0.063	no	Protein misato homolog 1
g10452	0.2040	8.641174e-01	0.063	no	NA
g5522	0.2817	8.641213e-01	0.063	no	NA
g12785	-0.1867	8.641213e-01	0.063	no	Probable cytosolic iron-sulfur protein assembly protein 1
g13851	-0.1776	8.641213e-01	0.063	no	COP9 signalosome complex subunit 2
g13684	0.3479	8.641213e-01	0.063	no	NA
g4804	0.1895	8.641213e-01	0.063	no	Serine/threonine-protein kinase 16
g9087	-0.3162	8.643835e-01	0.063	no	Protein AF-17
g1082	-0.2703	8.648024e-01	0.063	no	Corrinoid adenosyltransferase MMAB
g1923	0.3541	8.648408e-01	0.063	no	NA
g15173	0.2325	8.649524e-01	0.063	no	L-lactate transporter
g3750	-0.2347	8.653846e-01	0.063	no	N-acetyltransferase aca1
g14834	-0.2210	8.655023e-01	0.063	no	NA
g7401	-0.1618	8.656980e-01	0.063	no	NA
g13471	0.1812	8.656980e-01	0.063	no	Prefoldin subunit 6
g11784	0.3937	8.656980e-01	0.063	no	NA
g13832	-0.3256	8.656980e-01	0.063	no	Aurachin C monooxygenase/isomerase
g9491	-0.1858	8.656980e-01	0.063	no	NA
g15521	-0.2499	8.656980e-01	0.063	no	NA
g8992	0.2216	8.658115e-01	0.063	no	Tubulin--tyrosine ligase
g7696	-0.2690	8.658862e-01	0.063	no	2-oxoglutarate and iron-dependent oxygenase JMJD4
g8199	-0.4051	8.658862e-01	0.063	no	Peroxisome biogenesis factor 10
g9747	0.2466	8.658862e-01	0.063	no	Niacin transporter NiaP
g1984	-0.2012	8.660246e-01	0.062	no	Acyl-CoA dehydrogenase apdG
g6565	-0.1355	8.660398e-01	0.062	no	Putative general negative regulator of transcription C16C9.04c
g5099	0.1578	8.661900e-01	0.062	no	DnaJ homolog subfamily A member 2
g1532	-0.3848	8.662585e-01	0.062	no	NA
g14604	0.1856	8.666047e-01	0.062	no	GTPase Der
g6356	-0.3055	8.668269e-01	0.062	no	Protein-L-isoaspartate(D-aspartate) O-methyltransferase
g7086	-0.1194	8.668269e-01	0.062	no	Calcium-transporting ATPase 2, endoplasmic reticulum-type
g15355	0.1235	8.668269e-01	0.062	no	GTP-binding protein 4
g11717	-0.1586	8.668269e-01	0.062	no	Ribitol-5-phosphate xylosyltransferase 1
g14067	-0.2697	8.668269e-01	0.062	no	Diphthine--ammonia ligase
g9465	0.1516	8.668269e-01	0.062	no	Probable alanine aminotransferase, mitochondrial
g3793	-0.2315	8.668269e-01	0.062	no	Myelin regulatory factor
g12465	-0.1466	8.672885e-01	0.062	no	Alanine--tRNA ligase
g7389	-0.1786	8.672885e-01	0.062	no	Non-canonical poly(A) RNA polymerase protein Trf4-1
g3341	-0.2046	8.673411e-01	0.062	no	NA
g4309	0.1664	8.673411e-01	0.062	no	Solute carrier family 53 member 1
g2930	-0.1616	8.673411e-01	0.062	no	NA
g7594	0.4743	8.673411e-01	0.062	no	NA
g198	-0.2301	8.673980e-01	0.062	no	NA
g14041	0.2340	8.680875e-01	0.061	no	NA
g1361	-0.3275	8.680875e-01	0.061	no	Sterol 3-beta-glucosyltransferase UGT80A2
g16022	0.1686	8.680875e-01	0.061	no	RuvB-like 2
g4865	0.1652	8.680875e-01	0.061	no	Small ribosomal subunit protein uS9
g9469	-0.1285	8.680875e-01	0.061	no	Histone H3
g13782	-0.2408	8.681752e-01	0.061	no	Large ribosomal subunit protein eL36z
g12514	-0.2195	8.681752e-01	0.061	no	Polyadenylate-binding protein 1A
g13109	-0.1679	8.681752e-01	0.061	no	NA
g12019	0.1767	8.681752e-01	0.061	no	NA
g6547	0.1728	8.682552e-01	0.061	no	Pre-rRNA-processing protein ESF2
g13253	-0.3432	8.682552e-01	0.061	no	Putative enoyl-CoA hydratase/isomerase YngF
g10101	-0.2711	8.682552e-01	0.061	no	U6 snRNA-associated Sm-like protein LSm2
g10311	-0.2044	8.682552e-01	0.061	no	NA
g3311	0.2226	8.686270e-01	0.061	no	NA
g6958	-0.3338	8.686270e-01	0.061	no	NA
g12890	0.2483	8.686270e-01	0.061	no	Tricarboxylate transport protein A, mitochondrial
g1750	0.2355	8.687298e-01	0.061	no	Transcription initiation factor TFIID subunit 15b
g3312	-0.3761	8.688354e-01	0.061	no	Probable serine/threonine-protein kinase pats1
g11906	-0.4062	8.690376e-01	0.061	no	Cation channel sperm-associated protein 2
g8375	0.2259	8.690376e-01	0.061	no	Phospholipase A1-Igamma1, chloroplastic
g501	0.2801	8.690376e-01	0.061	no	NA
g5045	0.3052	8.690898e-01	0.061	no	NA
g5244	-0.1674	8.691500e-01	0.061	no	GDP-mannose transporter GONST1
g133	-0.2340	8.692765e-01	0.061	no	Dynein axonemal heavy chain 1
g1408	-0.2321	8.692765e-01	0.061	no	Tubulin gamma-1 chain
g5283	-0.2603	8.693334e-01	0.061	no	Major facilitator superfamily domain-containing protein 6
g1749	0.2636	8.693334e-01	0.061	no	NA
g9913	0.1421	8.693334e-01	0.061	no	Phosphopentomutase
g172	-0.2262	8.693334e-01	0.061	no	Inosine/xanthosine triphosphatase
g15875	-0.1468	8.693334e-01	0.061	no	Eukaryotic translation initiation factor 2 subunit 3
g15797	-0.3646	8.693334e-01	0.061	no	WW domain-containing oxidoreductase
g2534	0.1953	8.693334e-01	0.061	no	Lipid phosphate phosphatase delta
g11509	0.3230	8.693334e-01	0.061	no	NA
g1401	0.4114	8.696846e-01	0.061	no	Dynein intermediate chain 2, ciliary
g3976	-0.1592	8.699382e-01	0.061	no	NA
g13676	0.3019	8.699382e-01	0.061	no	Transmembrane protein 163b
g1931	0.1684	8.700598e-01	0.060	no	NA
g13931	-0.3208	8.702087e-01	0.060	no	NA
g6902	0.1531	8.703241e-01	0.060	no	DENN domain-containing protein 4C
g14047	0.1608	8.703241e-01	0.060	no	Uncharacterized ATP-dependent helicase C582.10c
g11923	-0.2601	8.703241e-01	0.060	no	NA
g10711	0.2287	8.703492e-01	0.060	no	Dehydrogenase/reductase SDR family protein 7-like
g10511	0.1194	8.703492e-01	0.060	no	E3 ubiquitin-protein ligase UPL1
g4625	0.2467	8.703492e-01	0.060	no	Uncharacterized MscS family protein aq_812
g6926	-0.2874	8.703492e-01	0.060	no	NA
g6854	0.1351	8.703492e-01	0.060	no	NA
g4072	-0.3595	8.703492e-01	0.060	no	NA
g15543	0.2075	8.703492e-01	0.060	no	Large ribosomal subunit protein mL43
g13818	-0.2442	8.703492e-01	0.060	no	NA
g12259	-0.1190	8.703492e-01	0.060	no	Sphingolipid C9-methyltransferase
g13325	-0.2181	8.703492e-01	0.060	no	NA
g13480	0.1296	8.703492e-01	0.060	no	E3 ubiquitin-protein ligase MYLIP
g13901	0.1347	8.703492e-01	0.060	no	Pre-mRNA-processing-splicing factor 8
g14545	0.1942	8.703492e-01	0.060	no	NA
g15091	-0.1306	8.703492e-01	0.060	no	Acyl-CoA dehydrogenase family member 11
g10306	-0.2528	8.703492e-01	0.060	no	Transcriptional adapter ADA2b
g8741	0.1632	8.703492e-01	0.060	no	RNA polymerase II-associated protein 1
g14040	0.1824	8.703492e-01	0.060	no	NA
g3454	-0.3020	8.703492e-01	0.060	no	Lateral signaling target protein 2 homolog
g814	0.2156	8.703492e-01	0.060	no	NA
g14762	0.2138	8.703492e-01	0.060	no	NA
g11783	0.1670	8.703492e-01	0.060	no	Glucose-6-phosphate exchanger SLC37A2
g9130	-0.2380	8.703492e-01	0.060	no	33 kDa chaperonin
g15412	0.3226	8.703492e-01	0.060	no	NA
g262	0.1522	8.703492e-01	0.060	no	Inactive polyglycylase TTLL10
g3697	-0.2316	8.703492e-01	0.060	no	Small ribosomal subunit protein bS18
g11517	0.1207	8.703905e-01	0.060	no	Protein transport protein SEC31 homolog B
g10835	0.1497	8.703905e-01	0.060	no	Activating signal cointegrator 1 complex subunit 3
g8412	0.2604	8.703905e-01	0.060	no	NA
g13119	-0.1945	8.703905e-01	0.060	no	NA
g9899	-0.2196	8.710260e-01	0.060	no	Delta(3,5)-Delta(2,4)-dienoyl-CoA isomerase, mitochondrial
g12946	-0.1924	8.712596e-01	0.060	no	NA
g5030	-0.2885	8.712596e-01	0.060	no	Folate synthesis bifunctional protein, mitochondrial
g3695	-0.5488	8.712596e-01	0.060	no	Voltage-gated inwardly rectifying potassium channel KCNH2
g14472	0.2424	8.712596e-01	0.060	no	Ras-related protein Rab11a
g9722	0.2051	8.712596e-01	0.060	no	Voltage-gated delayed rectifier potassium channel KCNH1
g14230	-0.2191	8.712596e-01	0.060	no	Calmodulin-regulated spectrin-associated protein 3
g6366	0.1626	8.712596e-01	0.060	no	Glucosylceramidase
g9073	0.2325	8.712596e-01	0.060	no	Protein phosphatase PTC7 homolog fig
g1751	0.2587	8.712596e-01	0.060	no	NA
g52	-0.1648	8.712596e-01	0.060	no	UPF0652 protein C22H10.08
g10475	-0.1312	8.712596e-01	0.060	no	E3 ubiquitin-protein ligase UPL3
g6152	0.1809	8.712596e-01	0.060	no	NA
g6048	-0.3332	8.712596e-01	0.060	no	NA
g14432	0.2412	8.712596e-01	0.060	no	NA
g7184	-0.2893	8.712596e-01	0.060	no	Release factor glutamine methyltransferase
g12328	-0.3984	8.712596e-01	0.060	no	Inositol diphosphatase DSP1
g8489	0.2955	8.712596e-01	0.060	no	NA
g2176	-0.4117	8.712596e-01	0.060	no	NA
g15593	0.2919	8.720385e-01	0.059	no	NA
g15576	-0.1580	8.720385e-01	0.059	no	NA
g601	-0.1580	8.733762e-01	0.059	no	Vacuolar iron transporter
g4611	0.3728	8.733762e-01	0.059	no	NA
g5629	-0.1760	8.736837e-01	0.059	no	Replication protein A 14 kDa subunit
g3963	0.1387	8.737618e-01	0.059	no	Transmembrane protein 135
g9099	-0.2226	8.737618e-01	0.059	no	NA
g1175	0.2672	8.738865e-01	0.059	no	Splicing factor 3B subunit 5
g13760	-0.1446	8.740101e-01	0.058	no	Protein lifeguard 1
g804	0.3863	8.741684e-01	0.058	no	Bifunctional epoxide hydrolase 2
g10121	-0.2935	8.741684e-01	0.058	no	Importin subunit alpha-3
g15498	0.2732	8.741684e-01	0.058	no	Ubiquinone biosynthesis O-methyltransferase
g10499	1.0065	8.741684e-01	0.058	no	Cilia- and flagella-associated protein 43
g10933	0.3000	8.741684e-01	0.058	no	Neurocalcin homolog
g11507	-0.2769	8.741684e-01	0.058	no	Dual-specificity RNA methyltransferase RlmN
g15321	0.2106	8.741684e-01	0.058	no	O-mycaminosyltylonolide 6-deoxyallosyltransferase
g10310	0.2663	8.741684e-01	0.058	no	NA
g12636	0.2553	8.741684e-01	0.058	no	Rieske domain-containing protein
g1563	-0.1695	8.741684e-01	0.058	no	Exopolysaccharide phosphotransferase SCO6023
g9584	-0.3759	8.741684e-01	0.058	no	Splicing factor 3B subunit 6-like protein
g7199	-0.1976	8.741684e-01	0.058	no	Large-conductance mechanosensitive channel MscMJLR
g6278	0.1246	8.741684e-01	0.058	no	Germinal-center associated nuclear protein
g13300	-0.1262	8.741684e-01	0.058	no	NA
g7325	0.1249	8.741684e-01	0.058	no	NA
g5525	0.3289	8.741684e-01	0.058	no	NA
g4710	0.2691	8.741684e-01	0.058	no	Zygotic DNA replication licensing factor mcm3
g12500	-0.1898	8.741684e-01	0.058	no	Transcription elongation factor SPT4 homolog 1
g11122	0.1566	8.741684e-01	0.058	no	Sialate:O-sulfotransferase 2
g8692	-0.1793	8.741684e-01	0.058	no	Nuclear cap-binding protein subunit 2
g10480	0.2343	8.741684e-01	0.058	no	NA
g3210	0.1711	8.741684e-01	0.058	no	ATP-dependent helicase rhp16
g4790	0.1594	8.741684e-01	0.058	no	NA
g8850	0.1855	8.741684e-01	0.058	no	SRSF protein kinase 2
g4048	-0.1939	8.741684e-01	0.058	no	NA
g12541	0.1689	8.741684e-01	0.058	no	Acyl-CoA dehydrogenase AFT10-1
g1158	-0.2762	8.741684e-01	0.058	no	NA
g11964	-0.1697	8.741684e-01	0.058	no	Protein REVEILLE 1
g8438	-0.4051	8.741684e-01	0.058	no	NA
g7238	0.1343	8.741684e-01	0.058	no	Probable adenosylcobalamin-dependent ribonucleoside-triphosphate reductase
g2982	0.2089	8.741684e-01	0.058	no	Histone deacetylase 5
g11001	-0.1307	8.741684e-01	0.058	no	Acyl carrier protein 2, mitochondrial
g10963	0.9829	8.741684e-01	0.058	no	NA
g15607	-0.2677	8.741684e-01	0.058	no	NA
g2243	-0.1530	8.741684e-01	0.058	no	26S proteasome regulatory subunit 10B homolog A
g164	0.3003	8.743005e-01	0.058	no	NA
g1075	0.1263	8.751302e-01	0.058	no	Sulfate adenylyltransferase
g13937	0.1163	8.751993e-01	0.058	no	NA
g15698	-0.2507	8.751993e-01	0.058	no	Dihydropteridine reductase
g9966	0.1456	8.753266e-01	0.058	no	Tubulin-specific chaperone C
g14293	0.1333	8.753266e-01	0.058	no	NA
g6171	0.1966	8.753266e-01	0.058	no	NA
g2778	-0.1502	8.753266e-01	0.058	no	Probable aspartyl aminopeptidase
g6451	0.4010	8.755421e-01	0.058	no	NA
g12214	-0.1668	8.756431e-01	0.058	no	Sideroflexin-5
g4978	-0.2729	8.756431e-01	0.058	no	NA
g3937	-0.5515	8.757892e-01	0.058	no	Protein phosphatase 2C and cyclic nucleotide-binding/kinase domain-containing protein
g4207	0.1536	8.757892e-01	0.058	no	NA
g9661	-0.1653	8.757892e-01	0.058	no	Uncharacterized oxidoreductase YdgJ
g3330	0.1733	8.757892e-01	0.058	no	Carboxymethylenebutenolidase homolog
g11267	0.1337	8.757892e-01	0.058	no	Protein polyglycylase TTLL10
g7584	0.2766	8.757892e-01	0.058	no	NA
g14928	0.1452	8.757892e-01	0.058	no	Programmed cell death 6-interacting protein
g10111	-0.1223	8.757892e-01	0.058	no	2,3-bisphosphoglycerate-independent phosphoglycerate mutase
g890	0.1762	8.760660e-01	0.057	no	NA
g2235	0.1523	8.760660e-01	0.057	no	ATP-dependent protease subunit HslV
g7638	-0.3816	8.760660e-01	0.057	no	NA
g3521	0.2154	8.760660e-01	0.057	no	NA
g13974	0.2355	8.761676e-01	0.057	no	NA
g1940	0.2036	8.761676e-01	0.057	no	Mitochondrial uncoupling protein 4
g11007	0.1540	8.761676e-01	0.057	no	E3 ubiquitin-protein transferase MAEA
g6480	0.3382	8.765177e-01	0.057	no	NA
g11266	0.1851	8.765177e-01	0.057	no	Ceramide synthase 5
g1411	-0.2231	8.765669e-01	0.057	no	Cinnamoyl-CoA reductase 1
g6983	0.2004	8.765669e-01	0.057	no	ATP-binding cassette sub-family A member 9
g11879	-0.1443	8.766126e-01	0.057	no	Protein YIPF5 homolog
g14287	0.1507	8.766613e-01	0.057	no	Squalene synthase
g13984	-0.2998	8.776256e-01	0.057	no	NA
g1072	-0.2979	8.776648e-01	0.057	no	NA
g1066	0.2372	8.776648e-01	0.057	no	NA
g15515	0.1479	8.776648e-01	0.057	no	Probable protein phosphatase 2C 73
g5844	-0.2469	8.776648e-01	0.057	no	NA
g8650	-0.1413	8.776648e-01	0.057	no	Peptidyl-prolyl cis-trans isomerase C
g6617	-0.1311	8.776648e-01	0.057	no	Calcium/calmodulin-dependent protein kinase type 1
g12974	-0.1168	8.776648e-01	0.057	no	Bifunctional purine biosynthesis protein ATIC
g13152	-0.1548	8.776648e-01	0.057	no	ATPase GET3A
g1942	-0.1418	8.776648e-01	0.057	no	NA
g14254	0.1141	8.776648e-01	0.057	no	Pyruvate dehydrogenase E1 component subunit beta-1, mitochondrial
g9067	0.1439	8.777137e-01	0.057	no	UDP-N-acetylglucosamine transporter
g6683	0.1434	8.777954e-01	0.057	no	NA
g7547	0.1841	8.777954e-01	0.057	no	ATP-sensitive inward rectifier potassium channel 12
g11481	-0.2058	8.785671e-01	0.056	no	NA
g2398	-0.1746	8.786330e-01	0.056	no	Microtubule-associated protein RP/EB family member 1A
g9049	0.3844	8.790179e-01	0.056	no	Solute carrier family 35 member F1
g12981	0.3289	8.791792e-01	0.056	no	Ubiquitin carboxyl-terminal hydrolase 2
g2076	0.1517	8.792857e-01	0.056	no	BTB/POZ and MATH domain-containing protein 6
g1316	-0.1554	8.792857e-01	0.056	no	Guanine nucleotide-binding protein G(o) subunit alpha
g15738	-0.1661	8.793770e-01	0.056	no	NA
g12519	0.1539	8.796545e-01	0.056	no	T-complex protein 1 subunit alpha
g5592	0.1339	8.796545e-01	0.056	no	Serine/threonine-protein phosphatase PP1
g10160	0.2187	8.796545e-01	0.056	no	Fatty acyl-CoA reductase 2
g14185	0.1512	8.796545e-01	0.056	no	NA
g10278	0.1990	8.796545e-01	0.056	no	Chitooligosaccharide deacetylase
g6645	-0.2637	8.796545e-01	0.056	no	NA
g13966	0.2675	8.796545e-01	0.056	no	NA
g12732	-0.1485	8.796545e-01	0.056	no	Polyisoprenoid diphosphate/phosphate phosphohydrolase PLPP6
g14091	0.2224	8.796545e-01	0.056	no	Cystathionine gamma-lyase
g1707	-0.2097	8.796545e-01	0.056	no	NA
g1177	0.2661	8.797120e-01	0.056	no	Protein kintoun
g112	-0.1258	8.800214e-01	0.056	no	Mitochondrial import inner membrane translocase subunit tim9
g13511	0.1875	8.800214e-01	0.056	no	Vigilin
g3775	-0.3578	8.800214e-01	0.056	no	NA
g1941	-0.2201	8.800214e-01	0.056	no	Transmembrane protein 184C
g14301	0.1777	8.801324e-01	0.055	no	Syntaxin-10
g2370	-0.1434	8.801324e-01	0.055	no	E3 ubiquitin-protein ligase TRIM45
g9503	-0.2813	8.801324e-01	0.055	no	NA
g780	-0.1659	8.801324e-01	0.055	no	CAP-Gly domain-containing linker protein 3
g15644	-0.2483	8.801375e-01	0.055	no	NA
g4011	0.2158	8.801597e-01	0.055	no	DENN domain-containing protein 2B
g14958	0.1896	8.801686e-01	0.055	no	Methionine synthase reductase
g5304	-0.2911	8.801686e-01	0.055	no	NA
g9072	0.4354	8.801686e-01	0.055	no	NA
g2498	-0.2052	8.801686e-01	0.055	no	Mitochondrial substrate carrier family protein G
g2178	-0.2279	8.801695e-01	0.055	no	SPX and EXS domain-containing protein 1
g1456	0.1976	8.801695e-01	0.055	no	Zinc metalloproteinase-disintegrin-like berythractivase
g14212	-0.3857	8.801695e-01	0.055	no	NA
g6483	-0.2174	8.801938e-01	0.055	no	Serine/threonine-protein kinase 16
g8417	0.1415	8.801938e-01	0.055	no	Trafficking protein particle complex subunit 11
g10437	-0.2290	8.801938e-01	0.055	no	NA
g8459	-0.1652	8.803523e-01	0.055	no	Heparan sulfate glucosamine 3-O-sulfotransferase 1
g6393	0.1462	8.805270e-01	0.055	no	NA
g2537	-0.1354	8.805270e-01	0.055	no	NA
g9734	0.2113	8.805270e-01	0.055	no	NA
g8594	0.1324	8.805270e-01	0.055	no	Ras-related protein RABA2b
g4432	-0.2609	8.805270e-01	0.055	no	NA
g5394	0.2081	8.808866e-01	0.055	no	Importin-4
g5406	0.4612	8.808866e-01	0.055	no	Glycerol uptake facilitator protein
g10394	0.1731	8.808866e-01	0.055	no	NA
g13718	-0.4131	8.808866e-01	0.055	no	NA
g1154	0.2894	8.809495e-01	0.055	no	Hsp70/Hsp90 co-chaperone CNS1 homolog
g5677	-0.1757	8.809495e-01	0.055	no	DNA-directed RNA polymerases I and III subunit rpac1
g9210	-0.3236	8.809495e-01	0.055	no	Putative esterase PA0474
g6323	0.2007	8.809495e-01	0.055	no	3-ketodihydrosphingosine reductase
g14814	-0.3528	8.809495e-01	0.055	no	NA
g7658	-0.2130	8.809495e-01	0.055	no	Phosphatidylinositol 3,4,5-trisphosphate-dependent Rac exchanger 1 protein
g175	-0.2142	8.809495e-01	0.055	no	51.5 kDa protein
g9979	0.1989	8.809495e-01	0.055	no	NA
g5168	0.2591	8.809495e-01	0.055	no	Acyl-CoA transferase FPSE_08120
g10756	-0.1728	8.809495e-01	0.055	no	Proline dehydrogenase 1, mitochondrial
g10491	-0.1539	8.809495e-01	0.055	no	GTPase Obg
g2755	0.3078	8.809495e-01	0.055	no	NA
g11838	0.1722	8.809495e-01	0.055	no	NA
g670	0.2629	8.809495e-01	0.055	no	NA
g948	-0.1094	8.809495e-01	0.055	no	NA
g3739	-0.1563	8.809495e-01	0.055	no	Importin-5
g1020	-0.1037	8.809495e-01	0.055	no	Peptidyl-prolyl cis-trans isomerase
g12821	0.4350	8.809495e-01	0.055	no	Podocan-like protein 1
g12582	-0.1300	8.809495e-01	0.055	no	Ribosome biogenesis protein NSA2 homolog
g2529	-0.3453	8.809495e-01	0.055	no	Transport and Golgi organization 2 homolog
g9187	0.2880	8.809847e-01	0.055	no	tRNase Z TRZ1
g8374	-0.1262	8.809847e-01	0.055	no	Calcium-transporting ATPase 3, endoplasmic reticulum-type
g10995	0.1624	8.809847e-01	0.055	no	NA
g13695	0.1173	8.809847e-01	0.055	no	Elongation factor 3
g13607	0.1939	8.809847e-01	0.055	no	NA
g10052	-0.3514	8.809847e-01	0.055	no	Uncharacterized protein HI_1388.1
g9798	0.1363	8.812084e-01	0.055	no	LAS seventeen-binding protein 3
g81	-0.1482	8.814299e-01	0.055	no	NADH dehydrogenase [ubiquinone] 1 beta subcomplex subunit 3-B
g12526	0.2190	8.814733e-01	0.055	no	NA
g9145	-0.3691	8.814733e-01	0.055	no	(S)-8-oxocitronellyl enol synthase CYC1
g9541	0.1476	8.818736e-01	0.055	no	NA
g4542	0.1570	8.818992e-01	0.055	no	Cytochrome b5 isoform A
g3998	-0.1407	8.820236e-01	0.055	no	NA
g9663	-0.1522	8.820236e-01	0.055	no	RNA cytidine acetyltransferase
g9118	0.2193	8.820236e-01	0.055	no	Polyprenal reductase
g5849	-0.2020	8.820236e-01	0.055	no	Large ribosomal subunit protein bL17
g9985	0.3671	8.820339e-01	0.055	no	Vacuolar protein sorting-associated protein 26C
g3947	0.1886	8.820339e-01	0.055	no	NA
g9757	0.2721	8.821715e-01	0.054	no	Dolichol kinase EVAN
g15625	0.3813	8.821715e-01	0.054	no	EEF1A lysine methyltransferase 3
g7715	-0.1514	8.821715e-01	0.054	no	Amino-acid acetyltransferase
g11683	0.1804	8.821715e-01	0.054	no	Probable ADP-ribosylation factor GTPase-activating protein AGD14
g15446	-0.1252	8.821715e-01	0.054	no	FKBP-type 22 kDa peptidyl-prolyl cis-trans isomerase
g1145	-0.2261	8.821715e-01	0.054	no	Protein-L-isoaspartate O-methyltransferase 2
g8422	0.1858	8.821715e-01	0.054	no	NA
g16039	-0.3243	8.821715e-01	0.054	no	NA
g9206	0.3093	8.821979e-01	0.054	no	NA
g4075	-0.1457	8.823658e-01	0.054	no	NA
g14221	0.2212	8.823658e-01	0.054	no	SCY1-like protein 2 A
g5775	-0.1573	8.823658e-01	0.054	no	Protein STIP1 homolog
g635	0.4508	8.823658e-01	0.054	no	Transcription factor MYB3R-2
g15868	-0.1873	8.823658e-01	0.054	no	Quinone-oxidoreductase QR2
g12008	-0.1616	8.823658e-01	0.054	no	Alpha-glucosidase 2
g10403	0.1368	8.823658e-01	0.054	no	Probable myosin light chain kinase DDB_G0271550
g7256	-0.2442	8.823658e-01	0.054	no	NA
g14274	-0.2385	8.823658e-01	0.054	no	NA
g6197	0.2170	8.823658e-01	0.054	no	NA
g3703	-0.1297	8.823658e-01	0.054	no	NA
g11669	0.3729	8.823658e-01	0.054	no	Organic cation/carnitine transporter 7
g3657	0.1163	8.824298e-01	0.054	no	Recoverin family protein DDB_G0274781
g7559	-0.2617	8.825110e-01	0.054	no	NA
g3235	-0.1502	8.825110e-01	0.054	no	Glucose-6-phosphate isomerase, cytosolic
g6050	-0.2377	8.825110e-01	0.054	no	NA
g5600	-0.2583	8.825110e-01	0.054	no	Caltractin
g7162	-0.3214	8.825230e-01	0.054	no	NA
g12313	0.3152	8.825230e-01	0.054	no	Glycine betaine reductase ATRR
g1614	0.2604	8.826055e-01	0.054	no	NA
g12614	0.1133	8.826055e-01	0.054	no	dTDP-fucopyranose mutase
g13308	-0.1108	8.826055e-01	0.054	no	Trifunctional enzyme subunit beta, mitochondrial
g7586	0.1566	8.826943e-01	0.054	no	Spindle assembly abnormal protein 6 homolog
g1455	-0.3819	8.826943e-01	0.054	no	NA
g13159	-0.2860	8.826943e-01	0.054	no	Zinc finger C3HC-type protein 1-like
g10530	-0.2999	8.826943e-01	0.054	no	NA
g13929	-0.1538	8.827403e-01	0.054	no	Inositol phosphoceramide mannosyltransferase 3
g7542	-0.1322	8.827403e-01	0.054	no	U3 small nucleolar RNA-associated protein 18 homolog
g10293	-0.2997	8.827490e-01	0.054	no	G patch domain-containing protein 1
g6027	-0.3157	8.834985e-01	0.054	no	Ribonuclease inhibitor
g11853	-0.2997	8.835449e-01	0.054	no	NA
g7378	-0.3398	8.846357e-01	0.053	no	Sulfotransferase ssu-1
g9121	0.1648	8.846357e-01	0.053	no	C2 domain-containing protein 3
g3140	-0.3787	8.847268e-01	0.053	no	Potassium voltage-gated channel protein eag
g13911	0.1791	8.847268e-01	0.053	no	NA
g3783	-0.1258	8.847268e-01	0.053	no	26S proteasome non-ATPase regulatory subunit 6 homolog
g13095	0.3087	8.847268e-01	0.053	no	NA
g932	-0.1129	8.853164e-01	0.053	no	Isocitrate dehydrogenase [NADP]
g2481	-0.3386	8.853164e-01	0.053	no	NA
g15970	-0.3085	8.853164e-01	0.053	no	NA
g16077	-0.1822	8.853164e-01	0.053	no	NADH:quinone reductase
g274	-0.1663	8.853462e-01	0.053	no	NA
g6109	-0.1333	8.854114e-01	0.053	no	Receptor expression-enhancing protein 4
g664	-0.1454	8.855452e-01	0.053	no	NA
g2095	0.1405	8.855452e-01	0.053	no	NA
g11655	-0.3170	8.855452e-01	0.053	no	NA
g8202	-0.4985	8.855452e-01	0.053	no	Sodium/potassium/calcium exchanger 4
g9438	-0.1202	8.857034e-01	0.053	no	Eukaryotic translation initiation factor 4G
g13825	-0.1685	8.857034e-01	0.053	no	RRP15-like protein
g6556	-0.1315	8.858157e-01	0.053	no	DNA repair protein RAD50
g4014	0.2067	8.865718e-01	0.052	no	Autoinducer 2 sensor kinase/phosphatase LuxQ
g6578	0.1527	8.866585e-01	0.052	no	NA
g5639	0.1630	8.866585e-01	0.052	no	NA
g10178	0.2347	8.867824e-01	0.052	no	NA
g15985	0.1372	8.868450e-01	0.052	no	Triose phosphate/phosphate translocator, non-green plastid, chloroplastic
g594	0.3097	8.869943e-01	0.052	no	NA
g6437	-0.3217	8.870411e-01	0.052	no	Phosphopantothenate--cysteine ligase 2
g9050	-0.1894	8.871388e-01	0.052	no	Isoamyl acetate-hydrolyzing esterase 1 homolog
g14152	-0.3512	8.872576e-01	0.052	no	Nucleoside diphosphate kinase 7
g8653	0.2300	8.872763e-01	0.052	no	NA
g6869	0.2382	8.875417e-01	0.052	no	NA
g11226	-0.2302	8.876890e-01	0.052	no	ATP-dependent RNA helicase DBP3
g14501	-0.1670	8.876890e-01	0.052	no	NA
g12811	0.2310	8.876890e-01	0.052	no	NA
g809	0.4780	8.876890e-01	0.052	no	Dynein axonemal heavy chain 7
g11502	0.1957	8.876890e-01	0.052	no	Uncharacterized protein MJ1628
g9010	-0.1427	8.876890e-01	0.052	no	NA
g1118	-0.1983	8.878141e-01	0.052	no	MKI67 FHA domain-interacting nucleolar phosphoprotein-like
g4317	0.4016	8.878141e-01	0.052	no	NA
g2627	0.2853	8.881805e-01	0.051	no	NA
g2102	-0.1081	8.883136e-01	0.051	no	NA
g7412	0.6693	8.883136e-01	0.051	no	Flagellar WD repeat-containing protein Pf20
g8925	-0.2428	8.886061e-01	0.051	no	NA
g8771	0.1613	8.887775e-01	0.051	no	Protein RETARDED ROOT GROWTH-LIKE
g6047	-0.3567	8.887775e-01	0.051	no	NA
g15531	0.1158	8.887775e-01	0.051	no	Probable ubiquitin conjugation factor E4
g14665	-0.1050	8.887775e-01	0.051	no	Adenosine 3'-phospho 5'-phosphosulfate transporter 1
g12843	0.4381	8.887775e-01	0.051	no	TRAF3-interacting protein 1
g14248	-0.1531	8.887775e-01	0.051	no	Phragmoplastin interacting protein 1
g6543	0.1190	8.887775e-01	0.051	no	NA
g487	0.2012	8.887775e-01	0.051	no	EARP-interacting protein homolog
g5968	0.2938	8.890293e-01	0.051	no	NA
g5694	0.1253	8.890293e-01	0.051	no	Protein JOKA2
g13442	0.2347	8.890293e-01	0.051	no	NA
g4032	0.1582	8.890293e-01	0.051	no	Serine/threonine-protein kinase SMG1
g6415	-0.2156	8.890293e-01	0.051	no	Pre-mRNA 3'-end-processing factor FIP1
g1402	0.2934	8.890293e-01	0.051	no	NA
g12301	0.1374	8.890293e-01	0.051	no	Symplekin
g2521	-0.3612	8.890293e-01	0.051	no	DNA replication complex GINS protein SLD5
g6978	0.1883	8.890293e-01	0.051	no	NA
g35	0.1369	8.890293e-01	0.051	no	Ubiquitin-conjugating enzyme E2-17 kDa
g7611	0.1730	8.890293e-01	0.051	no	Intersectin-1
g7322	-0.1528	8.890293e-01	0.051	no	NA
g13621	0.2715	8.890293e-01	0.051	no	Centrosomal protein of 76 kDa
g1004	0.1826	8.890293e-01	0.051	no	TVP38/TMEM64 family membrane protein slr0305
g1657	-0.2472	8.890293e-01	0.051	no	AP-4 complex subunit sigma
g11342	-0.3850	8.890293e-01	0.051	no	NA
g3015	0.2697	8.890293e-01	0.051	no	NA
g237	0.2244	8.890293e-01	0.051	no	Uncharacterized transporter C4B3.13
g11465	-0.1883	8.890293e-01	0.051	no	Probable nucleolar complex protein 14
g1782	0.1667	8.890293e-01	0.051	no	Ubiquitin carboxyl-terminal hydrolase 20
g1261	0.3142	8.890293e-01	0.051	no	ADP/ATP translocase At5g56450
g1936	-0.1989	8.890293e-01	0.051	no	Fanconi anemia group D2 protein
g8706	0.1299	8.890293e-01	0.051	no	Hyperosmolality-gated Ca2+ permeable channel 1.5
g3676	0.3698	8.890656e-01	0.051	no	NA
g8908	0.1309	8.890656e-01	0.051	no	Protein ENHANCED DISEASE RESISTANCE 2
g5873	-0.2497	8.890656e-01	0.051	no	NA
g14137	0.2363	8.890656e-01	0.051	no	WD repeat-containing protein 90
g4170	0.3402	8.893277e-01	0.051	no	NA
g13180	0.1276	8.893277e-01	0.051	no	NA
g9990	0.1213	8.893277e-01	0.051	no	NA
g4027	-0.2983	8.893277e-01	0.051	no	NA
g9052	0.1329	8.893277e-01	0.051	no	NA
g11445	-0.2090	8.893277e-01	0.051	no	NA
g7320	0.1892	8.893277e-01	0.051	no	NA
g287	-0.3469	8.893277e-01	0.051	no	Kinesin-like protein KIF19
g8351	0.2655	8.894572e-01	0.051	no	NA
g7159	0.1550	8.895312e-01	0.051	no	Serine/threonine-protein kinase VIK
g3853	0.1686	8.895312e-01	0.051	no	Nucleolar complex protein 4 homolog
g8425	-0.1911	8.895312e-01	0.051	no	NA
g4986	0.1522	8.895312e-01	0.051	no	NA
g15658	-0.2795	8.895312e-01	0.051	no	NA
g9814	0.1189	8.895312e-01	0.051	no	NA
g14060	-0.3884	8.895312e-01	0.051	no	NA
g2167	0.1388	8.902980e-01	0.050	no	S-adenosyl-L-methionine-dependent tRNA 4-demethylwyosine synthase
g4540	0.1145	8.909215e-01	0.050	no	Leucine-rich repeat serine/threonine-protein kinase 2
g4563	0.2293	8.909215e-01	0.050	no	Beta-catenin-like protein 1
g11127	0.1635	8.909215e-01	0.050	no	Hemolysin-3
g10240	-0.3983	8.909215e-01	0.050	no	NA
g9401	-0.1943	8.909215e-01	0.050	no	Serine/arginine-rich splicing factor 9
g13547	-0.6740	8.909993e-01	0.050	no	Tiny macrocysts protein B
g2188	0.1823	8.909993e-01	0.050	no	tRNA (guanosine(18)-2'-O)-methyltransferase TARBP1
g12781	0.1902	8.909993e-01	0.050	no	NA
g11388	-0.1511	8.909993e-01	0.050	no	Methylenetetrahydrofolate reductase (NADH) 2
g8416	0.2348	8.909993e-01	0.050	no	Probable N-octanoylanthranilate hydrolase AqdA1
g13965	0.1193	8.909993e-01	0.050	no	NA
g9844	-0.1668	8.909993e-01	0.050	no	NA
g2565	0.1401	8.909993e-01	0.050	no	NA
g6930	0.1359	8.909993e-01	0.050	no	von Willebrand factor A domain-containing protein 8
g6045	0.1717	8.909993e-01	0.050	no	Aladin
g11484	-0.1097	8.909993e-01	0.050	no	NA
g1658	-0.1720	8.912399e-01	0.050	no	NA
g7111	0.2394	8.912399e-01	0.050	no	Exosome complex component RRP41
g12605	-0.1906	8.912399e-01	0.050	no	12-oxophytodienoate reductase 1
g3600	-0.1775	8.913330e-01	0.050	no	Putative serine/threonine-protein kinase/receptor R826
g3792	0.1124	8.913366e-01	0.050	no	Presequence protease, mitochondrial
g10751	0.1266	8.916388e-01	0.050	no	NA
g6410	0.1775	8.916388e-01	0.050	no	Mercuric reductase
g613	0.1513	8.916388e-01	0.050	no	NA
g10134	0.1749	8.916388e-01	0.050	no	NA
g11642	-0.3184	8.928145e-01	0.049	no	FGGY carbohydrate kinase domain-containing protein
g1497	-0.1134	8.929437e-01	0.049	no	Calcium/calmodulin-dependent protein kinase type 1
g2827	-0.2900	8.932694e-01	0.049	no	NA
g15784	0.1330	8.935935e-01	0.049	no	CDP-diacylglycerol--inositol 3-phosphatidyltransferase 1
g1191	0.2304	8.935935e-01	0.049	no	Plasminogen
g11775	-0.1248	8.935935e-01	0.049	no	cGMP-dependent protein kinase 2
g1827	0.1082	8.935935e-01	0.049	no	Probable dual specificity protein phosphatase DDB_G0269404
g1954	0.1404	8.935935e-01	0.049	no	Large ribosomal subunit protein uL29
g10694	-0.1427	8.935935e-01	0.049	no	Hsp90 co-chaperone Cdc37
g4599	0.1732	8.935935e-01	0.049	no	Probable serine/threonine-protein kinase nek3
g6719	-0.3808	8.935935e-01	0.049	no	Cilia- and flagella-associated protein 45
g4802	0.2711	8.935935e-01	0.049	no	tRNA A64-2'-O-ribosylphosphate transferase
g7426	0.5180	8.935935e-01	0.049	no	NA
g1946	-0.4033	8.935935e-01	0.049	no	NA
g13495	0.1277	8.941128e-01	0.049	no	NA
g10696	0.1781	8.941128e-01	0.049	no	ATP-binding cassette sub-family G member 1
g2348	-0.1607	8.941128e-01	0.049	no	Organic cation/carnitine transporter 7
g10609	-0.1682	8.941128e-01	0.049	no	NA
g6349	-0.2964	8.943830e-01	0.048	no	NA
g8456	0.1760	8.943830e-01	0.048	no	NA
g2619	-0.2029	8.944537e-01	0.048	no	WD repeat-containing protein 55
g13377	-0.1651	8.948255e-01	0.048	no	AP-4 complex subunit mu
g13150	0.1487	8.948450e-01	0.048	no	tRNA/tmRNA (uracil-C(5))-methyltransferase
g2970	-0.2471	8.948450e-01	0.048	no	NA
g6780	0.2452	8.948450e-01	0.048	no	NA
g14606	0.3122	8.948450e-01	0.048	no	NA
g634	0.2310	8.948450e-01	0.048	no	Uncharacterized protein PA3753
g5608	-0.1498	8.948450e-01	0.048	no	tRNA nucleotidyltransferase cca1
g6261	0.1226	8.948450e-01	0.048	no	General negative regulator of transcription subunit 3
g4892	-0.2478	8.948450e-01	0.048	no	NA
g6326	-0.2434	8.948450e-01	0.048	no	NA
g15031	0.3543	8.948450e-01	0.048	no	Phenoloxidase-activating enzyme 1
g12964	-0.1422	8.948450e-01	0.048	no	Homoserine dehydrogenase
g6481	0.2280	8.948450e-01	0.048	no	NA
g5198	-0.2240	8.948450e-01	0.048	no	NA
g7074	-0.1876	8.948450e-01	0.048	no	NA
g3785	0.1138	8.948751e-01	0.048	no	Glutamate dehydrogenase, mitochondrial
g10962	0.6897	8.948751e-01	0.048	no	NA
g2564	-0.2320	8.948751e-01	0.048	no	Syntaxin-61
g3576	0.4015	8.948751e-01	0.048	no	NA
g14641	0.3640	8.948751e-01	0.048	no	RNA 3'-terminal phosphate cyclase
g14883	0.2726	8.948751e-01	0.048	no	Ceramide synthase 1
g8613	-0.1104	8.948751e-01	0.048	no	NA
g7413	-0.2399	8.948751e-01	0.048	no	Bifunctional 3'-5' exonuclease/ATP-dependent helicase WRN
g11662	0.2720	8.948751e-01	0.048	no	WSCD family member GA21586
g5778	0.1919	8.948751e-01	0.048	no	NA
g65	-0.3085	8.948751e-01	0.048	no	NA
g12776	0.1224	8.948751e-01	0.048	no	E3 ubiquitin-protein ligase highwire
g11767	0.2808	8.948751e-01	0.048	no	N-alpha-acetyltransferase 40
g12995	-0.1130	8.948751e-01	0.048	no	Probable elongation factor 1-beta
g8371	0.3548	8.948751e-01	0.048	no	NA
g6151	0.2234	8.948751e-01	0.048	no	Carotenoid 3,4-desaturase
g862	-0.1899	8.948751e-01	0.048	no	PCI domain-containing protein 2 homolog
g13135	0.1446	8.948751e-01	0.048	no	Alpha-N-acetylglucosaminidase
g13906	-0.1920	8.948751e-01	0.048	no	NA
g1636	0.2643	8.948751e-01	0.048	no	NA
g221	-0.2383	8.949242e-01	0.048	no	14-3-3-like protein B
g1699	0.2260	8.951773e-01	0.048	no	Dynein axonemal assembly factor 9
g861	-0.2874	8.951773e-01	0.048	no	Putative serine/threonine-protein kinase/receptor R831
g2120	-0.1564	8.952068e-01	0.048	no	Prolyl 4-hydroxylase 1
g11064	-0.1242	8.952611e-01	0.048	no	E3 ubiquitin-protein ligase RBX1
g9824	0.1173	8.960437e-01	0.048	no	NA
g14394	0.1710	8.961159e-01	0.048	no	NA
g9457	0.1817	8.961159e-01	0.048	no	NA
g14753	-0.2693	8.964983e-01	0.047	no	Fanconi-associated nuclease 1 homolog
g6206	-0.1901	8.965081e-01	0.047	no	NA
g5369	0.1054	8.965081e-01	0.047	no	Alpha-actinin-4
g7437	0.1870	8.965081e-01	0.047	no	NA
g14065	0.3552	8.965081e-01	0.047	no	NA
g13419	0.2876	8.965081e-01	0.047	no	Retinoblastoma-binding protein 5
g1193	0.2022	8.965081e-01	0.047	no	NA
g15451	0.1330	8.965081e-01	0.047	no	NA
g3683	0.2278	8.965555e-01	0.047	no	Cell division cycle protein 123 homolog
g11160	0.1678	8.965812e-01	0.047	no	Signal peptidase complex subunit 2
g9553	0.1600	8.965812e-01	0.047	no	NA
g5290	0.2320	8.965812e-01	0.047	no	ATP-dependent RNA helicase DDX55
g15804	-0.3069	8.968536e-01	0.047	no	NA
g15916	-0.1482	8.968536e-01	0.047	no	Uncharacterized oxidoreductase YuxG
g9776	0.1512	8.973272e-01	0.047	no	COX assembly mitochondrial protein homolog
g5676	0.1272	8.976490e-01	0.047	no	(R)-2-hydroxy-4-methylpentanoate CoA-transferase
g11857	0.1519	8.976490e-01	0.047	no	KICSTOR complex protein kaptin
g2380	-0.2051	8.976490e-01	0.047	no	Ataxin-2 homolog
g15638	0.1206	8.976490e-01	0.047	no	Heterogeneous nuclear ribonucleoprotein 1
g2728	-0.1812	8.976490e-01	0.047	no	Calcium uptake protein 1 homolog, mitochondrial
g3196	-0.1632	8.979018e-01	0.047	no	NA
g10658	-0.1176	8.980298e-01	0.047	no	Oxygen-dependent choline dehydrogenase
g11333	-0.2006	8.989141e-01	0.046	no	TBC1 domain family member 5
g11085	-0.2432	8.989141e-01	0.046	no	Chaperone protein DnaK
g14355	0.1300	8.990082e-01	0.046	no	NA
g16058	-0.1959	8.991101e-01	0.046	no	NA
g11291	-0.1789	8.991181e-01	0.046	no	Transcriptional activator Myb
g5812	0.2995	8.995499e-01	0.046	no	NA
g1211	-0.1820	8.996127e-01	0.046	no	Mitochondrial intermediate peptidase, mitochondrial
g13214	0.3115	9.000596e-01	0.046	no	NA
g13408	0.2099	9.000596e-01	0.046	no	Uncharacterized protein C594.04c
g6658	-0.1379	9.000596e-01	0.046	no	NA
g13376	-0.1277	9.000596e-01	0.046	no	Ran guanine nucleotide release factor
g7747	-0.1444	9.000596e-01	0.046	no	Methionine aminopeptidase 1B, chloroplastic
g4809	0.1994	9.000596e-01	0.046	no	NA
g2368	-0.1233	9.000596e-01	0.046	no	Secreted isochorismatase effector Isc1
g7490	0.5888	9.000870e-01	0.046	no	Voltage-gated inwardly rectifying potassium channel KCNH6
g8713	-0.2075	9.003515e-01	0.046	no	2-hydroxyacyl-CoA lyase 2
g14752	0.1230	9.003515e-01	0.046	no	Peroxisomal membrane protein PEX14
g339	0.2558	9.003515e-01	0.046	no	Uncharacterized protein YIR042C
g9542	0.1348	9.003515e-01	0.046	no	Syntaxin-binding protein 2
g15025	-0.3278	9.003515e-01	0.046	no	NA
g6338	0.1770	9.003515e-01	0.046	no	Serine/threonine-protein kinase ppk5
g10731	0.4172	9.003515e-01	0.046	no	Intraflagellar transport protein 81 homolog
g13292	0.5246	9.003515e-01	0.046	no	NA
g14482	-0.1730	9.003571e-01	0.046	no	Leucine-rich repeat-containing protein 40
g9133	0.1399	9.003571e-01	0.046	no	Dolichol-phosphate mannosyltransferase
g1126	-0.1127	9.003571e-01	0.046	no	CBL-interacting protein kinase 31
g4728	-0.2444	9.003571e-01	0.046	no	NA
g3035	-0.1298	9.003571e-01	0.046	no	Developmentally-regulated GTP-binding protein 1
g9098	-0.3028	9.003571e-01	0.046	no	NA
g14935	0.1589	9.004154e-01	0.046	no	NA
g6646	-0.1334	9.004154e-01	0.046	no	Pre-mRNA-splicing factor SLU7
g4600	-0.1757	9.004154e-01	0.046	no	Brefeldin A-inhibited guanine nucleotide-exchange protein 1
g152	-0.1793	9.004154e-01	0.046	no	Fumarylacetoacetase
g10446	0.1236	9.004154e-01	0.046	no	NA
g15796	0.1834	9.004154e-01	0.046	no	Serine-threonine kinase receptor-associated protein
g646	0.1742	9.004154e-01	0.046	no	NA
g12331	-0.1994	9.005384e-01	0.045	no	UDP-N-acetylglucosamine transferase subunit ALG13
g7534	0.5189	9.007307e-01	0.045	no	NA
g5552	0.1735	9.007307e-01	0.045	no	Isopentenyl-diphosphate Delta-isomerase 1
g8789	0.1697	9.007307e-01	0.045	no	Protein SOF1
g431	0.3479	9.007307e-01	0.045	no	NA
g630	0.2841	9.007642e-01	0.045	no	NA
g5984	0.2900	9.010685e-01	0.045	no	NA
g308	0.1468	9.010685e-01	0.045	no	NA
g15505	-0.1644	9.015017e-01	0.045	no	Variable flagella 3
g764	0.2581	9.015017e-01	0.045	no	Ferry endosomal RAB5 effector complex subunit 4
g7314	0.1006	9.021014e-01	0.045	no	NA
g13979	0.2874	9.021014e-01	0.045	no	Vacuolar fusion protein MON1 homolog A
g378	0.2613	9.021450e-01	0.045	no	WASH complex subunit 4
g1259	0.1333	9.021450e-01	0.045	no	Thermostable beta-glucosidase B
g282	0.1113	9.021450e-01	0.045	no	Terminal nucleotidyltransferase 4B
g15969	-0.1693	9.021450e-01	0.045	no	NIF3-like protein 1
g1124	0.1207	9.021450e-01	0.045	no	Ras-related protein RABF1
g13194	-0.1426	9.021450e-01	0.045	no	DNA mismatch repair protein Msh6
g10292	0.2381	9.021450e-01	0.045	no	NA
g1242	0.1466	9.021450e-01	0.045	no	Protein O-mannosyl-transferase TMTC3
g11221	0.3358	9.021450e-01	0.045	no	NA
g9135	-0.1337	9.021450e-01	0.045	no	Enolase
g9774	0.2029	9.022269e-01	0.045	no	Exportin-4
g13241	-0.2588	9.022269e-01	0.045	no	Replication termination factor 2
g2999	-0.2403	9.022943e-01	0.045	no	Uncharacterized protein C2A9.02
g14610	-0.1672	9.022943e-01	0.045	no	NA
g1407	0.1476	9.027279e-01	0.044	no	UBX domain-containing protein 5
g6906	-0.1779	9.027279e-01	0.044	no	NA
g9575	0.1725	9.027279e-01	0.044	no	NA
g4480	0.3093	9.027279e-01	0.044	no	NA
g4176	0.1122	9.027279e-01	0.044	no	NA
g7036	-0.2351	9.033830e-01	0.044	no	NA
g1893	0.1013	9.034160e-01	0.044	no	Dual specificity mitogen-activated protein kinase kinase dSOR1
g8989	-0.1502	9.036030e-01	0.044	no	NA
g5652	-0.3103	9.036030e-01	0.044	no	NA
g14077	-0.2940	9.036030e-01	0.044	no	Glycerophosphodiester phosphodiesterase
g4700	0.0936	9.036030e-01	0.044	no	Electron transfer flavoprotein subunit beta
g4329	0.1162	9.036030e-01	0.044	no	NA
g3165	-0.1896	9.036030e-01	0.044	no	Ubiquitin-conjugating enzyme E2 J2
g14764	-0.1989	9.036030e-01	0.044	no	NA
g15743	0.1535	9.036030e-01	0.044	no	Heme A synthase COX15
g652	0.1932	9.036030e-01	0.044	no	Selenocysteine-specific elongation factor
g6941	0.2130	9.036030e-01	0.044	no	NA
g1656	0.5394	9.036030e-01	0.044	no	NA
g4726	-0.1286	9.036030e-01	0.044	no	Uncharacterized membrane protein C365.16
g9232	-0.1398	9.036030e-01	0.044	no	Voltage-dependent L-type calcium channel subunit alpha-1C
g8726	0.1725	9.036030e-01	0.044	no	TOM1-like protein 8
g15669	-0.1528	9.036291e-01	0.044	no	GPI-anchor transamidase component PIGS
g5421	-0.2441	9.036291e-01	0.044	no	NA
g506	0.1480	9.036291e-01	0.044	no	NA
g7230	0.1453	9.036291e-01	0.044	no	Putative transmembrane ascorbate-dependent reductase CYB561 homolog
g7512	-0.1930	9.039029e-01	0.044	no	NA
g13720	-0.1297	9.040520e-01	0.044	no	Pre-mRNA-splicing factor ATP-dependent RNA helicase DEAH7
g3386	-0.3209	9.040520e-01	0.044	no	NA
g13443	0.1603	9.040520e-01	0.044	no	Putative sodium-coupled neutral amino acid transporter 11
g6618	-0.1191	9.041308e-01	0.044	no	Thioredoxin, mitochondrial
g9591	-0.3375	9.041308e-01	0.044	no	NA
g9336	-0.1510	9.041308e-01	0.044	no	Structural maintenance of chromosomes protein 3
g1369	0.1658	9.041308e-01	0.044	no	NA
g5838	0.1774	9.041308e-01	0.044	no	Oocyte-specific histone RNA stem-loop-binding protein 2
g3752	0.1311	9.041308e-01	0.044	no	NA
g4481	-0.0999	9.041308e-01	0.044	no	Autophagy-related protein 8
g15553	-0.1812	9.041308e-01	0.044	no	NA
g2500	-0.1124	9.043424e-01	0.044	no	Inosine-5'-monophosphate dehydrogenase
g12586	-0.1863	9.045779e-01	0.044	no	NA
g8751	-0.2507	9.048537e-01	0.043	no	Phospholipase ABHD3
g12529	0.1576	9.048537e-01	0.043	no	Kinesin-like protein 6
g5204	0.3420	9.048537e-01	0.043	no	NA
g11601	0.1082	9.048537e-01	0.043	no	NA
g12219	0.2523	9.048537e-01	0.043	no	Protein N-lysine methyltransferase METTL21A
g4409	-0.4169	9.048537e-01	0.043	no	Aqualysin-1
g2052	-0.1915	9.048537e-01	0.043	no	E3 ubiquitin-protein ligase HERC2
g3668	0.2178	9.050549e-01	0.043	no	NA
g2447	0.2837	9.050549e-01	0.043	no	Phospholipid-transporting ATPase ABCA3
g1592	0.1831	9.055489e-01	0.043	no	Nuclear valosin-containing protein-like
g9545	-0.2946	9.055489e-01	0.043	no	NA
g9101	-0.1551	9.055489e-01	0.043	no	NA
g4908	-0.2283	9.055489e-01	0.043	no	Asparagine synthetase [glutamine-hydrolyzing] 1
g5289	0.1308	9.055489e-01	0.043	no	NA
g3251	0.2307	9.055489e-01	0.043	no	Putative TrmH family tRNA/rRNA methyltransferase
g43	0.2908	9.055489e-01	0.043	no	NA
g7543	-0.1740	9.055489e-01	0.043	no	NA
g5242	0.1317	9.055489e-01	0.043	no	Sodium/hydrogen exchanger 6
g11300	0.0959	9.055489e-01	0.043	no	Threonine synthase
g9306	0.4752	9.055489e-01	0.043	no	Choline transporter-like protein 2
g1195	0.1566	9.055489e-01	0.043	no	Guided entry of tail-anchored proteins factor 1
g14921	-0.1176	9.055869e-01	0.043	no	Fructose-bisphosphate aldolase 1
g9949	0.1359	9.056889e-01	0.043	no	Tubulin-folding cofactor B
g11381	-0.1957	9.057741e-01	0.043	no	NA
g4719	0.1604	9.057741e-01	0.043	no	NA
g15358	0.1762	9.057741e-01	0.043	no	Probable malonyl-CoA-acyl carrier protein transacylase, mitochondrial
g1991	-0.1212	9.057741e-01	0.043	no	Phosphatidylinositol 4-kinase gamma 3
g5983	0.2192	9.057741e-01	0.043	no	1-hydroxy-2-glutathionyl-2-methyl-3-butene dehydrogenase
g3981	-0.2284	9.057741e-01	0.043	no	NA
g10413	0.0962	9.057741e-01	0.043	no	Thioredoxin reductase
g11175	-0.2342	9.057741e-01	0.043	no	NA
g11072	0.1334	9.057741e-01	0.043	no	Autophagy-related protein 8
g4206	0.0983	9.057741e-01	0.043	no	Medium-chain specific acyl-CoA dehydrogenase, mitochondrial
g11430	0.1885	9.057741e-01	0.043	no	NA
g12471	-0.3783	9.057875e-01	0.043	no	NA
g6131	-0.3167	9.058041e-01	0.043	no	NA
g7194	-0.2014	9.058041e-01	0.043	no	NA
g11489	-0.1398	9.058041e-01	0.043	no	Protein SGT1 homolog
g14418	-0.2389	9.062948e-01	0.043	no	UDP-glucuronosyltransferase 1A10
g1194	-0.1336	9.062948e-01	0.043	no	Large ribosomal subunit protein uL3m
g8544	-0.2880	9.062948e-01	0.043	no	ATPase GET3
g10721	-0.2101	9.063582e-01	0.043	no	Vesicle-associated membrane protein 714
g14408	0.1976	9.063582e-01	0.043	no	DNA annealing helicase and endonuclease ZRANB3
g6113	-0.1361	9.063582e-01	0.043	no	Probable myosin light chain kinase DDB_G0282429
g12201	-0.1534	9.063582e-01	0.043	no	NA
g5613	-0.2650	9.065785e-01	0.043	no	NA
g10440	0.1347	9.066698e-01	0.043	no	NA
g3679	0.2573	9.066698e-01	0.043	no	Strigolactones hydrolase CXE15
g5379	0.1597	9.072021e-01	0.042	no	Conserved oligomeric Golgi complex subunit 2
g3129	-0.1114	9.072090e-01	0.042	no	NA
g14025	0.1183	9.074842e-01	0.042	no	NA
g11623	0.2586	9.074842e-01	0.042	no	NA
g11543	0.2319	9.074842e-01	0.042	no	NA
g4451	0.1474	9.074842e-01	0.042	no	NA
g1112	-0.1158	9.074895e-01	0.042	no	1-aminocyclopropane-1-carboxylate synthase CMW33
g436	-0.1503	9.074895e-01	0.042	no	Probable V-type proton ATPase subunit F
g10219	-0.1001	9.074895e-01	0.042	no	NA
g9778	0.1519	9.075591e-01	0.042	no	Amino acid transporter AVT6E
g1774	0.1983	9.075591e-01	0.042	no	tRNA (cytosine(38)-C(5))-methyltransferase
g468	-0.1843	9.075591e-01	0.042	no	NA
g8700	-0.1222	9.075591e-01	0.042	no	Myelin regulatory factor
g11128	0.1187	9.075591e-01	0.042	no	NA
g429	0.1155	9.076082e-01	0.042	no	NA
g13133	-0.1487	9.076082e-01	0.042	no	Vacuolar protein sorting-associated protein 11 homolog
g9368	-0.1716	9.076082e-01	0.042	no	Pentafunctional AROM polypeptide
g10136	-0.1490	9.076082e-01	0.042	no	NA
g747	0.2211	9.077965e-01	0.042	no	Phosphatidylinositol/phosphatidylcholine transfer protein SFH3
g6574	-0.1755	9.078059e-01	0.042	no	NA
g2100	-0.1705	9.078176e-01	0.042	no	Bifunctional protein FolD 2
g13964	0.1637	9.082445e-01	0.042	no	Decaprenylphosphoryl-5-phosphoribose phosphatase
g15692	0.1724	9.082756e-01	0.042	no	NA
g15857	0.1197	9.083713e-01	0.042	no	2-oxoisovalerate dehydrogenase subunit beta, mitochondrial
g15915	0.1287	9.091980e-01	0.041	no	Ubiquitin homeostasis protein lub1
g11582	-0.1518	9.093075e-01	0.041	no	TATA-box-binding protein
g1969	-0.3128	9.093075e-01	0.041	no	NA
g14518	0.1211	9.093075e-01	0.041	no	NA
g13048	0.1410	9.093075e-01	0.041	no	Lipoamide acyltransferase component of branched-chain alpha-keto acid dehydrogenase complex, mitochondrial
g5711	-0.1777	9.093075e-01	0.041	no	Glucosamine-6-phosphate deaminase 2
g2311	0.1181	9.093075e-01	0.041	no	NA
g11166	0.5122	9.093075e-01	0.041	no	NA
g4293	0.1728	9.093075e-01	0.041	no	tRNA1(Val) (adenine(37)-N6)-methyltransferase
g6252	-0.1411	9.093075e-01	0.041	no	NA
g4983	-0.2424	9.093075e-01	0.041	no	Apoptosis-inducing factor homolog B
g13190	0.1590	9.093626e-01	0.041	no	Lipase maturation factor 2
g14640	0.1486	9.093626e-01	0.041	no	Uncharacterized protein 179R
g2732	0.1070	9.095130e-01	0.041	no	Cytohesin-1
g14088	-0.1230	9.096855e-01	0.041	no	General transcription and DNA repair factor IIH helicase/translocase subunit XPB
g1752	0.2605	9.096855e-01	0.041	no	Coenzyme Q-binding protein COQ10, mitochondrial
g1621	0.1240	9.099325e-01	0.041	no	Ras-related protein Rab-11A
g12312	0.1270	9.099325e-01	0.041	no	GDP-Man:Man(3)GlcNAc(2)-PP-Dol alpha-1,2-mannosyltransferase
g10290	-0.3197	9.099325e-01	0.041	no	DNA ligase 4
g1494	0.3277	9.099325e-01	0.041	no	NA
g1366	-0.1863	9.099325e-01	0.041	no	NA
g8971	-0.1845	9.099325e-01	0.041	no	NA
g10206	0.1526	9.099325e-01	0.041	no	5'-AMP-activated protein kinase subunit gamma-2
g2697	0.1537	9.099325e-01	0.041	no	Serine/threonine-protein kinase ICK
g12455	0.2035	9.099325e-01	0.041	no	NA
g15825	0.2152	9.099325e-01	0.041	no	NA
g10784	0.2204	9.099325e-01	0.041	no	NA
g16043	-0.0922	9.099325e-01	0.041	no	Ketol-acid reductoisomerase, mitochondrial
g1648	0.3684	9.099325e-01	0.041	no	Dynein axonemal intermediate chain 3
g14124	0.1781	9.102901e-01	0.041	no	Peptide-N4-(N-acetyl-beta-glucosaminyl)asparagine amidase A
g8589	-0.2318	9.102901e-01	0.041	no	NA
g12643	0.1158	9.102901e-01	0.041	no	Phosphoinositide 3-kinase regulatory subunit 4
g1212	0.1260	9.102901e-01	0.041	no	NA
g5185	0.2677	9.102901e-01	0.041	no	NA
g11084	-0.0862	9.102901e-01	0.041	no	NA
g2058	-0.3711	9.102901e-01	0.041	no	Cytochrome P450 4e2
g15864	0.1373	9.102901e-01	0.041	no	Quinone-oxidoreductase QR2
g10809	-0.1512	9.102901e-01	0.041	no	Zinc finger FYVE domain-containing protein 21
g9551	0.0927	9.102901e-01	0.041	no	Threonine--tRNA ligase 1, cytoplasmic
g7387	0.1568	9.102901e-01	0.041	no	NA
g1253	-0.1670	9.102901e-01	0.041	no	U4/U6 small nuclear ribonucleoprotein Prp3
g14869	0.1774	9.102901e-01	0.041	no	NA
g3565	-0.2801	9.102901e-01	0.041	no	NA
g13842	0.1448	9.104299e-01	0.041	no	NA
g11039	-0.1852	9.108538e-01	0.041	no	NA
g15629	0.5908	9.108538e-01	0.041	no	NA
g1847	-0.1285	9.109940e-01	0.040	no	SH3 domain-containing kinase-binding protein 1
g6812	-0.1948	9.109940e-01	0.040	no	NA
g9311	0.2183	9.109940e-01	0.040	no	ATPase family gene 2 protein
g9759	0.1263	9.109940e-01	0.040	no	Lysine-specific demethylase 4A
g14915	0.1682	9.109940e-01	0.040	no	NAD(P)H-hydrate epimerase
g3931	-0.1179	9.109940e-01	0.040	no	Calcium and calcium/calmodulin-dependent serine/threonine-protein kinase DMI-3
g7667	0.1284	9.109940e-01	0.040	no	GATOR2 complex protein WDR59
g12730	-0.1315	9.109940e-01	0.040	no	U3 small nucleolar RNA-associated protein 4 homolog
g12339	0.1964	9.109940e-01	0.040	no	NA
g8824	-0.1666	9.109940e-01	0.040	no	U6 snRNA-associated Sm-like protein LSm1
g12840	0.1968	9.110372e-01	0.040	no	NA
g9063	0.1225	9.110667e-01	0.040	no	AI-2 transport protein TqsA
g4518	-0.1431	9.110667e-01	0.040	no	NA
g5852	-0.2723	9.112122e-01	0.040	no	NA
g7604	0.2095	9.112122e-01	0.040	no	NA
g14101	0.1189	9.112122e-01	0.040	no	Soluble calcium-activated nucleotidase 1
g14022	0.1048	9.112122e-01	0.040	no	Glutamine-dependent NAD(+) synthetase
g12388	-0.2956	9.112122e-01	0.040	no	NA
g13539	0.1015	9.112122e-01	0.040	no	Propionyl-CoA carboxylase beta chain, mitochondrial
g9719	-0.1081	9.112122e-01	0.040	no	NA
g8446	0.1478	9.112122e-01	0.040	no	Diacylglycerol kinase 2
g966	0.1863	9.112122e-01	0.040	no	NA
g12504	0.2183	9.112122e-01	0.040	no	NA
g15174	-0.0928	9.112122e-01	0.040	no	Eukaryotic peptide chain release factor GTP-binding subunit ERF3A
g10153	-0.1620	9.112122e-01	0.040	no	NA
g590	-0.2162	9.112122e-01	0.040	no	2-oxoglutarate-dependent dioxygenase tropC
g979	-0.1401	9.112122e-01	0.040	no	Fatty acid synthase 2
g14308	0.1595	9.112122e-01	0.040	no	Adenylate cyclase 1
g14264	0.1875	9.112857e-01	0.040	no	Voltage-gated delayed rectifier potassium channel KCNH1
g3604	0.1860	9.112857e-01	0.040	no	NA
g316	-0.1246	9.112912e-01	0.040	no	UPF0652 protein
g1786	0.3083	9.112912e-01	0.040	no	NAD kinase 2, mitochondrial
g13455	0.1367	9.114167e-01	0.040	no	NA
g13572	-0.1365	9.114167e-01	0.040	no	Bifunctional cytosolic FAD synthase/FAD diphosphatase-like
g4464	-0.1467	9.114167e-01	0.040	no	NA
g4407	0.1885	9.114167e-01	0.040	no	E3 ubiquitin-protein ligase XBAT32
g3815	-0.1124	9.114167e-01	0.040	no	5-aminolevulinate synthase
g11804	0.5562	9.114363e-01	0.040	no	NA
g11418	0.1665	9.114363e-01	0.040	no	NA
g762	-0.1172	9.114363e-01	0.040	no	NA
g6553	-0.1516	9.114363e-01	0.040	no	Probable endoplasmic reticulum-Golgi intermediate compartment protein 3
g11573	0.2082	9.114363e-01	0.040	no	NA
g1192	-0.1463	9.114363e-01	0.040	no	Elongation factor Ts
g6218	-0.2668	9.114363e-01	0.040	no	GPI-anchor transamidase component PIGU
g2884	0.1419	9.114363e-01	0.040	no	Acylphosphatase-1
g9393	0.1357	9.114363e-01	0.040	no	Gamma-soluble NSF attachment protein
g3078	-0.1291	9.117852e-01	0.040	no	Ubiquitin carboxyl-terminal hydrolase 1
g15833	-0.2817	9.118663e-01	0.040	no	NA
g10870	-0.1055	9.118663e-01	0.040	no	NADH dehydrogenase [ubiquinone] iron-sulfur protein 6, mitochondrial
g5310	-0.2763	9.118663e-01	0.040	no	Sulfoquinovosidase
g3353	-0.2009	9.118663e-01	0.040	no	ATP-dependent RNA helicase DHX33
g8356	-0.3183	9.118663e-01	0.040	no	Presenilin-1
g15624	-0.1089	9.118663e-01	0.040	no	Carnosine synthase 1
g10992	0.1604	9.118663e-01	0.040	no	Tyrosine-protein phosphatase RLPH2
g10839	-0.1114	9.118663e-01	0.040	no	Adenosylhomocysteinase
g14154	-0.1735	9.118663e-01	0.040	no	Polyribonucleotide nucleotidyltransferase
g12672	0.2874	9.118663e-01	0.040	no	Pyridoxine/pyridoxamine 5'-phosphate oxidase 2
g12212	-0.2108	9.118663e-01	0.040	no	Phenylalanine--tRNA ligase beta subunit
g1955	0.1208	9.118663e-01	0.040	no	Transmembrane protein 45B
g15533	0.2111	9.118663e-01	0.040	no	NA
g7592	0.1182	9.118663e-01	0.040	no	E3 ubiquitin-protein ligase SHPRH
g9655	-0.2415	9.118663e-01	0.040	no	Ubiquitin carboxyl-terminal hydrolase 30
g13917	-0.1400	9.118663e-01	0.040	no	Transcription factor SKN7
g2973	0.1262	9.118663e-01	0.040	no	Phosphorylase b kinase gamma catalytic chain, liver/testis isoform
g12050	-0.2552	9.118663e-01	0.040	no	NA
g11531	0.2495	9.118663e-01	0.040	no	NA
g14135	-0.1239	9.118663e-01	0.040	no	NA
g8527	-0.2299	9.118663e-01	0.040	no	NA
g8826	0.2009	9.118663e-01	0.040	no	Peroxisome assembly protein 12-B
g9151	0.3358	9.118663e-01	0.040	no	NA
g5455	0.1173	9.120396e-01	0.040	no	NA
g14039	0.0925	9.120396e-01	0.040	no	Ras-related protein RABE1d
g11327	0.1625	9.123835e-01	0.040	no	Ribosomal protein S6 kinase 2 alpha
g10198	-0.1583	9.123953e-01	0.040	no	DNA-directed RNA polymerases I, II, and III subunit rpabc3
g3805	0.2101	9.126219e-01	0.040	no	Acyl-CoA-binding domain-containing protein 6
g12764	-0.1864	9.126219e-01	0.040	no	NA
g15315	-0.2711	9.126219e-01	0.040	no	NA
g8722	0.2957	9.126219e-01	0.040	no	UMP-CMP kinase 3
g6219	-0.1208	9.126219e-01	0.040	no	Actin-related protein 2/3 complex subunit 4
g2907	0.1617	9.126219e-01	0.040	no	tRNA wybutosine-synthesizing protein 2/3/4
g11379	0.3442	9.126219e-01	0.040	no	NA
g1093	-0.1427	9.126219e-01	0.040	no	Kinesin-like protein KIN-13B
g1141	-0.1575	9.126219e-01	0.040	no	NA
g13081	-0.2068	9.126219e-01	0.040	no	NA
g403	0.2855	9.126219e-01	0.040	no	NA
g7570	-0.2136	9.126219e-01	0.040	no	NA
g13930	0.1855	9.126219e-01	0.040	no	NA
g4140	-0.2156	9.126219e-01	0.040	no	NA
g4557	-0.1839	9.126219e-01	0.040	no	Vacuolar protein sorting-associated protein 33A
g15561	0.1289	9.126219e-01	0.040	no	NA
g2399	-0.2137	9.126219e-01	0.040	no	Uncharacterized TLC domain-containing protein C17A2.02c
g957	0.1731	9.126219e-01	0.040	no	NA
g5617	0.1244	9.126219e-01	0.040	no	CBS domain-containing protein CBSCBSPB2
g7784	-0.1708	9.126219e-01	0.040	no	Histone H4 variant TH011
g11351	0.1605	9.126219e-01	0.040	no	Sucrose transport protein SUT2
g9095	-0.2294	9.126219e-01	0.040	no	DNA polymerase zeta processivity subunit
g5588	0.1390	9.126219e-01	0.040	no	NA
g10919	-0.1759	9.126219e-01	0.040	no	NA
g9234	0.2386	9.126219e-01	0.040	no	NA
g13016	-0.1793	9.126219e-01	0.040	no	NA
g8568	0.3160	9.126219e-01	0.040	no	AP2-like ethylene-responsive transcription factor SMZ
g10135	-0.2236	9.126219e-01	0.040	no	Glycerophosphodiester phosphodiesterase
g12705	0.1234	9.126219e-01	0.040	no	Serine/threonine-protein kinase RUNKEL
g13830	0.2793	9.126219e-01	0.040	no	Ubiquitin-fold modifier 1
g5016	-0.1889	9.126219e-01	0.040	no	NA
g13651	0.1162	9.126219e-01	0.040	no	NA
g14019	0.1844	9.126219e-01	0.040	no	Phosphatidylinositol N-acetylglucosaminyltransferase subunit A
g9493	-0.2624	9.126219e-01	0.040	no	Tetracycline resistance protein, class H
g3738	-0.1656	9.127253e-01	0.040	no	Cell division cycle protein 73
g2130	0.2398	9.127253e-01	0.040	no	Type-1 glutamine synthetase 1
g15509	-0.3244	9.127253e-01	0.040	no	NA
g11361	0.1129	9.127253e-01	0.040	no	NA
g1817	0.1318	9.127253e-01	0.040	no	BTB/POZ domain-containing protein 9
g9450	0.2179	9.134795e-01	0.039	no	NA
g5082	-0.1160	9.134795e-01	0.039	no	Transforming protein Myb
g4008	0.2188	9.134972e-01	0.039	no	NA
g13163	0.1260	9.134972e-01	0.039	no	NA
g4264	-0.3371	9.134972e-01	0.039	no	NA
g4434	-0.1464	9.134972e-01	0.039	no	Protein S-acyltransferase DHHC9
g5598	0.1097	9.134972e-01	0.039	no	Methylmalonate-semialdehyde/malonate-semialdehyde dehydrogenase [acylating], mitochondrial
g12505	0.1383	9.134972e-01	0.039	no	NA
g5142	-0.2341	9.134972e-01	0.039	no	Protein prenyltransferase alpha subunit repeat-containing protein 1
g10305	-0.3696	9.134972e-01	0.039	no	NA
g11340	-0.1650	9.134972e-01	0.039	no	NA
g15660	0.2404	9.134972e-01	0.039	no	NA
g14342	0.1932	9.134972e-01	0.039	no	NA
g7066	0.1441	9.134972e-01	0.039	no	NEDD8-conjugating enzyme Ubc12
g13321	0.4192	9.134972e-01	0.039	no	NA
g13018	-0.2543	9.134972e-01	0.039	no	Methylosome protein WDR77
g12839	0.1025	9.134972e-01	0.039	no	Obg-like ATPase 1
g9364	-0.1262	9.134972e-01	0.039	no	NA
g3420	0.1427	9.134972e-01	0.039	no	Transcription factor MYB44
g3748	-0.1729	9.134972e-01	0.039	no	Vesicle-associated membrane protein 7A
g14066	0.1905	9.134972e-01	0.039	no	Probable tyrosine-protein phosphatase DG1060
g2579	-0.2019	9.134972e-01	0.039	no	NA
g8748	0.1643	9.134972e-01	0.039	no	Glycerol-3-phosphate acyltransferase
g5564	0.1973	9.134972e-01	0.039	no	NA
g6626	-0.2016	9.134972e-01	0.039	no	Temptin
g3273	-0.1273	9.134972e-01	0.039	no	Ubiquitin carboxyl-terminal hydrolase 36
g15815	-0.1698	9.134972e-01	0.039	no	tRNA-dihydrouridine(47) synthase [NAD(P)(+)]-like
g8830	-0.1540	9.134972e-01	0.039	no	NA
g12978	0.1416	9.134972e-01	0.039	no	Tryptophan synthase
g9009	-0.2737	9.137903e-01	0.039	no	NA
g13446	-0.1949	9.137903e-01	0.039	no	Protein phosphatase 1 regulatory subunit 12C
g3633	0.0976	9.137903e-01	0.039	no	ATP-dependent protease ATPase subunit HslU
g11762	0.8148	9.137903e-01	0.039	no	Guanine nucleotide-binding protein G(o) subunit alpha
g14572	-0.1792	9.137903e-01	0.039	no	NA
g9391	0.1417	9.137903e-01	0.039	no	Thioredoxin reductase
g11164	0.1953	9.137903e-01	0.039	no	Copper-exporting P-type ATPase
g3249	-0.1167	9.137903e-01	0.039	no	Importin beta-like SAD2
g3093	-0.1533	9.137903e-01	0.039	no	Protein farnesyltransferase/geranylgeranyltransferase type-1 subunit alpha
g4694	-0.0962	9.137903e-01	0.039	no	NA
g3821	0.1318	9.137903e-01	0.039	no	Small ribosomal subunit protein uS5
g4275	-0.1303	9.137903e-01	0.039	no	NA
g10396	-0.1315	9.137903e-01	0.039	no	BUD13 homolog
g13435	-0.1613	9.137903e-01	0.039	no	BEACH domain-containing protein lvsF
g12904	0.1793	9.137903e-01	0.039	no	NA
g2070	0.1324	9.137903e-01	0.039	no	NA
g1202	-0.1587	9.137903e-01	0.039	no	Protein farnesyltransferase subunit beta
g2215	-0.1952	9.137903e-01	0.039	no	FYVE, RhoGEF and PH domain-containing protein 4
g8517	-0.1176	9.137903e-01	0.039	no	Probable cycloartenol-C-24-methyltransferase 1
g14313	0.1213	9.137903e-01	0.039	no	Ribonuclease Phyb
g5005	0.1306	9.137903e-01	0.039	no	32 kDa beta-galactoside-binding lectin
g1792	0.1859	9.137903e-01	0.039	no	Cyclin-dependent kinase D-2
g13955	-0.2797	9.137903e-01	0.039	no	Small nuclear ribonucleoprotein Sm D2
g12601	-0.1038	9.137903e-01	0.039	no	NA
g10416	0.1439	9.137903e-01	0.039	no	Probable folate-biopterin transporter 2
g6760	-0.1594	9.137903e-01	0.039	no	UPF0046 protein C25E10.12
g5858	-0.2524	9.138073e-01	0.039	no	NA
g6887	-0.1370	9.138073e-01	0.039	no	Uncharacterized protein C4G9.04c
g14505	0.1153	9.138073e-01	0.039	no	Probable copper-transporting ATPase HMA5
g1151	-0.1294	9.138073e-01	0.039	no	NA
g13028	0.1030	9.138073e-01	0.039	no	NA
g1607	0.1854	9.138073e-01	0.039	no	Co-chaperone protein HGH1 homolog
g15404	0.0931	9.138073e-01	0.039	no	5'-3' exoribonuclease 1
g13810	0.1067	9.138073e-01	0.039	no	NA
g4945	0.1247	9.138073e-01	0.039	no	N-acetylgalactosamine-6-O-sulfatase
g2701	0.1967	9.138970e-01	0.039	no	Leucine-rich repeat-containing protein 36
g6714	0.2201	9.138970e-01	0.039	no	NA
g7164	0.3175	9.138970e-01	0.039	no	IMPACT family member HI_0722
g13737	0.2900	9.138970e-01	0.039	no	NA
g8806	0.3143	9.143904e-01	0.039	no	NA
g12906	-0.1922	9.147401e-01	0.039	no	Nuclear factor NF-kappa-B p100 subunit
g4815	-0.1869	9.147401e-01	0.039	no	Probable small nuclear ribonucleoprotein G
g7333	-0.1180	9.151086e-01	0.039	no	Casein kinase 1-like protein 5
g8370	-0.1512	9.151086e-01	0.039	no	Dihydrolipoyllysine-residue acetyltransferase component of pyruvate dehydrogenase complex
g7713	0.1371	9.151086e-01	0.039	no	NA
g7691	-0.0978	9.151086e-01	0.039	no	Bifunctional purine biosynthetic protein ADE5,7
g9359	0.1474	9.151086e-01	0.039	no	DNA-binding protein DDB_G0278111
g727	0.2654	9.151086e-01	0.039	no	NA
g14592	0.1369	9.151086e-01	0.039	no	DEAD-box ATP-dependent RNA helicase 39
g7736	-0.0931	9.151086e-01	0.039	no	Histone H2A
g7762	-0.1167	9.151086e-01	0.039	no	NA
g13161	-0.1103	9.151086e-01	0.039	no	Sideroflexin
g10693	0.3342	9.151086e-01	0.039	no	NA
g7663	0.1190	9.151086e-01	0.039	no	NA
g6533	-0.0972	9.154975e-01	0.038	no	Phosphoribosylaminoimidazole carboxylase
g15901	-0.2515	9.154975e-01	0.038	no	NA
g2179	0.1277	9.154975e-01	0.038	no	NA
g14979	0.1325	9.154975e-01	0.038	no	Multiple inositol polyphosphate phosphatase 1
g9882	0.0832	9.154975e-01	0.038	no	Ethylene-responsive transcription factor ERF073
g5057	-0.2931	9.155305e-01	0.038	no	NA
g4367	0.0990	9.156354e-01	0.038	no	ERBB-3 BINDING PROTEIN 1
g1064	0.2851	9.156544e-01	0.038	no	2-methyl-aconitate isomerase
g6971	0.1205	9.158294e-01	0.038	no	NA
g12979	-0.2237	9.159034e-01	0.038	no	Phosphopantetheinyl transferase
g8745	-0.1119	9.159034e-01	0.038	no	Lymphoid-specific helicase
g10782	-0.2902	9.159034e-01	0.038	no	NA
g7061	0.1051	9.159034e-01	0.038	no	NA
g5071	0.2268	9.159034e-01	0.038	no	NA
g7552	-0.1028	9.159034e-01	0.038	no	Aromatic-amino-acid aminotransferase 1
g1812	-0.1419	9.163509e-01	0.038	no	CDK5 regulatory subunit-associated protein 2
g14686	-0.1548	9.164589e-01	0.038	no	Palmitoyltransferase ZDHHC14
g2356	0.1312	9.164589e-01	0.038	no	3'-5' RNA helicase YTHDC2
g9994	0.2066	9.164589e-01	0.038	no	NA
g643	0.1100	9.164589e-01	0.038	no	Polyamine aminopropyltransferase
g5175	-0.1074	9.164589e-01	0.038	no	Glycine cleavage system H protein
g796	-0.1614	9.164589e-01	0.038	no	Polycystin-2
g60	0.1165	9.164589e-01	0.038	no	NA
g7294	0.3236	9.164589e-01	0.038	no	NA
g1324	0.1295	9.164589e-01	0.038	no	Terminal nucleotidyltransferase 4B
g12230	0.2149	9.164589e-01	0.038	no	tRNA-splicing endonuclease
g13708	0.2106	9.164589e-01	0.038	no	SET domain-containing protein 4
g1448	0.1127	9.164589e-01	0.038	no	rRNA processing protein pol5
g7319	0.0987	9.164589e-01	0.038	no	Ribose-phosphate pyrophosphokinase
g14319	-0.1324	9.164589e-01	0.038	no	SCL-interrupting locus protein homolog
g2918	0.1401	9.164589e-01	0.038	no	NA
g15079	0.1746	9.164589e-01	0.038	no	Probable low-salt glycan biosynthesis reductase Agl14
g10421	0.2570	9.164589e-01	0.038	no	Methylated amino-acid transporter SLC25A45
g12837	0.1380	9.164589e-01	0.038	no	Golgi reassembly-stacking protein 2
g7175	-0.2074	9.164589e-01	0.038	no	NA
g9184	-0.1055	9.164589e-01	0.038	no	Large ribosomal subunit protein eL20w
g1146	0.1385	9.164589e-01	0.038	no	NA
g7742	0.1124	9.164589e-01	0.038	no	Ras-related protein Rab-8B
g14296	0.2543	9.164589e-01	0.038	no	Protein GLUTELIN PRECURSOR ACCUMULATION 3
g14005	0.2289	9.164589e-01	0.038	no	NA
g5500	0.1754	9.164589e-01	0.038	no	Mycolic acid-containing lipids exporter MmpL11
g5541	-0.2009	9.164589e-01	0.038	no	Autoinducer 2 sensor kinase/phosphatase LuxQ
g15152	-0.1689	9.164589e-01	0.038	no	Histone-lysine N-methyltransferase SETD1B
g2588	-0.1876	9.164589e-01	0.038	no	NA
g5512	0.4503	9.164589e-01	0.038	no	NA
g84	-0.2492	9.164589e-01	0.038	no	NA
g3744	0.1544	9.164589e-01	0.038	no	Putative phospho-2-dehydro-3-deoxyheptonate aldolase
g6284	-0.1996	9.164589e-01	0.038	no	Splicing factor U2af small subunit A
g12185	-0.1005	9.164589e-01	0.038	no	Ubiquitin-conjugating enzyme E2 15
g7179	0.1103	9.164589e-01	0.038	no	MMS19 nucleotide excision repair protein homolog
g14011	0.2149	9.164589e-01	0.038	no	Peroxisomal adenine nucleotide carrier 1
g9573	-0.1209	9.164589e-01	0.038	no	RNA-binding protein 39
g10238	-0.3556	9.164589e-01	0.038	no	NA
g15467	0.1253	9.164589e-01	0.038	no	NA
g6476	-0.2862	9.164589e-01	0.038	no	Centrosomal protein of 112 kDa
g2842	-0.1510	9.164589e-01	0.038	no	NA
g15378	0.1675	9.164589e-01	0.038	no	UTP--glucose-1-phosphate uridylyltransferase
g2772	0.5095	9.164589e-01	0.038	no	Kinesin-like protein tea2
g6726	0.1567	9.164589e-01	0.038	no	Phosphatidylinositol 4-phosphate 5-kinase MSS4
g2155	-0.1992	9.164589e-01	0.038	no	SUMO-activating enzyme subunit 1
g15800	-0.2993	9.164589e-01	0.038	no	NA
g7456	-0.1767	9.164589e-01	0.038	no	NA
g14560	-0.1721	9.164589e-01	0.038	no	NA
g6984	0.2251	9.164589e-01	0.038	no	Monoacylglycerol lipase ABHD2
g8837	-0.1114	9.164589e-01	0.038	no	Inositol hexakisphosphate and diphosphoinositol-pentakisphosphate kinase VIP1
g13014	-0.1267	9.164589e-01	0.038	no	NA
g5859	-0.0971	9.164589e-01	0.038	no	Vesicular integral-membrane protein VIP36
g3943	0.4321	9.164589e-01	0.038	no	Uncharacterized protein MJ1566
g11464	-0.1109	9.164911e-01	0.038	no	tRNA (guanine(26)-N(2))-dimethyltransferase 2
g15460	-0.1778	9.164911e-01	0.038	no	NA
g15101	-0.1547	9.164911e-01	0.038	no	Phenylacetaldehyde reductase
g3974	-0.1680	9.164911e-01	0.038	no	NA
g9413	-0.1657	9.165418e-01	0.038	no	VCP-like ATPase
g7480	-0.0829	9.165418e-01	0.038	no	Isocitrate dehydrogenase [NAD(+)] 1, mitochondrial
g13756	-0.3888	9.165418e-01	0.038	no	Cilia- and flagella-associated protein 20
g6306	-0.1753	9.165418e-01	0.038	no	2-hydroxy-6-oxononadienedioate/2-hydroxy-6-oxononatrienedioate hydrolase 2
g5581	-0.1405	9.165418e-01	0.038	no	Histone acetyltransferase of the MYST family 1
g15170	-0.2735	9.165418e-01	0.038	no	DNA repair protein RAD51 homolog 4
g14443	0.1268	9.165418e-01	0.038	no	Vacuolar basic amino acid transporter vsb1
g6808	0.1388	9.165418e-01	0.038	no	Benzil reductase ((S)-benzoin forming)
g16055	-0.2097	9.168022e-01	0.038	no	NA
g2760	0.1521	9.168022e-01	0.038	no	Protein GID8 homolog
g3224	-0.2711	9.168382e-01	0.038	no	NA
g15865	-0.1307	9.171009e-01	0.038	no	Quinone-oxidoreductase QR2
g2411	-0.1320	9.172573e-01	0.038	no	NA
g12564	-0.2344	9.172573e-01	0.038	no	NA
g779	-0.4211	9.172707e-01	0.038	no	Clusterin-associated protein 1 homolog
g113	0.1692	9.174719e-01	0.037	no	NA
g6175	-0.1110	9.174719e-01	0.037	no	Selenocysteine insertion sequence-binding protein 2
g2660	0.1761	9.176521e-01	0.037	no	Beta-lactamase domain-containing protein 2
g2785	0.1548	9.176521e-01	0.037	no	Ribosomal RNA-processing protein 7 homolog A
g13357	-0.2399	9.176521e-01	0.037	no	NA
g4458	-0.1771	9.177097e-01	0.037	no	Ubiquitin-conjugating enzyme E2 32
g7008	-0.1729	9.177097e-01	0.037	no	tRNA-dihydrouridine(20/20a) synthase
g6610	0.1613	9.177097e-01	0.037	no	NA
g9268	-0.4218	9.177097e-01	0.037	no	Sugar transport protein 1
g6566	0.1450	9.177097e-01	0.037	no	NA
g362	0.1322	9.177097e-01	0.037	no	NA
g6583	0.2582	9.177097e-01	0.037	no	Uncharacterized glycosidase Rv0584
g15991	-0.2636	9.177097e-01	0.037	no	NA
g2621	0.4702	9.177097e-01	0.037	no	Osmotic avoidance abnormal protein 3
g2259	0.0920	9.177097e-01	0.037	no	Pyrophosphate-energized membrane proton pump 3
g15938	-0.1430	9.177097e-01	0.037	no	NA
g1462	-0.2482	9.177097e-01	0.037	no	Ethylmalonyl-CoA decarboxylase
g11730	-0.0910	9.177844e-01	0.037	no	6-phosphogluconate dehydrogenase, decarboxylating 1, chloroplastic
g3333	-0.1829	9.177844e-01	0.037	no	Probable UDP-3-O-acylglucosamine N-acyltransferase 2, mitochondrial
g4629	-0.1361	9.178321e-01	0.037	no	Sphingosine kinase 1
g2984	0.1178	9.178348e-01	0.037	no	Phosphatidylinositol transfer protein CSR1
g14878	0.1118	9.178348e-01	0.037	no	UBX domain-containing protein 1
g13671	-0.2194	9.179479e-01	0.037	no	NA
g4581	-0.1274	9.179480e-01	0.037	no	SRP-independent targeting protein 3 homolog
g12320	-0.1276	9.179480e-01	0.037	no	Pre-mRNA-processing factor 19
g8928	-0.1917	9.179480e-01	0.037	no	COP9 signalosome complex subunit 7a
g15637	0.1163	9.179480e-01	0.037	no	Golgin subfamily A member 5
g3047	0.1467	9.179480e-01	0.037	no	Sulfoacetaldehyde dehydrogenase
g224	0.2066	9.179480e-01	0.037	no	NA
g11557	0.1469	9.179735e-01	0.037	no	Deaminated glutathione amidase, chloroplastic/cytosolic
g379	-0.0983	9.179735e-01	0.037	no	NA
g3362	0.1096	9.179735e-01	0.037	no	NA
g6537	-0.1068	9.179735e-01	0.037	no	NA
g301	0.2389	9.179735e-01	0.037	no	Mitochondrial substrate carrier family protein ucpB
g2704	0.1524	9.179735e-01	0.037	no	Protein FAM135A
g13824	0.1633	9.179735e-01	0.037	no	NA
g6746	0.1306	9.184310e-01	0.037	no	NA
g5318	0.1570	9.184310e-01	0.037	no	Probable holocytochrome-c-type synthase
g2516	0.1787	9.185397e-01	0.037	no	Carabin
g14457	0.1882	9.186458e-01	0.037	no	NA
g3608	0.1751	9.188996e-01	0.037	no	Major facilitator superfamily domain-containing protein 8
g11200	0.1204	9.188996e-01	0.037	no	Alpha-1,3-mannosyl-glycoprotein 2-beta-N-acetylglucosaminyltransferase
g8496	-0.1790	9.194612e-01	0.036	no	Uracil-DNA glycosylase
g9200	0.1477	9.194612e-01	0.036	no	NA
g9293	-0.1756	9.194612e-01	0.036	no	NA
g9247	-0.3662	9.197775e-01	0.036	no	NA
g1079	0.2329	9.198012e-01	0.036	no	NA
g15138	0.1323	9.198691e-01	0.036	no	Phosphoacetylglucosamine mutase
g2282	-0.2823	9.200090e-01	0.036	no	NA
g10883	0.3572	9.200090e-01	0.036	no	Cilia- and flagella-associated protein 221
g15978	-0.2322	9.200090e-01	0.036	no	ABC transporter G family member 22
g4051	0.1994	9.200184e-01	0.036	no	Ras-related protein Rab-32
g9923	0.1104	9.200184e-01	0.036	no	Cleavage and polyadenylation specificity factor subunit 2
g15574	-0.2095	9.200279e-01	0.036	no	NA
g9920	-0.1696	9.200279e-01	0.036	no	Succinate--glutarate CoA-transferase
g10940	-0.1413	9.200279e-01	0.036	no	Dephospho-CoA kinase
g6070	-0.2620	9.205004e-01	0.036	no	NA
g1040	-0.1262	9.205004e-01	0.036	no	NA
g9437	-0.1742	9.205341e-01	0.036	no	NA
g7522	-0.0938	9.205341e-01	0.036	no	NA
g7418	-0.2175	9.205341e-01	0.036	no	NA
g7053	0.1762	9.205341e-01	0.036	no	NA
g11781	-0.1464	9.205341e-01	0.036	no	Carbohydrate sulfotransferase 15
g14053	-0.1220	9.205341e-01	0.036	no	Palmitoyl-protein thioesterase 1
g5214	-0.1184	9.205341e-01	0.036	no	NA
g4441	0.1364	9.205341e-01	0.036	no	Phosphatidylinositol 4-kinase gamma 3
g1065	0.2258	9.206639e-01	0.036	no	Zinc-regulated GTPase metalloprotein activator 1
g9448	0.1808	9.206639e-01	0.036	no	Probable histone H2A variant 2
g10070	-0.1937	9.206639e-01	0.036	no	NA
g4525	0.1581	9.206639e-01	0.036	no	tRNA (guanosine(18)-2'-O)-methyltransferase TARBP1
g253	0.1929	9.206639e-01	0.036	no	5'-3' DNA helicase ZGRF1
g11297	0.2005	9.209702e-01	0.036	no	NA
g12955	-0.1020	9.209702e-01	0.036	no	Fructose-1,6-bisphosphatase, cytosolic
g5719	0.2696	9.209702e-01	0.036	no	NA
g1538	0.2362	9.209702e-01	0.036	no	NA
g11687	0.1677	9.209702e-01	0.036	no	Endoplasmic reticulum mannosyl-oligosaccharide 1,2-alpha-mannosidase
g4243	0.2447	9.209702e-01	0.036	no	Superoxide-generating NADPH oxidase heavy chain subunit A
g2194	0.3913	9.209702e-01	0.036	no	NA
g12468	-0.1869	9.209702e-01	0.036	no	Bifunctional protein FolD 2
g7520	0.1140	9.209702e-01	0.036	no	NA
g7361	-0.1169	9.209702e-01	0.036	no	NA
g11306	-0.1604	9.209702e-01	0.036	no	Calcium/calmodulin-dependent protein kinase type II subunit alpha
g9869	0.2208	9.209702e-01	0.036	no	NA
g3545	-0.1948	9.209702e-01	0.036	no	NA
g12332	0.1107	9.209702e-01	0.036	no	Transcriptional activator Myb
g3996	0.2211	9.209702e-01	0.036	no	NACHT, LRR and PYD domains-containing protein 14
g3283	0.3006	9.209702e-01	0.036	no	NA
g10958	-0.1133	9.209702e-01	0.036	no	Probable NOT transcription complex subunit VIP2
g4560	0.1819	9.209702e-01	0.036	no	NA
g14797	0.2928	9.209702e-01	0.036	no	NA
g12661	-0.1665	9.209702e-01	0.036	no	Small nuclear ribonucleoprotein SmD3b
g3592	0.1166	9.209702e-01	0.036	no	AP-3 complex subunit beta-2
g3553	-0.2311	9.209702e-01	0.036	no	NA
g1912	0.2139	9.209702e-01	0.036	no	NA
g11391	0.1118	9.209702e-01	0.036	no	Probable manganese-transporting ATPase PDR2
g14201	0.1671	9.209702e-01	0.036	no	NA
g7909	-0.2279	9.209702e-01	0.036	no	Kinesin-related protein 4
g11105	0.0997	9.209702e-01	0.036	no	DIS3-like exonuclease 2
g13244	0.1647	9.209702e-01	0.036	no	NA
g9939	0.1010	9.209702e-01	0.036	no	Calcium/calmodulin-dependent protein kinase type 1
g6474	-0.2775	9.209702e-01	0.036	no	NA
g14819	-0.1653	9.209702e-01	0.036	no	NA
g3936	-0.2949	9.209702e-01	0.036	no	NA
g608	-0.2366	9.209702e-01	0.036	no	NA
g11958	-0.1955	9.209702e-01	0.036	no	NA
g11235	0.1010	9.209702e-01	0.036	no	Proton-coupled zinc antiporter SLC30A5
g2077	0.1874	9.209702e-01	0.036	no	cAMP-dependent protein kinase regulatory subunit
g1056	0.1262	9.209702e-01	0.036	no	Anaphase-promoting complex subunit 5
g15838	0.1605	9.212097e-01	0.036	no	Bifunctional dethiobiotin synthetase/7,8-diamino-pelargonic acid aminotransferase, mitochondrial
g5350	0.2289	9.212097e-01	0.036	no	Histidine--tRNA ligase
g14904	0.1269	9.214993e-01	0.036	no	Ubiquinone biosynthesis protein COQ9, mitochondrial
g4914	-0.1825	9.215556e-01	0.035	no	Probable RNA-binding protein EIF1AD
g13326	0.1073	9.221110e-01	0.035	no	U3 small nucleolar RNA-associated protein MPP10
g13073	-0.2773	9.221110e-01	0.035	no	NA
g6173	0.1359	9.221759e-01	0.035	no	Small ribosomal subunit protein eS10
g6907	0.2142	9.221759e-01	0.035	no	U3 small nucleolar ribonucleoprotein protein IMP3
g5679	-0.2228	9.225463e-01	0.035	no	DNA excision repair protein ERCC-1
g11501	0.0800	9.225463e-01	0.035	no	ALA-interacting subunit 1
g7065	-0.1724	9.225463e-01	0.035	no	Ubiquitin carboxyl-terminal hydrolase MINDY-3
g5009	0.1663	9.225463e-01	0.035	no	NA
g8545	0.1384	9.225463e-01	0.035	no	Cholesterol 25-hydroxylase
g4394	0.1361	9.225463e-01	0.035	no	Metaxin-3
g12554	-0.1277	9.225463e-01	0.035	no	RNA polymerase-associated protein CTR9 homolog
g10632	0.1346	9.225463e-01	0.035	no	NA
g5445	0.1073	9.225463e-01	0.035	no	NA
g1861	0.1555	9.225463e-01	0.035	no	Uncharacterized aminotransferase C777.03c
g15563	-0.2185	9.225463e-01	0.035	no	Replication factor C subunit 2
g8287	-0.2089	9.225463e-01	0.035	no	NA
g1027	0.1600	9.225463e-01	0.035	no	Phosphoadenosine 5'-phosphosulfate reductase
g20	0.1125	9.225463e-01	0.035	no	NA
g14015	0.0916	9.225463e-01	0.035	no	NADPH--cytochrome P450 reductase 3
g4020	-0.1013	9.225463e-01	0.035	no	NA
g10226	0.2349	9.225463e-01	0.035	no	NA
g5021	-0.1231	9.225463e-01	0.035	no	Bifunctional dihydrofolate reductase-thymidylate synthase 2
g9789	0.0959	9.225463e-01	0.035	no	Large ribosomal subunit protein mL46
g13363	0.1489	9.225463e-01	0.035	no	Enoyl-CoA delta isomerase 2, peroxisomal
g10309	0.2838	9.229545e-01	0.035	no	NA
g15066	0.0931	9.229545e-01	0.035	no	Fatty acyl-CoA synthetase A
g11134	-0.0762	9.229545e-01	0.035	no	GDP-fucose transporter 1
g15895	0.1222	9.229545e-01	0.035	no	NA
g14069	0.1306	9.229545e-01	0.035	no	Protein dhs-3
g9171	-0.2000	9.230592e-01	0.035	no	NA
g7289	0.2066	9.230592e-01	0.035	no	Protein MCM10 homolog
g15536	-0.1342	9.236769e-01	0.034	no	116 kDa U5 small nuclear ribonucleoprotein component
g6758	0.3018	9.236769e-01	0.034	no	Dynein axonemal assembly factor 10
g9818	0.1865	9.238369e-01	0.034	no	Proteasome activator complex subunit 1
g8358	0.1631	9.238369e-01	0.034	no	Uncharacterized protein R166.3
g13704	-0.1041	9.238369e-01	0.034	no	NA
g3577	0.1273	9.241528e-01	0.034	no	18S rRNA (guanine-N(7))-methyltransferase
g13549	0.1180	9.241528e-01	0.034	no	NA
g10048	0.1304	9.241528e-01	0.034	no	U3 small nucleolar RNA-associated protein 25
g8913	-0.2387	9.241528e-01	0.034	no	Uncharacterized sugar kinase AF_0356
g14170	-0.1324	9.241528e-01	0.034	no	Zinc finger protein ZPR1
g3433	0.1043	9.247526e-01	0.034	no	Nicotinate-nucleotide pyrophosphorylase [carboxylating]
g5480	0.1823	9.247715e-01	0.034	no	Ribulose-1,5 bisphosphate carboxylase/oxygenase large subunit N-methyltransferase, chloroplastic
g15810	0.1361	9.249922e-01	0.034	no	NA
g6813	-0.1565	9.251166e-01	0.034	no	DNA replication ATP-dependent helicase/nuclease DNA2
g546	-0.1817	9.252506e-01	0.034	no	Anthranilate phosphoribosyltransferase, chloroplastic
g14045	-0.0964	9.252506e-01	0.034	no	Myb-related protein A
g2247	-0.1165	9.253734e-01	0.034	no	Ribosome biogenesis protein BRX1 homolog
g7142	0.1580	9.253734e-01	0.034	no	NA
g4857	0.0969	9.253734e-01	0.034	no	V-type proton ATPase subunit d
g10433	0.1341	9.256315e-01	0.034	no	NA
g11931	-0.1505	9.256478e-01	0.034	no	Protein SDS23
g12932	-0.0912	9.256478e-01	0.034	no	Delta-1-pyrroline-5-carboxylate dehydrogenase 12A1, mitochondrial
g5856	-0.0814	9.256478e-01	0.034	no	NA
g4001	-0.1127	9.258063e-01	0.033	no	FACT complex subunit SSRP1-B
g4094	0.2274	9.258063e-01	0.033	no	ATP-dependent DNA helicase Q-like 5
g15966	-0.2660	9.258939e-01	0.033	no	Fanconi anemia group J protein
g6191	-0.2271	9.258939e-01	0.033	no	Peroxisomal (S)-2-hydroxyacid oxidase GLO3
g12457	-0.1083	9.258939e-01	0.033	no	Vacuolar protein sorting-associated protein 32 homolog 1
g918	-0.2979	9.258939e-01	0.033	no	NA
g138	0.1652	9.261848e-01	0.033	no	Ras-related protein Rab-5B
g3950	-0.3278	9.261848e-01	0.033	no	NA
g10614	0.1012	9.261848e-01	0.033	no	NA
g11238	0.2454	9.261848e-01	0.033	no	Ubiquinone biosynthesis protein COQ4 homolog, mitochondrial
g2857	0.1601	9.261848e-01	0.033	no	Fanconi-associated nuclease 1 homolog
g2174	0.1489	9.261848e-01	0.033	no	Hydrolase phiM
g1622	0.1773	9.263822e-01	0.033	no	TBC1 domain family member 19
g2779	0.1453	9.263822e-01	0.033	no	Tubulin polyglutamylase ttll6
g14097	0.1788	9.263822e-01	0.033	no	NA
g11407	-0.2364	9.263822e-01	0.033	no	Myosin-12
g8557	-0.1210	9.263822e-01	0.033	no	Prefoldin subunit 3
g6118	-0.0836	9.263822e-01	0.033	no	Protein STIP1 homolog
g13004	0.1584	9.263822e-01	0.033	no	NA
g13259	-0.1332	9.263822e-01	0.033	no	Cytochrome c oxidase assembly factor SCO1
g9326	0.1405	9.263822e-01	0.033	no	Signal peptide peptidase-like 3
g5264	-0.2632	9.263822e-01	0.033	no	NA
g9972	0.1117	9.263822e-01	0.033	no	Hyperosmolality-gated Ca2+ permeable channel 1.2
g3497	-0.0805	9.263822e-01	0.033	no	FACT complex subunit spt16
g14322	-0.0952	9.263822e-01	0.033	no	Serine/threonine-protein phosphatase PP1-gamma catalytic subunit A
g3925	-0.2069	9.263822e-01	0.033	no	NA
g2557	0.1279	9.263822e-01	0.033	no	NA
g8439	0.1244	9.263822e-01	0.033	no	NA
g6322	-0.1831	9.263822e-01	0.033	no	Chemotaxis protein CheY-3
g11006	-0.1492	9.263822e-01	0.033	no	Probable acyl-CoA dehydrogenase FadE2
g3293	0.1241	9.263822e-01	0.033	no	LETM1 domain-containing protein mdm28, mitochondrial
g9406	0.1040	9.263822e-01	0.033	no	NA
g7200	-0.0913	9.263822e-01	0.033	no	NA
g9625	0.1620	9.263822e-01	0.033	no	NA
g423	0.2747	9.263822e-01	0.033	no	tRNA (carboxymethyluridine(34)-5-O)-methyltransferase alkbh8
g11112	0.2332	9.264815e-01	0.033	no	NA
g1317	-0.2235	9.265969e-01	0.033	no	Splicing factor 3A subunit 2
g4445	0.1019	9.267530e-01	0.033	no	Carnitine O-palmitoyltransferase 2, mitochondrial
g9367	-0.2131	9.267530e-01	0.033	no	Probable nicotinate-nucleotide adenylyltransferase
g11119	0.1556	9.270399e-01	0.033	no	Dual specificity protein phosphatase Mpk3
g15729	-0.1033	9.271976e-01	0.033	no	NA
g14049	0.1746	9.271976e-01	0.033	no	Kinesin-II 95 kDa subunit
g3279	-0.1018	9.272650e-01	0.033	no	Xylose isomerase
g3913	-0.2102	9.272650e-01	0.033	no	Phosphatidylinositol:ceramide inositolphosphotransferase
g5596	0.1508	9.273795e-01	0.033	no	LON peptidase N-terminal domain and RING finger protein 1
g15186	-0.1243	9.275203e-01	0.033	no	NA
g9940	0.1431	9.275203e-01	0.033	no	NA
g13274	-0.1552	9.275203e-01	0.033	no	2-(hydroxymethyl)glutarate dehydrogenase
g10498	-0.1543	9.275203e-01	0.033	no	NA
g5898	0.1157	9.275203e-01	0.033	no	NA
g14339	-0.2452	9.275203e-01	0.033	no	CTD nuclear envelope phosphatase 1 homolog
g1203	0.1411	9.275203e-01	0.033	no	Guanylate-binding protein 6
g9221	-0.1000	9.275203e-01	0.033	no	Transforming protein Myb
g2709	0.1170	9.277223e-01	0.033	no	NA
g2747	-0.1084	9.277223e-01	0.033	no	NA
g13594	0.0777	9.277223e-01	0.033	no	Paired amphipathic helix protein Sin3a
g554	-0.1824	9.281927e-01	0.032	no	Sulfotransferase 1C1
g3111	0.1366	9.284001e-01	0.032	no	Mitochondrial inner membrane magnesium transporter mrs2
g6399	0.1044	9.284001e-01	0.032	no	NA
g12905	0.2404	9.287049e-01	0.032	no	Protein-ribulosamine 3-kinase, chloroplastic
g9126	0.1051	9.288775e-01	0.032	no	Uncharacterized protein YfhR
g4037	0.1597	9.288792e-01	0.032	no	NA
g2766	-0.0736	9.288792e-01	0.032	no	Mitochondrial phosphate carrier protein
g3299	-0.1991	9.288792e-01	0.032	no	NA
g13595	-0.2351	9.289419e-01	0.032	no	NA
g5041	0.1740	9.292692e-01	0.032	no	NA
g3068	0.6151	9.292692e-01	0.032	no	NA
g8695	0.1148	9.292692e-01	0.032	no	Vesicle-associated membrane protein-associated protein A
g9161	-0.1298	9.292692e-01	0.032	no	NA
g4516	0.1557	9.292692e-01	0.032	no	U1 small nuclear ribonucleoprotein A
g14857	-0.2208	9.292692e-01	0.032	no	NA
g2803	-0.1030	9.292692e-01	0.032	no	RNA polymerase II subunit A C-terminal domain phosphatase SSU72
g14406	-0.1550	9.292692e-01	0.032	no	Zinc transporter ZupT
g3991	-0.1215	9.292692e-01	0.032	no	NA
g4602	0.1969	9.292692e-01	0.032	no	Methylenetetrahydrofolate reductase (NADPH)
g15362	-0.1494	9.292692e-01	0.032	no	NA
g6183	-0.2397	9.292692e-01	0.032	no	NA
g939	0.1046	9.292692e-01	0.032	no	Mitochondrial import inner membrane translocase subunit TIM23-3
g3091	0.2553	9.292692e-01	0.032	no	Putative RING-type E3 ubiquitin transferase C3H69
g12503	-0.0902	9.292692e-01	0.032	no	NA
g508	-0.1815	9.292692e-01	0.032	no	Actin-histidine N-methyltransferase
g12543	-0.1655	9.292692e-01	0.032	no	Trafficking protein particle complex subunit 2
g12477	-0.2172	9.292692e-01	0.032	no	U2 snRNP-associated SURP motif-containing protein
g8486	0.0861	9.294480e-01	0.032	no	Histone-lysine N-methyltransferase ATXR3
g11020	0.1259	9.298764e-01	0.032	no	Exocyst complex component 6
g2206	0.0974	9.298764e-01	0.032	no	ADP/ATP translocase
g5560	0.1449	9.300476e-01	0.031	no	Ubiquitin carboxyl-terminal hydrolase 10
g7617	-0.1801	9.300476e-01	0.031	no	Dehydrodolichyl diphosphate synthase complex subunit DHDDS
g1252	-0.0960	9.300476e-01	0.031	no	SPX domain-containing protein 1
g12251	-0.0852	9.300476e-01	0.031	no	Transcription factor MYB3R-5
g11323	0.1251	9.301434e-01	0.031	no	Mitochondrial escape protein 2
g5794	0.1365	9.304899e-01	0.031	no	Protein BTN1
g10245	0.1549	9.304899e-01	0.031	no	NA
g7167	-0.2232	9.304899e-01	0.031	no	GPI alpha-1,2-mannosyltransferase 3
g1428	0.1675	9.304899e-01	0.031	no	Zinc chaperone YciC
g11812	0.1153	9.305220e-01	0.031	no	Periodic tryptophan protein 1 homolog
g7629	-0.1117	9.311580e-01	0.031	no	Cholesterol 7-desaturase nvd 1
g832	-0.1105	9.311580e-01	0.031	no	ATP-dependent (S)-NAD(P)H-hydrate dehydratase
g10677	0.2513	9.311580e-01	0.031	no	NA
g14759	0.1393	9.311580e-01	0.031	no	ABC transporter G family member 22
g11304	-0.1076	9.314246e-01	0.031	no	NA
g2111	-0.1183	9.314246e-01	0.031	no	Syntaxin-42
g14129	-0.1315	9.317060e-01	0.031	no	TBC1 domain family member 2A
g7252	-0.1849	9.317060e-01	0.031	no	NA
g5092	-0.0928	9.317060e-01	0.031	no	NA
g12458	-0.2207	9.317060e-01	0.031	no	NA
g11302	0.2570	9.317060e-01	0.031	no	Xylosyl- and glucuronyltransferase LARGE2
g6147	-0.2317	9.318906e-01	0.031	no	NA
g12962	0.1640	9.318906e-01	0.031	no	Mitogen-activated protein kinase kinase kinase 2
g2612	0.2175	9.318906e-01	0.031	no	NA
g9596	0.1726	9.318906e-01	0.031	no	Mitochondrial oxaloacetate transport protein
g11121	-0.2876	9.321062e-01	0.031	no	NA
g2438	0.1186	9.321701e-01	0.031	no	NA
g12610	0.1024	9.321701e-01	0.031	no	S-phase kinase-associated protein 1 homolog
g14359	-0.1529	9.321701e-01	0.031	no	NA
g12285	-0.1163	9.321701e-01	0.031	no	Methylthioribose transporter
g7606	0.1123	9.321701e-01	0.031	no	NA
g2976	-0.1439	9.321701e-01	0.031	no	NA
g633	-0.1167	9.321701e-01	0.031	no	Peptide methionine sulfoxide reductase MsrA
g11241	0.2563	9.321701e-01	0.031	no	NA
g12818	0.3206	9.321701e-01	0.031	no	NA
g13397	-0.2365	9.321701e-01	0.031	no	NA
g6138	0.1034	9.321701e-01	0.031	no	Methylmalonyl-CoA mutase, mitochondrial
g2628	0.1457	9.321701e-01	0.031	no	Epoxide hydrolase 3
g6203	0.2131	9.321701e-01	0.031	no	NA
g4771	0.0916	9.321701e-01	0.031	no	Protein FMP52-1, mitochondrial
g5114	0.1288	9.321701e-01	0.031	no	EH domain-containing protein 1
g4459	-0.1671	9.321701e-01	0.031	no	NA
g4463	0.1255	9.321701e-01	0.031	no	Heterochromatin-stabilizing protein CFDP1
g924	0.2702	9.321701e-01	0.031	no	Sodium/calcium exchanger 1
g637	-0.1418	9.321701e-01	0.031	no	Acyl-CoA dehydrogenase apdG
g9924	0.1793	9.321701e-01	0.031	no	NA
g11421	0.1443	9.321701e-01	0.031	no	SNF2 related chromatin remodeling annealing helicase 1
g9199	-0.1992	9.323030e-01	0.030	no	2-oxoglutarate and iron-dependent oxygenase JMJD4
g6075	0.1332	9.323030e-01	0.030	no	Guanine nucleotide-binding protein-like 1
g13320	0.1993	9.323030e-01	0.030	no	Carnitine O-acetyltransferase
g6078	-0.1380	9.323030e-01	0.030	no	Flavin-containing monooxygenase 5
g3618	0.1035	9.323030e-01	0.030	no	Dimethylglycine dehydrogenase, mitochondrial
g10053	-0.0933	9.323030e-01	0.030	no	Probable chromatin-remodeling complex ATPase chain
g13116	0.2361	9.323030e-01	0.030	no	Checkpoint protein hus1 homolog
g14840	0.1594	9.323030e-01	0.030	no	5' exonuclease Apollo
g11095	0.2235	9.323030e-01	0.030	no	Sodium- and chloride-dependent betaine transporter
g8709	-0.1822	9.323030e-01	0.030	no	Dual specificity protein phosphatase 16
g877	0.1040	9.323030e-01	0.030	no	NA
g11988	0.1992	9.323030e-01	0.030	no	NA
g6181	0.1623	9.323030e-01	0.030	no	Cobalamin trafficking protein CblD
g3698	-0.1882	9.323030e-01	0.030	no	NA
g6640	-0.0865	9.323030e-01	0.030	no	Glutathione reductase
g12688	0.1003	9.323030e-01	0.030	no	Far upstream element-binding protein 3
g9942	0.0900	9.323030e-01	0.030	no	Delta(8)-fatty-acid desaturase
g2246	0.1843	9.323030e-01	0.030	no	NA
g15154	0.1236	9.323030e-01	0.030	no	3-hydroxy-3-methylglutaryl-coenzyme A reductase 1
g15514	-0.2109	9.323030e-01	0.030	no	NA
g14459	-0.1883	9.323030e-01	0.030	no	NA
g1862	0.1390	9.323030e-01	0.030	no	5'-3' exoribonuclease 2
g77	0.1425	9.324054e-01	0.030	no	NA
g4406	0.1660	9.332568e-01	0.030	no	Acidic fibroblast growth factor intracellular-binding protein
g2727	-0.2363	9.332568e-01	0.030	no	NA
g5820	0.1883	9.332568e-01	0.030	no	NA
g10346	-0.1032	9.333900e-01	0.030	no	NA
g3831	-0.1069	9.333900e-01	0.030	no	Poly(A)-specific ribonuclease PARN
g14436	-0.1030	9.333900e-01	0.030	no	UDP-N-acetylglucosamine--dolichyl-phosphate N-acetylglucosaminephosphotransferase
g11344	-0.1591	9.333900e-01	0.030	no	U4/U6 small nuclear ribonucleoprotein PRP4-like protein
g13716	0.0933	9.337411e-01	0.030	no	Prolyl 4-hydroxylase 13
g14013	0.0816	9.337411e-01	0.030	no	NA
g1325	-0.1202	9.337411e-01	0.030	no	Transcription initiation factor TFIID subunit 5
g10195	-0.0915	9.341285e-01	0.030	no	E3 ubiquitin-protein ligase BRE1B
g13193	0.1991	9.342388e-01	0.030	no	Ubiquitin carboxyl-terminal hydrolase 39
g15778	-0.1954	9.343049e-01	0.030	no	Steroid-24-oyl-CoA synthetase
g15926	0.1561	9.343137e-01	0.030	no	Inactive metallocarboxypeptidase ECM14
g10469	-0.1268	9.343137e-01	0.030	no	Homoarginine-6-hydroxylase 2-ODD-C23
g7211	0.0751	9.343137e-01	0.030	no	Phospholipid-transporting ATPase 10
g10131	0.1583	9.343137e-01	0.030	no	NA
g1450	-0.1698	9.343137e-01	0.030	no	Lateral signaling target protein 2 homolog
g3594	-0.1127	9.343137e-01	0.030	no	Histone deacetylase 1
g101	0.1413	9.343137e-01	0.030	no	NA
g14105	0.0887	9.343137e-01	0.030	no	NA
g11357	0.1621	9.343137e-01	0.030	no	Exosome complex component RRP4
g5603	0.1990	9.343137e-01	0.030	no	Lysine-specific demethylase JMJ31
g6494	-0.0745	9.343137e-01	0.030	no	N-acetylgalactosamine-6-O-sulfatase
g7012	-0.0972	9.343137e-01	0.030	no	NA
g13561	0.0846	9.343137e-01	0.030	no	Lysosomal protective protein
g13195	0.1454	9.343137e-01	0.030	no	NADP-dependent alcohol dehydrogenase C 1
g625	-0.1293	9.343137e-01	0.030	no	NA
g15359	-0.1221	9.343137e-01	0.030	no	NA
g14496	0.2222	9.343137e-01	0.030	no	EEF1A lysine methyltransferase 4
g15963	-0.2507	9.343137e-01	0.030	no	NA
g14654	-0.1068	9.343273e-01	0.030	no	Aminodeoxychorismate synthase
g4245	0.1640	9.343273e-01	0.030	no	NA
g2209	0.1327	9.344507e-01	0.029	no	Uncharacterized protein C18H10.09
g2105	0.1968	9.344703e-01	0.029	no	Polycomb protein esc
g533	-0.2115	9.344703e-01	0.029	no	Voltage-gated inwardly rectifying potassium channel KCNH6
g13537	-0.0771	9.345679e-01	0.029	no	Phosphoglycerate kinase 1
g5846	0.1099	9.346939e-01	0.029	no	ATP-dependent 6-phosphofructokinase, platelet type
g3116	0.0887	9.346939e-01	0.029	no	Myotubularin-related protein 5
g13307	-0.2045	9.346939e-01	0.029	no	NA
g5227	0.2194	9.346939e-01	0.029	no	Cytochrome b5 isoform A
g10683	-0.1154	9.348959e-01	0.029	no	Casein kinase II subunit beta
g2659	-0.1550	9.348959e-01	0.029	no	Beta-lactamase domain-containing protein 2
g1328	0.1429	9.348959e-01	0.029	no	NA
g4889	-0.2161	9.348959e-01	0.029	no	NA
g6927	-0.1306	9.348959e-01	0.029	no	DUF21 domain-containing protein At4g14240
g4963	-0.1254	9.348959e-01	0.029	no	Endoribonuclease ZC3H12A
g7017	0.1021	9.348959e-01	0.029	no	Probable ATP-dependent helicase MG140
g365	-0.1781	9.348959e-01	0.029	no	NA
g578	0.1026	9.348959e-01	0.029	no	Superkiller complex protein 8
g9828	-0.0775	9.348959e-01	0.029	no	ATP synthase subunit alpha
g15924	0.0728	9.348959e-01	0.029	no	2-oxoglutarate dehydrogenase, mitochondrial
g72	-0.1876	9.348959e-01	0.029	no	NA
g11074	-0.1404	9.348959e-01	0.029	no	NA
g8839	-0.2523	9.348959e-01	0.029	no	NA
g7763	0.2135	9.348959e-01	0.029	no	WD repeat domain-containing protein 83 homolog
g11228	-0.1354	9.348959e-01	0.029	no	Lysosomal Pro-X carboxypeptidase
g9523	0.2589	9.348959e-01	0.029	no	Tectonic-like complex member MKS1
g13448	0.1167	9.348959e-01	0.029	no	NA
g11398	-0.0928	9.348959e-01	0.029	no	von Willebrand factor A domain-containing protein 8
g10203	-0.0896	9.348959e-01	0.029	no	Vacuolar transporter chaperone complex subunit 1
g1700	0.2271	9.348959e-01	0.029	no	NA
g5690	-0.0768	9.348959e-01	0.029	no	NA
g3334	0.1379	9.348959e-01	0.029	no	NA
g13355	0.2613	9.348959e-01	0.029	no	KDEL-tailed cysteine endopeptidase CEP2
g4093	-0.1083	9.348959e-01	0.029	no	NA
g4447	0.1290	9.348959e-01	0.029	no	NA
g10051	0.1677	9.348959e-01	0.029	no	U4/U6.U5 small nuclear ribonucleoprotein 27 kDa protein
g3903	0.1156	9.348959e-01	0.029	no	NA
g10163	1.2710	9.348959e-01	0.029	no	Sperm flagella and cilia-associated protein 2
g13106	0.1372	9.348959e-01	0.029	no	Splicing factor 3B subunit 4
g11372	0.1774	9.348959e-01	0.029	no	NA
g3954	-0.0735	9.349685e-01	0.029	no	26S proteasome non-ATPase regulatory subunit 1 homolog A
g22	0.0951	9.350267e-01	0.029	no	Atlastin-2
g12340	0.1396	9.350267e-01	0.029	no	NA
g5693	-0.2073	9.350267e-01	0.029	no	Homocysteine synthase
g14524	0.2267	9.350504e-01	0.029	no	NA
g11578	0.1115	9.350504e-01	0.029	no	2-keto-4-pentenoate hydratase
g885	0.1338	9.352168e-01	0.029	no	NA
g3684	0.1624	9.353507e-01	0.029	no	Lipase maturation factor 1
g2702	0.0955	9.353904e-01	0.029	no	Aspartate-semialdehyde dehydrogenase
g12591	-0.1306	9.354424e-01	0.029	no	NA
g15527	0.2295	9.354603e-01	0.029	no	Ribokinase
g10325	-0.2469	9.355357e-01	0.029	no	NA
g13655	0.1301	9.359278e-01	0.029	no	Thioredoxin-related transmembrane protein 2 homolog
g5511	-0.1236	9.359278e-01	0.029	no	NA
g12925	0.1104	9.359278e-01	0.029	no	NA
g446	-0.1784	9.360155e-01	0.029	no	RNA exonuclease 4
g9100	0.2413	9.360155e-01	0.029	no	Thiamine pyrophosphokinase 1
g5367	-0.1138	9.361399e-01	0.029	no	NA
g3389	0.2018	9.361399e-01	0.029	no	NA
g15353	0.1117	9.361399e-01	0.029	no	Inositol-3-phosphate synthase
g12855	-0.1420	9.361399e-01	0.029	no	Chromatin assembly factor 1 subunit FAS2 homolog
g9107	0.2041	9.361399e-01	0.029	no	Autophagy protein 5
g6092	-0.1572	9.361871e-01	0.029	no	Kinesin-like protein KIN-14N
g5174	-0.1584	9.361871e-01	0.029	no	DNA-directed RNA polymerase II subunit RPB4
g5864	-0.1182	9.361871e-01	0.029	no	CCA tRNA nucleotidyltransferase, mitochondrial
g586	0.1822	9.361871e-01	0.029	no	Tubulin-specific chaperone C
g358	0.1077	9.361871e-01	0.029	no	NA
g14156	-0.1473	9.361871e-01	0.029	no	NA
g4526	-0.1096	9.361871e-01	0.029	no	NA
g13262	-0.1922	9.361871e-01	0.029	no	NA
g15781	0.2147	9.361871e-01	0.029	no	Steroid-24-oyl-CoA synthetase
g8889	-0.1650	9.361871e-01	0.029	no	NA
g8778	0.0825	9.361871e-01	0.029	no	Ras-related protein Rab-5B
g6611	-0.2532	9.361871e-01	0.029	no	NA
g11555	-0.1879	9.361871e-01	0.029	no	NA
g4366	-0.1954	9.361871e-01	0.029	no	NA
g15550	-0.1629	9.361871e-01	0.029	no	NA
g15685	-0.1471	9.361871e-01	0.029	no	DNA mismatch repair protein Msh3
g6026	0.1029	9.361871e-01	0.029	no	Tubulin-specific chaperone E
g3855	0.0878	9.361871e-01	0.029	no	Phosphomannomutase
g8892	0.2570	9.361871e-01	0.029	no	NA
g4361	0.0721	9.361871e-01	0.029	no	NA
g1593	-0.1548	9.361871e-01	0.029	no	NA
g9804	0.1240	9.361871e-01	0.029	no	Probable hexose phosphate transport protein
g11249	0.1142	9.361871e-01	0.029	no	Sulfide dehydrogenase [flavocytochrome c] flavoprotein chain
g12622	-0.0914	9.361871e-01	0.029	no	NA
g2300	-0.1061	9.361871e-01	0.029	no	Probable splicing factor 3A subunit 1
g4252	-0.1081	9.361871e-01	0.029	no	NA
g14435	-0.0895	9.361871e-01	0.029	no	Pre-mRNA-splicing factor RBM22
g3427	-0.1090	9.361871e-01	0.029	no	Histone-lysine N-methyltransferase, H3 lysine-36 specific
g9202	-0.0910	9.361871e-01	0.029	no	NA
g14760	-0.1805	9.361871e-01	0.029	no	NA
g6000	-0.1096	9.363214e-01	0.029	no	Protein KRI1 homolog
g14130	-0.1126	9.363250e-01	0.029	no	Cyclin-H
g13189	-0.2242	9.363250e-01	0.029	no	NA
g10218	-0.1896	9.364112e-01	0.029	no	Asparagine synthetase domain-containing protein 1
g11539	-0.1659	9.364556e-01	0.029	no	Calcium/calmodulin-dependent protein kinase type 1
g9532	0.1425	9.364724e-01	0.029	no	2-(3-amino-3-carboxypropyl)histidine synthase subunit 2
g4300	-0.2988	9.364724e-01	0.029	no	Dynein regulatory complex subunit 7
g10994	-0.1211	9.368722e-01	0.028	no	WW domain-containing oxidoreductase
g15476	0.0921	9.368722e-01	0.028	no	cAMP-dependent protein kinase catalytic subunit beta
g5860	-0.1942	9.368722e-01	0.028	no	U3 small nucleolar RNA-associated protein 15 homolog
g11965	-1.4848	9.368722e-01	0.028	no	Metacaspase-1A
g12294	-0.1457	9.369515e-01	0.028	no	5-hydroxyisourate hydrolase
g9333	0.1195	9.369515e-01	0.028	no	NADP-dependent malic enzyme
g13191	-0.2766	9.369515e-01	0.028	no	NA
g13437	0.0846	9.369515e-01	0.028	no	NA
g6270	-0.1061	9.369515e-01	0.028	no	Probable N-succinyldiaminopimelate aminotransferase DapC
g10508	0.1242	9.369515e-01	0.028	no	Leucine-rich repeat-containing protein 49
g4890	0.1436	9.369515e-01	0.028	no	Phosphatidylinositol 3,4,5-trisphosphate 5-phosphatase 2
g14031	-0.1148	9.369515e-01	0.028	no	Cytoplasmic dynein 1 light intermediate chain 2
g9106	0.1134	9.369515e-01	0.028	no	Acyl-CoA thioesterase 2
g1905	-0.1207	9.369515e-01	0.028	no	Calcium uptake protein, mitochondrial
g10892	-0.1651	9.369515e-01	0.028	no	NEDD8-specific protease 1
g7122	-0.0948	9.369515e-01	0.028	no	26S proteasome non-ATPase regulatory subunit 13 homolog B
g4240	0.0888	9.369515e-01	0.028	no	NA
g94	-0.1598	9.369515e-01	0.028	no	NA
g8460	-0.0764	9.369515e-01	0.028	no	Sterol 14-demethylase
g13489	-0.0913	9.369515e-01	0.028	no	General transcription factor 3C polypeptide 2
g3593	-0.0959	9.369515e-01	0.028	no	NA
g848	-0.1271	9.369515e-01	0.028	no	NA
g6492	-0.1537	9.369515e-01	0.028	no	DNA topoisomerase 3-alpha
g10199	0.1668	9.369515e-01	0.028	no	Protein arginine N-methyltransferase 2
g12545	0.1430	9.369515e-01	0.028	no	Signal peptidase complex subunit 1
g1285	-0.1542	9.369515e-01	0.028	no	Histone H3-like centromeric protein CSE4
g9537	0.2206	9.369515e-01	0.028	no	25S rRNA adenine-N(1) methyltransferase
g13428	-0.1823	9.369515e-01	0.028	no	Postreplication repair E3 ubiquitin-protein ligase rad18
g146	0.1191	9.369515e-01	0.028	no	E3 ubiquitin protein ligase RIE1
g14573	0.1051	9.369515e-01	0.028	no	Lactoylglutathione lyase
g2406	0.2159	9.369515e-01	0.028	no	Coenzyme Q-binding protein COQ10, mitochondrial
g13637	-0.1075	9.369515e-01	0.028	no	Ribosome biogenesis protein BOP1 homolog
g12718	0.0804	9.369515e-01	0.028	no	Zinc transporter ZIP9-B
g385	-0.1135	9.369515e-01	0.028	no	Pyruvate dehydrogenase protein X component, mitochondrial
g14474	0.1894	9.369515e-01	0.028	no	FHA domain-containing protein FHA1
g14048	-0.1524	9.369515e-01	0.028	no	NA
g7204	0.1572	9.369515e-01	0.028	no	Protein O-mannosyl-transferase TMTC4
g12217	0.1848	9.369515e-01	0.028	no	Galactokinase
g6761	0.1123	9.374742e-01	0.028	no	NA
g1431	-0.0954	9.374742e-01	0.028	no	NA
g6311	-0.2453	9.374742e-01	0.028	no	S-acyl fatty acid synthase thioesterase, medium chain
g14607	0.1929	9.374742e-01	0.028	no	Rhomboid-related protein 4
g12223	0.0750	9.376450e-01	0.028	no	Phosphatidylserine synthase 2
g868	0.0857	9.376450e-01	0.028	no	Kinesin-like protein KIN-4A
g4737	0.1777	9.376824e-01	0.028	no	Urease accessory protein F
g10662	-0.0940	9.376824e-01	0.028	no	Signal recognition particle subunit SRP54
g8399	-0.1598	9.376824e-01	0.028	no	Queuine tRNA-ribosyltransferase accessory subunit 2
g5116	0.2987	9.376824e-01	0.028	no	Ubiquitin carboxyl-terminal hydrolase 47
g6805	0.2198	9.376824e-01	0.028	no	Uncharacterized protein R354
g2729	-0.3521	9.376824e-01	0.028	no	Nephrocystin-4
g8932	-0.1195	9.378540e-01	0.028	no	Delta(8)-fatty-acid desaturase 2
g6811	0.0924	9.378540e-01	0.028	no	NA
g1814	-0.0845	9.378540e-01	0.028	no	E3 SUMO-protein ligase PIAS4-A
g2344	0.0791	9.378889e-01	0.028	no	Putative serine/threonine-protein kinase/receptor R831
g171	-0.1445	9.381525e-01	0.028	no	Peptide chain release factor 2
g12980	-0.0847	9.386346e-01	0.028	no	Condensin-2 complex subunit H2
g3191	0.0917	9.387189e-01	0.027	no	Sensor protein EvgS
g11243	0.1271	9.387189e-01	0.027	no	Adrenodoxin-like protein 1, mitochondrial
g5684	-0.1061	9.390364e-01	0.027	no	Protein HEAT STRESS TOLERANT DWD 1
g13883	-0.0796	9.390364e-01	0.027	no	Acetylornithine deacetylase
g9976	0.1005	9.392660e-01	0.027	no	U3 small nucleolar RNA-associated protein 12
g14487	0.1701	9.392660e-01	0.027	no	Alkyldihydroxyacetonephosphate synthase, peroxisomal
g4730	0.0953	9.392660e-01	0.027	no	Uncharacterized protein At5g02240
g2748	-0.1370	9.392660e-01	0.027	no	NA
g14889	0.1104	9.392660e-01	0.027	no	GPN-loop GTPase 3
g11698	-0.1232	9.392660e-01	0.027	no	NA
g14380	-0.2157	9.393555e-01	0.027	no	Zinc finger matrin-type protein 2
g7494	-0.1642	9.393555e-01	0.027	no	NA
g2546	-0.1879	9.397986e-01	0.027	no	NA
g4183	-0.1399	9.398617e-01	0.027	no	Protein BCP1
g732	0.1415	9.404008e-01	0.027	no	DNA repair protein RAD51 homolog A
g13171	-0.1027	9.404008e-01	0.027	no	NA
g11604	-0.0909	9.404008e-01	0.027	no	NA
g6207	-0.3237	9.404008e-01	0.027	no	NA
g5695	-0.1140	9.404008e-01	0.027	no	Probable ubiquitin carboxyl-terminal hydrolase MINDY-4
g4515	0.2146	9.404008e-01	0.027	no	Myosin-M heavy chain
g4085	0.1062	9.404008e-01	0.027	no	Exonuclease mut-7 homolog
g7382	0.0724	9.404008e-01	0.027	no	Fatty acid elongase A
g9919	0.1974	9.404008e-01	0.027	no	NA
g2944	-0.1228	9.404008e-01	0.027	no	NA
g9997	0.1170	9.404008e-01	0.027	no	Uridine phosphorylase 1
g14326	-0.1984	9.404008e-01	0.027	no	NA
g9055	-0.0834	9.404008e-01	0.027	no	RING-H2 finger protein ATL57
g13742	-0.0800	9.404008e-01	0.027	no	NA
g1977	-0.2310	9.405967e-01	0.027	no	Actin-histidine N-methyltransferase
g8078	0.0820	9.408666e-01	0.026	no	Pyridoxamine 5'-phosphate oxidase family protein ustO
g11817	-0.1334	9.408666e-01	0.026	no	NA
g8413	0.1053	9.408666e-01	0.026	no	AFG1-like ATPase
g2685	-0.1407	9.411504e-01	0.026	no	Peptidyl-prolyl cis-trans isomerase-like 4
g13951	0.1301	9.412736e-01	0.026	no	NA
g565	-0.1653	9.412736e-01	0.026	no	NA
g6082	0.0921	9.412736e-01	0.026	no	Small ribosomal subunit protein uS4y
g10960	-0.1255	9.413963e-01	0.026	no	Pre-mRNA-splicing factor ATP-dependent RNA helicase DEAH1
g10536	0.0856	9.415535e-01	0.026	no	NA
g6871	-0.1209	9.416605e-01	0.026	no	Translation factor GUF1 homolog, mitochondrial
g9000	-0.0957	9.416605e-01	0.026	no	Conserved oligomeric Golgi complex subunit 4
g12617	0.1659	9.416605e-01	0.026	no	NA
g9605	0.0849	9.416605e-01	0.026	no	NA
g11581	-0.1088	9.416605e-01	0.026	no	N-alpha-acetyltransferase 20
g15548	0.1181	9.418454e-01	0.026	no	Elongin-C
g8478	0.1355	9.422599e-01	0.026	no	WD repeat-containing protein 91
g7852	0.1141	9.422599e-01	0.026	no	Zinc finger protein BRUTUS-like At1g74770
g5140	-0.1297	9.426806e-01	0.026	no	NA
g3442	-0.0858	9.427347e-01	0.026	no	Transmembrane protein 184 homolog DDB_G0279555
g4880	-0.0926	9.427347e-01	0.026	no	NA
g7258	-0.0785	9.427452e-01	0.026	no	Ribonucleoside-diphosphate reductase large subunit
g11607	-0.1128	9.428908e-01	0.026	no	Vacuolar protein sorting-associated protein 28 homolog 1
g13722	0.1460	9.428908e-01	0.026	no	Uncharacterized transporter C5D6.04
g2464	-0.2086	9.428908e-01	0.026	no	Alcohol dehydrogenase [acceptor]
g3366	-0.1309	9.431601e-01	0.025	no	NA
g13648	-0.0754	9.431601e-01	0.025	no	Dipeptidyl aminopeptidase BI
g2324	-0.0751	9.431601e-01	0.025	no	GMP synthase [glutamine-hydrolyzing]
g12199	0.0992	9.431601e-01	0.025	no	NA
g7002	0.1046	9.431601e-01	0.025	no	Vacuolar amino acid transporter 3
g4729	0.1842	9.431601e-01	0.025	no	Arginine-specific demethylase JMJ22
g5491	0.1156	9.431601e-01	0.025	no	NA
g15794	-0.2168	9.431601e-01	0.025	no	tRNA pseudouridine synthase Pus10
g12220	0.1997	9.431601e-01	0.025	no	Diacylglycerol lipase-beta
g2643	-0.1157	9.431601e-01	0.025	no	NA
g3186	-0.3134	9.431601e-01	0.025	no	NA
g1213	-0.1041	9.431601e-01	0.025	no	NA
g10193	-0.1984	9.431601e-01	0.025	no	Cell division cycle protein 48 homolog MJ1156
g14766	-0.3248	9.431601e-01	0.025	no	NA
g5660	-0.1800	9.431601e-01	0.025	no	Probable magnesium transporter NIPA5
g3548	0.0679	9.431601e-01	0.025	no	Enhancer of mRNA-decapping protein 4
g960	0.1387	9.432623e-01	0.025	no	Putative NADH dehydrogenase/NAD(P)H nitroreductase SGR_2476
g15187	-0.1203	9.432623e-01	0.025	no	NA
g15888	0.1535	9.432623e-01	0.025	no	NA
g9094	0.0766	9.433431e-01	0.025	no	Protein PHOTOPERIOD-INDEPENDENT EARLY FLOWERING 1
g11329	-0.1824	9.433431e-01	0.025	no	NA
g12775	0.1309	9.433431e-01	0.025	no	NA
g12587	0.1158	9.433431e-01	0.025	no	ERAD-associated E3 ubiquitin-protein ligase component HRD3B
g8902	0.1576	9.433431e-01	0.025	no	Zinc chaperone YjiA
g1209	-0.1417	9.433431e-01	0.025	no	Levodione reductase
g5298	-0.1778	9.433431e-01	0.025	no	Glutaredoxin
g4097	-0.0723	9.433431e-01	0.025	no	Phenylalanine--tRNA ligase alpha subunit
g6742	0.0892	9.433431e-01	0.025	no	NA
g7554	-0.2257	9.433431e-01	0.025	no	NA
g13256	0.3493	9.433431e-01	0.025	no	NA
g6911	-0.1627	9.433431e-01	0.025	no	NA
g7538	0.1342	9.433431e-01	0.025	no	Sm-like protein LSM5
g5883	-0.0725	9.433431e-01	0.025	no	Short/branched chain specific acyl-CoA dehydrogenase, mitochondrial
g15554	0.1036	9.433431e-01	0.025	no	Serine/threonine-protein kinase GRIK1
g12940	0.2160	9.433431e-01	0.025	no	NA
g1546	-0.1095	9.433431e-01	0.025	no	UbiA prenyltransferase domain-containing protein 1
g2042	0.3702	9.433431e-01	0.025	no	Leucine-rich repeat-containing protein ODA7
g15463	-0.0676	9.433431e-01	0.025	no	Protein ABHD1
g2568	0.1211	9.433431e-01	0.025	no	NA
g8132	-0.0899	9.433431e-01	0.025	no	NA
g8735	0.0979	9.433431e-01	0.025	no	Pleckstrin homology domain-containing protein 1
g3324	0.1556	9.433431e-01	0.025	no	Enoyl-CoA delta isomerase 3, peroxisomal
g5958	-0.1861	9.433431e-01	0.025	no	NA
g3117	-0.1516	9.433431e-01	0.025	no	NA
g11322	-0.1510	9.433431e-01	0.025	no	ADP-ribosylarginine hydrolase CG3568
g9416	0.0822	9.433431e-01	0.025	no	NA
g1045	-0.3448	9.433431e-01	0.025	no	Phospholipid-transporting ATPase DRS2
g1454	0.1254	9.433431e-01	0.025	no	DDB1- and CUL4-associated factor 13
g11537	0.1576	9.433431e-01	0.025	no	NA
g10897	0.1253	9.433431e-01	0.025	no	NA
g13449	0.0783	9.433431e-01	0.025	no	Phosphatidylinositol 4-kinase beta
g13196	-0.1984	9.433431e-01	0.025	no	NA
g4190	0.0772	9.433431e-01	0.025	no	NA
g5422	0.1566	9.433431e-01	0.025	no	NA
g5656	0.1868	9.433431e-01	0.025	no	N-lysine methyltransferase SMYD2
g6768	-0.1168	9.433431e-01	0.025	no	NA
g11663	0.2031	9.433431e-01	0.025	no	Centromere protein M
g8976	-0.1729	9.433431e-01	0.025	no	NA
g13347	0.2593	9.433431e-01	0.025	no	NA
g12205	0.0846	9.433431e-01	0.025	no	Glucosamine inositolphosphorylceramide transferase 1
g11467	0.1426	9.433431e-01	0.025	no	NA
g12817	0.1121	9.433431e-01	0.025	no	NA
g11234	-0.0949	9.433431e-01	0.025	no	GATOR1 complex protein DEPDC5
g1489	0.2233	9.433431e-01	0.025	no	NA
g9024	0.1815	9.433431e-01	0.025	no	Peptidyl-prolyl cis-trans isomerase FKBP65
g6367	0.1127	9.433431e-01	0.025	no	Phosphopantetheine adenylyltransferase
g9159	-0.1489	9.433431e-01	0.025	no	Chaperone protein dnaJ 50
g13297	-0.0812	9.433431e-01	0.025	no	Elongation factor 1-beta
g11732	0.1403	9.433431e-01	0.025	no	NA
g9904	-0.1579	9.433431e-01	0.025	no	NA
g12608	0.1677	9.433431e-01	0.025	no	S-phase kinase-associated protein 1 homolog
g9245	-0.1153	9.433431e-01	0.025	no	Phosphatidylinositol/phosphatidylcholine transfer protein SFH9
g8753	-0.1595	9.433431e-01	0.025	no	SAGA-associated factor 29 homolog B
g13673	-0.1252	9.433431e-01	0.025	no	Cyclin-A1-1
g6800	-0.0930	9.435151e-01	0.025	no	NA
g1995	-0.1320	9.435151e-01	0.025	no	NA
g2733	-0.2284	9.435852e-01	0.025	no	NA
g4249	-0.1094	9.435852e-01	0.025	no	Protein-tyrosine-phosphatase MKP1
g5837	-0.0896	9.437201e-01	0.025	no	Cofilin
g3287	0.3548	9.437201e-01	0.025	no	NA
g1603	-0.0820	9.438030e-01	0.025	no	Glycerol-3-phosphate dehydrogenase [NAD(+)] 2, chloroplastic
g7415	0.2317	9.438267e-01	0.025	no	Formiminotransferase cyclodeaminase-like protein
g11800	-0.1035	9.438812e-01	0.025	no	Malignant T-cell-amplified sequence 1 homolog
g8698	0.1013	9.438812e-01	0.025	no	Mitochondrial fission process protein 1
g3609	-0.1961	9.438812e-01	0.025	no	Inositol diphosphatase DSP1
g8836	0.1698	9.438812e-01	0.025	no	NA
g16005	-0.1727	9.438812e-01	0.025	no	NA
g6512	-0.1409	9.438812e-01	0.025	no	NA
g14906	-0.2625	9.438812e-01	0.025	no	NA
g8791	-0.1270	9.438812e-01	0.025	no	DEAD-box ATP-dependent RNA helicase 28
g8849	0.1771	9.438812e-01	0.025	no	NA
g4337	-0.1247	9.438812e-01	0.025	no	ABC transporter G family member 28
g2538	0.2288	9.438812e-01	0.025	no	NA
g15941	0.2361	9.438812e-01	0.025	no	Gamma-aminobutyric acid type B receptor subunit 2
g14730	-0.0915	9.438812e-01	0.025	no	NA
g7141	0.1324	9.438812e-01	0.025	no	NA
g13778	0.2400	9.438812e-01	0.025	no	NA
g6511	0.0700	9.438812e-01	0.025	no	Rab GDP-dissociation inhibitor
g2088	-0.1228	9.438812e-01	0.025	no	NA
g5104	0.0676	9.438812e-01	0.025	no	H(+)/hexose cotransporter 1
g2737	-0.0761	9.438812e-01	0.025	no	NA
g9319	0.1528	9.438812e-01	0.025	no	Arylsulfatase A
g4953	-0.1235	9.438812e-01	0.025	no	NA
g3107	0.0907	9.438812e-01	0.025	no	NA
g1623	0.0906	9.438812e-01	0.025	no	DNA-directed RNA polymerase II subunit RPB2
g13847	0.2358	9.438812e-01	0.025	no	Mitochondrial inner membrane protease ATP23 homolog
g10837	-0.0994	9.438812e-01	0.025	no	Long-chain-fatty-acid--CoA ligase ACSBG2
g6681	0.1501	9.438812e-01	0.025	no	Cardiolipin synthase (CMP-forming)
g2642	-0.1989	9.438812e-01	0.025	no	NA
g3264	-0.2007	9.438812e-01	0.025	no	Mitotic-spindle organizing protein 1
g4750	-0.1044	9.438812e-01	0.025	no	Cleavage stimulation factor subunit 2
g7197	-0.1245	9.438812e-01	0.025	no	NA
g582	0.0759	9.438812e-01	0.025	no	Protein disulfide-isomerase 1
g11294	-0.1157	9.438812e-01	0.025	no	NA
g1318	-0.0792	9.438812e-01	0.025	no	NA
g15185	0.0986	9.438812e-01	0.025	no	NA
g8579	-0.1027	9.438812e-01	0.025	no	GPN-loop GTPase 1
g5981	0.1223	9.438812e-01	0.025	no	NA
g13960	0.1117	9.438812e-01	0.025	no	NA
g14382	-0.1085	9.438812e-01	0.025	no	Guanine nucleotide-binding protein subunit beta
g5653	0.2062	9.438812e-01	0.025	no	Mitotic spindle assembly checkpoint protein MAD2A
g15979	0.1067	9.438812e-01	0.025	no	NA
g949	0.0885	9.438812e-01	0.025	no	L-threonine dehydratase biosynthetic IlvA
g11917	0.1575	9.438812e-01	0.025	no	Large ribosomal subunit protein P2B
g4359	-0.1054	9.438812e-01	0.025	no	NA
g11201	0.2206	9.438812e-01	0.025	no	Bifunctional peptidase and (3S)-lysyl hydroxylase Jmjd7
g6198	0.1811	9.438812e-01	0.025	no	NA
g9228	0.0798	9.438812e-01	0.025	no	Uncharacterized putative helicase R8
g2963	-0.0635	9.441636e-01	0.025	no	Glycine--tRNA ligase
g947	0.1415	9.441636e-01	0.025	no	Isopentenyl phosphate kinase
g15080	-0.1648	9.442663e-01	0.025	no	NA
g1956	-0.1184	9.442663e-01	0.025	no	Isoprenylcysteine alpha-carbonyl methylesterase ICME
g270	-0.1078	9.442663e-01	0.025	no	Dehydrodolichyl diphosphate synthase complex subunit NUS1
g6563	-0.1343	9.442663e-01	0.025	no	Centriolin
g1059	-0.0762	9.442663e-01	0.025	no	NA
g15220	-0.1180	9.443852e-01	0.025	no	NA
g12973	0.0648	9.444014e-01	0.025	no	NA
g14116	0.1306	9.444014e-01	0.025	no	Cytosolic 5'-nucleotidase 3
g1619	0.0931	9.445605e-01	0.025	no	DIS3-like exonuclease 1
g4454	-0.0956	9.445605e-01	0.025	no	tRNA-specific adenosine-34 deaminase regulatory subunit ADAT3
g14270	0.0990	9.445783e-01	0.025	no	Glucosyl-3-phosphoglycerate phosphatase
g2144	-0.2570	9.447322e-01	0.025	no	NA
g1498	0.1019	9.449729e-01	0.025	no	Kinesin-like protein KIN-14N
g5205	-0.0985	9.449729e-01	0.025	no	Stress-induced-phosphoprotein 1
g2186	0.1154	9.449729e-01	0.025	no	Cytosolic iron-sulfur assembly component 3
g10142	-0.1103	9.449729e-01	0.025	no	Splicing factor SF3a60 homolog
g14070	-0.0964	9.449729e-01	0.025	no	Pyridoxal kinase
g4784	0.1623	9.449729e-01	0.025	no	Vacuolar protein sorting-associated protein 9A
g464	0.1756	9.449729e-01	0.025	no	NA
g2043	0.1225	9.449729e-01	0.025	no	Probable NAD(P)H-dependent D-xylose reductase xyrA
g6787	0.2167	9.449729e-01	0.025	no	NA
g11172	0.1966	9.449729e-01	0.025	no	NA
g9699	0.1251	9.449729e-01	0.025	no	U6 snRNA-associated Sm-like protein LSm6
g1554	0.0614	9.449729e-01	0.025	no	Fatty acid elongase 3
g11891	0.0913	9.449729e-01	0.025	no	Transcription factor MYB118
g12772	0.0654	9.449729e-01	0.025	no	NA
g588	-0.2438	9.449729e-01	0.025	no	NA
g15768	-0.1546	9.449729e-01	0.025	no	Putative pterin-4-alpha-carbinolamine dehydratase
g11624	-0.1151	9.449729e-01	0.025	no	NA
g2936	-0.1218	9.449729e-01	0.025	no	NA
g11231	-0.1069	9.449729e-01	0.025	no	NA
g6282	-0.0826	9.449729e-01	0.025	no	NA
g9394	-0.1023	9.449729e-01	0.025	no	tRNA threonylcarbamoyladenosine dehydratase
g5877	0.1195	9.449729e-01	0.025	no	Regulator of telomere elongation helicase 1
g5989	0.1226	9.449729e-01	0.025	no	Mitochondrial inner membrane protein oxa1-1
g15811	0.1784	9.449729e-01	0.025	no	NA
g12600	0.0959	9.449729e-01	0.025	no	mRNA turnover protein 4 homolog
g11075	-0.1892	9.449729e-01	0.025	no	DNA polymerase lambda
g9795	0.1281	9.449729e-01	0.025	no	NA
g9887	0.0735	9.449729e-01	0.025	no	Uncharacterized glycosidase Rv0584
g9041	0.2302	9.449729e-01	0.025	no	NA
g8861	-0.1895	9.449729e-01	0.025	no	Adenine DNA glycosylase
g4931	0.1387	9.449729e-01	0.025	no	Tripartite motif-containing protein 60
g11272	-0.0742	9.449729e-01	0.025	no	Puromycin-sensitive aminopeptidase
g4274	0.2204	9.449729e-01	0.025	no	NA
g2648	-0.1526	9.449729e-01	0.025	no	Uncharacterized protein RP471
g1851	-0.1396	9.449729e-01	0.025	no	NA
g10493	0.0781	9.449729e-01	0.025	no	Mitochondrial import inner membrane translocase subunit TIM8
g5115	-0.1291	9.449729e-01	0.025	no	Alpha-N-acetylglucosaminidase
g9198	-0.1340	9.449729e-01	0.025	no	NA
g10269	-0.0637	9.449729e-01	0.025	no	Ubiquitin-like modifier-activating enzyme 1
g11002	0.0901	9.449729e-01	0.025	no	HBS1-like protein
g7304	0.1520	9.449729e-01	0.025	no	Dynein axonemal assembly factor 5
g5486	0.0670	9.449729e-01	0.025	no	ER lumen protein-retaining receptor
g14571	0.0883	9.449729e-01	0.025	no	ABC transporter F family member 3
g14925	-0.1098	9.449729e-01	0.025	no	Sulfite reductase [NADPH] subunit beta
g2416	-0.1051	9.450322e-01	0.025	no	NA
g11224	-0.1343	9.450620e-01	0.025	no	NA
g4388	-0.0838	9.450620e-01	0.025	no	Protein CASP
g9643	-0.0818	9.451167e-01	0.025	no	Diazepam-binding inhibitor-like 5
g1999	-0.1570	9.451167e-01	0.025	no	U1 small nuclear ribonucleoprotein C
g15015	-0.0959	9.453206e-01	0.024	no	2,3-bisphosphoglycerate-dependent phosphoglycerate mutase
g10771	-0.0819	9.453206e-01	0.024	no	NA
g14997	-0.1229	9.454398e-01	0.024	no	NA
g901	-0.1031	9.454398e-01	0.024	no	Chaperone protein DnaJ
g14609	-0.0789	9.455746e-01	0.024	no	Probable proteasome subunit alpha type-5
g13134	-0.1239	9.456961e-01	0.024	no	NA
g8707	0.0931	9.456961e-01	0.024	no	Serine/threonine-protein kinase KIN82
g3335	0.1087	9.456961e-01	0.024	no	Protein transport protein SFT2
g2170	-0.1702	9.456961e-01	0.024	no	Tetratricopeptide repeat protein 21B
g14035	0.1259	9.456961e-01	0.024	no	Testis-expressed protein 10
g2958	-0.1318	9.456961e-01	0.024	no	8-amino-7-oxononanoate synthase
g4543	0.1575	9.456961e-01	0.024	no	NA
g6054	0.2228	9.456961e-01	0.024	no	NA
g14559	0.1363	9.456961e-01	0.024	no	NA
g3575	-0.0763	9.456961e-01	0.024	no	Anthranilate synthase
g13592	-0.0938	9.456961e-01	0.024	no	Probable steroid-binding protein 3
g4846	0.0915	9.456961e-01	0.024	no	NA
g8582	-0.1795	9.456961e-01	0.024	no	TELO2-interacting protein 1 homolog
g12593	0.1459	9.456961e-01	0.024	no	Probable RNA/DNA demethylase ALKBH6
g1584	-0.0921	9.456961e-01	0.024	no	NA
g11004	0.0909	9.456961e-01	0.024	no	Condensin-2 complex subunit D3
g14182	-0.0808	9.456961e-01	0.024	no	NA
g11223	-0.1658	9.456961e-01	0.024	no	NA
g9054	-0.1747	9.456961e-01	0.024	no	NA
g12842	-0.0967	9.456961e-01	0.024	no	NA
g13316	-0.0733	9.456961e-01	0.024	no	Pantothenate kinase 3
g1682	-0.0788	9.456961e-01	0.024	no	Transmembrane protein 120 homolog
g15027	-0.0851	9.456961e-01	0.024	no	Probable protein S-acyltransferase 2
g13530	0.1144	9.456961e-01	0.024	no	UPF0754 membrane protein SERP1382
g2787	0.1405	9.456961e-01	0.024	no	NA
g9153	-0.2348	9.457370e-01	0.024	no	Dual specificity protein phosphatase CDC14A
g12011	0.1292	9.457370e-01	0.024	no	NA
g4092	-0.1108	9.458609e-01	0.024	no	Transcription initiation factor IIB
g7714	0.1209	9.461254e-01	0.024	no	NA
g13920	-0.1384	9.461254e-01	0.024	no	NA
g15461	-0.0671	9.461375e-01	0.024	no	All-trans-retinol 13,14-reductase
g4477	-0.2298	9.461375e-01	0.024	no	NA
g4473	-0.1593	9.461375e-01	0.024	no	NA
g3252	0.1138	9.461375e-01	0.024	no	DNA-3-methyladenine glycosylase 1
g7451	0.1761	9.461375e-01	0.024	no	Adenylate kinase
g5470	0.0708	9.461375e-01	0.024	no	Translationally-controlled tumor protein homolog
g10361	0.0994	9.461375e-01	0.024	no	Protein ACTIVITY OF BC1 COMPLEX KINASE 8, chloroplastic
g12911	-0.1830	9.461375e-01	0.024	no	NA
g7737	0.0719	9.462200e-01	0.024	no	Histone H2B
g4860	0.0797	9.463012e-01	0.024	no	Malonyl-CoA decarboxylase, mitochondrial
g108	0.1507	9.465844e-01	0.024	no	NA
g10953	0.0847	9.465844e-01	0.024	no	Probable E3 ubiquitin-protein ligase HERC4
g6009	-0.1356	9.466082e-01	0.024	no	NA
g14010	0.1548	9.469402e-01	0.024	no	Chaperone protein DnaJ
g4211	0.1495	9.469402e-01	0.024	no	Gamma-glutamylputrescine oxidoreductase
g14902	-0.0863	9.469402e-01	0.024	no	NA
g14466	-0.1851	9.469402e-01	0.024	no	Protein SYM1
g15100	0.0752	9.469402e-01	0.024	no	Calcium and calcium/calmodulin-dependent serine/threonine-protein kinase
g14261	0.0781	9.469402e-01	0.024	no	Serine/threonine-protein phosphatase 5
g15565	0.1557	9.469402e-01	0.024	no	KIF-binding protein
g1976	-0.1140	9.469880e-01	0.024	no	NA
g15363	-0.1185	9.469880e-01	0.024	no	NA
g14181	0.1190	9.469880e-01	0.024	no	Dynactin subunit 5
g12735	-0.0735	9.472159e-01	0.024	no	Leucine aminopeptidase 1
g12865	-0.0882	9.472159e-01	0.024	no	mRNA decapping complex subunit 2
g7703	0.1294	9.472726e-01	0.024	no	Protein mono-ADP-ribosyltransferase PARP6
g15549	-0.1691	9.472838e-01	0.024	no	Protein-lysine N-methyltransferase efm3
g10558	0.0666	9.472838e-01	0.024	no	NA
g5890	0.1011	9.472838e-01	0.024	no	NA
g5655	-0.1246	9.473250e-01	0.024	no	NA
g13544	-0.0800	9.473250e-01	0.024	no	NA
g263	-0.0790	9.473250e-01	0.024	no	MOB kinase activator-like 1 homolog B
g14688	-0.1977	9.473743e-01	0.023	no	NA
g2821	0.1606	9.474432e-01	0.023	no	Proteasome assembly chaperone 2
g12447	0.1385	9.474432e-01	0.023	no	NA
g13352	0.0767	9.474432e-01	0.023	no	Transcription factor MYB3R-4
g15715	-0.1374	9.474432e-01	0.023	no	RNA polymerase II transcription factor B subunit 3
g1189	0.0681	9.474432e-01	0.023	no	Protein yop1
g11444	-0.1362	9.474432e-01	0.023	no	Endochitinase B
g10401	-0.0669	9.474432e-01	0.023	no	LAS seventeen-binding protein 3
g2169	0.1207	9.474432e-01	0.023	no	Dynein axonemal heavy chain beta
g14511	0.2920	9.474432e-01	0.023	no	NA
g9070	-0.1242	9.474432e-01	0.023	no	NA
g579	-0.2009	9.474432e-01	0.023	no	RNA cytosine C(5)-methyltransferase NSUN2
g7449	-0.0715	9.474432e-01	0.023	no	Transcription factor MYB3R-5
g13317	-0.1909	9.474432e-01	0.023	no	NA
g6404	0.0789	9.474432e-01	0.023	no	Protein yippee-like At3g55890
g4276	-0.2093	9.474432e-01	0.023	no	NA
g3843	-0.2091	9.474432e-01	0.023	no	tRNA threonylcarbamoyladenosine biosynthesis protein TsaE
g14134	-0.1043	9.474432e-01	0.023	no	Sugar fermentation stimulation protein homolog
g15671	0.1477	9.474432e-01	0.023	no	Glutathione hydrolase-like YwrD proenzyme
g1519	-0.0852	9.474432e-01	0.023	no	DNA-directed RNA polymerase II subunit rpb3
g7037	-0.0854	9.474432e-01	0.023	no	Thioredoxin-1
g4997	0.1027	9.474432e-01	0.023	no	NA
g5159	0.1003	9.474432e-01	0.023	no	Potassium channel subfamily T member 1
g11147	0.0804	9.474432e-01	0.023	no	Probable polyamine transporter At1g31830
g531	0.1665	9.474432e-01	0.023	no	NA
g2080	0.1744	9.474432e-01	0.023	no	NA
g3511	-0.0598	9.474432e-01	0.023	no	Cystathionine gamma-synthase
g13567	-0.0751	9.474432e-01	0.023	no	GATOR2 complex protein MIOS
g13515	0.0810	9.474432e-01	0.023	no	T-complex protein 1 subunit eta
g9510	-0.1400	9.474432e-01	0.023	no	Holocytochrome c-type synthase
g290	-0.1246	9.474432e-01	0.023	no	NA
g9195	0.1168	9.474432e-01	0.023	no	Cysteine synthase 2
g1804	0.0740	9.474432e-01	0.023	no	NA
g6333	-0.1857	9.474432e-01	0.023	no	NA
g11271	-0.0818	9.474432e-01	0.023	no	Glucosidase 2 subunit beta
g9570	-0.2583	9.474432e-01	0.023	no	Adenylate cyclase
g7429	-0.0872	9.474432e-01	0.023	no	Speckle-type POZ protein A
g9139	0.0835	9.474432e-01	0.023	no	NA
g10650	0.0791	9.474432e-01	0.023	no	Hexokinase-4
g13019	0.0833	9.474432e-01	0.023	no	Probable RNA-binding protein 19
g547	0.1073	9.474432e-01	0.023	no	Serine/threonine-protein kinase STY13
g10535	-0.0644	9.474432e-01	0.023	no	Proline--tRNA ligase, cytoplasmic
g15516	0.1815	9.474432e-01	0.023	no	Peptidyl-prolyl cis-trans isomerase H
g1466	-0.0936	9.474432e-01	0.023	no	Inosine triphosphate pyrophosphatase
g4799	-0.0930	9.474432e-01	0.023	no	NA
g1518	0.0949	9.474432e-01	0.023	no	Bifunctional arginine demethylase and lysyl-hydroxylase JMJD6
g5939	-0.1352	9.474432e-01	0.023	no	NA
g956	-0.1655	9.474432e-01	0.023	no	NA
g6691	-0.1921	9.474432e-01	0.023	no	NA
g16031	0.1466	9.474892e-01	0.023	no	Uncharacterized protein MT2788
g9909	0.0641	9.474892e-01	0.023	no	NA
g317	-0.1737	9.476995e-01	0.023	no	NA
g12295	0.0713	9.477409e-01	0.023	no	Guanine deaminase
g13339	-0.1021	9.478739e-01	0.023	no	NA
g2981	0.0881	9.478739e-01	0.023	no	D-lactate dehydrogenase, mitochondrial
g4086	-0.1403	9.478739e-01	0.023	no	NA
g2262	0.0749	9.478739e-01	0.023	no	Glycerol-3-phosphate acyltransferase 9
g10451	0.0975	9.478739e-01	0.023	no	NA
g4786	-0.1666	9.478739e-01	0.023	no	Uncharacterized protein SCO2049
g11681	-0.2061	9.478739e-01	0.023	no	NA
g9567	-0.1887	9.480645e-01	0.023	no	NA
g7487	0.1741	9.480645e-01	0.023	no	NA
g12695	-0.1419	9.480645e-01	0.023	no	NA
g11814	0.0601	9.480645e-01	0.023	no	Carboxypeptidase Y homolog A
g3812	-0.0935	9.480645e-01	0.023	no	Probable D-2-hydroxyglutarate dehydrogenase, mitochondrial
g16017	-0.1229	9.481610e-01	0.023	no	Peptidyl-prolyl cis-trans isomerase A
g4360	-0.1124	9.481833e-01	0.023	no	NA
g1443	0.1598	9.481833e-01	0.023	no	2-(3-amino-3-carboxypropyl)histidine synthase subunit 1
g10008	0.0938	9.481833e-01	0.023	no	Vacuolar protein sorting-associated protein 52 A
g384	0.2728	9.481833e-01	0.023	no	NA
g9589	0.0982	9.481833e-01	0.023	no	NA
g515	0.1720	9.481833e-01	0.023	no	Octanoyltransferase
g1618	0.0967	9.481833e-01	0.023	no	NA
g665	0.0596	9.481833e-01	0.023	no	ER membrane protein complex subunit 1
g280	-0.1875	9.481833e-01	0.023	no	PHD finger-like domain-containing protein 5A
g16078	-0.1417	9.481833e-01	0.023	no	Large ribosomal subunit protein P2
g8362	0.1077	9.481833e-01	0.023	no	NA
g11777	-0.1491	9.481833e-01	0.023	no	NA
g10715	-0.0780	9.481833e-01	0.023	no	Probable L-ascorbate peroxidase 6, chloroplastic/mitochondrial
g3706	-0.1016	9.481833e-01	0.023	no	Ubiquitin domain-containing protein DSK2b
g2350	-0.1108	9.481833e-01	0.023	no	Retinol dehydrogenase 14
g3488	-0.1115	9.481833e-01	0.023	no	NA
g7208	0.1109	9.481833e-01	0.023	no	Protein VACUOLELESS1
g4731	-0.1178	9.481833e-01	0.023	no	D-amino-acid oxidase
g11653	-0.2259	9.481833e-01	0.023	no	Ribosome biogenesis protein WDR12 homolog
g2719	0.2080	9.481833e-01	0.023	no	Uncharacterized protein At4g26485
g6091	-0.1458	9.481833e-01	0.023	no	NA
g12812	0.1129	9.481833e-01	0.023	no	Nucleolar protein 9
g14138	0.0719	9.481833e-01	0.023	no	Tubulin polyglutamylase TTLL6
g7240	-0.0797	9.481833e-01	0.023	no	NA
g5878	-0.0599	9.486132e-01	0.023	no	V-type proton ATPase subunit E
g5339	0.1194	9.486132e-01	0.023	no	NAD-dependent protein deacylase
g8683	0.1075	9.486132e-01	0.023	no	rRNA-processing protein FCF1 homolog
g12774	0.0777	9.486132e-01	0.023	no	Thioredoxin domain-containing protein
g7441	0.0812	9.486132e-01	0.023	no	Putative tRNA pseudouridine synthase
g2587	-0.1154	9.486132e-01	0.023	no	NA
g9114	0.1080	9.486132e-01	0.023	no	DNA polymerase delta catalytic subunit
g6625	-0.0861	9.486132e-01	0.023	no	Temptin
g5579	-0.0906	9.486132e-01	0.023	no	Sm-like protein LSM8
g3075	-0.1880	9.486132e-01	0.023	no	NA
g6956	-0.1915	9.486132e-01	0.023	no	NA
g13546	-0.1725	9.486132e-01	0.023	no	Tiny macrocysts protein C
g8899	0.1521	9.486132e-01	0.023	no	Type-2 histone deacetylase 2
g10478	-0.0968	9.486132e-01	0.023	no	NA
g14119	-0.0705	9.486132e-01	0.023	no	V-type proton ATPase subunit D
g1543	0.0682	9.486132e-01	0.023	no	Mitochondrial pyruvate carrier 3
g2584	-0.1719	9.486132e-01	0.023	no	NA
g10323	-0.1241	9.486132e-01	0.023	no	NA
g11992	-0.0947	9.486132e-01	0.023	no	Conserved oligomeric Golgi complex subunit 6
g5839	-0.1251	9.486132e-01	0.023	no	NA
g13132	0.3456	9.486132e-01	0.023	no	NA
g9076	0.0839	9.486132e-01	0.023	no	NA
g4699	0.1649	9.486132e-01	0.023	no	NA
g9957	0.1086	9.486132e-01	0.023	no	D-amino-acid oxidase
g4791	0.0825	9.486132e-01	0.023	no	Thioredoxin domain-containing protein PLP3A
g3034	0.1140	9.487082e-01	0.023	no	Protein NEDD1
g4806	-0.1810	9.487082e-01	0.023	no	NA
g12666	0.1711	9.487082e-01	0.023	no	NA
g2559	-0.1688	9.487082e-01	0.023	no	NA
g5798	-0.2038	9.487082e-01	0.023	no	NA
g13096	-0.1520	9.487082e-01	0.023	no	Probable L-cysteine desulfhydrase, chloroplastic
g11205	0.0544	9.487082e-01	0.023	no	ABC transporter G family member 27
g9777	0.0945	9.487082e-01	0.023	no	Magnesium transporter MRS2-11, chloroplastic
g2879	-0.1851	9.487082e-01	0.023	no	NA
g8500	0.1355	9.487082e-01	0.023	no	CWF19-like protein 1
g4619	0.0784	9.487892e-01	0.023	no	Ras-related protein RABH1d
g3286	-0.1115	9.487892e-01	0.023	no	NA
g2895	0.0860	9.488359e-01	0.023	no	Kinesin-like protein KIF18B
g4320	-0.1207	9.489583e-01	0.023	no	NA
g14021	0.0739	9.493349e-01	0.023	no	NA
g15968	-0.0702	9.494083e-01	0.023	no	DnaJ homolog subfamily C member 7 homolog
g14611	-0.0838	9.494127e-01	0.023	no	NA
g6142	0.1653	9.497072e-01	0.022	no	Trafficking protein particle complex subunit 1
g5704	-0.0963	9.497072e-01	0.022	no	Dynein-1-beta heavy chain, flagellar inner arm I1 complex
g9888	0.1119	9.498885e-01	0.022	no	Golgi SNAP receptor complex member 1-1
g9441	0.0945	9.498885e-01	0.022	no	Nucleoporin SEH1
g9603	0.0789	9.498885e-01	0.022	no	Nuclear receptor corepressor 1
g3382	-0.2340	9.500653e-01	0.022	no	Cilia- and flagella-associated protein 58
g4964	-0.1266	9.503834e-01	0.022	no	Acetyl-CoA acetyltransferase
g15499	0.0734	9.503834e-01	0.022	no	NA
g7563	0.0702	9.507709e-01	0.022	no	Cytochrome c1 1, heme protein, mitochondrial
g14587	-0.3119	9.507709e-01	0.022	no	Voltage-dependent T-type calcium channel subunit alpha-1H
g4698	-0.1965	9.507709e-01	0.022	no	Nicotinamidase
g12227	-0.0764	9.507709e-01	0.022	no	Serine/threonine-protein phosphatase 2A 56 kDa regulatory subunit epsilon isoform
g9361	-0.0666	9.507709e-01	0.022	no	Terminal nucleotidyltransferase 4B
g2754	-0.1768	9.507818e-01	0.022	no	Aspartyl/asparaginyl beta-hydroxylase
g3552	-0.1404	9.507929e-01	0.022	no	NA
g564	-0.1243	9.508571e-01	0.022	no	DNA polymerase delta small subunit
g15834	0.1163	9.508571e-01	0.022	no	NA
g167	0.0769	9.508571e-01	0.022	no	NA
g10993	0.1538	9.508571e-01	0.022	no	NA
g5741	0.0994	9.508571e-01	0.022	no	NA
g16004	0.1114	9.508571e-01	0.022	no	NA
g13905	-0.0954	9.508571e-01	0.022	no	NA
g647	0.1760	9.508571e-01	0.022	no	D-aminoacyl-tRNA deacylase
g14367	-0.1040	9.508571e-01	0.022	no	NA
g7223	-0.1496	9.508571e-01	0.022	no	Mitogen-activated protein kinase kinase 1a
g9618	0.1195	9.508571e-01	0.022	no	NA
g600	-0.1030	9.508571e-01	0.022	no	Pantothenate kinase 3
g8423	-0.1070	9.508571e-01	0.022	no	NA
g10500	-0.0719	9.508571e-01	0.022	no	NA
g13271	-0.1525	9.508571e-01	0.022	no	NA
g8488	0.0660	9.508571e-01	0.022	no	Ubiquitin carboxyl-terminal hydrolase 35
g2935	0.1374	9.508571e-01	0.022	no	NA
g3193	-0.0736	9.508571e-01	0.022	no	(S)-coclaurine N-methyltransferase
g14919	0.1234	9.508571e-01	0.022	no	tRNA (34-2'-O)-methyltransferase regulator WDR6
g2181	-0.0728	9.508571e-01	0.022	no	Rho GTPase-activating protein gacA
g14855	0.1368	9.508571e-01	0.022	no	NA
g9916	0.1831	9.508571e-01	0.022	no	Short-chain-enoyl-CoA hydratase
g6212	0.0559	9.508571e-01	0.022	no	Mitochondrial GTP/GDP carrier protein 1
g12581	0.1390	9.508571e-01	0.022	no	E3 ubiquitin-protein ligase MARCHF6
g10987	0.0978	9.508571e-01	0.022	no	NA
g10137	0.0824	9.508571e-01	0.022	no	Transmembrane protein 50B
g15253	-0.0849	9.508571e-01	0.022	no	Glutathione peroxidase 2
g5659	-0.1572	9.508571e-01	0.022	no	Dipeptidyl aminopeptidase BI
g6392	-0.1423	9.508571e-01	0.022	no	NA
g16020	0.1453	9.508571e-01	0.022	no	NA
g4925	-0.0995	9.508571e-01	0.022	no	Uncharacterized protein R665
g9552	0.1166	9.508571e-01	0.022	no	eEF1A lysine and N-terminal methyltransferase
g9502	0.0895	9.508571e-01	0.022	no	NA
g4046	-0.1350	9.508571e-01	0.022	no	NA
g4939	-0.0936	9.508571e-01	0.022	no	Fe-S cluster assembly factor HCF101, chloroplastic
g6810	0.1305	9.508571e-01	0.022	no	Alkaline ceramidase
g507	-0.0775	9.508571e-01	0.022	no	Histone deacetylase 6
g9822	-0.1296	9.508571e-01	0.022	no	Amine oxidase [flavin-containing] B
g5993	-0.0823	9.508571e-01	0.022	no	Large ribosomal subunit protein uL1
g13283	-0.1700	9.508571e-01	0.022	no	Trifunctional UDP-glucose 4,6-dehydratase/UDP-4-keto-6-deoxy-D-glucose 3,5-epimerase/UDP-4-keto-L-rhamnose-reductase RHM2
g3721	0.1368	9.508571e-01	0.022	no	Adrenodoxin-like protein 1, mitochondrial
g2547	-0.0792	9.508571e-01	0.022	no	NA
g2149	0.1006	9.508571e-01	0.022	no	Calmodulin-binding transcription activator 2
g1282	0.0828	9.508571e-01	0.022	no	NA
g11785	0.0905	9.508571e-01	0.022	no	DNA polymerase I A, chloroplastic
g5088	0.1213	9.508571e-01	0.022	no	NA
g1597	-0.0885	9.508571e-01	0.022	no	Uncharacterized ABC transporter ATP-binding protein sll0182
g7765	-0.0715	9.508571e-01	0.022	no	NA
g8991	0.1221	9.508571e-01	0.022	no	Pre-mRNA-processing factor 17
g10566	-0.1282	9.508571e-01	0.022	no	NA
g1245	0.0925	9.508571e-01	0.022	no	NA
g1811	-0.1398	9.508571e-01	0.022	no	NA
g5221	0.1144	9.508571e-01	0.022	no	Protein tipD
g13873	-0.0806	9.508571e-01	0.022	no	NA
g13807	-0.0958	9.508571e-01	0.022	no	Alpha/beta hydrolase domain-containing protein 17C
g14347	-0.2205	9.508571e-01	0.022	no	NA
g13645	-0.2443	9.508571e-01	0.022	no	Cilia- and flagella-associated protein 36
g7110	0.0697	9.508571e-01	0.022	no	Large ribosomal subunit protein uL6
g15022	0.1122	9.508571e-01	0.022	no	Beta-mannosidase
g3385	-0.0854	9.508571e-01	0.022	no	ATP-dependent Clp protease proteolytic subunit
g2853	0.0918	9.508571e-01	0.022	no	Uncharacterized protein MT2364
g8737	-0.1237	9.508571e-01	0.022	no	Alpha-methylacyl-CoA racemase
g307	0.0850	9.508571e-01	0.022	no	OVARIAN TUMOR DOMAIN-containing deubiquitinating enzyme 10
g11638	0.1876	9.508571e-01	0.022	no	NA
g4418	-0.0749	9.508571e-01	0.022	no	NA
g2894	0.0839	9.508571e-01	0.022	no	Probable helicase MAGATAMA 3
g5955	0.0944	9.508571e-01	0.022	no	Inositol polyphosphate 5-phosphatase OCRL
g13874	0.0997	9.508571e-01	0.022	no	Uncharacterized glycosidase Rv0584
g4718	0.1631	9.508571e-01	0.022	no	Inner kinetochore subunit wip1
g12472	0.1483	9.508571e-01	0.022	no	NA
g5840	-0.0860	9.508571e-01	0.022	no	Protein CFAP20DC
g12520	0.0850	9.508571e-01	0.022	no	NA
g8793	0.1063	9.508571e-01	0.022	no	U3 small nucleolar RNA-associated protein 6
g323	0.1202	9.508571e-01	0.022	no	NA
g6853	-0.1552	9.508571e-01	0.022	no	NA
g15078	-0.2912	9.508571e-01	0.022	no	Aquaporin-1
g8043	-0.1141	9.508571e-01	0.022	no	Neuronal pentraxin-2
g5496	-0.0595	9.508571e-01	0.022	no	CAAX prenyl protease 1 homolog
g770	-0.1326	9.508571e-01	0.022	no	NA
g14685	0.1956	9.508571e-01	0.022	no	NA
g1508	-0.0737	9.508571e-01	0.022	no	NA
g10749	-0.1890	9.508571e-01	0.022	no	DNA replication complex GINS protein PSF2
g49	-0.1165	9.508571e-01	0.022	no	Ribonucleotide monophosphatase NagD
g10652	-0.1203	9.510551e-01	0.022	no	NA
g13897	-0.1236	9.517355e-01	0.021	no	Nucleoporin Nup43
g2863	-0.0685	9.517355e-01	0.021	no	High molecular weight form of myosin-1
g5149	0.1017	9.517355e-01	0.021	no	NA
g361	-0.0874	9.517355e-01	0.021	no	Probable magnesium transporter NIPA8
g10689	0.0886	9.517355e-01	0.021	no	Ultraviolet-B receptor UVR8
g174	0.0660	9.519307e-01	0.021	no	NA
g13472	0.0801	9.520752e-01	0.021	no	NA
g8349	0.1701	9.521532e-01	0.021	no	Dolichyldiphosphatase 1
g7170	-0.1050	9.521532e-01	0.021	no	NA
g5475	-0.1993	9.521532e-01	0.021	no	NA
g5376	0.1168	9.521532e-01	0.021	no	Cell cycle checkpoint protein RAD17
g14032	-0.0636	9.522646e-01	0.021	no	NA
g6001	0.0813	9.522646e-01	0.021	no	Cysteine desulfurase IscS
g9327	0.0649	9.522646e-01	0.021	no	Small ribosomal subunit protein mS29
g9851	-0.0921	9.525764e-01	0.021	no	Putative aldehyde dehydrogenase FUS7
g7157	-0.0568	9.525814e-01	0.021	no	NA
g8633	-0.1183	9.526220e-01	0.021	no	Pan-ceramidase
g11971	-0.0569	9.526220e-01	0.021	no	Sex-regulated protein janus-A
g488	0.0897	9.526220e-01	0.021	no	Pre-mRNA-splicing factor CWC22
g9097	-0.1524	9.526220e-01	0.021	no	NA
g310	-0.1002	9.526220e-01	0.021	no	NA
g7460	-0.1040	9.528520e-01	0.021	no	Uncharacterized oxidoreductase UxuB
g9108	-0.0708	9.528520e-01	0.021	no	NADH:quinone reductase
g10738	0.1019	9.529507e-01	0.021	no	Uncharacterized protein aq_2135
g15892	-0.1486	9.531989e-01	0.021	no	Probable 3-hydroxyisobutyrate dehydrogenase, mitochondrial
g4641	0.1390	9.532180e-01	0.021	no	Glutamyl-tRNA(Gln) amidotransferase subunit A
g14127	0.0728	9.532180e-01	0.021	no	Two pore channel protein 2
g8462	-0.0971	9.533706e-01	0.021	no	NA
g542	-0.1269	9.533706e-01	0.021	no	NA
g2096	-0.0738	9.533706e-01	0.021	no	Serine/threonine-protein phosphatase PP1-gamma catalytic subunit
g5952	-0.1583	9.533706e-01	0.021	no	NA
g10875	-0.0779	9.533706e-01	0.021	no	SUN domain-containing protein 3
g8586	0.1347	9.533706e-01	0.021	no	NA
g7724	0.2381	9.533706e-01	0.021	no	ABC transporter A family member 2
g13306	0.1318	9.533706e-01	0.021	no	Putative 6-carboxy-5,6,7,8-tetrahydropterin synthase
g2417	0.0809	9.533706e-01	0.021	no	DEAD-box ATP-dependent RNA helicase 21
g11253	-0.1749	9.533706e-01	0.021	no	NA
g14822	0.0819	9.533706e-01	0.021	no	Serine/threonine-protein kinase sepA
g11643	-0.0752	9.534410e-01	0.021	no	Transcription factor MYB44
g11451	-0.1115	9.534410e-01	0.021	no	NA
g13763	0.1302	9.534410e-01	0.021	no	NA
g11177	0.0909	9.534410e-01	0.021	no	Pre-mRNA-splicing factor 38A
g10760	0.1122	9.534410e-01	0.021	no	Glutaminyl-peptide cyclotransferase
g1410	0.1281	9.534410e-01	0.021	no	NA
g6704	0.0625	9.534410e-01	0.021	no	FAD-dependent urate hydroxylase
g789	-0.0774	9.534410e-01	0.021	no	Upstream activation factor subunit spp27
g15026	-0.0756	9.534410e-01	0.021	no	Gamma-tubulin complex component 2
g12221	0.0728	9.534410e-01	0.021	no	Very long chain fatty acid elongase 3
g15714	-0.1049	9.534410e-01	0.021	no	COP9 signalosome complex subunit 6
g14748	0.0931	9.534410e-01	0.021	no	NA
g10739	-0.1311	9.534410e-01	0.021	no	NA
g7311	0.1298	9.534410e-01	0.021	no	NA
g15083	0.0936	9.534410e-01	0.021	no	Peptide methionine sulfoxide reductase MsrB
g7677	0.1035	9.534410e-01	0.021	no	Cyclin-dependent kinase C-1
g13199	0.0973	9.534410e-01	0.021	no	Elongation factor G, mitochondrial
g6193	-0.0688	9.534410e-01	0.021	no	NA
g12657	0.1237	9.534410e-01	0.021	no	NA
g14042	-0.2162	9.534410e-01	0.021	no	E3 ubiquitin-protein ligase HERC2
g8817	-0.0710	9.534410e-01	0.021	no	NADH dehydrogenase [ubiquinone] 1 alpha subcomplex subunit 8-A
g742	-0.0738	9.534410e-01	0.021	no	Adenylate cyclase type 10
g12712	-0.1383	9.534410e-01	0.021	no	NA
g426	0.0931	9.534410e-01	0.021	no	CD2 antigen cytoplasmic tail-binding protein 2
g7113	0.0689	9.534410e-01	0.021	no	Thioredoxin H-type 2
g16008	-0.1500	9.536934e-01	0.021	no	Mitochondrial fission protein ELM1
g829	-0.1088	9.536934e-01	0.021	no	Nucleotide sugar transporter SLC35B4
g3556	0.0910	9.537304e-01	0.021	no	NA
g11328	0.1114	9.537304e-01	0.021	no	Ubiquitin carboxyl-terminal hydrolase 27
g14368	0.1718	9.537455e-01	0.021	no	Lipid-A-disaccharide synthase
g12200	0.1125	9.539811e-01	0.020	no	Rifampicin phosphotransferase
g4688	-0.1420	9.539811e-01	0.020	no	NA
g4026	0.0715	9.542799e-01	0.020	no	Ceramide synthase 2
g958	-0.1229	9.543375e-01	0.020	no	NA
g14648	0.1225	9.543375e-01	0.020	no	NA
g4221	-0.0784	9.543375e-01	0.020	no	Protein O-mannosyl-transferase TMEM260
g1687	0.1450	9.543375e-01	0.020	no	Nephrocystin-1
g15821	0.1945	9.543375e-01	0.020	no	NA
g205	-0.0825	9.543375e-01	0.020	no	17-beta-hydroxysteroid dehydrogenase type 6
g12713	0.0952	9.543375e-01	0.020	no	mRNA-capping enzyme subunit alpha
g551	0.1155	9.543375e-01	0.020	no	NA
g2657	0.1297	9.543375e-01	0.020	no	DDB1- and CUL4-associated factor 12-A
g4708	-0.1838	9.543375e-01	0.020	no	1-acyl-sn-glycerol-3-phosphate acyltransferase BAT2, chloroplastic
g6582	0.1167	9.543375e-01	0.020	no	DNA topoisomerase 2-binding protein 1
g393	0.1109	9.543375e-01	0.020	no	Plant cysteine oxidase 1
g2618	-0.1162	9.543375e-01	0.020	no	Sphingomyelinase C
g3656	-0.0892	9.543375e-01	0.020	no	Replication factor C subunit 3
g1911	0.0930	9.543375e-01	0.020	no	NA
g8575	-0.1252	9.543375e-01	0.020	no	NA
g2517	0.0635	9.543375e-01	0.020	no	NA
g1320	-0.0751	9.543375e-01	0.020	no	Repressor of RNA polymerase III transcription MAF1 homolog
g3002	-0.1076	9.543375e-01	0.020	no	Small nuclear ribonucleoprotein E
g9496	0.0767	9.543375e-01	0.020	no	Serine/threonine-protein kinase Sgk2
g12350	-0.1049	9.543375e-01	0.020	no	Damage-control phosphatase 1
g8503	0.1779	9.543375e-01	0.020	no	Dynein axonemal assembly factor 4
g13045	-0.0738	9.543375e-01	0.020	no	Dynein, cytoplasmic 1, intermediate chain 2a
g10407	-0.1098	9.544303e-01	0.020	no	NA
g7493	0.0588	9.544616e-01	0.020	no	Uncharacterized mitochondrial carrier C19G12.05
g12647	-0.1403	9.544616e-01	0.020	no	NA
g7391	-0.1107	9.544616e-01	0.020	no	NA
g14467	-0.0857	9.544616e-01	0.020	no	NA
g9344	-0.1387	9.544616e-01	0.020	no	NA
g15272	0.1276	9.544616e-01	0.020	no	NA
g15372	0.1480	9.544616e-01	0.020	no	NA
g4902	0.1311	9.545172e-01	0.020	no	Putative epoxide hydrolase
g9303	0.1363	9.545172e-01	0.020	no	NA
g6859	0.0990	9.545172e-01	0.020	no	Telomere length regulation protein TEL2 homolog
g7265	-0.1205	9.545703e-01	0.020	no	NA
g87	0.8289	9.548252e-01	0.020	no	NA
g2198	0.0609	9.548252e-01	0.020	no	RHOMBOID-like protein 12, mitochondrial
g9558	0.0504	9.549826e-01	0.020	no	Glycine dehydrogenase (decarboxylating)
g3379	-0.1235	9.549826e-01	0.020	no	tRNA pseudouridine synthase C
g4971	0.1996	9.553443e-01	0.020	no	NA
g15925	-0.0933	9.553443e-01	0.020	no	NA
g13652	-0.0707	9.553443e-01	0.020	no	Centrin-2
g13177	-0.0767	9.553585e-01	0.020	no	NA
g222	0.0641	9.553585e-01	0.020	no	RNA polymerase II-associated factor 1 homolog
g1174	-0.1203	9.553585e-01	0.020	no	Pre-mRNA-splicing factor SPF27
g4878	-0.1368	9.553585e-01	0.020	no	SET domain-containing protein 4
g14165	0.1006	9.557282e-01	0.020	no	Protein Cep78 homolog
g12950	-0.1185	9.557836e-01	0.020	no	3-methylmercaptopropionyl-CoA dehydrogenase
g6881	0.1507	9.558461e-01	0.020	no	Dynein axonemal assembly factor 11
g12303	0.0974	9.558461e-01	0.020	no	NA
g7562	-0.1141	9.558461e-01	0.020	no	Urease
g11945	0.0611	9.560289e-01	0.020	no	NA
g870	-0.1779	9.560646e-01	0.020	no	NA
g6529	0.0980	9.561677e-01	0.019	no	Bifunctional protein FolD 2
g11282	0.0616	9.561677e-01	0.019	no	Protein MEI2-like 1
g3097	0.0967	9.561677e-01	0.019	no	NA
g1484	0.0545	9.561677e-01	0.019	no	Eukaryotic translation initiation factor 1A
g1044	-0.0937	9.561677e-01	0.019	no	NA
g6329	0.1147	9.561677e-01	0.019	no	Anaphase-promoting complex subunit 4
g14080	-0.0494	9.561677e-01	0.019	no	Acetolactate synthase, mitochondrial
g6845	-0.1356	9.561677e-01	0.019	no	Retinol dehydrogenase 10-B
g13781	0.0762	9.562553e-01	0.019	no	Probable magnesium transporter NIPA2
g4345	-0.1647	9.563324e-01	0.019	no	NA
g13144	-0.0674	9.564730e-01	0.019	no	Inosine-5'-monophosphate dehydrogenase
g14225	-0.0878	9.565539e-01	0.019	no	CBL-interacting serine/threonine-protein kinase 1
g4119	-0.0647	9.565539e-01	0.019	no	NA
g4695	-0.0743	9.569729e-01	0.019	no	NA
g1553	-0.1600	9.569729e-01	0.019	no	ATP-dependent DNA helicase DDX11
g9035	-0.0820	9.569729e-01	0.019	no	Protein MAK16 homolog
g5363	0.1816	9.569729e-01	0.019	no	Histone H3 type 2
g10349	0.1024	9.569729e-01	0.019	no	NA
g14945	0.1416	9.569729e-01	0.019	no	U5 small nuclear ribonucleoprotein 40 kDa protein
g11015	-0.1061	9.569729e-01	0.019	no	CDK5RAP3 protein homolog
g11802	0.0642	9.569729e-01	0.019	no	Protein pelota
g2062	0.1140	9.569729e-01	0.019	no	Histone-lysine N-methyltransferase ATXR2
g15061	0.2185	9.569729e-01	0.019	no	Sodium-dependent dicarboxylate transporter SdcS
g13871	-0.1751	9.569729e-01	0.019	no	NA
g8512	-0.1298	9.569729e-01	0.019	no	NA
g14464	0.1404	9.569729e-01	0.019	no	NA
g15524	-0.0795	9.569729e-01	0.019	no	Mesoderm induction early response protein 1
g6653	-0.1161	9.569729e-01	0.019	no	NA
g11617	-0.2412	9.569729e-01	0.019	no	NA
g3946	-0.1185	9.570461e-01	0.019	no	NA
g14257	-0.0942	9.570987e-01	0.019	no	NA
g886	-0.1366	9.573067e-01	0.019	no	60S ribosome subunit biogenesis protein nip7
g2802	-0.0773	9.576729e-01	0.019	no	Medium-chain-fatty-acid--[acyl-carrier-protein] ligase JamA
g2121	-0.0521	9.576729e-01	0.019	no	NA
g7445	0.0717	9.576941e-01	0.019	no	Negative elongation factor B
g3557	-0.0906	9.580062e-01	0.019	no	Small ribosomal subunit protein bS6m
g11090	0.0812	9.580266e-01	0.019	no	NA
g5990	0.1597	9.580706e-01	0.019	no	Dynein axonemal heavy chain 7
g5047	0.1002	9.580706e-01	0.019	no	NA
g4741	0.0502	9.580800e-01	0.019	no	NA
g12690	0.1288	9.580800e-01	0.019	no	NA
g7676	-0.1435	9.580800e-01	0.019	no	UPF0246 protein Maqu_2499
g2931	-0.1466	9.580800e-01	0.019	no	NA
g15526	0.0952	9.580800e-01	0.019	no	Ribosome production factor 2 homolog
g10353	-0.0619	9.583951e-01	0.018	no	NA
g13131	-0.0762	9.583951e-01	0.018	no	ATP-dependent chromatin remodeler CHD7
g11846	-0.0639	9.584615e-01	0.018	no	Acyl-protein thioesterase 2
g15129	0.0758	9.584615e-01	0.018	no	NA
g4416	0.1389	9.586639e-01	0.018	no	SNF1-related protein kinase catalytic subunit alpha KIN10
g4884	-0.1707	9.588786e-01	0.018	no	Methyltransferase HEMK2
g11208	-0.0880	9.592020e-01	0.018	no	NA
g10122	-0.0603	9.592596e-01	0.018	no	Prenylcysteine oxidase 1
g10947	-0.0585	9.592596e-01	0.018	no	NA
g14026	-0.1168	9.596011e-01	0.018	no	VPS35 endosomal protein-sorting factor-like
g3544	-0.1243	9.596011e-01	0.018	no	NA
g2505	0.0908	9.596011e-01	0.018	no	Uncharacterized protein C1840.07c
g5746	0.1023	9.596011e-01	0.018	no	Hypoxia-inducible factor 1-alpha inhibitor
g5019	0.1044	9.596011e-01	0.018	no	NA
g9056	0.1131	9.596248e-01	0.018	no	NA
g4996	0.1264	9.597284e-01	0.018	no	NA
g4854	-0.1657	9.597284e-01	0.018	no	Mitochondrial tRNA methylthiotransferase CDK5RAP1
g535	-0.1276	9.599617e-01	0.018	no	NA
g12754	0.0767	9.599617e-01	0.018	no	3-phosphoinositide-dependent protein kinase 1
g15393	0.2403	9.599617e-01	0.018	no	NA
g14497	-0.1042	9.599617e-01	0.018	no	NA
g15495	0.0924	9.599617e-01	0.018	no	Probable pyridoxal 5'-phosphate synthase subunit PDX2
g9965	0.1174	9.599617e-01	0.018	no	GPI ethanolamine phosphate transferase, stabilizing subunit
g9177	-0.0726	9.599617e-01	0.018	no	NA
g13635	-0.0800	9.600194e-01	0.018	no	Uncharacterized oxidoreductase At4g09670
g14763	0.0723	9.600400e-01	0.018	no	Myosin-M heavy chain
g5080	0.4292	9.601718e-01	0.018	no	NA
g11008	0.1552	9.601718e-01	0.018	no	NA
g3603	0.0654	9.602437e-01	0.018	no	Protease Do-like 7
g371	-0.1213	9.602437e-01	0.018	no	NA
g15779	0.0790	9.604056e-01	0.018	no	Steroid-24-oyl-CoA synthetase
g5194	-0.1477	9.608616e-01	0.017	no	NA
g12778	-0.1267	9.609224e-01	0.017	no	25S rRNA (adenine(645)-N(1))-methyltransferase
g7466	0.0969	9.609224e-01	0.017	no	Aspartate--tRNA(Asp/Asn) ligase
g9208	-0.0444	9.609224e-01	0.017	no	ABC transporter G family member 8
g803	-0.1155	9.609224e-01	0.017	no	NA
g12757	0.1058	9.609224e-01	0.017	no	NA
g11832	0.1010	9.609224e-01	0.017	no	Vacuolar protein sorting-associated protein 29
g2566	0.0825	9.609224e-01	0.017	no	Transcription factor GTE8
g3529	-0.0874	9.609224e-01	0.017	no	NA
g3720	-0.1156	9.609224e-01	0.017	no	NA
g13354	0.1045	9.609224e-01	0.017	no	NA
g14385	0.0565	9.609224e-01	0.017	no	Tubby protein
g5015	-0.0745	9.609224e-01	0.017	no	NA
g11619	0.0787	9.609224e-01	0.017	no	NA
g4049	-0.1113	9.609224e-01	0.017	no	Adenylate kinase isoenzyme 6
g12892	0.0794	9.609224e-01	0.017	no	NA
g1413	-0.0713	9.609224e-01	0.017	no	Long chain base biosynthesis protein 2a
g8985	0.1307	9.609224e-01	0.017	no	Bifunctional peptidase and arginyl-hydroxylase JMJD5
g13531	0.1031	9.609224e-01	0.017	no	Lysophospholipid acyltransferase LPEAT1
g5326	0.0652	9.609224e-01	0.017	no	NA
g2942	0.0712	9.609224e-01	0.017	no	Zinc phosphodiesterase ELAC protein 1
g5147	-0.0494	9.609224e-01	0.017	no	Cullin-3A
g8638	-0.1078	9.609224e-01	0.017	no	NA
g6064	-0.1498	9.609224e-01	0.017	no	NA
g14927	0.1912	9.609224e-01	0.017	no	Sulfite reductase [NADPH] flavoprotein component
g5401	0.1151	9.609224e-01	0.017	no	NA
g9217	0.0569	9.609224e-01	0.017	no	Heparan sulfate glucosamine 3-O-sulfotransferase 3B1
g2915	-0.0639	9.609224e-01	0.017	no	Proteasome adapter and scaffold protein ECM29
g4882	-0.0737	9.609224e-01	0.017	no	Pantothenate synthetase
g3665	0.0611	9.609822e-01	0.017	no	ATP synthase subunit 5, mitochondrial
g15468	-0.0971	9.610842e-01	0.017	no	Ribosome production factor 1
g13876	0.0602	9.610842e-01	0.017	no	Vacuolar protein sorting-associated protein 53 A
g6632	-0.0746	9.610842e-01	0.017	no	NA
g9891	0.0913	9.610842e-01	0.017	no	DNA-directed RNA polymerases I, II, and III subunit RPABC5
g6180	0.1763	9.610842e-01	0.017	no	NA
g2788	-0.1257	9.610842e-01	0.017	no	Protein Churchill
g729	0.1833	9.610842e-01	0.017	no	Kazrin-A
g1306	-0.1135	9.610842e-01	0.017	no	Protein polyglycylase TTLL10
g16027	0.0849	9.610842e-01	0.017	no	Microtubule-associated protein 10
g11650	0.0971	9.610842e-01	0.017	no	NA
g10680	-0.0875	9.610842e-01	0.017	no	NA
g13043	-0.0818	9.610842e-01	0.017	no	NA
g11506	-0.0877	9.610842e-01	0.017	no	NA
g8825	0.0728	9.610842e-01	0.017	no	Ethanolamine-phosphate phospho-lyase
g3221	0.0756	9.610842e-01	0.017	no	Protein YIF1A
g13438	-0.0778	9.610842e-01	0.017	no	Regulator of nonsense transcripts 1 homolog
g8984	0.0793	9.610842e-01	0.017	no	Vacuolar protein sorting-associated protein 36
g6271	-0.1829	9.610842e-01	0.017	no	Mitochondrial inner membrane protein Mpv17
g6555	0.0945	9.610842e-01	0.017	no	Tropinone reductase homolog At5g06060
g9729	-0.0771	9.610842e-01	0.017	no	Amino acid transporter AVT1B
g10523	-0.0536	9.610842e-01	0.017	no	Cleavage stimulation factor subunit 3
g609	0.0637	9.610842e-01	0.017	no	Inward rectifier potassium channel Kirbac3.1
g6419	0.0840	9.610842e-01	0.017	no	Eukaryotic elongation factor 2 kinase
g4156	0.0560	9.612775e-01	0.017	no	Adenylylsulfatase HINT1
g1485	-0.1208	9.613604e-01	0.017	no	NA
g13628	0.0651	9.613604e-01	0.017	no	NA
g12180	0.0759	9.613604e-01	0.017	no	Kinesin-like protein KIN-13
g5814	-0.0686	9.613604e-01	0.017	no	NA
g11932	0.1054	9.613604e-01	0.017	no	Replication factor C subunit 5
g4577	-0.0646	9.613604e-01	0.017	no	Early endosome antigen 1
g14795	0.0714	9.613604e-01	0.017	no	NA
g5789	-0.0995	9.613604e-01	0.017	no	NA
g13261	-0.1014	9.613604e-01	0.017	no	NA
g132	0.0720	9.613833e-01	0.017	no	NA
g6011	0.0580	9.613833e-01	0.017	no	NA
g5853	0.0591	9.613833e-01	0.017	no	Calcium/calmodulin-dependent protein kinase kinase
g8705	-0.0850	9.613833e-01	0.017	no	Presenilin-like protein At2g29900
g2000	-0.0747	9.613833e-01	0.017	no	Peroxisomal reductase activating PPAR-gamma
g678	-0.0544	9.613833e-01	0.017	no	NADH dehydrogenase [ubiquinone] iron-sulfur protein 5-B
g5370	0.1537	9.613833e-01	0.017	no	NA
g13229	0.0894	9.613833e-01	0.017	no	NA
g11602	0.1423	9.613833e-01	0.017	no	Glutamate--tRNA ligase
g10583	-0.0619	9.613833e-01	0.017	no	Mitochondrial import inner membrane translocase subunit TIM10
g8607	0.0589	9.613833e-01	0.017	no	NA
g13636	-0.1122	9.613833e-01	0.017	no	NA
g5059	0.1038	9.613833e-01	0.017	no	3-deoxy-manno-octulosonate cytidylyltransferase
g7444	-0.0520	9.613833e-01	0.017	no	NA
g13462	0.0700	9.613833e-01	0.017	no	NA
g7725	0.0809	9.613833e-01	0.017	no	3-hydroxyisobutyryl-CoA hydrolase, mitochondrial
g8922	-0.0643	9.613833e-01	0.017	no	NA
g14988	0.1361	9.613833e-01	0.017	no	BTB/POZ domain-containing protein KCTD6
g13522	-0.1118	9.613833e-01	0.017	no	Mitochondrial uncoupling protein 3
g9433	0.0929	9.613833e-01	0.017	no	Altered inheritance of mitochondria protein 6
g11499	0.0956	9.613833e-01	0.017	no	Uncharacterized protein C594.04c
g15598	0.0557	9.613833e-01	0.017	no	Mitogen-activated protein kinase 2
g776	-0.0642	9.613833e-01	0.017	no	Peroxisomal multifunctional enzyme A
g15617	0.0547	9.613833e-01	0.017	no	Transcription factor IIIB 90 kDa subunit
g4033	-0.0631	9.613833e-01	0.017	no	Cytosolic acyl coenzyme A thioester hydrolase
g15675	0.0717	9.613833e-01	0.017	no	NA
g11081	-0.1980	9.613833e-01	0.017	no	NA
g12594	-0.1527	9.613833e-01	0.017	no	Putative hydrolase C777.06c
g11612	0.0649	9.613833e-01	0.017	no	Exosome complex component rrp43
g14224	0.0904	9.613833e-01	0.017	no	NA
g6693	-0.0908	9.613833e-01	0.017	no	Oxaloacetate decarboxylase, mitochondrial
g3980	-0.0837	9.613833e-01	0.017	no	Protein O-linked-mannose beta-1,2-N-acetylglucosaminyltransferase 1
g8818	0.1442	9.613833e-01	0.017	no	Tubulin delta chain
g11424	0.0855	9.613833e-01	0.017	no	Protein N-terminal amidase
g14341	-0.1115	9.613833e-01	0.017	no	NA
g7704	0.0668	9.613833e-01	0.017	no	Lateral signaling target protein 2 homolog
g9298	-0.0825	9.613833e-01	0.017	no	NA
g5532	-0.0632	9.613833e-01	0.017	no	Terminal uridylyltransferase 7
g10600	0.0939	9.613833e-01	0.017	no	NA
g11341	-0.0894	9.613833e-01	0.017	no	DNA-directed RNA polymerases I and III subunit RPAC2
g4674	-0.1392	9.613833e-01	0.017	no	NA
g6670	0.1252	9.613833e-01	0.017	no	NA
g15218	0.0690	9.613833e-01	0.017	no	NA
g13961	-0.0682	9.613833e-01	0.017	no	Nuclear cap-binding protein subunit 3
g6912	0.0724	9.613833e-01	0.017	no	Non-histone chromosomal protein 6B
g12742	0.0895	9.613833e-01	0.017	no	Peptidyl-prolyl cis-trans isomerase FKBP65
g2419	-0.0595	9.613833e-01	0.017	no	NA
g7432	-0.0713	9.613833e-01	0.017	no	NA
g13638	0.0719	9.613833e-01	0.017	no	NA
g15073	0.0526	9.613833e-01	0.017	no	Serine/threonine-protein phosphatase 2A 65 kDa regulatory subunit A alpha isoform
g10205	-0.0903	9.613833e-01	0.017	no	Ubiquitin-conjugating enzyme E2 T
g7680	-0.0921	9.613833e-01	0.017	no	NA
g1826	-0.0942	9.613833e-01	0.017	no	NA
g8744	-0.1622	9.613833e-01	0.017	no	NA
g7402	-0.0594	9.613833e-01	0.017	no	NA
g4979	0.0679	9.613833e-01	0.017	no	NA
g13757	-0.0518	9.613833e-01	0.017	no	Malate dehydrogenase, mitochondrial
g6844	0.0457	9.613833e-01	0.017	no	Succinate dehydrogenase [ubiquinone] iron-sulfur subunit
g14012	-0.0992	9.613833e-01	0.017	no	Profilin
g10954	0.0654	9.613833e-01	0.017	no	Protein lin-54 homolog
g8574	-0.0924	9.613833e-01	0.017	no	NA
g16042	0.1708	9.613833e-01	0.017	no	NA
g13029	-0.1547	9.613833e-01	0.017	no	SKA complex subunit 1
g13151	-0.0854	9.613833e-01	0.017	no	Putative sodium-coupled neutral amino acid transporter 11
g6384	-0.0566	9.613833e-01	0.017	no	FACT complex subunit SSRP1
g5973	0.0509	9.613833e-01	0.017	no	Cytochrome c oxidase subunit 6b-3
g6497	-0.0933	9.613833e-01	0.017	no	Solute carrier family 49 member A3
g11176	-0.0527	9.613833e-01	0.017	no	NA
g59	-0.0564	9.613833e-01	0.017	no	Desumoylating isopeptidase 1
g15911	0.0727	9.613833e-01	0.017	no	NA
g9080	0.0575	9.613833e-01	0.017	no	NA
g7686	-0.1422	9.613833e-01	0.017	no	Ribosome biogenesis GTPase A
g41	-0.0626	9.613833e-01	0.017	no	Phenylalanine--tRNA ligase beta subunit, cytoplasmic
g12515	0.0605	9.613833e-01	0.017	no	NA
g4362	0.0634	9.613833e-01	0.017	no	RING finger protein 148
g15258	-0.2219	9.613833e-01	0.017	no	Dynein axonemal heavy chain 6
g298	-0.0821	9.613833e-01	0.017	no	NA
g4199	0.0850	9.613833e-01	0.017	no	5-methylthioadenosine/S-adenosylhomocysteine deaminase
g14271	-0.1196	9.613833e-01	0.017	no	Transmembrane protein 53-A
g5551	-0.0531	9.613833e-01	0.017	no	NA
g13333	0.1194	9.613833e-01	0.017	no	Protein-lysine N-methyltransferase EEF2KMT
g6592	0.1055	9.613833e-01	0.017	no	Tubulin polyglutamylase TTLL7
g5039	-0.0617	9.613833e-01	0.017	no	NA
g6995	-0.1008	9.613833e-01	0.017	no	Double-stranded RNA-specific editase 1
g6848	-0.1121	9.613833e-01	0.017	no	NA
g15745	0.0543	9.613833e-01	0.017	no	NA
g6507	0.1076	9.613833e-01	0.017	no	NA
g4566	-0.0753	9.613833e-01	0.017	no	Probable di-N-acetylchitobiase 2
g2173	0.0665	9.613833e-01	0.017	no	NA
g13650	0.0750	9.613833e-01	0.017	no	NA
g4974	0.0694	9.613833e-01	0.017	no	Uncharacterized NAD(P)H oxidoreductase YcaK
g4643	0.0866	9.613833e-01	0.017	no	Kinetochore-associated protein 1
g4291	0.0678	9.613833e-01	0.017	no	Calcium/calmodulin-dependent protein kinase type 1D
g4522	-0.1065	9.613833e-01	0.017	no	Homocysteine S-methyltransferase 3
g289	0.0558	9.613833e-01	0.017	no	Kynurenine--oxoglutarate transaminase
g721	-0.1011	9.613833e-01	0.017	no	Probable 3-deoxy-D-manno-octulosonic acid transferase, mitochondrial
g5365	0.1550	9.613833e-01	0.017	no	NA
g6572	0.0690	9.613833e-01	0.017	no	Sodium/potassium/calcium exchanger 3
g4706	0.0712	9.613856e-01	0.017	no	Ubiquitin-like domain-containing protein CIP73
g7499	0.0966	9.613856e-01	0.017	no	UPF0598 protein CG30010
g13044	-0.0797	9.616405e-01	0.017	no	Spliceosome-associated protein CWC27 homolog
g4787	-0.0594	9.616405e-01	0.017	no	26S proteasome regulatory subunit 6B homolog
g4833	-0.0956	9.618452e-01	0.017	no	NA
g4885	-0.0978	9.618452e-01	0.017	no	NA
g12814	-0.1197	9.620724e-01	0.017	no	NA
g6196	-0.1655	9.620724e-01	0.017	no	NA
g10458	0.0613	9.620724e-01	0.017	no	NA
g15508	0.1182	9.620724e-01	0.017	no	NA
g14142	-0.1244	9.620724e-01	0.017	no	Protein AAR2 homolog
g10762	0.0703	9.620724e-01	0.017	no	NA
g3952	-0.0561	9.620724e-01	0.017	no	NA
g2780	-0.0994	9.620724e-01	0.017	no	NA
g13898	-0.0983	9.620724e-01	0.017	no	Protein GstA
g4450	-0.2234	9.620724e-01	0.017	no	NA
g9081	0.1156	9.620724e-01	0.017	no	Haloacid dehalogenase-like hydrolase domain-containing protein 2
g10596	0.0622	9.620724e-01	0.017	no	NA
g7317	-0.0562	9.620724e-01	0.017	no	Bromodomain and WD repeat-containing protein 1
g2367	-0.0867	9.620746e-01	0.017	no	2-keto-4-pentenoate hydratase
g13573	0.0572	9.620746e-01	0.017	no	Leukotriene A-4 hydrolase
g14632	0.0613	9.620746e-01	0.017	no	Carbohydrate sulfotransferase 15
g4294	0.0704	9.620746e-01	0.017	no	FYVE, RhoGEF and PH domain-containing protein 4
g13713	0.0663	9.620746e-01	0.017	no	S-adenosylmethionine decarboxylase proenzyme
g8970	0.1138	9.620746e-01	0.017	no	Gluconokinase
g6586	0.0785	9.620746e-01	0.017	no	NA
g12734	-0.0657	9.620746e-01	0.017	no	Protein FATTY ACID EXPORT 6
g12511	-0.0604	9.621621e-01	0.017	no	Large ribosomal subunit protein uL23
g5052	-0.1206	9.622678e-01	0.017	no	Secreted RxLR effector protein 48
g13145	0.0589	9.622678e-01	0.017	no	NA
g3423	0.0747	9.622678e-01	0.017	no	U-box domain-containing protein 37
g12512	-0.0794	9.622678e-01	0.017	no	NA
g1558	0.1154	9.622678e-01	0.017	no	NA
g1262	0.0651	9.622678e-01	0.017	no	NA
g3875	-0.1184	9.622678e-01	0.017	no	NA
g12719	0.1414	9.622678e-01	0.017	no	28 kDa ribonucleoprotein, chloroplastic
g13488	-0.1114	9.622769e-01	0.017	no	Transportin-3
g4867	-0.0762	9.622769e-01	0.017	no	NA
g2669	0.0873	9.622769e-01	0.017	no	4-coumarate--CoA ligase 2
g11881	-0.0465	9.624952e-01	0.017	no	Transcription factor MYB3R-2
g4122	0.1052	9.625043e-01	0.017	no	Putative mitotic check point protein BUB2
g6185	-0.0480	9.625043e-01	0.017	no	NA
g5440	-0.0741	9.625203e-01	0.017	no	Ornithine lipid ester-linked acyl 2-hydroxylase
g4530	0.0503	9.625203e-01	0.017	no	Probable NADH dehydrogenase [ubiquinone] 1 alpha subcomplex subunit 5, mitochondrial
g11620	-0.0904	9.625203e-01	0.017	no	Esterase LipC
g13894	-0.0841	9.625891e-01	0.017	no	Protein BTR1
g14131	0.0467	9.625891e-01	0.017	no	Glucose-6-phosphate 1-dehydrogenase 6, cytoplasmic
g2585	-0.0778	9.627060e-01	0.017	no	NA
g8691	0.0499	9.627472e-01	0.016	no	Eukaryotic translation initiation factor 3 subunit L
g7475	-0.0961	9.627472e-01	0.016	no	Structure-specific endonuclease subunit SLX1
g10551	-0.0721	9.627534e-01	0.016	no	Protoporphyrinogen oxidase
g14439	-0.0557	9.627534e-01	0.016	no	MAP kinase kinase kinase SSK2
g4989	0.0715	9.627534e-01	0.016	no	NA
g3727	0.0979	9.629308e-01	0.016	no	Putative ion-transport protein YfeO
g6527	0.0911	9.629308e-01	0.016	no	NA
g12549	0.0910	9.630536e-01	0.016	no	ADP-ribosylation factor-like protein 5A
g10524	-0.0425	9.631136e-01	0.016	no	NA
g14014	-0.0770	9.632533e-01	0.016	no	Histone-arginine methyltransferase CARMER
g583	-0.1931	9.632533e-01	0.016	no	Cilia- and flagella-associated protein 44
g696	-0.0543	9.632533e-01	0.016	no	Histone acetyltransferase HAC12
g1160	0.1128	9.633457e-01	0.016	no	tRNA 2-selenouridine synthase
g443	0.1752	9.633615e-01	0.016	no	Dynein light chain 7
g220	-0.0677	9.634734e-01	0.016	no	Macro domain-containing protein TTE0995
g4948	-0.0795	9.636141e-01	0.016	no	N-acetylgalactosamine-6-O-sulfatase
g14565	0.0652	9.636141e-01	0.016	no	Diacylglycerol lipase-alpha
g1465	0.1009	9.636141e-01	0.016	no	NA
g2900	0.0494	9.643880e-01	0.016	no	NA
g4623	-0.2074	9.646111e-01	0.016	no	NA
g1333	-0.0436	9.646111e-01	0.016	no	NA
g6688	-0.1011	9.647646e-01	0.016	no	Lipid phosphate phosphatase epsilon 1, chloroplastic
g11899	-0.0797	9.648947e-01	0.016	no	Adenylate cyclase type 10
g12002	0.0647	9.648953e-01	0.016	no	NA
g1380	0.1464	9.648953e-01	0.016	no	Probable RNA methyltransferase CG11342
g1783	0.0804	9.649473e-01	0.015	no	NA
g7363	0.0609	9.650082e-01	0.015	no	NA
g7962	-0.1419	9.650082e-01	0.015	no	NA
g6303	0.1451	9.651233e-01	0.015	no	NA
g13067	-0.1278	9.654177e-01	0.015	no	Formin-like protein 6
g6456	-0.1000	9.654177e-01	0.015	no	F-box only protein 21
g11685	-0.1162	9.654177e-01	0.015	no	Diphthine methyltransferase
g6968	-0.1101	9.656117e-01	0.015	no	5'-deoxynucleotidase HDDC2
g7127	-0.0947	9.659321e-01	0.015	no	NA
g11532	0.0893	9.659321e-01	0.015	no	5'(3')-deoxyribonucleotidase, mitochondrial
g9030	-0.0518	9.659321e-01	0.015	no	Serine/threonine-protein phosphatase 5
g4696	0.0536	9.659321e-01	0.015	no	Chromatin assembly factor 1 subunit A
g3938	0.1543	9.659321e-01	0.015	no	NA
g1239	0.0861	9.659321e-01	0.015	no	tRNA (guanine(10)-N(2))-methyltransferase TRMT11
g3118	-0.0574	9.659321e-01	0.015	no	NA
g13710	-0.1068	9.659321e-01	0.015	no	NA
g223	0.0698	9.659321e-01	0.015	no	rRNA biogenesis protein rrp36
g8560	-0.0525	9.659321e-01	0.015	no	26S proteasome non-ATPase regulatory subunit 8 homolog A
g4612	-0.1399	9.659321e-01	0.015	no	NA
g2485	0.0906	9.660943e-01	0.015	no	tRNA (adenine(58)-N(1))-methyltransferase catalytic subunit TRMT61A
g11902	0.1052	9.664645e-01	0.015	no	NA
g8681	0.0608	9.664790e-01	0.015	no	Peroxisomal bifunctional enzyme
g10542	-0.0723	9.664790e-01	0.015	no	NA
g3606	-0.1015	9.664790e-01	0.015	no	NA
g1094	-0.1427	9.664790e-01	0.015	no	NA
g12976	-0.0430	9.664790e-01	0.015	no	Acetolactate synthase small subunit, mitochondrial
g5991	-0.0452	9.664790e-01	0.015	no	Triosephosphate isomerase, cytosolic
g14046	0.0581	9.664790e-01	0.015	no	Solute carrier family 38 member 6
g7228	0.1314	9.664790e-01	0.015	no	NA
g364	0.0738	9.665114e-01	0.015	no	Mitochondrial substrate carrier family protein ucpA
g7340	0.0691	9.665128e-01	0.015	no	Protein N-terminal and lysine N-methyltransferase efm7
g14655	0.0978	9.666173e-01	0.015	no	Endoribonuclease YbeY
g15045	0.1039	9.666173e-01	0.015	no	NA
g7623	0.0937	9.666173e-01	0.015	no	23S rRNA (guanosine-2'-O-)-methyltransferase RlmB
g11069	0.0570	9.666173e-01	0.015	no	Cell division cycle 5-related protein
g3398	-0.0415	9.666173e-01	0.015	no	NA
g4287	0.0749	9.666173e-01	0.015	no	NA
g455	-0.1336	9.666173e-01	0.015	no	Fluoride export protein 1
g15096	0.1072	9.666173e-01	0.015	no	NADP-dependent alcohol dehydrogenase C 1
g9811	0.0629	9.666173e-01	0.015	no	NA
g13694	-0.1250	9.666173e-01	0.015	no	NA
g5253	-0.0758	9.666173e-01	0.015	no	NA
g12658	-0.1244	9.666173e-01	0.015	no	Protein-tyrosine-phosphatase MKP1
g3300	0.1225	9.666173e-01	0.015	no	NA
g5732	0.1225	9.666173e-01	0.015	no	Vitamin K epoxide reductase complex subunit 1-like protein 1
g5708	-0.0735	9.666173e-01	0.015	no	Chaperone protein DnaK
g3456	-0.0420	9.666173e-01	0.015	no	Probable nitrile hydratase
g640	-0.1079	9.666173e-01	0.015	no	NA
g3241	-0.1170	9.666173e-01	0.015	no	NA
g12317	-0.0514	9.666181e-01	0.015	no	La-related protein 4
g3765	-0.0436	9.666181e-01	0.015	no	NA
g11279	0.0702	9.666243e-01	0.015	no	Putative NADP-dependent oxidoreductase YfmJ
g6847	0.0994	9.666243e-01	0.015	no	Bifunctional heparan sulfate N-deacetylase/N-sulfotransferase 1
g8649	-0.0741	9.666243e-01	0.015	no	Leucine--tRNA ligase
g9028	0.1435	9.666243e-01	0.015	no	NA
g7239	-0.0731	9.666243e-01	0.015	no	NA
g1688	-0.0554	9.666243e-01	0.015	no	NA
g13717	-0.0804	9.666243e-01	0.015	no	NA
g13953	0.0634	9.666243e-01	0.015	no	Cell division cycle protein 27 homolog B
g13622	0.0623	9.666243e-01	0.015	no	Dimethyladenosine transferase
g13329	-0.1229	9.666243e-01	0.015	no	NA
g9681	0.0704	9.666243e-01	0.015	no	Probable protein S-acyltransferase 15
g13971	0.1302	9.666243e-01	0.015	no	NA
g14579	-0.0496	9.666243e-01	0.015	no	Triosephosphate isomerase, cytosolic
g4874	0.0933	9.666243e-01	0.015	no	Kinesin-like protein KIN-4A
g6916	0.0694	9.666243e-01	0.015	no	CCR4-Not complex 3'-5'-exoribonuclease subunit Ccr4
g12501	0.1180	9.666243e-01	0.015	no	Tubulin polyglutamylase ttll-4
g7711	0.0601	9.666243e-01	0.015	no	Crooked neck-like protein 1
g3494	-0.0647	9.666243e-01	0.015	no	COP9 signalosome complex subunit 4
g11829	0.1115	9.666243e-01	0.015	no	Inactive lipoate--protein ligase 2
g4187	0.0710	9.666243e-01	0.015	no	RuvB-like 1
g12184	0.0682	9.666243e-01	0.015	no	Probable protease SohB
g5348	0.0708	9.666243e-01	0.015	no	Probable phosphopantothenoylcysteine decarboxylase
g13022	-0.0610	9.666243e-01	0.015	no	Wee1-like protein kinase 1-A
g2284	0.1033	9.666243e-01	0.015	no	Mitochondrial hydrolase YKR070W
g12275	0.0555	9.666243e-01	0.015	no	Tripeptidyl-peptidase 2
g9242	0.0694	9.666243e-01	0.015	no	NA
g200	0.1216	9.666243e-01	0.015	no	NA
g5609	0.0973	9.666243e-01	0.015	no	Actin-related protein 6
g12717	-0.0716	9.666243e-01	0.015	no	Uracil phosphoribosyltransferase
g5770	0.1062	9.666243e-01	0.015	no	NA
g8654	-0.1400	9.666243e-01	0.015	no	Peroxisome biogenesis protein 2
g2404	0.0708	9.666243e-01	0.015	no	Epoxide hydrolase 1
g11475	-0.0805	9.666243e-01	0.015	no	Beclin-1
g2524	0.0824	9.666243e-01	0.015	no	Diacylglycerol kinase eta
g5997	0.1227	9.666243e-01	0.015	no	tRNA(Ile)-lysidine synthase
g4387	0.0786	9.666243e-01	0.015	no	DNA polymerase zeta catalytic subunit
g4494	-0.0635	9.666243e-01	0.015	no	Monoacylglycerol lipase
g14309	0.1250	9.666491e-01	0.015	no	Uncharacterized protein C1orf53
g8419	-0.0647	9.666491e-01	0.015	no	NA
g14689	0.2118	9.667203e-01	0.015	no	NA
g4645	-0.0823	9.672607e-01	0.014	no	Protein arginine N-methyltransferase 8
g10682	-0.0701	9.672607e-01	0.014	no	Serine/threonine-protein kinase TOUSLED
g5651	-0.0397	9.672607e-01	0.014	no	NA
g2631	-0.0654	9.672607e-01	0.014	no	NA
g10860	0.1722	9.672909e-01	0.014	no	Cilia- and flagella-associated protein 100
g15683	0.0818	9.672909e-01	0.014	no	NA
g9064	-0.0580	9.672909e-01	0.014	no	NA
g2091	-0.0589	9.672909e-01	0.014	no	DNA-binding protein SMUBP-2
g5188	-0.0816	9.672909e-01	0.014	no	DNA mismatch repair protein MutS
g15626	0.1034	9.672909e-01	0.014	no	Trifunctional nucleotide phosphoesterase protein YfkN
g10441	-0.0606	9.672909e-01	0.014	no	NA
g15928	0.0597	9.672909e-01	0.014	no	WD repeat-containing protein 43
g3526	-0.1307	9.672909e-01	0.014	no	2,3-dimethylmalate lyase
g2856	0.0853	9.672909e-01	0.014	no	NACHT, LRR and PYD domains-containing protein 14
g369	0.0438	9.672909e-01	0.014	no	Transmembrane E3 ubiquitin-protein ligase FLY2
g3219	0.0539	9.672909e-01	0.014	no	NA
g11703	0.0558	9.672909e-01	0.014	no	B-type cell cycle switch protein ccs52A
g6820	-0.0692	9.672909e-01	0.014	no	Lathosterol oxidase
g13254	0.0593	9.672909e-01	0.014	no	NA
g11916	0.2145	9.672909e-01	0.014	no	NA
g4080	0.1181	9.675009e-01	0.014	no	Cilia- and flagella-associated protein 337 A
g14064	0.0819	9.679310e-01	0.014	no	NA
g6809	0.0512	9.679951e-01	0.014	no	Sodium/calcium exchanger NCL2
g5723	-0.1003	9.679951e-01	0.014	no	NA
g11789	-0.0495	9.679951e-01	0.014	no	Signal recognition particle subunit SRP72
g2168	-0.0441	9.679951e-01	0.014	no	Large ribosomal subunit protein uL2x
g13570	-0.1226	9.679951e-01	0.014	no	NA
g5585	0.0460	9.679951e-01	0.014	no	Eukaryotic translation initiation factor 3 subunit F
g2539	-0.0520	9.679951e-01	0.014	no	Poly(A) polymerase
g13589	0.0713	9.679951e-01	0.014	no	Uncharacterized ABC transporter ATP-binding protein YmeB
g12592	-0.1169	9.679951e-01	0.014	no	Probable protein S-acyltransferase 5
g13660	0.0567	9.679951e-01	0.014	no	Translation initiation factor eIF2B subunit epsilon
g2878	0.0530	9.679951e-01	0.014	no	Thioredoxin H-type
g3040	-0.0786	9.680157e-01	0.014	no	WD repeat-containing protein 18
g1775	0.0681	9.680157e-01	0.014	no	NA
g9225	-0.0486	9.680157e-01	0.014	no	Phytanoyl-CoA dioxygenase domain-containing protein 1
g12552	0.0767	9.680157e-01	0.014	no	NA
g7414	0.0901	9.680157e-01	0.014	no	NA
g4381	-0.0506	9.680986e-01	0.014	no	NA
g13084	-0.1295	9.681810e-01	0.014	no	NA
g8906	0.0470	9.681810e-01	0.014	no	Signal recognition particle receptor subunit beta
g5196	0.0748	9.681810e-01	0.014	no	Probable cytosine deaminase
g13270	0.0788	9.681810e-01	0.014	no	NA
g15455	-0.0638	9.681810e-01	0.014	no	Putative pterin-4-alpha-carbinolamine dehydratase
g16024	-0.1079	9.683261e-01	0.014	no	NA
g1766	-0.1059	9.683261e-01	0.014	no	NA
g3505	-0.0873	9.683261e-01	0.014	no	N-alpha-acetyltransferase 50
g4039	0.0495	9.683261e-01	0.014	no	Splicing factor Cactin
g2153	-0.0391	9.683261e-01	0.014	no	Argininosuccinate lyase
g1271	0.0720	9.683261e-01	0.014	no	Mediator of RNA polymerase II transcription subunit 6
g9987	0.0636	9.683261e-01	0.014	no	Golgin candidate 6
g8694	-0.0916	9.683261e-01	0.014	no	Glucokinase
g13219	0.0391	9.683261e-01	0.014	no	Transcription initiation factor TFIID subunit 1
g6020	0.0542	9.683261e-01	0.014	no	NA
g14448	0.1104	9.683261e-01	0.014	no	AP-3 complex subunit sigma-1
g4923	-0.0976	9.683261e-01	0.014	no	NA
g10114	0.1285	9.683261e-01	0.014	no	Probable uroporphyrinogen-III C-methyltransferase
g7706	0.0597	9.683261e-01	0.014	no	NA
g3435	-0.0624	9.683261e-01	0.014	no	NA
g6933	-0.1376	9.684863e-01	0.014	no	NA
g12250	-0.0890	9.684863e-01	0.014	no	NA
g9109	-0.0526	9.684863e-01	0.014	no	Serine/threonine-protein phosphatase 2A activator 1
g4436	0.0498	9.684863e-01	0.014	no	NA
g11864	-0.0426	9.684863e-01	0.014	no	Mitogen-activated protein kinase kinase kinase A
g566	0.0783	9.684863e-01	0.014	no	NA
g61	0.0434	9.684863e-01	0.014	no	Arylsulfatase B
g12836	-0.1335	9.684863e-01	0.014	no	Crustacean calcium-binding protein 23
g2928	0.1400	9.684863e-01	0.014	no	NA
g6255	0.1252	9.684863e-01	0.014	no	NA
g13153	0.0635	9.684863e-01	0.014	no	Phosphatidylinositol-3-phosphatase SAC1
g5436	-0.0489	9.684863e-01	0.014	no	Protein RTF1 homolog
g12792	-0.0818	9.684863e-01	0.014	no	NA
g5258	0.0579	9.684863e-01	0.014	no	NA
g2736	-0.0780	9.684863e-01	0.014	no	NA
g16049	-0.0633	9.684863e-01	0.014	no	NA
g14038	-0.0487	9.684863e-01	0.014	no	Exocyst complex component 5
g1225	0.0577	9.684863e-01	0.014	no	NA
g14160	0.0479	9.684863e-01	0.014	no	NA
g9938	-0.0501	9.684863e-01	0.014	no	Small ribosomal subunit protein uS15
g11771	0.0535	9.684863e-01	0.014	no	ATP-binding cassette sub-family C member 3
g11884	0.0488	9.684863e-01	0.014	no	Histidine--tRNA ligase, cytoplasmic
g6491	0.0527	9.684863e-01	0.014	no	NA
g3867	-0.1209	9.684863e-01	0.014	no	NA
g177	0.0799	9.684863e-01	0.014	no	Serine/threonine-protein kinase Nek7
g6581	-0.1270	9.684863e-01	0.014	no	Phosphatidylglycerophosphate phosphatase 1, chloroplastic/mitochondrial
g1736	0.0579	9.684863e-01	0.014	no	eIF-2-alpha kinase GCN2
g4045	-0.1108	9.684863e-01	0.014	no	Dynein axonemal light chain 1
g4811	0.1640	9.684863e-01	0.014	no	NA
g9281	-0.0977	9.684863e-01	0.014	no	NA
g13932	0.0677	9.684863e-01	0.014	no	Polyamine transporter RMV1
g5594	0.0551	9.684863e-01	0.014	no	UDP-glucuronic acid decarboxylase 5
g10315	0.0427	9.684863e-01	0.014	no	Cocaine esterase
g10148	-0.0621	9.685911e-01	0.014	no	Pyridoxal phosphate homeostasis protein
g13690	-0.1127	9.686637e-01	0.014	no	DNA replication licensing factor mcm5-A
g7163	-0.0714	9.688585e-01	0.014	no	Nucleosome assembly protein 1;2
g121	0.0480	9.688587e-01	0.014	no	Kinesin-like protein KIF3A
g5077	0.1068	9.688587e-01	0.014	no	Rqc2 homolog RqcH
g7145	-0.1059	9.688587e-01	0.014	no	NA
g9594	-0.1075	9.689070e-01	0.014	no	Triple specificity protein phosphatase PtpB
g10697	0.0512	9.689070e-01	0.014	no	Probable aspartoacylase
g14802	-0.0953	9.689070e-01	0.014	no	N-alpha-acetyltransferase 30
g1813	-0.0438	9.689070e-01	0.014	no	Small ribosomal subunit protein eS8
g9933	0.0380	9.689070e-01	0.014	no	3-ketoacyl-CoA thiolase, mitochondrial
g2266	0.0920	9.689070e-01	0.014	no	Probable tyrosine-protein phosphatase DG1060
g2332	0.0818	9.689070e-01	0.014	no	Ubiquitin carboxyl-terminal hydrolase MINDY-1
g14521	0.0513	9.689070e-01	0.014	no	Phosphatidylinositol 3-kinase 1
g15809	0.0532	9.689070e-01	0.014	no	MPN domain-containing protein CG4751
g3444	0.1045	9.689070e-01	0.014	no	Protein IMPACT
g827	0.0381	9.689070e-01	0.014	no	ATPase 4, plasma membrane-type
g4578	-0.0483	9.689070e-01	0.014	no	NA
g3822	-0.0423	9.689070e-01	0.014	no	Betaine aldehyde dehydrogenase
g14096	-0.0581	9.689070e-01	0.014	no	Copper chaperone for superoxide dismutase, chloroplastic/cytosolic
g15504	-0.0593	9.689070e-01	0.014	no	CCR4-NOT transcription complex subunit 9
g4879	-0.0877	9.689070e-01	0.014	no	Glutathione S-transferase kappa 1
g6125	-0.0503	9.689070e-01	0.014	no	NA
g13160	0.0761	9.689070e-01	0.014	no	Dynein axonemal heavy chain 7
g3486	-0.0911	9.689070e-01	0.014	no	NA
g15422	-0.1016	9.689070e-01	0.014	no	Aspartyl/asparaginyl beta-hydroxylase
g10024	-0.0905	9.689070e-01	0.014	no	Exosome complex component RRP41-like
g6643	0.0650	9.689070e-01	0.014	no	Succinate dehydrogenase assembly factor 2, mitochondrial
g13074	0.0690	9.689070e-01	0.014	no	Autophagy-related protein 18a
g5994	0.0498	9.689070e-01	0.014	no	NA
g11928	0.0603	9.689070e-01	0.014	no	NA
g7474	0.0418	9.689070e-01	0.014	no	Exportin-2
g6830	-0.0685	9.689070e-01	0.014	no	DnaJ homolog subfamily C member 21
g11269	0.0477	9.689070e-01	0.014	no	NA
g4000	0.0517	9.689070e-01	0.014	no	NA
g320	-0.0687	9.689070e-01	0.014	no	NA
g2157	-0.0980	9.689070e-01	0.014	no	NA
g1796	0.0720	9.689070e-01	0.014	no	Probable protein phosphatase 2C 7
g15605	0.0703	9.689070e-01	0.014	no	Protein arginine methyltransferase NDUFAF7 homolog, mitochondrial
g12521	-0.0348	9.689070e-01	0.014	no	NA
g7679	0.0670	9.689070e-01	0.014	no	Translation initiation factor IF-3
g4595	-0.0603	9.689070e-01	0.014	no	Ubiquitin carboxyl-terminal hydrolase 23
g3401	0.0434	9.689070e-01	0.014	no	NA
g14231	-0.0476	9.689070e-01	0.014	no	HIG1 domain family member 2A, mitochondrial
g8651	0.1094	9.689070e-01	0.014	no	Myb-like protein L
g14473	-0.1166	9.689070e-01	0.014	no	NA
g14723	0.0338	9.689070e-01	0.014	no	Fumarate reductase
g1374	-0.0721	9.689070e-01	0.014	no	NA
g720	-0.0444	9.689070e-01	0.014	no	Mitochondrial adenine nucleotide transporter ADNT1
g6101	0.1258	9.689070e-01	0.014	no	Intraflagellar transport protein 74 homolog
g1943	0.0770	9.689070e-01	0.014	no	NA
g2418	-0.0474	9.689070e-01	0.014	no	NA
g3997	-0.0601	9.689070e-01	0.014	no	NA
g14478	0.0695	9.689070e-01	0.014	no	Auxilin-related protein 2
g2269	0.0743	9.689070e-01	0.014	no	NA
g7524	0.0421	9.689070e-01	0.014	no	[Skp1-protein]-hydroxyproline N-acetylglucosaminyltransferase
g10376	-0.1252	9.689070e-01	0.014	no	NA
g3144	0.0738	9.689070e-01	0.014	no	Serine/threonine-protein kinase Nek8
g3610	0.1092	9.689070e-01	0.014	no	NA
g8871	-0.0660	9.689070e-01	0.014	no	Deoxynucleoside triphosphate triphosphohydrolase SAMHD1
g10538	-0.0552	9.689070e-01	0.014	no	Putative permease MJ0326
g2369	0.0871	9.689070e-01	0.014	no	NA
g276	-0.0588	9.689070e-01	0.014	no	N-terminal acetyltransferase A complex catalytic subunit NAA10
g3309	-0.0387	9.689109e-01	0.014	no	Cytochrome b-c1 complex subunit 6-1, mitochondrial
g15546	-0.1328	9.689543e-01	0.014	no	NA
g694	-0.0970	9.689543e-01	0.014	no	Voltage-dependent L-type calcium channel subunit alpha-1C
g1739	0.1402	9.689944e-01	0.014	no	NA
g16048	0.0723	9.690841e-01	0.014	no	NA
g9047	-0.0386	9.690841e-01	0.014	no	Lysine-specific demethylase 5
g15860	0.0407	9.691604e-01	0.014	no	Alpha-mannosidase 2
g11248	0.0920	9.691604e-01	0.014	no	NA
g15123	0.0475	9.691604e-01	0.014	no	Amidophosphoribosyltransferase
g11795	-0.0506	9.691604e-01	0.014	no	NA
g9555	0.0565	9.691604e-01	0.014	no	Acetyl-coenzyme A transporter 1
g10154	-0.0442	9.691604e-01	0.014	no	NA
g13499	0.0519	9.691604e-01	0.014	no	E3 ubiquitin-protein transferase RMND5B
g14460	-0.0661	9.691604e-01	0.014	no	NA
g8432	0.0722	9.691604e-01	0.014	no	Mitochondrial inner membrane protease subunit 2
g4646	-0.0692	9.691604e-01	0.014	no	NEDD8-activating enzyme E1 catalytic subunit
g686	-0.0499	9.691604e-01	0.014	no	NA
g4748	-0.0467	9.691604e-01	0.014	no	Beta-adaptin-like protein C
g13141	0.0503	9.691604e-01	0.014	no	Nodulation protein L
g11429	-0.0415	9.691604e-01	0.014	no	Vacuolar protein sorting-associated protein 60.2
g10619	0.0464	9.691604e-01	0.014	no	Switch 2
g71	-0.0964	9.691604e-01	0.014	no	NADPH oxidoreductase
g12847	0.0452	9.691604e-01	0.014	no	Lysophosphatidic acid phosphatase type 6
g4693	-0.0421	9.691604e-01	0.014	no	C2 domain-containing protein 5
g7237	-0.0698	9.691604e-01	0.014	no	Probable serine incorporator
g208	-0.0435	9.691604e-01	0.014	no	Nuclear transport factor 2
g4192	0.0579	9.692775e-01	0.014	no	Dedicator of cytokinesis protein 1
g4281	-0.0807	9.693410e-01	0.014	no	NA
g13685	-0.1134	9.693410e-01	0.014	no	NA
g3098	-0.0661	9.693852e-01	0.014	no	U4/U6.U5 tri-snRNP-associated protein 1
g3319	0.0719	9.693852e-01	0.014	no	Xylulose kinase 2
g13201	-0.0749	9.693852e-01	0.014	no	NA
g11833	-0.1080	9.694219e-01	0.013	no	NA
g11599	0.0696	9.694219e-01	0.013	no	ADP-dependent glucokinase
g13353	0.0919	9.694719e-01	0.013	no	GPI-anchor transamidase component GPAA1
g626	0.0452	9.695695e-01	0.013	no	NA
g8475	-0.0573	9.695695e-01	0.013	no	Heat shock factor-binding protein
g5490	0.0463	9.695695e-01	0.013	no	Proteinaceous RNase P 3
g4549	0.0684	9.695971e-01	0.013	no	NA
g13904	-0.0325	9.695971e-01	0.013	no	Transmembrane 9 superfamily member 7
g13498	0.0462	9.699590e-01	0.013	no	NA
g1536	-0.0626	9.699590e-01	0.013	no	RCC1 and BTB domain-containing protein 2
g2199	-0.0788	9.699590e-01	0.013	no	uS5 assembly chaperone PDCD2L
g798	0.1010	9.699590e-01	0.013	no	NA
g7489	0.1185	9.699590e-01	0.013	no	Ketohexokinase
g15872	0.0777	9.699590e-01	0.013	no	NA
g4368	0.0603	9.699590e-01	0.013	no	Protein PXR1
g14176	0.0557	9.699590e-01	0.013	no	Protein SDA1 homolog
g10848	0.0954	9.699590e-01	0.013	no	Peptidyl-prolyl cis-trans isomerase FKBP65
g6458	-0.0865	9.699590e-01	0.013	no	NA
g11984	-0.0538	9.699590e-01	0.013	no	NA
g3352	-0.0834	9.701167e-01	0.013	no	Serine/threonine-protein phosphatase 2A regulatory subunit B'' subunit gamma
g7450	0.0808	9.701167e-01	0.013	no	Tetratricopeptide repeat protein 33
g14147	-0.0477	9.701167e-01	0.013	no	Sphingolipid delta(4)-desaturase/C4-monooxygenase DES2
g8829	0.0683	9.701846e-01	0.013	no	Peroxisomal 2,4-dienoyl-CoA reductase [(3E)-enoyl-CoA-producing]
g11159	-0.0385	9.701846e-01	0.013	no	Vacuolar protein sorting-associated protein 45
g69	0.0499	9.701846e-01	0.013	no	NA
g12660	-0.0785	9.701846e-01	0.013	no	NA
g11447	-0.0423	9.701846e-01	0.013	no	NA
g2934	-0.0907	9.701846e-01	0.013	no	H/ACA ribonucleoprotein complex subunit GAR1
g1600	0.1080	9.701846e-01	0.013	no	NA
g7624	0.0402	9.701846e-01	0.013	no	Calcium/calmodulin-dependent protein kinase type 1
g4687	-0.0862	9.701846e-01	0.013	no	Thiosulfate sulfurtransferase/rhodanese-like domain-containing protein 2
g2641	0.0455	9.703984e-01	0.013	no	Protein transport protein SEC24 A
g4111	0.0503	9.704143e-01	0.013	no	Sucrose transport protein SUC3
g2085	-0.0462	9.704328e-01	0.013	no	Putative tricarboxylate transport protein, mitochondrial
g11736	0.0661	9.704328e-01	0.013	no	NA
g15415	-0.1343	9.705185e-01	0.013	no	NA
g11798	0.0921	9.709166e-01	0.013	no	NA
g14445	0.0895	9.709166e-01	0.013	no	Sialate O-acetylesterase
g4573	-0.0432	9.709450e-01	0.013	no	Alditol oxidase
g10204	0.0683	9.710669e-01	0.013	no	NA
g447	-0.0414	9.711687e-01	0.013	no	Phosphatidyl-N-methylethanolamine N-methyltransferase
g13168	-0.1064	9.711687e-01	0.013	no	Polynucleotide 5'-hydroxyl-kinase GRC3
g7748	0.0906	9.711687e-01	0.013	no	DNA polymerase eta
g15208	0.0401	9.711864e-01	0.013	no	Arylsulfatase I
g125	0.0813	9.711864e-01	0.013	no	NA
g9608	-0.0669	9.711864e-01	0.013	no	NADPH:adrenodoxin oxidoreductase, mitochondrial
g8656	-0.0509	9.713051e-01	0.013	no	Alanine--tRNA ligase
g4895	-0.0666	9.713051e-01	0.013	no	WD-40 repeat-containing protein MSI4
g11937	0.0391	9.713051e-01	0.013	no	MA3 DOMAIN-CONTAINING TRANSLATION REGULATORY FACTOR 1
g14758	-0.1093	9.713407e-01	0.013	no	NA
g15899	0.0539	9.713407e-01	0.013	no	Vacuolar cation/proton exchanger 3
g2422	-0.0866	9.713407e-01	0.013	no	Protein EIN6 ENHANCER
g15454	0.0480	9.713407e-01	0.013	no	OPA3-like protein
g311	0.0927	9.713407e-01	0.013	no	Chaperone protein DnaJ
g3089	-0.1129	9.713407e-01	0.013	no	Phosphatidylinositol 3,4,5-trisphosphate-dependent Rac exchanger 2 protein
g3037	-0.0725	9.713407e-01	0.013	no	Riboflavin synthase
g13600	0.0436	9.713407e-01	0.013	no	Methylcrotonoyl-CoA carboxylase beta chain, mitochondrial
g15099	-0.0843	9.713407e-01	0.013	no	NA
g4025	-0.0365	9.713407e-01	0.013	no	Multidrug resistance-associated protein 1
g14146	0.0510	9.713407e-01	0.013	no	NA
g4137	-0.0919	9.713407e-01	0.013	no	NA
g5177	0.0771	9.713407e-01	0.013	no	NA
g13948	-0.1222	9.713407e-01	0.013	no	Coronin-1C
g9209	-0.0730	9.713407e-01	0.013	no	Myosin-11
g11287	0.0430	9.713407e-01	0.013	no	NA
g6083	-0.0530	9.713407e-01	0.013	no	NA
g13785	-0.1005	9.713407e-01	0.013	no	NA
g7254	-0.0473	9.713407e-01	0.013	no	Hydroxyproline O-arabinosyltransferase NOD3
g6201	-0.0990	9.713407e-01	0.013	no	Mitochondrial fission process protein 1
g14061	-0.0518	9.713407e-01	0.013	no	NA
g5529	-0.0699	9.713407e-01	0.013	no	NA
g15405	0.0710	9.713407e-01	0.013	no	Asparagine--tRNA ligase
g291	-0.0374	9.713407e-01	0.013	no	NA
g10568	-0.0505	9.713407e-01	0.013	no	Serine/threonine-protein kinase GRIK2
g6560	-0.0608	9.713407e-01	0.013	no	NA
g11168	-0.1108	9.713455e-01	0.013	no	NA
g15019	0.0462	9.713455e-01	0.013	no	Histone deacetylase 2
g1278	-0.0698	9.713455e-01	0.013	no	Aldehyde dehydrogenase family 3 member B1
g10212	-0.0417	9.713810e-01	0.013	no	NA
g15193	-0.1006	9.713810e-01	0.013	no	NA
g11588	0.0950	9.713810e-01	0.013	no	NA
g14777	-0.0657	9.714844e-01	0.013	no	Carbonyl reductase [NADPH] 1
g6102	0.0865	9.715631e-01	0.013	no	Endoplasmic reticulum-Golgi intermediate compartment protein 3
g2806	0.0614	9.716379e-01	0.012	no	Calpain-D
g12858	0.1093	9.718043e-01	0.012	no	NA
g13903	0.0603	9.718043e-01	0.012	no	NA
g10618	0.0579	9.718043e-01	0.012	no	NA
g14656	0.0429	9.718043e-01	0.012	no	NA
g8986	-0.0503	9.718043e-01	0.012	no	NA
g10020	0.0401	9.718043e-01	0.012	no	NA
g11615	-0.0559	9.718043e-01	0.012	no	Cyclic AMP receptor-like protein A
g8904	0.0465	9.718043e-01	0.012	no	NA
g7767	-0.0533	9.718043e-01	0.012	no	NA
g15611	-0.0811	9.718043e-01	0.012	no	Ubiquitin-conjugating enzyme E2 G2
g584	-0.0740	9.718043e-01	0.012	no	NA
g10918	-0.0547	9.718043e-01	0.012	no	Peptidyl-prolyl cis-trans isomerase cyp5
g7384	0.0818	9.718043e-01	0.012	no	NA
g576	-0.0465	9.720517e-01	0.012	no	NA
g9784	-0.0356	9.720517e-01	0.012	no	Glutathione S-transferase 3, mitochondrial
g15002	0.0501	9.720517e-01	0.012	no	DnaJ homolog subfamily C member 7 homolog
g7656	0.0831	9.720914e-01	0.012	no	NA
g11229	-0.0352	9.722621e-01	0.012	no	Protein phosphatase PP2A regulatory subunit B
g12333	0.0437	9.722621e-01	0.012	no	Lysine-sensitive aspartokinase 3
g4290	0.0489	9.722621e-01	0.012	no	Ubiquitin carboxyl-terminal hydrolase isozyme L3
g4980	0.0632	9.724670e-01	0.012	no	Transcription factor bHLH140
g9574	0.0732	9.726591e-01	0.012	no	E3 UFM1-protein ligase 1 homolog
g931	0.0581	9.728072e-01	0.012	no	Adenosine deaminase-like protein
g11616	0.0448	9.728700e-01	0.012	no	Ubiquitin carboxyl-terminal hydrolase 2
g11125	0.0744	9.728700e-01	0.012	no	NA
g2001	0.0326	9.732132e-01	0.012	no	NA
g11808	0.0760	9.732861e-01	0.012	no	Intraflagellar transport protein 140 homolog
g10651	0.0406	9.732861e-01	0.012	no	SUMO-activating enzyme subunit 2
g959	0.0605	9.732861e-01	0.012	no	Signal peptidase complex subunit 3
g5279	0.0415	9.732861e-01	0.012	no	Protein real-time
g3510	0.0438	9.732861e-01	0.012	no	Isoleucine--tRNA ligase
g3491	0.0376	9.733751e-01	0.012	no	NA
g14596	0.0862	9.734662e-01	0.012	no	Sucrose transport protein SUC5
g1683	0.0526	9.734662e-01	0.012	no	NA
g5523	0.0722	9.740374e-01	0.011	no	Putative malate dehydrogenase 1B
g1975	0.0388	9.740374e-01	0.011	no	Paired amphipathic helix protein Sin3b
g445	0.0402	9.740374e-01	0.011	no	Vacuolar protein sorting/targeting protein 10
g7045	0.0538	9.740374e-01	0.011	no	Long-chain fatty acid transport protein 1
g2655	-0.0579	9.740374e-01	0.011	no	NA
g4091	0.0586	9.740374e-01	0.011	no	NA
g7088	-0.0447	9.740374e-01	0.011	no	NA
g553	-0.0567	9.740374e-01	0.011	no	tRNA (guanine-N(7)-)-methyltransferase
g9192	-0.0711	9.740374e-01	0.011	no	tRNA 2'-phosphotransferase 1
g8783	0.0454	9.740374e-01	0.011	no	NA
g15348	-0.0400	9.740374e-01	0.011	no	NA
g11614	0.0896	9.740374e-01	0.011	no	NA
g12318	0.0687	9.740374e-01	0.011	no	Bifunctional adenosine 5'-phosphosulfate phosphorylase/adenylylsulfatase HINT4
g5109	0.0533	9.740374e-01	0.011	no	NA
g15004	-0.0749	9.740374e-01	0.011	no	Beclin-1
g15481	-0.0864	9.740374e-01	0.011	no	Metallophosphoesterase MPPED2
g3185	0.0467	9.740374e-01	0.011	no	NA
g14983	0.0605	9.740374e-01	0.011	no	Probable endoplasmic reticulum-Golgi intermediate compartment protein 3
g5064	0.0303	9.740374e-01	0.011	no	Double-strand-break repair protein rad21 homolog
g13657	-0.0466	9.740374e-01	0.011	no	NA
g6596	-0.0501	9.740374e-01	0.011	no	NA
g1382	0.0832	9.740374e-01	0.011	no	NA
g10197	0.0889	9.740374e-01	0.011	no	Mitochondrial glycine transporter YMC1
g10842	0.0654	9.740374e-01	0.011	no	NA
g5070	-0.0681	9.740374e-01	0.011	no	mRNA (2'-O-methyladenosine-N(6)-)-methyltransferase
g14924	-0.0440	9.740374e-01	0.011	no	1-deoxy-11-beta-hydroxypentalenate dehydrogenase
g4792	-0.0887	9.740374e-01	0.011	no	NA
g2774	-0.0734	9.740374e-01	0.011	no	DNA-(apurinic or apyrimidinic site) endonuclease, chloroplastic
g13164	-0.1078	9.740374e-01	0.011	no	cAMP-dependent protein kinase catalytic subunit PRKX
g7685	-0.0286	9.740374e-01	0.011	no	Bromodomain-containing factor 1
g3674	-0.0300	9.740374e-01	0.011	no	NADP-specific glutamate dehydrogenase
g10834	-0.0885	9.740374e-01	0.011	no	NA
g12525	0.0524	9.740374e-01	0.011	no	Autophagy-related protein 18
g13176	0.0664	9.740374e-01	0.011	no	Cyclin-B2-1
g11815	0.1626	9.740374e-01	0.011	no	Cilia- and flagella-associated protein 251
g5661	-0.0401	9.740374e-01	0.011	no	NA
g9137	-0.0418	9.740374e-01	0.011	no	NA
g11126	0.0490	9.740374e-01	0.011	no	NA
g12703	-0.0578	9.740374e-01	0.011	no	UNC93-like protein 3
g16071	0.1507	9.740374e-01	0.011	no	Cilia- and flagella-associated protein 57
g3388	-0.0582	9.740374e-01	0.011	no	NA
g9539	0.0639	9.740374e-01	0.011	no	NA
g11694	-0.0497	9.740374e-01	0.011	no	NA
g6318	-0.0748	9.740374e-01	0.011	no	Extradiol ring-cleavage dioxygenase
g11714	0.0466	9.740374e-01	0.011	no	NA
g4794	0.0383	9.740374e-01	0.011	no	NA
g7545	0.1382	9.740374e-01	0.011	no	ADP-ribosylation factor-like protein 3
g13169	-0.0595	9.740374e-01	0.011	no	Threonylcarbamoyladenosine tRNA methylthiotransferase
g1591	0.0720	9.740374e-01	0.011	no	E3 ubiquitin-protein ligase RNF166
g3200	-0.0521	9.740374e-01	0.011	no	NA
g11206	0.0370	9.740374e-01	0.011	no	NA
g13934	-0.0555	9.740374e-01	0.011	no	BET1 homolog
g9295	0.0791	9.740374e-01	0.011	no	NA
g9051	-0.0716	9.740374e-01	0.011	no	NA
g11918	-0.0445	9.742481e-01	0.011	no	GPI inositol-deacylase
g15555	-0.0417	9.742481e-01	0.011	no	10 kDa heat shock protein, mitochondrial
g5745	-0.0881	9.742481e-01	0.011	no	NA
g4716	-0.0315	9.742481e-01	0.011	no	GDP-mannose 3,5-epimerase
g8779	-0.0425	9.742481e-01	0.011	no	ER membrane protein complex subunit 8/9 homolog
g5836	0.0425	9.742481e-01	0.011	no	Eukaryotic translation initiation factor 3 subunit M
g911	-0.0420	9.742481e-01	0.011	no	NA
g12606	-0.1044	9.742481e-01	0.011	no	NA
g16081	-0.0505	9.744108e-01	0.011	no	Diacylglycerol lipase-beta
g6666	-0.0683	9.744108e-01	0.011	no	RING finger and CHY zinc finger domain-containing protein 1
g8584	-0.0551	9.749020e-01	0.011	no	NA
g11150	-0.0418	9.749572e-01	0.011	no	Spindle pole body-associated protein sad1
g15902	-0.0671	9.750380e-01	0.011	no	Baculoviral IAP repeat-containing protein 7
g13623	-0.0411	9.750380e-01	0.011	no	NA
g7148	0.0380	9.750380e-01	0.011	no	DNA-directed RNA polymerase III subunit rpc1
g7598	-0.0347	9.751029e-01	0.011	no	17.6 kDa class I heat shock protein 1
g3373	-0.0758	9.752425e-01	0.011	no	ADP-ribosylation factor-like protein 2
g8631	0.0629	9.752425e-01	0.011	no	NA
g13158	0.0302	9.752425e-01	0.011	no	NA
g10144	-0.0694	9.752425e-01	0.011	no	NA
g5673	0.0376	9.752425e-01	0.011	no	Peptidyl-prolyl cis-trans isomerase NIMA-interacting 1
g1938	0.0540	9.752425e-01	0.011	no	Probable inorganic phosphate transporter 1-6
g12604	-0.0437	9.752425e-01	0.011	no	Putative 12-oxophytodienoate reductase 2
g13882	-0.0933	9.752425e-01	0.011	no	NA
g3535	-0.0752	9.752425e-01	0.011	no	NA
g12676	0.0499	9.754630e-01	0.011	no	Pyridoxine/pyridoxamine 5'-phosphate oxidase
g13772	0.0641	9.754630e-01	0.011	no	Adenosylcobinamide-GDP ribazoletransferase
g15265	-0.0529	9.754630e-01	0.011	no	NA
g8845	0.0610	9.754630e-01	0.011	no	General transcription factor IIH subunit 3
g6099	-0.0678	9.754630e-01	0.011	no	Target of rapamycin complex subunit wat1
g15130	-0.0570	9.754630e-01	0.011	no	NA
g8769	0.0302	9.755179e-01	0.011	no	Small ribosomal subunit protein eS24z
g10410	-0.0340	9.756502e-01	0.011	no	NA
g12476	0.0319	9.756504e-01	0.011	no	NA
g955	-0.0472	9.759185e-01	0.011	no	Ubiquitin-like modifier-activating enzyme 5
g3428	0.0574	9.759207e-01	0.011	no	NA
g14413	-0.0773	9.759886e-01	0.011	no	NA
g15300	0.0947	9.760272e-01	0.011	no	NA
g7405	-0.0413	9.760272e-01	0.011	no	NA
g6400	-0.0774	9.760439e-01	0.011	no	NA
g7039	0.0689	9.760439e-01	0.011	no	SH3 domain-containing YSC84-like protein 1
g7671	0.0537	9.760439e-01	0.011	no	Polyribonucleotide nucleotidyltransferase
g11513	0.0735	9.760439e-01	0.011	no	tRNA-specific 2-thiouridylase MnmA
g13436	0.0399	9.762173e-01	0.010	no	Alpha-soluble NSF attachment protein
g11045	0.0662	9.762173e-01	0.010	no	NA
g12874	0.0511	9.762725e-01	0.010	no	30-kDa cleavage and polyadenylation specificity factor 30
g14818	-0.0600	9.762725e-01	0.010	no	NA
g2456	-0.0727	9.763030e-01	0.010	no	NA
g14933	-0.0756	9.763074e-01	0.010	no	3-hydroxyisobutyryl-CoA hydrolase, mitochondrial
g12749	-0.0466	9.763074e-01	0.010	no	NA
g8393	-0.0529	9.763074e-01	0.010	no	Desumoylating isopeptidase 1 homolog
g1362	0.0403	9.764451e-01	0.010	no	NA
g1351	-0.0348	9.765214e-01	0.010	no	ATP-dependent RNA helicase DBP5
g1430	0.0473	9.765214e-01	0.010	no	Type-2 histone deacetylase 2
g6526	0.0856	9.765214e-01	0.010	no	Chaperone protein DnaK
g13631	0.0547	9.765214e-01	0.010	no	NA
g15354	0.0544	9.765214e-01	0.010	no	Eukaryotic translation initiation factor 2A
g8570	-0.0306	9.765214e-01	0.010	no	NADH-cytochrome b5 reductase-like protein
g9781	0.0438	9.765559e-01	0.010	no	Ascorbate transporter, chloroplastic
g12530	-0.0796	9.765559e-01	0.010	no	Transmembrane protein 18
g6436	-0.0795	9.765559e-01	0.010	no	NA
g10820	-0.0457	9.765559e-01	0.010	no	Thiopurine S-methyltransferase
g140	-0.0329	9.768820e-01	0.010	no	Histone H4 variant TH011
g2123	0.0515	9.768820e-01	0.010	no	Large ribosomal subunit protein uL11
g11120	-0.0374	9.770235e-01	0.010	no	NADH dehydrogenase [ubiquinone] 1 alpha subcomplex subunit 2
g13434	0.0583	9.773089e-01	0.010	no	Splicing regulator SDE2
g15167	0.0454	9.773089e-01	0.010	no	NA
g10084	-0.0645	9.773089e-01	0.010	no	NA
g3970	-0.0565	9.774155e-01	0.010	no	NA
g8780	-0.0525	9.775775e-01	0.010	no	Geranylgeranyl transferase type-2 subunit beta
g3971	-0.0414	9.776868e-01	0.010	no	Alpha-1,3/1,6-mannosyltransferase ALG2
g3150	0.0992	9.778709e-01	0.010	no	NA
g12845	-0.0553	9.778709e-01	0.010	no	NA
g7397	0.0288	9.778938e-01	0.010	no	NA
g4966	0.0354	9.778945e-01	0.010	no	E3 ubiquitin-protein ligase Nedd-4
g6564	0.0658	9.779657e-01	0.010	no	Transmembrane protein 245
g14338	0.0296	9.779657e-01	0.010	no	Molybdate transporter 2
g1871	-0.0411	9.779657e-01	0.010	no	NA
g368	-0.0352	9.781007e-01	0.010	no	Nucleotide triphosphate diphosphatase NUDT15
g13624	-0.3166	9.781007e-01	0.010	no	Sialate:O-sulfotransferase 1
g11682	-0.0729	9.781007e-01	0.010	no	NA
g4203	0.0502	9.781007e-01	0.010	no	DNA repair and recombination protein RAD54B
g11468	0.0890	9.781007e-01	0.010	no	Lysine-specific histone demethylase 2
g2885	-0.0961	9.781007e-01	0.010	no	Glutathione S-transferase T1
g4765	-0.0395	9.781007e-01	0.010	no	NEDD8-activating enzyme E1 regulatory subunit
g9019	-0.0346	9.781007e-01	0.010	no	mRNA-decapping enzyme 1B
g8350	-0.0562	9.781007e-01	0.010	no	Transmembrane protein 65
g5930	-0.0335	9.783596e-01	0.010	no	Dihydrolipoyllysine-residue acetyltransferase component 3 of pyruvate dehydrogenase complex, mitochondrial
g13963	-0.0374	9.783596e-01	0.010	no	Lysosomal Pro-X carboxypeptidase
g4422	0.0285	9.783596e-01	0.010	no	Exosome complex component 10
g10644	-0.0530	9.784901e-01	0.009	no	NA
g10543	0.0319	9.784901e-01	0.009	no	ATP synthase F(1) complex catalytic subunit beta, mitochondrial
g9409	0.0484	9.784901e-01	0.009	no	c-Myc-binding protein homolog
g2349	0.0346	9.784901e-01	0.009	no	pre-mRNA 3' end processing protein WDR33
g5626	-0.0693	9.784984e-01	0.009	no	NA
g11198	0.0561	9.784984e-01	0.009	no	NA
g745	0.0666	9.785574e-01	0.009	no	NA
g6579	0.0420	9.786597e-01	0.009	no	Protein HID1
g3741	0.0411	9.787589e-01	0.009	no	NA
g4924	0.0414	9.787589e-01	0.009	no	E3 ubiquitin-protein ligase KEG
g3190	0.0664	9.787589e-01	0.009	no	Dynein axonemal heavy chain beta
g521	0.0365	9.787589e-01	0.009	no	Chloroquine resistance transporter
g10858	0.0401	9.787589e-01	0.009	no	NA
g243	-0.0746	9.787589e-01	0.009	no	tRNA (cytidine(32)/guanosine(34)-2'-O)-methyltransferase
g1453	-0.0780	9.787589e-01	0.009	no	Mannose-P-dolichol utilization defect 1 protein homolog
g7112	0.0687	9.787589e-01	0.009	no	Protein kintoun
g12452	-0.0456	9.787589e-01	0.009	no	Ubiquinone/menaquinone biosynthesis C-methyltransferase UbiE
g8499	-0.0349	9.787589e-01	0.009	no	Small ribosomal subunit protein uS2
g10557	-0.1046	9.787589e-01	0.009	no	Uncharacterized protein FLJ43738
g9779	-0.0727	9.787589e-01	0.009	no	NA
g13682	0.0475	9.787589e-01	0.009	no	NA
g10060	0.0585	9.787589e-01	0.009	no	NA
g147	0.0350	9.787589e-01	0.009	no	Eukaryotic translation initiation factor 3 subunit G
g16009	-0.0461	9.787589e-01	0.009	no	NA
g11286	0.0322	9.787589e-01	0.009	no	NA
g74	-0.0525	9.787589e-01	0.009	no	TBC1 domain family member 14
g10284	-0.0623	9.787589e-01	0.009	no	NA
g7539	0.0288	9.787604e-01	0.009	no	NA
g14336	0.0384	9.787604e-01	0.009	no	Titin
g2162	0.0458	9.787604e-01	0.009	no	NA
g552	-0.0585	9.787604e-01	0.009	no	NA
g3919	-0.0490	9.787604e-01	0.009	no	NA
g3716	-0.0356	9.787604e-01	0.009	no	Protein C2-DOMAIN ABA-RELATED 11
g4169	-0.0280	9.787604e-01	0.009	no	Calcineurin B-like protein 3
g6695	0.0359	9.787604e-01	0.009	no	Nuclear pore glycoprotein p62
g2571	0.0881	9.787604e-01	0.009	no	ATP-dependent RNA helicase ROK1
g10816	-0.0540	9.787618e-01	0.009	no	DEAD-box ATP-dependent RNA helicase 6
g8392	-0.0742	9.787618e-01	0.009	no	NA
g5528	0.0566	9.787618e-01	0.009	no	Protein gamma response 1
g14622	-0.0268	9.787618e-01	0.009	no	Transcription factor MYB3R-3
g11288	0.0610	9.787618e-01	0.009	no	NA
g9826	-0.0465	9.787618e-01	0.009	no	ELMO domain-containing protein C
g4732	0.0325	9.789540e-01	0.009	no	Transcription initiation factor TFIID subunit 2
g4564	0.0428	9.789540e-01	0.009	no	NA
g9396	0.0618	9.789540e-01	0.009	no	Rab GTPase-activating protein 1-like
g2459	0.0309	9.789540e-01	0.009	no	NA
g1719	-0.0314	9.790401e-01	0.009	no	NA
g12689	0.0611	9.790401e-01	0.009	no	NA
g3317	-0.0791	9.790722e-01	0.009	no	NA
g14360	-0.0455	9.791218e-01	0.009	no	NA
g12760	0.0825	9.791218e-01	0.009	no	NA
g8428	-0.0456	9.795570e-01	0.009	no	NA
g13653	-0.0430	9.795570e-01	0.009	no	U-box domain-containing protein 52
g5956	-0.0532	9.795570e-01	0.009	no	Deubiquitinase OTUD6B
g14207	-0.1554	9.799717e-01	0.009	no	NA
g4316	0.0399	9.802588e-01	0.009	no	Zinc finger protein BRUTUS-like At1g18910
g6395	0.0341	9.802588e-01	0.009	no	D-inositol 3-phosphate glycosyltransferase
g1182	-0.0946	9.807004e-01	0.008	no	THO complex subunit 3
g684	-0.0556	9.807004e-01	0.008	no	NA
g8652	-0.0276	9.808522e-01	0.008	no	NA
g2891	0.0399	9.808877e-01	0.008	no	Probable E3 ubiquitin-protein ligase LUL4
g5675	0.0513	9.809238e-01	0.008	no	NA
g12674	0.0560	9.809238e-01	0.008	no	NA
g9696	-0.0276	9.809686e-01	0.008	no	Phosphoglucomutase, cytoplasmic
g5085	0.0741	9.809686e-01	0.008	no	Hypoxia-inducible factor 1-alpha inhibitor
g1062	-0.0635	9.809686e-01	0.008	no	NA
g11483	-0.0483	9.809686e-01	0.008	no	Immediate early response 3-interacting protein 1
g6898	0.0376	9.809686e-01	0.008	no	Vacuolar protein sorting-associated protein 51 homolog
g4319	0.0392	9.809686e-01	0.008	no	NA
g14664	-0.0483	9.809686e-01	0.008	no	NA
g14419	0.0470	9.810828e-01	0.008	no	NA
g12779	-0.0255	9.811207e-01	0.008	no	NA
g9309	0.0317	9.811207e-01	0.008	no	PAN2-PAN3 deadenylation complex subunit pan3
g5974	0.0223	9.811207e-01	0.008	no	Histone-lysine N-methyltransferase, H3 lysine-36 specific
g6178	0.0357	9.811207e-01	0.008	no	Probable protein phosphatase 2C 52
g1598	0.0424	9.811207e-01	0.008	no	3-amino-4-hydroxybenzoate 2-monooxygenase
g13805	0.0835	9.811207e-01	0.008	no	NA
g751	0.0394	9.811207e-01	0.008	no	Probable trafficking protein particle complex subunit 13 homolog
g9176	0.0367	9.815555e-01	0.008	no	Condensin-2 complex subunit G2
g15217	0.0431	9.816520e-01	0.008	no	tRNA methyltransferase 10 homolog A
g1436	0.0896	9.817981e-01	0.008	no	Low affinity inorganic phosphate transporter 4
g5977	-0.0772	9.818316e-01	0.008	no	L-serine dehydratase/L-threonine deaminase
g9275	0.0743	9.818316e-01	0.008	no	Tubulin glycylase 3B
g1979	0.0412	9.818316e-01	0.008	no	NA
g6685	-0.0608	9.818316e-01	0.008	no	NA
g13647	0.0586	9.818316e-01	0.008	no	17S U2 SnRNP complex component HTATSF1
g5154	-0.0297	9.820436e-01	0.008	no	Alpha-1,2-mannosyltransferase ALG9
g10895	0.0484	9.821496e-01	0.008	no	NA
g7815	-0.2353	9.821496e-01	0.008	no	Beta,beta-carotene 15,15'-dioxygenase
g10723	0.0507	9.821496e-01	0.008	no	NA
g15793	0.0375	9.823256e-01	0.008	no	PHD and RING finger domain-containing protein 1
g6324	-0.0289	9.823256e-01	0.008	no	Non-histone chromosomal protein 6B
g204	-0.0525	9.823256e-01	0.008	no	Pachytene checkpoint protein 2 homolog
g12361	-0.0779	9.823256e-01	0.008	no	NA
g1103	0.0616	9.823256e-01	0.008	no	Putative 4-hydroxy-4-methyl-2-oxoglutarate aldolase
g8720	0.0582	9.823256e-01	0.008	no	Mitochondrial import inner membrane translocase subunit TIM22
g6880	0.0779	9.823256e-01	0.008	no	DNA repair protein XRCC2
g13481	0.0233	9.823256e-01	0.008	no	Probable manganese-transporting ATPase PDR2
g6662	0.0774	9.823256e-01	0.008	no	Kinetochore protein Spc25
g6865	0.0353	9.823256e-01	0.008	no	Spindle pole body component 97
g8833	0.0269	9.823256e-01	0.008	no	NA
g4270	-0.0482	9.823256e-01	0.008	no	NA
g102	0.0379	9.823256e-01	0.008	no	NA
g10412	0.0364	9.823256e-01	0.008	no	RNA-binding protein BRN2
g10647	0.0660	9.823256e-01	0.008	no	Succinate dehydrogenase assembly factor 3, mitochondrial
g7622	-0.0330	9.823256e-01	0.008	no	NA
g359	0.0275	9.825344e-01	0.008	no	Co-chaperone protein daf-41
g14286	-0.0765	9.825344e-01	0.008	no	NA
g6414	-0.0491	9.825344e-01	0.008	no	NA
g8324	0.0507	9.825344e-01	0.008	no	NA
g11927	-0.0589	9.826561e-01	0.008	no	Actin-related protein 10
g6430	-0.0241	9.826561e-01	0.008	no	Transketolase 1
g15226	0.3231	9.826561e-01	0.008	no	NA
g6915	0.0263	9.826561e-01	0.008	no	NA
g9023	0.0299	9.826561e-01	0.008	no	NA
g8497	-0.0375	9.826561e-01	0.008	no	TBC1 domain family member 12
g13774	-0.0612	9.826561e-01	0.008	no	Phosducin-like protein 2
g14895	-0.0370	9.826561e-01	0.008	no	NA
g15874	0.0464	9.826561e-01	0.008	no	NA
g1825	-0.0328	9.826561e-01	0.008	no	Histone-lysine N-methyltransferase NSD3
g13837	0.0287	9.826561e-01	0.008	no	Iduronate 2-sulfatase
g211	0.0246	9.827693e-01	0.008	no	Protein transport protein Sec23A
g8222	0.1034	9.829230e-01	0.007	no	NA
g14140	0.0514	9.829934e-01	0.007	no	Ran-specific GTPase-activating protein 2
g14205	0.1177	9.830390e-01	0.007	no	NA
g6095	0.0315	9.830390e-01	0.007	no	NA
g7308	-0.0496	9.830727e-01	0.007	no	NA
g2333	-0.0623	9.830727e-01	0.007	no	NA
g954	-0.0625	9.830727e-01	0.007	no	Quinone oxidoreductase PIG3
g9796	-0.0350	9.830727e-01	0.007	no	Cold shock-like protein CspJ
g3871	0.0376	9.830727e-01	0.007	no	Probable inactive serine/threonine-protein kinase bub1
g9317	0.0383	9.830727e-01	0.007	no	Long-chain fatty acid transport protein 4
g12364	0.0755	9.830727e-01	0.007	no	NA
g893	0.0273	9.830727e-01	0.007	no	Ornithine transcarbamylase, mitochondrial
g4819	0.0451	9.830727e-01	0.007	no	Uncharacterized mitochondrial carrier C83.13
g6858	0.0733	9.830727e-01	0.007	no	DPH4 homolog
g7251	-0.0639	9.830727e-01	0.007	no	Protein YOP1 homolog
g8965	0.0270	9.830727e-01	0.007	no	Serine/threonine-protein phosphatase 4 catalytic subunit
g2142	-0.0262	9.830727e-01	0.007	no	Pyridoxal 5'-phosphate synthase subunit PdxS
g9164	0.0281	9.830727e-01	0.007	no	NA
g6253	-0.0555	9.830727e-01	0.007	no	NA
g2217	-0.0762	9.830727e-01	0.007	no	Protein kinase C iota type
g925	-0.0374	9.830727e-01	0.007	no	2-dehydro-3-deoxy-6-phosphogalactonate aldolase
g11377	0.0358	9.830727e-01	0.007	no	NA
g5048	-0.0261	9.830727e-01	0.007	no	Protein kinase 2
g7243	-0.0710	9.830727e-01	0.007	no	NA
g4888	0.0271	9.830727e-01	0.007	no	NA
g4548	-0.0250	9.830727e-01	0.007	no	Cathepsin Z-1
g16075	0.0297	9.830727e-01	0.007	no	Neuferricin homolog
g11031	-0.0375	9.830727e-01	0.007	no	N(6)-adenosine-methyltransferase catalytic subunit METTL3
g7177	-0.0606	9.830727e-01	0.007	no	NA
g12497	0.0630	9.830727e-01	0.007	no	NA
g7138	-0.0580	9.830727e-01	0.007	no	NA
g4662	-0.0426	9.830727e-01	0.007	no	Putative epoxide hydrolase
g4358	-0.0550	9.830727e-01	0.007	no	Nitric oxide synthase-interacting protein
g3808	-0.0568	9.830727e-01	0.007	no	NA
g7525	-0.0420	9.830727e-01	0.007	no	NA
g802	0.0438	9.830727e-01	0.007	no	NA
g16006	0.0464	9.830727e-01	0.007	no	CDK5 and ABL1 enzyme substrate 2
g4893	-0.0476	9.830727e-01	0.007	no	Histone-lysine N-methyltransferase SMYD3
g8959	0.0517	9.830727e-01	0.007	no	NA
g11584	-0.0586	9.830727e-01	0.007	no	Probable protein phosphatase methylesterase 1
g7467	0.0354	9.830727e-01	0.007	no	RAC family serine/threonine-protein kinase homolog
g206	-0.0582	9.830727e-01	0.007	no	NA
g13896	0.0607	9.830727e-01	0.007	no	NA
g14708	0.0307	9.830727e-01	0.007	no	Dysferlin
g12345	-0.0268	9.830727e-01	0.007	no	Proteasome subunit alpha type-2
g4017	0.0559	9.830727e-01	0.007	no	NA
g7423	0.1253	9.830727e-01	0.007	no	G protein-coupled receptor kinase 3
g9710	0.0336	9.830727e-01	0.007	no	NA
g6892	0.0443	9.830727e-01	0.007	no	AP-2 complex subunit alpha-2
g763	0.0417	9.830727e-01	0.007	no	Trafficking protein particle complex subunit 2-like protein
g1980	0.0551	9.830727e-01	0.007	no	Chromatin accessibility complex protein 1
g791	0.0309	9.830727e-01	0.007	no	NA
g9931	-0.0266	9.830727e-01	0.007	no	V-type proton ATPase 16 kDa proteolipid subunit c
g10074	0.0326	9.831800e-01	0.007	no	NA
g3493	0.0560	9.831800e-01	0.007	no	Citrate synthase-lysine N-methyltransferase CSKMT, mitochondrial
g3307	-0.0441	9.831800e-01	0.007	no	Phosphoserine phosphatase, chloroplastic
g14832	-0.0239	9.831800e-01	0.007	no	Regulatory-associated protein of mTOR
g11385	0.0332	9.832188e-01	0.007	no	Aldo-keto reductase family 7 member A3
g15162	0.0471	9.834707e-01	0.007	no	NA
g14018	0.0443	9.835193e-01	0.007	no	NA
g1819	0.0258	9.835500e-01	0.007	no	NA
g3045	0.0508	9.836477e-01	0.007	no	NA
g2947	-0.0380	9.839596e-01	0.007	no	TBC1 domain family member 5
g5150	-0.0485	9.841186e-01	0.007	no	NA
g11743	0.0957	9.841186e-01	0.007	no	Trypsin
g8208	0.0598	9.841186e-01	0.007	no	Probable protein phosphatase 2C 58
g273	-0.0312	9.841186e-01	0.007	no	Phosphatidylinositol/phosphatidylcholine transfer protein SFH1
g201	-0.0274	9.841186e-01	0.007	no	rRNA biogenesis protein RRP5
g13017	0.0319	9.842112e-01	0.007	no	3beta-hydroxysteroid-dehydrogenase/decarboxylase isoform 1
g14530	0.0290	9.842894e-01	0.007	no	Rhodanese-like domain-containing protein 6
g6818	0.0696	9.845255e-01	0.007	no	GPI ethanolamine phosphate transferase 2
g2647	-0.0263	9.845255e-01	0.007	no	Serine palmitoyltransferase 1
g11661	0.0541	9.845255e-01	0.007	no	Probable tRNA N6-adenosine threonylcarbamoyltransferase
g13703	0.0402	9.845255e-01	0.007	no	ADP-sugar pyrophosphatase
g466	0.0757	9.846214e-01	0.007	no	NA
g11289	-0.0454	9.846214e-01	0.007	no	Pseudouridylate synthase RPUSD1
g9353	-0.0305	9.846214e-01	0.007	no	NA
g4569	-0.0446	9.846214e-01	0.007	no	2,3-bisphosphoglycerate-dependent phosphoglycerate mutase
g11893	0.0552	9.846214e-01	0.007	no	NA
g4869	-0.0259	9.846214e-01	0.007	no	NA
g10354	-0.0254	9.846214e-01	0.007	no	Phosphatidyl-N-methylethanolamine N-methyltransferase
g203	-0.0333	9.848217e-01	0.007	no	NA
g1877	-0.0313	9.848217e-01	0.007	no	Cadmium, cobalt and zinc/H(+)-K(+) antiporter
g4470	-0.0321	9.848217e-01	0.007	no	BTB/POZ domain-containing protein KCTD6
g12652	-0.0552	9.848217e-01	0.007	no	NA
g10337	-0.0377	9.848217e-01	0.007	no	Tubby-related protein 2
g14125	-0.0500	9.848217e-01	0.007	no	Mitochondrial S-adenosylmethionine carrier protein
g7253	-0.0551	9.848217e-01	0.007	no	Rieske domain-containing protein
g8725	-0.0294	9.848217e-01	0.007	no	RRP12-like protein
g15862	-0.0579	9.848217e-01	0.007	no	NA
g2195	0.0369	9.848217e-01	0.007	no	Ferric reduction oxidase 8, mitochondrial
g2213	0.0266	9.848217e-01	0.007	no	Centrosomal protein 43
g7195	-0.0461	9.848217e-01	0.007	no	NA
g4616	0.0191	9.848217e-01	0.007	no	ATP synthase F(1) complex subunit gamma, mitochondrial
g15051	0.0340	9.848217e-01	0.007	no	Vesicle transport v-SNARE 11
g3495	-0.0246	9.848217e-01	0.007	no	NA
g2044	-0.0365	9.848217e-01	0.007	no	General transcription and DNA repair factor IIH helicase/translocase subunit XPB
g28	-0.0274	9.848217e-01	0.007	no	3-oxoacyl-[acyl-carrier-protein] reductase FabG
g8864	-0.0616	9.848217e-01	0.007	no	NA
g9956	-0.0505	9.848217e-01	0.007	no	Aromatic-amino-acid aminotransferase 1
g12912	-0.0385	9.848217e-01	0.007	no	3-hydroxyanthranilate 3,4-dioxygenase
g10769	-0.0268	9.848217e-01	0.007	no	NA
g6189	0.0436	9.848217e-01	0.007	no	Protein DECREASED SIZE EXCLUSION LIMIT 1
g6937	-0.0695	9.848217e-01	0.007	no	NA
g9290	-0.0331	9.848217e-01	0.007	no	NA
g13725	-0.0260	9.848217e-01	0.007	no	RWD domain-containing protein 1
g4775	-0.0269	9.848217e-01	0.007	no	NA
g14873	0.0241	9.848217e-01	0.007	no	NA
g8775	-0.0614	9.848217e-01	0.007	no	NA
g8400	0.0320	9.848217e-01	0.007	no	DNA mismatch repair protein Msh2
g534	0.0485	9.848217e-01	0.007	no	DNA cross-link repair 1A protein
g4905	-0.0530	9.848217e-01	0.007	no	Splicing factor YJU2
g3391	-0.0326	9.848217e-01	0.007	no	NA
g5200	0.0203	9.848217e-01	0.007	no	Transcriptional activator Myb
g1031	-0.0329	9.848217e-01	0.007	no	CAAX prenyl protease 2
g14756	-0.0360	9.848217e-01	0.007	no	NADH:quinone reductase
g4239	-0.0287	9.848217e-01	0.007	no	NA
g8719	0.0215	9.848217e-01	0.007	no	Neuroguidin
g5347	-0.0256	9.848217e-01	0.007	no	Protein SEC13 homolog
g3613	-0.0248	9.848217e-01	0.007	no	Large ribosomal subunit protein bL12m
g2880	-0.0418	9.848217e-01	0.007	no	Synaptic vesicle 2-related protein
g9572	-0.0400	9.848217e-01	0.007	no	tRNA uridine(34) acetyltransferase
g4251	-0.0568	9.848217e-01	0.007	no	NA
g9861	0.0581	9.848217e-01	0.007	no	Ufm1-specific protease
g11092	0.0259	9.848217e-01	0.007	no	Nuclear receptor coactivator 7
g15239	0.0270	9.848217e-01	0.007	no	NA
g2268	0.0360	9.848217e-01	0.007	no	ER membrane protein complex subunit 6
g14593	0.0417	9.848217e-01	0.007	no	NA
g14541	-0.0235	9.848217e-01	0.007	no	Peroxisomal membrane protein PMP34
g186	0.0775	9.848217e-01	0.007	no	Kinesin-like protein unc-104
g15098	-0.0222	9.848217e-01	0.007	no	Prolyl-tRNA synthetase associated domain-containing protein 1
g15844	0.0579	9.848217e-01	0.007	no	NA
g1097	-0.0256	9.848217e-01	0.007	no	DnaJ homolog subfamily B member 12
g212	0.0220	9.848217e-01	0.007	no	STE20/SPS1-related proline-alanine-rich protein kinase
g8723	0.0478	9.848217e-01	0.007	no	dCTP deaminase, dUMP-forming
g13331	-0.0225	9.848217e-01	0.007	no	Pre-mRNA-splicing factor SYF1
g3734	-0.0377	9.848217e-01	0.007	no	Membrane-bound O-acyltransferase gup1
g7143	-0.0170	9.848217e-01	0.007	no	NA
g3547	-0.0400	9.848217e-01	0.007	no	Nucleoporin Nup35
g5492	0.0769	9.848217e-01	0.007	no	NA
g14894	-0.0319	9.848217e-01	0.007	no	H/ACA ribonucleoprotein complex subunit 2
g14143	0.0567	9.848217e-01	0.007	no	Transcription initiation factor TFIID subunit 11b
g11082	-0.0479	9.848217e-01	0.007	no	NA
g9294	0.0246	9.848217e-01	0.007	no	NA
g1377	-0.0406	9.848217e-01	0.007	no	NA
g6071	-0.0481	9.848217e-01	0.007	no	Deubiquitinating protein VCPIP1
g12474	0.0396	9.848217e-01	0.007	no	3'(2'),5'-bisphosphate nucleotidase 1
g3702	-0.0211	9.848217e-01	0.007	no	GMP reductase
g5494	0.0291	9.848217e-01	0.007	no	Dolichyl pyrophosphate Glc1Man9GlcNAc2 alpha-1,3-glucosyltransferase
g3764	0.0328	9.848217e-01	0.007	no	Sodium/potassium/calcium exchanger 5
g2340	-0.0205	9.848217e-01	0.007	no	NA
g2347	-0.0527	9.848217e-01	0.007	no	DNA polymerase iota
g13550	0.0344	9.848217e-01	0.007	no	Adenylate cyclase 1
g12466	0.0321	9.848217e-01	0.007	no	Activating molecule in BECN1-regulated autophagy protein 1A
g4628	-0.0234	9.848217e-01	0.007	no	Dihydroorotate dehydrogenase (quinone), mitochondrial
g12820	0.0462	9.848217e-01	0.007	no	DEAD-box ATP-dependent RNA helicase 1
g9548	-0.0271	9.848217e-01	0.007	no	Ubiquitin-protein ligase E3A
g3542	-0.0240	9.848217e-01	0.007	no	Sister chromatid cohesion protein PDS5 homolog B-A
g11217	0.0532	9.848217e-01	0.007	no	Anaphase-promoting complex subunit 10
g2016	-0.0235	9.848217e-01	0.007	no	rRNA 2'-O-methyltransferase fibrillarin
g9357	0.0469	9.848217e-01	0.007	no	NA
g9825	-0.0263	9.848217e-01	0.007	no	NA
g10582	-0.0259	9.848217e-01	0.007	no	Transcription initiation factor TFIID subunit 6
g11187	0.0593	9.848217e-01	0.007	no	NA
g9038	-0.0522	9.848217e-01	0.007	no	NA
g14597	0.0316	9.848217e-01	0.007	no	NA
g10239	0.0527	9.848217e-01	0.007	no	NA
g14929	-0.0385	9.848217e-01	0.007	no	RHOMBOID-like protein 1
g1330	-0.0460	9.848217e-01	0.007	no	NA
g15477	-0.0254	9.848217e-01	0.007	no	NA
g11014	-0.0245	9.848217e-01	0.007	no	Exosome complex exonuclease RRP44
g5886	-0.0286	9.848217e-01	0.007	no	Prefoldin subunit 4
g6059	-0.0595	9.848217e-01	0.007	no	NA
g15260	-0.0255	9.848217e-01	0.007	no	Vacuolar protein sorting-associated protein 37A
g3298	-0.0227	9.848217e-01	0.007	no	NA
g8495	0.0283	9.848217e-01	0.007	no	Serine/threonine-protein kinase RUNKEL
g7484	0.0427	9.848217e-01	0.007	no	DNA primase large subunit
g7560	0.0283	9.848217e-01	0.007	no	NA
g8811	-0.0198	9.848217e-01	0.007	no	Alpha-protein kinase 1
g4357	0.0315	9.848217e-01	0.007	no	NA
g5799	-0.0306	9.848217e-01	0.007	no	Homoserine O-acetyltransferase
g15339	-0.0180	9.848217e-01	0.007	no	Lysine-specific demethylase JMJ31
g1017	0.0661	9.848217e-01	0.007	no	NA
g11741	0.0261	9.848217e-01	0.007	no	NA
g13032	-0.0320	9.848217e-01	0.007	no	Glucuronokinase 1
g10577	-0.0243	9.848217e-01	0.007	no	Beta-lactamase-like protein 2 homolog
g9973	-0.0362	9.848217e-01	0.007	no	NA
g11708	0.0193	9.848217e-01	0.007	no	NA
g9862	-0.0385	9.848217e-01	0.007	no	UDP-N-acetylglucosamine transporter
g11274	-0.0264	9.848217e-01	0.007	no	NA
g11515	0.0246	9.848217e-01	0.007	no	Breast cancer type 1 susceptibility protein homolog
g3940	-0.0231	9.848217e-01	0.007	no	Coatomer subunit zeta-2
g4395	0.0179	9.848217e-01	0.007	no	Phosphatidate cytidylyltransferase 1
g9561	0.0277	9.848217e-01	0.007	no	NA
g6107	0.0616	9.848217e-01	0.007	no	25S rRNA (cytosine-C(5))-methyltransferase NSUN5
g7421	-0.0337	9.848217e-01	0.007	no	NA
g3029	-0.0391	9.848217e-01	0.007	no	NA
g4228	0.0380	9.848217e-01	0.007	no	RHOMBOID-like protein 6, mitochondrial
g6678	-0.0260	9.848217e-01	0.007	no	Protein arginine N-methyltransferase 1
g14691	-0.0573	9.848217e-01	0.007	no	NA
g11514	-0.0471	9.848217e-01	0.007	no	Dynactin subunit 6
g659	-0.0292	9.848217e-01	0.007	no	NA
g6515	0.0234	9.848217e-01	0.007	no	Mitochondrial proton/calcium exchanger protein
g11577	-0.0463	9.848217e-01	0.007	no	NA
g15413	0.0224	9.848217e-01	0.007	no	N-terminal acetyltransferase B complex auxiliary subunit NAA25
g128	0.0301	9.848217e-01	0.007	no	NA
g10023	-0.0263	9.848217e-01	0.007	no	Carboxypeptidase B
g15982	0.0300	9.848217e-01	0.007	no	Denticleless protein homolog
g3564	0.0185	9.848217e-01	0.007	no	Carbamoyl-phosphate synthase [ammonia], mitochondrial
g9218	-0.0292	9.848217e-01	0.007	no	NA
g3930	0.0241	9.848217e-01	0.007	no	(3S)-malyl-CoA thioesterase
g15458	0.0540	9.848217e-01	0.007	no	NA
g9163	0.0341	9.848217e-01	0.007	no	NA
g213	0.0333	9.848217e-01	0.007	no	Transmembrane emp24 domain-containing protein 10
g3718	-0.0550	9.848217e-01	0.007	no	NA
g13058	-0.0283	9.848217e-01	0.007	no	Cytochrome P450 CYP12A2
g14594	0.0470	9.848217e-01	0.007	no	NA
g8507	-0.0415	9.848217e-01	0.007	no	NA
g6823	-0.0231	9.848217e-01	0.007	no	Sorting nexin mvp1
g4461	0.0311	9.848217e-01	0.007	no	NA
g11358	0.0447	9.849009e-01	0.007	no	Glutaredoxin 1
g14311	0.0418	9.849125e-01	0.007	no	Zinc finger protein 593 homolog
g13922	0.0232	9.849389e-01	0.007	no	NA
g148	0.0472	9.849389e-01	0.007	no	Thymidylate kinase
g12873	0.0493	9.849389e-01	0.007	no	NA
g15050	0.0274	9.849389e-01	0.007	no	Metallophosphoesterase 1
g1415	0.0342	9.849389e-01	0.007	no	WD repeat-containing protein 75
g7152	0.0285	9.849389e-01	0.007	no	NA
g15006	-0.0372	9.849389e-01	0.007	no	Origin of replication complex subunit 2
g8987	0.0472	9.849389e-01	0.007	no	NA
g6895	-0.0261	9.849389e-01	0.007	no	NA
g2221	-0.0271	9.849389e-01	0.007	no	SPX domain-containing membrane protein OsI_17046
g1672	0.0430	9.849389e-01	0.007	no	NA
g15980	-0.0279	9.849389e-01	0.007	no	NudC domain-containing protein 2
g12867	-0.1024	9.849389e-01	0.007	no	Intraflagellar transport protein 88 homolog
g15870	-0.0446	9.849389e-01	0.007	no	NA
g1689	0.0434	9.849389e-01	0.007	no	NA
g2749	0.0437	9.849389e-01	0.007	no	TBC1 domain family member 20
g4739	-0.0306	9.849389e-01	0.007	no	DNA-directed RNA polymerase II subunit RPB7
g1630	-0.0201	9.849389e-01	0.007	no	NA
g1106	-0.0513	9.849389e-01	0.007	no	D-erythronate dehydrogenase
g13225	0.0262	9.849389e-01	0.007	no	Solute carrier family 35 member H1
g598	0.0264	9.849389e-01	0.007	no	Transcription initiation factor TFIID subunit 3
g15631	0.0179	9.849389e-01	0.007	no	NA
g12141	0.0881	9.849389e-01	0.007	no	NA
g11799	0.0212	9.849389e-01	0.007	no	PAN2-PAN3 deadenylation complex catalytic subunit PAN2
g7026	0.0298	9.849389e-01	0.007	no	NA
g9085	0.0257	9.849389e-01	0.007	no	Nuclear receptor coactivator 7
g8958	-0.0210	9.849389e-01	0.007	no	Pyruvate kinase I
g1354	0.0259	9.849389e-01	0.007	no	Histidine biosynthesis bifunctional protein his7
g5755	-0.0407	9.849389e-01	0.007	no	NA
g8433	-0.0292	9.849389e-01	0.007	no	TIM double twin CX3C motif protein
g12579	0.0179	9.849389e-01	0.007	no	Probable citrate synthase, mitochondrial
g13768	-0.0210	9.849389e-01	0.007	no	Cystathionine beta-lyase, chloroplastic
g4307	0.0212	9.849389e-01	0.007	no	Myosin-5
g4428	-0.0275	9.849389e-01	0.007	no	NA
g13107	-0.0257	9.849389e-01	0.007	no	PP2A regulatory subunit TAP46
g5215	-0.0208	9.849389e-01	0.007	no	Macrophage infectivity potentiator
g15597	0.0188	9.849389e-01	0.007	no	ABC transporter B family member 4
g5531	-0.0352	9.849389e-01	0.007	no	Protein CLP1 homolog
g5678	-0.0199	9.849389e-01	0.007	no	Bifunctional aspartate aminotransferase and glutamate/aspartate-prephenate aminotransferase
g5203	0.0461	9.849389e-01	0.007	no	Transcription initiation factor TFIID subunit 14b
g6591	0.0271	9.849389e-01	0.007	no	Alpha/beta hydrolase domain-containing protein WAV2
g154	-0.0352	9.849389e-01	0.007	no	DNA repair protein complementing XP-A cells homolog
g6697	-0.0177	9.849389e-01	0.007	no	Carbon catabolite repressor protein 4 homolog 1
g11773	0.0518	9.849389e-01	0.007	no	Serine/threonine protein phosphatase 2A 59 kDa regulatory subunit B' eta isoform
g11154	0.0396	9.849389e-01	0.007	no	Hydroxysteroid dehydrogenase-like protein 2
g11237	-0.0299	9.849389e-01	0.007	no	Villin-1
g9606	-0.0380	9.849389e-01	0.007	no	NA
g4803	-0.0335	9.849389e-01	0.007	no	General transcription factor IIH subunit 2
g15742	0.0320	9.849389e-01	0.007	no	Methylthioribose kinase
g14874	-0.0370	9.849389e-01	0.007	no	Uncharacterized protein C119.18
g5628	0.0250	9.849389e-01	0.007	no	Uncharacterized protein YpgQ
g9449	-0.0434	9.849389e-01	0.007	no	NA
g6220	-0.0371	9.849389e-01	0.007	no	NA
g7385	-0.0270	9.849389e-01	0.007	no	Probable isoprenylcysteine alpha-carbonyl methylesterase ICME
g9490	0.0230	9.849389e-01	0.007	no	NA
g5393	-0.0219	9.849389e-01	0.007	no	5'-AMP-activated protein kinase subunit beta-1
g13523	0.0248	9.849389e-01	0.007	no	NA
g10506	0.0262	9.849389e-01	0.007	no	NA
g12786	0.0434	9.849389e-01	0.007	no	NA
g6700	0.0391	9.849389e-01	0.007	no	Cyclin-C
g14082	0.0177	9.850220e-01	0.007	no	Murinoglobulin-1
g5219	0.0303	9.851053e-01	0.007	no	Calpain-3
g14381	0.0172	9.851053e-01	0.007	no	DNA-directed RNA polymerase III subunit RPC2
g5095	-0.0186	9.851053e-01	0.007	no	NA
g6886	0.0206	9.851053e-01	0.007	no	GTP:AMP phosphotransferase AK3, mitochondrial
g15291	0.0298	9.851053e-01	0.007	no	3'(2'),5'-bisphosphate nucleotidase 1
g815	-0.0483	9.851053e-01	0.007	no	NA
g14736	0.0217	9.851053e-01	0.007	no	NA
g2048	0.0194	9.851053e-01	0.007	no	Kinesin heavy chain
g10553	-0.0300	9.851053e-01	0.007	no	NA
g10520	-0.0256	9.851053e-01	0.007	no	Probable ADP-ribosylation factor GTPase-activating protein AGD15
g9131	0.0257	9.851053e-01	0.007	no	Chromatin modification-related protein eaf3
g15859	0.0240	9.851053e-01	0.007	no	Histone H2A
g15234	-0.0249	9.851053e-01	0.007	no	Vacuolar protein sorting-associated protein VTA1 homolog
g1651	-0.0215	9.851145e-01	0.007	no	Plant UBX domain-containing protein 4
g11887	-0.0355	9.851145e-01	0.007	no	DNA-(apurinic or apyrimidinic site) endonuclease
g13514	0.0464	9.851145e-01	0.007	no	NA
g12308	0.0296	9.851145e-01	0.007	no	NA
g13899	-0.0446	9.851145e-01	0.007	no	Mitotic checkpoint protein BUB3
g3181	0.0253	9.851652e-01	0.006	no	Phenylacetaldehyde reductase
g4985	0.0265	9.851999e-01	0.006	no	Calcium-dependent protein kinase 3
g11809	-0.0190	9.852022e-01	0.006	no	Methylenetetrahydrofolate dehydrogenase [NAD(+)]
g11030	-0.0258	9.852734e-01	0.006	no	GPI-anchor transamidase
g8765	-0.0384	9.852734e-01	0.006	no	2,3-bisphosphoglycerate-dependent phosphoglycerate mutase 1
g11334	-0.0266	9.852734e-01	0.006	no	Ubiquitin carboxyl-terminal hydrolase 4
g2232	0.0269	9.853733e-01	0.006	no	Transcriptional activator Myb
g12653	0.0222	9.853733e-01	0.006	no	Glutamyl-tRNA(Gln) amidotransferase subunit B, mitochondrial
g5835	-0.0252	9.854549e-01	0.006	no	NA
g8335	0.0672	9.855867e-01	0.006	no	NA
g7287	-0.0452	9.855867e-01	0.006	no	Calcium uniporter protein, mitochondrial
g14350	0.0405	9.856346e-01	0.006	no	NA
g2801	0.0266	9.856346e-01	0.006	no	[Skp1-protein]-hydroxyproline N-acetylglucosaminyltransferase
g14520	-0.0256	9.856346e-01	0.006	no	NA
g13356	0.0233	9.856346e-01	0.006	no	E3 ubiquitin-protein ligase rnf213-alpha
g8622	-0.0284	9.856346e-01	0.006	no	Lysine-specific histone demethylase 1A
g1469	-0.0206	9.856346e-01	0.006	no	NA
g3146	-0.0396	9.856346e-01	0.006	no	High mobility group protein B3
g6721	-0.0279	9.856346e-01	0.006	no	NA
g3899	0.0441	9.856346e-01	0.006	no	NA
g12341	-0.0202	9.856346e-01	0.006	no	Mitotic spindle assembly checkpoint protein MAD1
g6542	-0.0233	9.856346e-01	0.006	no	Peptidyl-prolyl cis-trans isomerase CYP71
g6417	-0.0198	9.857192e-01	0.006	no	Purple acid phosphatase 25
g5662	-0.0168	9.860254e-01	0.006	no	Putative fucosyltransferase-like protein
g13034	0.0646	9.860413e-01	0.006	no	NA
g5931	-0.0189	9.860413e-01	0.006	no	6-hydroxylaminopurine reductase YcbX
g5216	-0.0333	9.860927e-01	0.006	no	tRNAse Z TRZ4, mitochondrial
g10422	0.0488	9.861528e-01	0.006	no	NA
g6330	0.0393	9.861528e-01	0.006	no	CAP-Gly domain-containing linker protein 4
g15216	-0.0429	9.861528e-01	0.006	no	Probable pre-mRNA-splicing factor ATP-dependent RNA helicase DEAH9
g1337	0.0346	9.861528e-01	0.006	no	NA
g15248	0.0377	9.861528e-01	0.006	no	NA
g14447	0.0172	9.861528e-01	0.006	no	NA
g2832	-0.0450	9.861528e-01	0.006	no	NA
g14745	-0.0272	9.861528e-01	0.006	no	U3 small nucleolar ribonucleoprotein protein IMP4
g10822	0.0300	9.861528e-01	0.006	no	Thiopurine S-methyltransferase
g14598	0.0233	9.861528e-01	0.006	no	Golgi pH regulator
g4295	-0.0250	9.861546e-01	0.006	no	Serine--tRNA ligase, chloroplastic/mitochondrial
g11496	0.0165	9.861546e-01	0.006	no	Ribosome quality control complex subunit NEMF
g5096	-0.0275	9.861546e-01	0.006	no	Trafficking protein particle complex subunit 3
g7209	0.0404	9.861546e-01	0.006	no	NA
g13741	-0.0183	9.861546e-01	0.006	no	G1/S-specific cyclin-D2
g4155	-0.0257	9.861546e-01	0.006	no	Phosphoglycerate mutase-like protein 4
g1652	0.0325	9.863320e-01	0.006	no	NA
g783	-0.0174	9.863320e-01	0.006	no	Zinc transporter ZIP1
g10191	-0.0189	9.865499e-01	0.006	no	NA
g13295	-0.0181	9.865499e-01	0.006	no	Phosphatidic acid phosphohydrolase 1
g5476	0.0245	9.866161e-01	0.006	no	CWF19-like protein 2
g1609	0.0420	9.866271e-01	0.006	no	NA
g10546	-0.0247	9.866271e-01	0.006	no	NA
g902	-0.0493	9.866271e-01	0.006	no	Uncharacterized protein At4g26485
g2460	0.0472	9.867025e-01	0.006	no	NA
g12551	0.0257	9.868468e-01	0.006	no	NA
g6165	0.0162	9.868468e-01	0.006	no	ATP-dependent chromatin remodeler CHD6
g2680	-0.0153	9.868468e-01	0.006	no	NA
g6115	0.0325	9.872974e-01	0.006	no	NA
g6523	-0.0430	9.872974e-01	0.006	no	NA
g4435	-0.0256	9.874441e-01	0.005	no	NA
g11440	0.0347	9.874997e-01	0.005	no	NA
g9944	-0.0271	9.876084e-01	0.005	no	NA
g11765	0.0197	9.877337e-01	0.005	no	NA
g8914	-0.0227	9.878867e-01	0.005	no	Acyl-CoA dehydrogenase family member 10
g4597	-0.0182	9.878867e-01	0.005	no	U3 small nucleolar RNA-associated protein 21 homolog
g178	0.0330	9.878995e-01	0.005	no	Protein O-mannosyl-transferase TMEM260
g1858	-0.0741	9.878995e-01	0.005	no	NA
g5172	0.0381	9.878995e-01	0.005	no	NA
g13394	-0.0189	9.878995e-01	0.005	no	Eukaryotic translation initiation factor 4E type 2
g7291	-0.0167	9.880099e-01	0.005	no	Long chain base biosynthesis protein 2d
g11579	-0.0229	9.880099e-01	0.005	no	Protein app1
g10617	-0.0203	9.880099e-01	0.005	no	Myosin light chain kinase A
g13959	-0.0284	9.880099e-01	0.005	no	ATP-dependent DNA helicase PIF1
g15492	-0.0265	9.880099e-01	0.005	no	NA
g9390	-0.0129	9.880099e-01	0.005	no	NA
g3894	0.0145	9.880099e-01	0.005	no	NA
g6689	-0.0283	9.880099e-01	0.005	no	Mitochondrial thiamine diphosphate carrier 1
g14075	-0.0278	9.880733e-01	0.005	no	3-oxoacyl-[acyl-carrier-protein] reductase FabG
g13279	0.0218	9.880733e-01	0.005	no	NA
g1405	0.0269	9.880733e-01	0.005	no	Complex I intermediate-associated protein 30, mitochondrial
g4280	0.0268	9.880733e-01	0.005	no	Platelet-activating factor acetylhydrolase
g13243	-0.0236	9.880733e-01	0.005	no	Glycerol-3-phosphate dehydrogenase 1-like protein
g15042	-0.0418	9.880733e-01	0.005	no	2-dehydro-3-deoxyphosphooctonate aldolase 2
g13250	0.0166	9.880733e-01	0.005	no	NA
g3503	-0.0217	9.880733e-01	0.005	no	NA
g2552	0.0401	9.880733e-01	0.005	no	NA
g10455	0.0149	9.880733e-01	0.005	no	NA
g7007	0.0388	9.880733e-01	0.005	no	Exosome complex component RRP45
g15785	-0.0237	9.882762e-01	0.005	no	NA
g1137	-0.0255	9.883628e-01	0.005	no	Glutamate dehydrogenase 2
g718	0.0617	9.884699e-01	0.005	no	Coiled-coil domain-containing protein 39
g7535	-0.0292	9.884699e-01	0.005	no	NA
g7485	0.0168	9.884882e-01	0.005	no	Metabotropic glutamate receptor-like protein O
g14128	0.0176	9.884882e-01	0.005	no	Sphingosine-1-phosphate lyase
g3376	-0.0156	9.887347e-01	0.005	no	NA
g40	0.0137	9.887640e-01	0.005	no	Ras-related protein Rab-2-A
g13127	0.0174	9.888664e-01	0.005	no	OVARIAN TUMOR DOMAIN-containing deubiquitinating enzyme 6
g11242	-0.0184	9.888676e-01	0.005	no	Tryptophan--tRNA ligase, cytoplasmic
g3852	0.0317	9.888676e-01	0.005	no	Lycopene elongase/hydratase
g193	0.0242	9.891667e-01	0.005	no	NA
g14494	-0.0119	9.891667e-01	0.005	no	Ubiquitin-like modifier-activating enzyme 1
g176	0.0435	9.891667e-01	0.005	no	NA
g8526	0.0160	9.891815e-01	0.005	no	Sentrin-specific protease 6
g7659	-0.0329	9.891815e-01	0.005	no	NA
g12499	0.0163	9.891815e-01	0.005	no	S-adenosylmethionine-dependent methyltransferase Rv2258c
g6488	-0.0198	9.891815e-01	0.005	no	NA
g3598	0.0220	9.892690e-01	0.005	no	NA
g5580	0.0193	9.897595e-01	0.004	no	NA
g5926	-0.0315	9.898910e-01	0.004	no	Cut9-interacting protein scn1
g3692	-0.0545	9.898910e-01	0.004	no	NA
g10133	-0.0174	9.898910e-01	0.004	no	GATOR1 complex protein NPRL3
g14522	-0.0135	9.898910e-01	0.004	no	Calcium-dependent protein kinase 29
g442	0.0256	9.898910e-01	0.004	no	Mitochondrial glutathione transporter SLC25A40
g8536	-0.0155	9.898910e-01	0.004	no	Solute carrier family 12 member 7
g15518	-0.0192	9.899401e-01	0.004	no	Probable polyamine transporter At3g19553
g227	-0.0123	9.899401e-01	0.004	no	Elongation factor 2
g7224	0.0175	9.899401e-01	0.004	no	WAT1-related protein At3g45870
g5728	-0.0228	9.899401e-01	0.004	no	Small nuclear ribonucleoprotein SmD3a
g15657	0.0137	9.900666e-01	0.004	no	Charged multivesicular body protein 4a
g3845	0.0318	9.900666e-01	0.004	no	NA
g12478	0.0170	9.900666e-01	0.004	no	NA
g4596	-0.0146	9.900666e-01	0.004	no	NA
g13746	0.0318	9.900666e-01	0.004	no	NA
g9475	-0.0310	9.900666e-01	0.004	no	Mechanosensitive ion channel protein 7
g6049	0.0249	9.900666e-01	0.004	no	NA
g14337	-0.0308	9.900666e-01	0.004	no	NA
g581	-0.0261	9.900666e-01	0.004	no	Tubulin epsilon chain
g15500	-0.0105	9.900666e-01	0.004	no	2-isopropylmalate synthase
g11693	0.0282	9.900666e-01	0.004	no	Probable protein S-acyltransferase 14
g12597	-0.0252	9.900666e-01	0.004	no	Elongation factor G
g9543	-0.0340	9.902814e-01	0.004	no	Decapping and exoribonuclease protein
g4929	0.0194	9.902886e-01	0.004	no	NA
g9343	0.0179	9.902886e-01	0.004	no	Protein lifeguard 1
g9057	0.0395	9.903060e-01	0.004	no	NA
g7398	-0.0246	9.903060e-01	0.004	no	NA
g6874	-0.0199	9.903060e-01	0.004	no	NADH dehydrogenase (ubiquinone) complex I, assembly factor 6
g3528	-0.0157	9.903060e-01	0.004	no	NA
g4568	0.0273	9.903060e-01	0.004	no	NA
g6352	-0.0259	9.903060e-01	0.004	no	NA
g14969	0.0323	9.903060e-01	0.004	no	U4/U6 small nuclear ribonucleoprotein Prp31
g14860	0.0164	9.903585e-01	0.004	no	NA
g15456	-0.0293	9.903585e-01	0.004	no	NA
g14083	0.0198	9.903585e-01	0.004	no	NA
g6740	-0.0345	9.903585e-01	0.004	no	NA
g2081	-0.0172	9.903585e-01	0.004	no	NA
g14677	-0.0181	9.903585e-01	0.004	no	Origin recognition complex subunit 3
g5245	0.0281	9.903585e-01	0.004	no	Uncharacterized protein SCO3348
g5065	0.0108	9.903585e-01	0.004	no	NA
g3876	-0.0133	9.903585e-01	0.004	no	NA
g14841	-0.0214	9.903585e-01	0.004	no	Kinetochore protein nuf2
g15689	0.0238	9.903585e-01	0.004	no	NA
g14267	0.0149	9.903585e-01	0.004	no	Protein VAC14 homolog
g2189	0.0290	9.904369e-01	0.004	no	N-lysine methyltransferase SETD6
g13912	-0.0135	9.904369e-01	0.004	no	NA
g7627	-0.0162	9.904369e-01	0.004	no	Adipocyte plasma membrane-associated protein
g15734	-0.0145	9.904369e-01	0.004	no	Arsenite methyltransferase
g2281	0.0228	9.906129e-01	0.004	no	26S proteasome non-ATPase regulatory subunit 9
g2204	-0.0276	9.906691e-01	0.004	no	RIIa domain-containing protein 1
g4263	0.0227	9.906691e-01	0.004	no	NA
g10613	-0.0295	9.909897e-01	0.004	no	NA
g11230	-0.0131	9.909897e-01	0.004	no	NA
g5344	-0.0333	9.909897e-01	0.004	no	NA
g11512	0.0140	9.909897e-01	0.004	no	Beta-centractin
g15264	-0.0326	9.909897e-01	0.004	no	NA
g3338	0.0195	9.909897e-01	0.004	no	Geranylgeranyl transferase type-1 subunit beta
g3295	-0.0119	9.909897e-01	0.004	no	NA
g229	-0.0143	9.909897e-01	0.004	no	Large ribosomal subunit protein bL25
g8365	-0.0153	9.909897e-01	0.004	no	NA
g7097	0.0285	9.909897e-01	0.004	no	NA
g14588	-0.0282	9.909897e-01	0.004	no	DNA polymerase epsilon subunit B
g13037	-0.0239	9.909897e-01	0.004	no	Cytosolic carboxypeptidase 1
g9365	0.0290	9.909897e-01	0.004	no	Pyridinium-3,5-biscarboxylic acid mononucleotide synthase
g12854	-0.0217	9.909897e-01	0.004	no	WD repeat-containing protein wdr-5.3
g8893	0.0155	9.909897e-01	0.004	no	Coiled-coil domain-containing protein 124
g3835	-0.0120	9.909897e-01	0.004	no	Insulin-degrading enzyme-like 1, peroxisomal
g11590	0.0179	9.909897e-01	0.004	no	Fumarylacetoacetate hydrolase domain-containing protein 2 homolog
g14453	0.0334	9.909897e-01	0.004	no	NA
g14071	-0.0128	9.909897e-01	0.004	no	NA
g13345	0.0127	9.911766e-01	0.004	no	Polycystin-2
g5113	0.0131	9.917440e-01	0.004	no	NA
g7107	-0.0125	9.918430e-01	0.004	no	Putative amidohydrolase YtcJ
g11032	0.0224	9.918430e-01	0.004	no	NA
g8903	-0.0158	9.918430e-01	0.004	no	1-hydroxy-2-glutathionyl-2-methyl-3-butene dehydrogenase
g8738	-0.0155	9.919178e-01	0.004	no	Alpha-methylacyl-CoA racemase
g2896	-0.0168	9.920194e-01	0.003	no	Transforming growth factor-beta receptor-associated protein 1
g2462	-0.0314	9.920196e-01	0.003	no	Dual specificity protein phosphatase 9
g210	0.0103	9.920196e-01	0.003	no	NADH dehydrogenase [ubiquinone] 1 alpha subcomplex subunit 13
g2718	0.0163	9.920196e-01	0.003	no	NA
g2110	-0.0274	9.921071e-01	0.003	no	Indoleamine 2,3-dioxygenase 1
g9752	0.0113	9.921071e-01	0.003	no	Myosin-M heavy chain
g8721	0.0149	9.921071e-01	0.003	no	NA
g9900	0.0216	9.921071e-01	0.003	no	Testis-expressed protein 9
g4479	0.0200	9.921071e-01	0.003	no	NA
g9360	-0.0268	9.921071e-01	0.003	no	Calcineurin subunit B
g502	0.0095	9.921071e-01	0.003	no	Protein polyglycylase TTLL10
g3630	-0.0195	9.921071e-01	0.003	no	NA
g14290	-0.0161	9.921071e-01	0.003	no	NA
g1457	-0.0131	9.921071e-01	0.003	no	ATP-binding cassette sub-family B member 10, mitochondrial
g11012	0.0287	9.921071e-01	0.003	no	NA
g2008	0.0194	9.921071e-01	0.003	no	RNA 2',3'-cyclic phosphatase ANGEL2
g3236	0.0132	9.921071e-01	0.003	no	Probable U3 small nucleolar RNA-associated protein 7
g11825	0.0183	9.921071e-01	0.003	no	NA
g430	-0.0134	9.921071e-01	0.003	no	Dol-P-Man:Man(7)GlcNAc(2)-PP-Dol alpha-1,6-mannosyltransferase
g561	0.0412	9.921071e-01	0.003	no	NA
g4666	0.0348	9.921071e-01	0.003	no	NA
g9178	-0.0127	9.921071e-01	0.003	no	NA
g4829	-0.0138	9.921071e-01	0.003	no	Pumilio domain-containing protein C6G9.14
g3267	-0.0146	9.921071e-01	0.003	no	U2 small nuclear ribonucleoprotein A'
g9385	-0.0101	9.921071e-01	0.003	no	Cysteine--tRNA ligase, cytoplasmic
g1644	-0.0150	9.921071e-01	0.003	no	Uncharacterized RNA-binding protein C365.04c
g2620	0.0092	9.921071e-01	0.003	no	NA
g12583	-0.0210	9.921071e-01	0.003	no	NA
g6422	0.0137	9.921071e-01	0.003	no	Probable enoyl-CoA hydratase echA12
g9194	0.0209	9.921071e-01	0.003	no	NA
g5025	-0.0185	9.921071e-01	0.003	no	NA
g14660	-0.0106	9.921071e-01	0.003	no	NA
g9296	0.0100	9.921071e-01	0.003	no	Plant UBX domain-containing protein 10
g4876	0.0140	9.921071e-01	0.003	no	NA
g11034	-0.0205	9.922198e-01	0.003	no	NA
g15474	-0.0133	9.922544e-01	0.003	no	Origin recognition complex subunit 5
g11583	-0.0146	9.922544e-01	0.003	no	Cyclin-dependent kinase C-1
g12571	-0.0131	9.922790e-01	0.003	no	NA
g11199	-0.0129	9.922790e-01	0.003	no	Probable ribosome biogenesis protein RLP24
g12611	0.0085	9.922790e-01	0.003	no	NA
g1412	0.0212	9.922790e-01	0.003	no	NA
g10312	0.0109	9.922790e-01	0.003	no	NA
g9117	-0.0150	9.922790e-01	0.003	no	Myotubularin
g1187	-0.0095	9.922790e-01	0.003	no	NA
g4751	-0.0143	9.922790e-01	0.003	no	Rab GTPase-activating protein 1-like
g15910	-0.0154	9.922790e-01	0.003	no	Actin-related protein 4
g4226	0.0117	9.922790e-01	0.003	no	Prefoldin subunit 5
g2820	-0.0149	9.922790e-01	0.003	no	Coiled-coil domain-containing protein 57
g2471	-0.0164	9.922790e-01	0.003	no	Cell growth-regulating nucleolar protein
g6354	-0.0211	9.922790e-01	0.003	no	NA
g6513	0.0164	9.922790e-01	0.003	no	Mitochondrial citrate transporter D
g1726	0.0267	9.922790e-01	0.003	no	NA
g12887	-0.0153	9.922790e-01	0.003	no	NA
g1083	0.0122	9.922790e-01	0.003	no	NA
g1731	-0.0109	9.922790e-01	0.003	no	Protein CLEC16A homolog
g3856	-0.0128	9.922790e-01	0.003	no	Charged multivesicular body protein 2a
g10194	0.0153	9.922790e-01	0.003	no	NA
g11840	0.0341	9.922790e-01	0.003	no	NA
g2371	-0.0116	9.922790e-01	0.003	no	6,7-dimethyl-8-ribityllumazine synthase
g5736	0.0203	9.922790e-01	0.003	no	NA
g16025	0.0145	9.922790e-01	0.003	no	NA
g10260	0.0188	9.923605e-01	0.003	no	14 kDa phosphohistidine phosphatase
g7073	0.0193	9.925225e-01	0.003	no	NA
g5342	-0.0176	9.925225e-01	0.003	no	Alkylglycerol monooxygenase
g11522	0.0125	9.925225e-01	0.003	no	Probable acyl-CoA dehydrogenase FadE2
g3877	-0.0255	9.925225e-01	0.003	no	NA
g5101	-0.0151	9.925225e-01	0.003	no	U1 small nuclear ribonucleoprotein 70 kDa
g10200	0.0214	9.925225e-01	0.003	no	NA
g173	-0.0184	9.926058e-01	0.003	no	NA
g11895	-0.0122	9.926058e-01	0.003	no	Zinc transporter ZIP11
g11566	0.0311	9.926058e-01	0.003	no	Extracellular signal-regulated kinase 1
g5650	-0.0268	9.926058e-01	0.003	no	2-aminoethylphosphonate dioxygenase
g7345	-0.0149	9.926058e-01	0.003	no	NA
g6509	0.0116	9.926058e-01	0.003	no	NA
g5058	0.0078	9.926058e-01	0.003	no	Isoleucine--tRNA ligase, cytoplasmic
g7183	-0.0132	9.926058e-01	0.003	no	NA
g4684	0.0131	9.926058e-01	0.003	no	Serine/threonine-protein phosphatase 6 catalytic subunit
g2979	-0.0177	9.930399e-01	0.003	no	Histone-lysine N-methyltransferase, H3 lysine-79 specific
g10479	0.0195	9.932148e-01	0.003	no	NA
g13264	0.0218	9.935602e-01	0.003	no	NA
g4967	0.0216	9.935602e-01	0.003	no	NA
g2533	0.0140	9.935602e-01	0.003	no	NA
g8367	-0.0189	9.935602e-01	0.003	no	Chaperone Ric-8A
g10424	-0.0210	9.935602e-01	0.003	no	NA
g14916	0.0106	9.935602e-01	0.003	no	NA
g936	0.0202	9.935602e-01	0.003	no	GTPase-activating protein gyp1
g3176	-0.0233	9.935602e-01	0.003	no	Transmembrane protein 222
g4513	-0.0156	9.935602e-01	0.003	no	Tubulin monoglutamylase TTLL4
g7332	0.0109	9.935602e-01	0.003	no	NA
g3948	-0.0067	9.935602e-01	0.003	no	Importin-5
g8504	-0.0097	9.935602e-01	0.003	no	ATP-dependent DNA/RNA helicase DHX36
g16035	-0.0139	9.935602e-01	0.003	no	Diphosphoinositol polyphosphate phosphohydrolase 3-alpha
g2196	-0.0142	9.935602e-01	0.003	no	NA
g8942	-0.0189	9.935602e-01	0.003	no	Dolichyl pyrophosphate Man9GlcNAc2 alpha-1,3-glucosyltransferase
g2007	0.0115	9.935602e-01	0.003	no	6-phosphogluconolactonase
g3371	-0.0106	9.936595e-01	0.003	no	Origin recognition complex subunit 4
g11040	0.0194	9.936595e-01	0.003	no	NA
g15849	0.0102	9.937700e-01	0.003	no	NA
g7537	-0.0108	9.937948e-01	0.003	no	tRNA (adenine(58)-N(1))-methyltransferase non-catalytic subunit TRM6
g10719	-0.0179	9.937948e-01	0.003	no	NA
g4262	-0.0166	9.937948e-01	0.003	no	NA
g448	-0.0066	9.937948e-01	0.003	no	4-hydroxy-tetrahydrodipicolinate synthase
g12896	-0.0154	9.937948e-01	0.003	no	N-acetyltransferase 9-like protein
g12323	-0.0106	9.937948e-01	0.003	no	Proline--tRNA ligase
g14698	0.0095	9.941779e-01	0.003	no	Ribosome-recycling factor
g5589	0.0178	9.941779e-01	0.003	no	Trans-1,2-dihydrobenzene-1,2-diol dehydrogenase
g15736	-0.0121	9.941779e-01	0.003	no	Tubulin monoglutamylase TTLL4
g4976	-0.0163	9.941779e-01	0.003	no	NA
g11079	0.0109	9.941779e-01	0.003	no	Probable exo-1,4-beta-xylosidase bxlB
g2315	-0.0133	9.942914e-01	0.002	no	Protein isy-1
g7457	0.0106	9.943054e-01	0.002	no	Serine/threonine-protein phosphatase 2A catalytic subunit beta isoform
g8910	0.0100	9.943054e-01	0.002	no	L-threonine ammonia-lyase
g4665	0.0090	9.943054e-01	0.002	no	Copine-5
g1372	0.0124	9.943054e-01	0.002	no	NA
g8431	-0.0089	9.943527e-01	0.002	no	NA
g12876	0.0103	9.943527e-01	0.002	no	THO complex subunit 5B
g1643	0.0078	9.943527e-01	0.002	no	Guanylate kinase
g4627	-0.0096	9.943527e-01	0.002	no	Ribosomal silencing factor RsfS
g11651	0.0098	9.943527e-01	0.002	no	NA
g5575	0.0132	9.943527e-01	0.002	no	NA
g13198	0.0084	9.943527e-01	0.002	no	NA
g16072	0.0063	9.943527e-01	0.002	no	Eukaryotic peptide chain release factor subunit 1
g14761	0.0084	9.943527e-01	0.002	no	Peflin
g15903	-0.0103	9.943527e-01	0.002	no	Probable formaldehyde dehydrogenase AdhA
g1260	-0.0089	9.943527e-01	0.002	no	NADH dehydrogenase [ubiquinone] 1 beta subcomplex subunit 7
g7618	-0.0071	9.943527e-01	0.002	no	Cold shock domain-containing protein E1
g6833	-0.0178	9.943527e-01	0.002	no	NA
g10028	0.0112	9.943527e-01	0.002	no	Zinc-type alcohol dehydrogenase B
g11123	0.0134	9.943527e-01	0.002	no	NA
g13469	-0.0082	9.943527e-01	0.002	no	Adenosine kinase 1
g8474	0.0072	9.943527e-01	0.002	no	Pyrophosphate-energized vacuolar membrane proton pump
g10789	0.0076	9.943527e-01	0.002	no	NA
g14806	0.0087	9.943527e-01	0.002	no	Replication protein A 32 kDa subunit B
g15679	-0.0085	9.943527e-01	0.002	no	Sphingosine kinase 1
g8596	0.0057	9.943527e-01	0.002	no	NA
g10876	-0.0086	9.945504e-01	0.002	no	NA
g4224	-0.0234	9.945504e-01	0.002	no	NA
g14727	-0.0111	9.946474e-01	0.002	no	NA
g15452	-0.0141	9.946474e-01	0.002	no	Calmodulin
g4151	-0.0085	9.946474e-01	0.002	no	NA
g13747	0.0135	9.946474e-01	0.002	no	Protein root UVB sensitive 1, chloroplastic
g7100	0.0074	9.946474e-01	0.002	no	NA
g1290	0.0060	9.946474e-01	0.002	no	Calcium-dependent protein kinase 2
g13026	0.0065	9.946474e-01	0.002	no	NA
g9276	-0.0102	9.946474e-01	0.002	no	Conditioned medium factor receptor 1
g6557	0.0201	9.946474e-01	0.002	no	E3 ubiquitin-protein ligase ipaH7.8
g14442	-0.0079	9.946474e-01	0.002	no	NA
g5922	0.0164	9.946474e-01	0.002	no	tRNA (cytosine(49)-C(5))-methyltransferase
g5645	-0.0056	9.946474e-01	0.002	no	Nuclear pore complex protein Nup155
g5508	0.0084	9.946474e-01	0.002	no	Lipid droplet phospholipase 1
g11420	0.0097	9.946474e-01	0.002	no	NA
g1604	0.0071	9.946474e-01	0.002	no	1-(5-phosphoribosyl)-5-[(5-phosphoribosylamino)methylideneamino] imidazole-4-carboxamide isomerase HISN3, chloroplastic
g12196	0.0181	9.946474e-01	0.002	no	NADP-dependent 3-hydroxy acid dehydrogenase
g2875	0.0115	9.949188e-01	0.002	no	Mucolipin-3
g6558	0.0106	9.949188e-01	0.002	no	NA
g10115	0.0115	9.949188e-01	0.002	no	Ribosomal large subunit pseudouridine synthase B
g10956	-0.0085	9.949188e-01	0.002	no	NA
g8731	0.0084	9.950369e-01	0.002	no	NA
g14126	0.0065	9.951659e-01	0.002	no	Putative sodium-coupled neutral amino acid transporter 11
g14312	-0.0086	9.954110e-01	0.002	no	Ribose-5-phosphate isomerase
g6097	0.0115	9.955148e-01	0.002	no	NA
g973	0.0049	9.955148e-01	0.002	no	NA
g3854	0.0065	9.955148e-01	0.002	no	Probable cyclin-dependent kinase 8
g2932	-0.0154	9.955148e-01	0.002	no	NA
g9662	0.0045	9.955148e-01	0.002	no	Cysteine synthase 1
g3708	-0.0084	9.955148e-01	0.002	no	Sodium/myo-inositol cotransporter 2
g4067	0.0097	9.955148e-01	0.002	no	NA
g2830	0.0074	9.955148e-01	0.002	no	Gamma-tubulin complex component 4
g1885	0.0088	9.955148e-01	0.002	no	Vacuolar-sorting protein SNF8
g11432	-0.0099	9.955239e-01	0.002	no	Protein bfr2
g13820	-0.0111	9.955239e-01	0.002	no	NA
g2285	0.0079	9.955239e-01	0.002	no	Pleiotropic regulator 1
g15883	0.0104	9.955239e-01	0.002	no	Aurora kinase A-B
g15335	0.0067	9.955239e-01	0.002	no	Putative L-type lectin-domain containing receptor kinase I.10
g9443	-0.0053	9.955239e-01	0.002	no	Large ribosomal subunit protein uL22y
g8430	0.0060	9.955239e-01	0.002	no	NA
g14166	-0.0062	9.955239e-01	0.002	no	Kidney mitochondrial carrier protein 1
g7221	0.0140	9.955239e-01	0.002	no	NA
g11898	0.0061	9.955239e-01	0.002	no	NA
g181	-0.0140	9.955239e-01	0.002	no	Tubby-related protein 3
g11091	-0.0075	9.955701e-01	0.002	no	Mediator of RNA polymerase II transcription subunit 22a
g2114	0.0095	9.957993e-01	0.002	no	NA
g4856	-0.0082	9.960781e-01	0.002	no	UPF0126 inner membrane protein YicG
g2890	-0.0067	9.961239e-01	0.002	no	Gastricsin
g10648	0.0063	9.961532e-01	0.002	no	Protein phosphatase PP2A regulatory subunit A
g1042	0.0055	9.961532e-01	0.002	no	Sorting nexin 1
g6478	0.0120	9.962518e-01	0.002	no	NA
g15650	-0.0063	9.962518e-01	0.002	no	Nuclear distribution protein PAC1
g649	0.0067	9.962518e-01	0.002	no	NA
g4916	-0.0058	9.962518e-01	0.002	no	Exocyst complex component 4
g11611	0.0127	9.962518e-01	0.002	no	NA
g15052	-0.0050	9.962833e-01	0.002	no	NA
g11433	-0.0066	9.962833e-01	0.002	no	NA
g9464	-0.0120	9.963525e-01	0.002	no	Probable RNA/DNA demethylase ALKBH6
g8900	-0.0088	9.963525e-01	0.002	no	NA
g1606	0.0037	9.963525e-01	0.002	no	Nuclear pore complex protein Nup98-Nup96
g9460	-0.0058	9.963525e-01	0.002	no	NA
g9203	-0.0114	9.967935e-01	0.001	no	Probable inactive protein kinase At3g63330
g13512	0.0083	9.967935e-01	0.001	no	4-hydroxybenzoate polyprenyltransferase, mitochondrial
g2402	-0.0131	9.967935e-01	0.001	no	NA
g3380	-0.0042	9.967935e-01	0.001	no	Small ribosomal subunit protein uS9
g325	-0.0090	9.967935e-01	0.001	no	WASH complex subunit 5
g4071	-0.0058	9.967935e-01	0.001	no	DNA replication licensing factor MCM7
g6188	0.0089	9.971695e-01	0.001	no	Protein phosphatase ppm-1.G
g5924	-0.0166	9.971695e-01	0.001	no	Kinesin heavy chain
g10663	0.0050	9.973524e-01	0.001	no	DNA mismatch repair protein Mlh1
g11778	0.0053	9.973524e-01	0.001	no	Protein cereblon
g485	-0.0036	9.973524e-01	0.001	no	Adenylosuccinate lyase
g9505	-0.0071	9.973524e-01	0.001	no	Geranylgeranyl transferase type-2 subunit alpha
g12148	0.0098	9.973524e-01	0.001	no	NA
g7090	0.0043	9.973524e-01	0.001	no	NA
g14550	0.0041	9.973524e-01	0.001	no	JmjC domain-containing histone demethylation protein 1
g432	0.0037	9.973524e-01	0.001	no	F-box-like/WD repeat-containing protein TBL1XR1
g13231	-0.0062	9.973524e-01	0.001	no	NA
g4007	-0.0076	9.973524e-01	0.001	no	NA
g11048	-0.0038	9.973524e-01	0.001	no	Ras-related protein rab7
g11641	-0.0050	9.973524e-01	0.001	no	NA
g6979	0.0053	9.973524e-01	0.001	no	NA
g5139	0.0049	9.973524e-01	0.001	no	Glycolipid 2-alpha-mannosyltransferase 1
g10434	0.0067	9.973524e-01	0.001	no	NA
g10951	-0.0069	9.973524e-01	0.001	no	Tubulin-specific chaperone A
g15571	-0.0064	9.973524e-01	0.001	no	NA
g9621	0.0053	9.973524e-01	0.001	no	Cyclic di-GMP phosphodiesterase PA2567
g3206	0.0043	9.973524e-01	0.001	no	Translation initiation factor eIF2B subunit gamma
g5801	0.0072	9.973524e-01	0.001	no	NA
g3921	0.0045	9.973524e-01	0.001	no	Phosphatidylinositol 4-phosphate 5-kinase its3
g3101	-0.0031	9.973524e-01	0.001	no	Beta-adaptin-like protein A
g8639	0.0083	9.973524e-01	0.001	no	Peptidyl-prolyl cis-trans isomerase-like 3
g15245	0.0044	9.973524e-01	0.001	no	Serine/threonine-protein phosphatase 4 regulatory subunit 1
g1934	0.0043	9.973524e-01	0.001	no	G protein-coupled receptor kinase 2
g2147	0.0053	9.973524e-01	0.001	no	Deoxyhypusine hydroxylase
g9890	-0.0048	9.973524e-01	0.001	no	Actin-related protein 4
g15199	-0.0082	9.973524e-01	0.001	no	NA
g894	-0.0041	9.973524e-01	0.001	no	NA
g11089	0.0029	9.973524e-01	0.001	no	4-hydroxy-tetrahydrodipicolinate reductase 2, chloroplastic
g11422	0.0093	9.973524e-01	0.001	no	MYCBP-associated protein
g6340	-0.0029	9.973524e-01	0.001	no	NA
g15730	-0.0049	9.973524e-01	0.001	no	Arylsulfatase B
g7653	0.0060	9.974338e-01	0.001	no	NA
g15661	-0.0057	9.974338e-01	0.001	no	Acyl-CoA-binding domain-containing protein 1
g15971	-0.0067	9.976399e-01	0.001	no	Ubiquinol-cytochrome c reductase complex assembly factor 5
g372	0.0061	9.976854e-01	0.001	no	Ras-related protein Rab-21
g12835	-0.0422	9.978042e-01	0.001	no	ABC transporter G family member 31
g2056	0.0040	9.978042e-01	0.001	no	L-serine dehydratase
g12535	0.0071	9.978042e-01	0.001	no	NA
g11396	-0.0025	9.978042e-01	0.001	no	NA
g3791	-0.0031	9.978042e-01	0.001	no	NA
g14098	0.0025	9.978042e-01	0.001	no	Small glutamine-rich tetratricopeptide repeat-containing protein 2
g9969	0.0047	9.978042e-01	0.001	no	Nuclear transcription factor Y subunit C-2
g15907	0.0066	9.978042e-01	0.001	no	Phosphatidylserine decarboxylase proenzyme 2
g3284	-0.0035	9.978042e-01	0.001	no	ATP-dependent helicase hrq1
g16029	-0.0043	9.978042e-01	0.001	no	Magnesium-dependent phosphatase 1
g2721	-0.0023	9.978042e-01	0.001	no	NA
g11705	0.0020	9.978042e-01	0.001	no	Mitogen-activated protein kinase 4b
g10233	-0.0025	9.978042e-01	0.001	no	Serine/threonine-protein kinase AtPK2/AtPK19
g9592	0.0017	9.978042e-01	0.001	no	NA
g3289	-0.0058	9.978042e-01	0.001	no	Large ribosomal subunit protein mL62
g6332	0.0021	9.978042e-01	0.001	no	Steroid 3-ketoacyl-CoA thiolase FadA6
g15975	-0.0032	9.978042e-01	0.001	no	Mitochondrial uncoupling protein Bmcp
g14236	-0.0042	9.978042e-01	0.001	no	Thiamine phosphate phosphatase-like protein
g7042	0.0052	9.978042e-01	0.001	no	Protein IMPACT
g16034	-0.0036	9.978042e-01	0.001	no	Histone acetyltransferase KAT8
g14676	-0.0023	9.978042e-01	0.001	no	NA
g6334	-0.0035	9.978042e-01	0.001	no	NA
g6508	-0.0048	9.978042e-01	0.001	no	NA
g3199	-0.0034	9.978042e-01	0.001	no	Methionyl-tRNA formyltransferase, mitochondrial
g7063	0.0055	9.978042e-01	0.001	no	N-alpha-acetyltransferase 38, NatC auxiliary subunit
g12224	-0.0021	9.978042e-01	0.001	no	Condensin complex subunit 3
g4147	-0.0025	9.978042e-01	0.001	no	Serine/threonine-protein kinase RIO1
g13294	-0.0019	9.978042e-01	0.001	no	Vacuolar protein sorting-associated protein 26
g8689	0.0025	9.978042e-01	0.001	no	NA
g14937	-0.0032	9.978042e-01	0.001	no	NA
g2138	-0.0018	9.978042e-01	0.001	no	Glucosylceramidase
g2083	0.0023	9.981788e-01	0.001	no	Putative RNA polymerase II transcriptional coactivator
g1765	0.0022	9.982254e-01	0.001	no	NA
g1219	0.0018	9.982254e-01	0.001	no	NA
g5867	-0.0014	9.983119e-01	0.001	no	NA
g9392	0.0016	9.983375e-01	0.001	no	NA
g4922	-0.0025	9.984145e-01	0.001	no	NA
g3214	0.0015	9.985752e-01	0.001	no	NA
g9181	0.0027	9.985752e-01	0.001	no	Protein N-lysine methyltransferase METTL21A
g12929	0.0013	9.987267e-01	0.001	no	NADH-ubiquinone oxidoreductase 20 kDa subunit
g1458	-0.0032	9.987267e-01	0.001	no	NA
g7105	0.0018	9.987267e-01	0.001	no	THO complex subunit 7A
g14699	0.0017	9.987267e-01	0.001	no	Formin-F
g12007	0.0016	9.987267e-01	0.001	no	Dolichyldiphosphatase 1
g1120	-0.0008	9.987267e-01	0.001	no	Malate synthase G
g15539	-0.0021	9.990547e-01	0.000	no	NA
g7288	-0.0018	9.990672e-01	0.000	no	NA
g11347	0.0010	9.990672e-01	0.000	no	Prolyl 4-hydroxylase subunit alpha-2
g6728	-0.0022	9.990672e-01	0.000	no	NA
g12691	-0.0018	9.992335e-01	0.000	no	NA
g6040	-0.0007	9.992335e-01	0.000	no	Large ribosomal subunit protein bL20
g9756	0.0009	9.992790e-01	0.000	no	Beta-1,2-xylosyltransferase RCN11
g2090	-0.0018	9.992790e-01	0.000	no	NA
g15871	-0.0008	9.992790e-01	0.000	no	NECAP-like protein CG9132
g9550	0.0015	9.992790e-01	0.000	no	7-methyl-GTP pyrophosphatase
g5170	0.0008	9.992790e-01	0.000	no	NA
g4241	-0.0021	9.992790e-01	0.000	no	NA
g10054	-0.0008	9.993200e-01	0.000	no	NA
g9626	0.0008	9.993200e-01	0.000	no	NA
g1694	-0.0006	9.993200e-01	0.000	no	L-galactose dehydrogenase
g15211	0.0005	9.993543e-01	0.000	no	Protein YSC84
g14871	0.0010	9.994951e-01	0.000	no	NA
g11704	0.0006	9.995102e-01	0.000	no	NA
g214	-0.0002	9.995102e-01	0.000	no	NA
g15839	-0.0005	9.995102e-01	0.000	no	NA
g11813	-0.0003	9.995102e-01	0.000	no	NA
g1727	-0.0006	9.995102e-01	0.000	no	Cilia- and flagella-associated protein 57
g9517	0.0001	9.996031e-01	0.000	no	Lactosylceramide 4-alpha-galactosyltransferase
